Perido,Industria,Departamento,Cargo,Región,Sueldo_Min,Sueldo_Max
2025-Q1,Automotriz,IT,Administrador de Redes,Buenos Aires,2767949,3533715.9
2025-Q1,Automotriz,IT,Administrador de Redes,Cuyo,2546513.08,3251018.628
2025-Q1,Automotriz,IT,Administrador de Redes,Litoral,2546513.08,3251018.628
2025-Q1,Automotriz,IT,Administrador de Redes,NEA,2435795.12,3109669.992
2025-Q1,Automotriz,IT,Administrador de Redes,NOA,2435795.12,3109669.992
2025-Q1,Automotriz,IT,Administrador de Redes,Patagonia,2767949,3533715.9
2025-Q1,Banca & Serv Financieros,IT,Administrador de Redes,Buenos Aires,3018126,3853109.08125
2025-Q1,Banca & Serv Financieros,IT,Administrador de Redes,Cuyo,2776675.92,3544860.35475
2025-Q1,Banca & Serv Financieros,IT,Administrador de Redes,Litoral,2776675.92,3544860.35475
2025-Q1,Banca & Serv Financieros,IT,Administrador de Redes,NEA,2655950.88,3390735.9915
2025-Q1,Banca & Serv Financieros,IT,Administrador de Redes,NOA,2655950.88,3390735.9915
2025-Q1,Banca & Serv Financieros,IT,Administrador de Redes,Patagonia,3018126,3853109.08125
2025-Q1,Consumo masivo,IT,Administrador de Redes,Buenos Aires,2767949,3533715.9
2025-Q1,Consumo masivo,IT,Administrador de Redes,Cuyo,2546513.08,3251018.628
2025-Q1,Consumo masivo,IT,Administrador de Redes,Litoral,2546513.08,3251018.628
2025-Q1,Consumo masivo,IT,Administrador de Redes,NEA,2435795.12,3109669.992
2025-Q1,Consumo masivo,IT,Administrador de Redes,NOA,2435795.12,3109669.992
2025-Q1,Consumo masivo,IT,Administrador de Redes,Patagonia,2767949,3533715.9
2025-Q1,"Gas, Petróleo y Minería",IT,Administrador de Redes,Buenos Aires,3018100,3853000
2025-Q1,"Gas, Petróleo y Minería",IT,Administrador de Redes,Cuyo,2776652,3544760
2025-Q1,"Gas, Petróleo y Minería",IT,Administrador de Redes,Litoral,2776652,3544760
2025-Q1,"Gas, Petróleo y Minería",IT,Administrador de Redes,NEA,2655928,3390640
2025-Q1,"Gas, Petróleo y Minería",IT,Administrador de Redes,NOA,2655928,3390640
2025-Q1,"Gas, Petróleo y Minería",IT,Administrador de Redes,Patagonia,3018100,3853000
2025-Q1,IT,IT,Administrador de Redes,Buenos Aires,3020000,3855000
2025-Q1,IT,IT,Administrador de Redes,Cuyo,2778400,3546600
2025-Q1,IT,IT,Administrador de Redes,Litoral,2778400,3546600
2025-Q1,IT,IT,Administrador de Redes,NEA,2657600,3392400
2025-Q1,IT,IT,Administrador de Redes,NOA,2657600,3392400
2025-Q1,IT,IT,Administrador de Redes,Patagonia,3020000,3855000
2025-Q1,Lab & Pharma,IT,Administrador de Redes,Buenos Aires,3018100,3853000
2025-Q1,Lab & Pharma,IT,Administrador de Redes,Cuyo,2776652,3544760
2025-Q1,Lab & Pharma,IT,Administrador de Redes,Litoral,2776652,3544760
2025-Q1,Lab & Pharma,IT,Administrador de Redes,NEA,2655928,3390640
2025-Q1,Lab & Pharma,IT,Administrador de Redes,NOA,2655928,3390640
2025-Q1,Lab & Pharma,IT,Administrador de Redes,Patagonia,3018100,3853000
2025-Q1,Manufactura,IT,Administrador de Redes,Buenos Aires,2768000,3533700
2025-Q1,Manufactura,IT,Administrador de Redes,Cuyo,2546560,3251004
2025-Q1,Manufactura,IT,Administrador de Redes,Litoral,2546560,3251004
2025-Q1,Manufactura,IT,Administrador de Redes,NEA,2435840,3109656
2025-Q1,Manufactura,IT,Administrador de Redes,NOA,2435840,3109656
2025-Q1,Manufactura,IT,Administrador de Redes,Patagonia,2768000,3533700
2025-Q1,Retail & Comercio,IT,Administrador de Redes,Buenos Aires,2767900,3535000
2025-Q1,Retail & Comercio,IT,Administrador de Redes,Cuyo,2546468,3252200
2025-Q1,Retail & Comercio,IT,Administrador de Redes,Litoral,2546468,3252200
2025-Q1,Retail & Comercio,IT,Administrador de Redes,NEA,2435752,3110800
2025-Q1,Retail & Comercio,IT,Administrador de Redes,NOA,2435752,3110800
2025-Q1,Retail & Comercio,IT,Administrador de Redes,Patagonia,2767900,3535000
2025-Q1,Servicios,IT,Administrador de Redes,Buenos Aires,2767000,3530000
2025-Q1,Servicios,IT,Administrador de Redes,Cuyo,2545640,3247600
2025-Q1,Servicios,IT,Administrador de Redes,Litoral,2545640,3247600
2025-Q1,Servicios,IT,Administrador de Redes,NEA,2434960,3106400
2025-Q1,Servicios,IT,Administrador de Redes,NOA,2434960,3106400
2025-Q1,Servicios,IT,Administrador de Redes,Patagonia,2767000,3530000
2025-Q1,Transporte y logística,IT,Administrador de Redes,Buenos Aires,2769000,3533700
2025-Q1,Transporte y logística,IT,Administrador de Redes,Cuyo,2547480,3251004
2025-Q1,Transporte y logística,IT,Administrador de Redes,Litoral,2547480,3251004
2025-Q1,Transporte y logística,IT,Administrador de Redes,NEA,2436720,3109656
2025-Q1,Transporte y logística,IT,Administrador de Redes,NOA,2436720,3109656
2025-Q1,Transporte y logística,IT,Administrador de Redes,Patagonia,2769000,3533700
2025-Q1,Automotriz,IT,Analista BI,Buenos Aires,2804725,3462622.68
2025-Q1,Automotriz,IT,Analista BI,Cuyo,2580347,3185612.8656
2025-Q1,Automotriz,IT,Analista BI,Litoral,2580347,3185612.8656
2025-Q1,Automotriz,IT,Analista BI,NEA,2468158,3047107.9584
2025-Q1,Automotriz,IT,Analista BI,NOA,2468158,3047107.9584
2025-Q1,Automotriz,IT,Analista BI,Patagonia,2804725,3462622.68
2025-Q1,Banca & Serv Financieros,IT,Analista BI,Buenos Aires,3050135,3462622.68
2025-Q1,Banca & Serv Financieros,IT,Analista BI,Cuyo,2806124.2,3185612.8656
2025-Q1,Banca & Serv Financieros,IT,Analista BI,Litoral,2806124.2,3185612.8656
2025-Q1,Banca & Serv Financieros,IT,Analista BI,NEA,2684118.8,3047107.9584
2025-Q1,Banca & Serv Financieros,IT,Analista BI,NOA,2684118.8,3047107.9584
2025-Q1,Banca & Serv Financieros,IT,Analista BI,Patagonia,3050135,3462622.68
2025-Q1,Consumo masivo,IT,Analista BI,Buenos Aires,2804725,3751174.68
2025-Q1,Consumo masivo,IT,Analista BI,Cuyo,2580347,3451080.7056
2025-Q1,Consumo masivo,IT,Analista BI,Litoral,2580347,3451080.7056
2025-Q1,Consumo masivo,IT,Analista BI,NEA,2468158,3301033.7184
2025-Q1,Consumo masivo,IT,Analista BI,NOA,2468158,3301033.7184
2025-Q1,Consumo masivo,IT,Analista BI,Patagonia,2804725,3751174.68
2025-Q1,"Gas, Petróleo y Minería",IT,Analista BI,Buenos Aires,3050135,3462622.68
2025-Q1,"Gas, Petróleo y Minería",IT,Analista BI,Cuyo,2806124.2,3185612.8656
2025-Q1,"Gas, Petróleo y Minería",IT,Analista BI,Litoral,2806124.2,3185612.8656
2025-Q1,"Gas, Petróleo y Minería",IT,Analista BI,NEA,2684118.8,3047107.9584
2025-Q1,"Gas, Petróleo y Minería",IT,Analista BI,NOA,2684118.8,3047107.9584
2025-Q1,"Gas, Petróleo y Minería",IT,Analista BI,Patagonia,3050135,3462622.68
2025-Q1,IT,IT,Analista BI,Buenos Aires,3660161,4039700
2025-Q1,IT,IT,Analista BI,Cuyo,3367348.12,3716524
2025-Q1,IT,IT,Analista BI,Litoral,3367348.12,3716524
2025-Q1,IT,IT,Analista BI,NEA,3220941.68,3554936
2025-Q1,IT,IT,Analista BI,NOA,3220941.68,3554936
2025-Q1,IT,IT,Analista BI,Patagonia,3660161,4039700
2025-Q1,Lab & Pharma,IT,Analista BI,Buenos Aires,3660100,4039800
2025-Q1,Lab & Pharma,IT,Analista BI,Cuyo,3367292,3716616
2025-Q1,Lab & Pharma,IT,Analista BI,Litoral,3367292,3716616
2025-Q1,Lab & Pharma,IT,Analista BI,NEA,3220888,3555024
2025-Q1,Lab & Pharma,IT,Analista BI,NOA,3220888,3555024
2025-Q1,Lab & Pharma,IT,Analista BI,Patagonia,3660100,4039800
2025-Q1,Manufactura,IT,Analista BI,Buenos Aires,2804700,3751500
2025-Q1,Manufactura,IT,Analista BI,Cuyo,2580324,3451380
2025-Q1,Manufactura,IT,Analista BI,Litoral,2580324,3451380
2025-Q1,Manufactura,IT,Analista BI,NEA,2468136,3301320
2025-Q1,Manufactura,IT,Analista BI,NOA,2468136,3301320
2025-Q1,Manufactura,IT,Analista BI,Patagonia,2804700,3751500
2025-Q1,Retail & Comercio,IT,Analista BI,Buenos Aires,2804725,3751174.68
2025-Q1,Retail & Comercio,IT,Analista BI,Cuyo,2580347,3451080.7056
2025-Q1,Retail & Comercio,IT,Analista BI,Litoral,2580347,3451080.7056
2025-Q1,Retail & Comercio,IT,Analista BI,NEA,2468158,3301033.7184
2025-Q1,Retail & Comercio,IT,Analista BI,NOA,2468158,3301033.7184
2025-Q1,Retail & Comercio,IT,Analista BI,Patagonia,2804725,3751174.68
2025-Q1,Servicios,IT,Analista BI,Buenos Aires,2805000,3751200
2025-Q1,Servicios,IT,Analista BI,Cuyo,2580600,3451104
2025-Q1,Servicios,IT,Analista BI,Litoral,2580600,3451104
2025-Q1,Servicios,IT,Analista BI,NEA,2468400,3301056
2025-Q1,Servicios,IT,Analista BI,NOA,2468400,3301056
2025-Q1,Servicios,IT,Analista BI,Patagonia,2805000,3751200
2025-Q1,Transporte y logística,IT,Analista BI,Buenos Aires,2804725,3751170
2025-Q1,Transporte y logística,IT,Analista BI,Cuyo,2580347,3451076.4
2025-Q1,Transporte y logística,IT,Analista BI,Litoral,2580347,3451076.4
2025-Q1,Transporte y logística,IT,Analista BI,NEA,2468158,3301029.6
2025-Q1,Transporte y logística,IT,Analista BI,NOA,2468158,3301029.6
2025-Q1,Transporte y logística,IT,Analista BI,Patagonia,2804725,3751170
2025-Q1,Automotriz,IT,Analista funcional,Buenos Aires,3537521,4100307.28965
2025-Q1,Automotriz,IT,Analista funcional,Cuyo,3254519.32,3772282.706478
2025-Q1,Automotriz,IT,Analista funcional,Litoral,3254519.32,3772282.706478
2025-Q1,Automotriz,IT,Analista funcional,NEA,3113018.48,3608270.414892
2025-Q1,Automotriz,IT,Analista funcional,NOA,3113018.48,3608270.414892
2025-Q1,Automotriz,IT,Analista funcional,Patagonia,3537521,4100307.28965
2025-Q1,Banca & Serv Financieros,IT,Analista funcional,Buenos Aires,3692418,4636502.7588
2025-Q1,Banca & Serv Financieros,IT,Analista funcional,Cuyo,3397024.56,4265582.538096
2025-Q1,Banca & Serv Financieros,IT,Analista funcional,Litoral,3397024.56,4265582.538096
2025-Q1,Banca & Serv Financieros,IT,Analista funcional,NEA,3249327.84,4080122.427744
2025-Q1,Banca & Serv Financieros,IT,Analista funcional,NOA,3249327.84,4080122.427744
2025-Q1,Banca & Serv Financieros,IT,Analista funcional,Patagonia,3692418,4636502.7588
2025-Q1,Consumo masivo,IT,Analista funcional,Buenos Aires,3265404,4100307
2025-Q1,Consumo masivo,IT,Analista funcional,Cuyo,3004171.68,3772282.44
2025-Q1,Consumo masivo,IT,Analista funcional,Litoral,3004171.68,3772282.44
2025-Q1,Consumo masivo,IT,Analista funcional,NEA,2873555.52,3608270.16
2025-Q1,Consumo masivo,IT,Analista funcional,NOA,2873555.52,3608270.16
2025-Q1,Consumo masivo,IT,Analista funcional,Patagonia,3265404,4100307
2025-Q1,"Gas, Petróleo y Minería",IT,Analista funcional,Buenos Aires,3560545,4470912.7254
2025-Q1,"Gas, Petróleo y Minería",IT,Analista funcional,Cuyo,3275701.4,4113239.707368
2025-Q1,"Gas, Petróleo y Minería",IT,Analista funcional,Litoral,3275701.4,4113239.707368
2025-Q1,"Gas, Petróleo y Minería",IT,Analista funcional,NEA,3133279.6,3934403.198352
2025-Q1,"Gas, Petróleo y Minería",IT,Analista funcional,NOA,3133279.6,3934403.198352
2025-Q1,"Gas, Petróleo y Minería",IT,Analista funcional,Patagonia,3560545,4470912.7254
2025-Q1,IT,IT,Analista funcional,Buenos Aires,3560551,4258011.79485
2025-Q1,IT,IT,Analista funcional,Cuyo,3275706.92,3917370.851262
2025-Q1,IT,IT,Analista funcional,Litoral,3275706.92,3917370.851262
2025-Q1,IT,IT,Analista funcional,NEA,3133284.88,3747050.379468
2025-Q1,IT,IT,Analista funcional,NOA,3133284.88,3747050.379468
2025-Q1,IT,IT,Analista funcional,Patagonia,3560551,4258011.79485
2025-Q1,Lab & Pharma,IT,Analista funcional,Buenos Aires,3560545,4470912.7254
2025-Q1,Lab & Pharma,IT,Analista funcional,Cuyo,3275701.4,4113239.707368
2025-Q1,Lab & Pharma,IT,Analista funcional,Litoral,3275701.4,4113239.707368
2025-Q1,Lab & Pharma,IT,Analista funcional,NEA,3133279.6,3934403.198352
2025-Q1,Lab & Pharma,IT,Analista funcional,NOA,3133279.6,3934403.198352
2025-Q1,Lab & Pharma,IT,Analista funcional,Patagonia,3560545,4470912.7254
2025-Q1,Manufactura,IT,Analista funcional,Buenos Aires,3265410,4100600
2025-Q1,Manufactura,IT,Analista funcional,Cuyo,3004177.2,3772552
2025-Q1,Manufactura,IT,Analista funcional,Litoral,3004177.2,3772552
2025-Q1,Manufactura,IT,Analista funcional,NEA,2873560.8,3608528
2025-Q1,Manufactura,IT,Analista funcional,NOA,2873560.8,3608528
2025-Q1,Manufactura,IT,Analista funcional,Patagonia,3265410,4100600
2025-Q1,Retail & Comercio,IT,Analista funcional,Buenos Aires,3265399,4100000
2025-Q1,Retail & Comercio,IT,Analista funcional,Cuyo,3004167.08,3772000
2025-Q1,Retail & Comercio,IT,Analista funcional,Litoral,3004167.08,3772000
2025-Q1,Retail & Comercio,IT,Analista funcional,NEA,2873551.12,3608000
2025-Q1,Retail & Comercio,IT,Analista funcional,NOA,2873551.12,3608000
2025-Q1,Retail & Comercio,IT,Analista funcional,Patagonia,3265399,4100000
2025-Q1,Servicios,IT,Analista funcional,Buenos Aires,3266000,4100500
2025-Q1,Servicios,IT,Analista funcional,Cuyo,3004720,3772460
2025-Q1,Servicios,IT,Analista funcional,Litoral,3004720,3772460
2025-Q1,Servicios,IT,Analista funcional,NEA,2874080,3608440
2025-Q1,Servicios,IT,Analista funcional,NOA,2874080,3608440
2025-Q1,Servicios,IT,Analista funcional,Patagonia,3266000,4100500
2025-Q1,Transporte y logística,IT,Analista funcional,Buenos Aires,3265399,4100300.4735
2025-Q1,Transporte y logística,IT,Analista funcional,Cuyo,3004167.08,3772276.43562
2025-Q1,Transporte y logística,IT,Analista funcional,Litoral,3004167.08,3772276.43562
2025-Q1,Transporte y logística,IT,Analista funcional,NEA,2873551.12,3608264.41668
2025-Q1,Transporte y logística,IT,Analista funcional,NOA,2873551.12,3608264.41668
2025-Q1,Transporte y logística,IT,Analista funcional,Patagonia,3265399,4100300.4735
2025-Q1,Automotriz,IT,Arquitecto de Software,Buenos Aires,6608324,7541444
2025-Q1,Automotriz,IT,Arquitecto de Software,Cuyo,6079658.08,6938128.48
2025-Q1,Automotriz,IT,Arquitecto de Software,Litoral,6079658.08,6938128.48
2025-Q1,Automotriz,IT,Arquitecto de Software,NEA,5815325.12,6636470.72
2025-Q1,Automotriz,IT,Arquitecto de Software,NOA,5815325.12,6636470.72
2025-Q1,Automotriz,IT,Arquitecto de Software,Patagonia,6608324,7541444
2025-Q1,Banca & Serv Financieros,IT,Arquitecto de Software,Buenos Aires,6608324,7541444
2025-Q1,Banca & Serv Financieros,IT,Arquitecto de Software,Cuyo,6079658.08,6938128.48
2025-Q1,Banca & Serv Financieros,IT,Arquitecto de Software,Litoral,6079658.08,6938128.48
2025-Q1,Banca & Serv Financieros,IT,Arquitecto de Software,NEA,5815325.12,6636470.72
2025-Q1,Banca & Serv Financieros,IT,Arquitecto de Software,NOA,5815325.12,6636470.72
2025-Q1,Banca & Serv Financieros,IT,Arquitecto de Software,Patagonia,6608324,7541444
2025-Q1,Consumo masivo,IT,Arquitecto de Software,Buenos Aires,5835047,6245660.9325
2025-Q1,Consumo masivo,IT,Arquitecto de Software,Cuyo,5368243.24,5746008.0579
2025-Q1,Consumo masivo,IT,Arquitecto de Software,Litoral,5368243.24,5746008.0579
2025-Q1,Consumo masivo,IT,Arquitecto de Software,NEA,5134841.36,5496181.6206
2025-Q1,Consumo masivo,IT,Arquitecto de Software,NOA,5134841.36,5496181.6206
2025-Q1,Consumo masivo,IT,Arquitecto de Software,Patagonia,5835047,6245660.9325
2025-Q1,"Gas, Petróleo y Minería",IT,Arquitecto de Software,Buenos Aires,6938741,7542000
2025-Q1,"Gas, Petróleo y Minería",IT,Arquitecto de Software,Cuyo,6383641.72,6938640
2025-Q1,"Gas, Petróleo y Minería",IT,Arquitecto de Software,Litoral,6383641.72,6938640
2025-Q1,"Gas, Petróleo y Minería",IT,Arquitecto de Software,NEA,6106092.08,6636960
2025-Q1,"Gas, Petróleo y Minería",IT,Arquitecto de Software,NOA,6106092.08,6636960
2025-Q1,"Gas, Petróleo y Minería",IT,Arquitecto de Software,Patagonia,6938741,7542000
2025-Q1,IT,IT,Arquitecto de Software,Buenos Aires,6608324,7541460
2025-Q1,IT,IT,Arquitecto de Software,Cuyo,6079658.08,6938143.2
2025-Q1,IT,IT,Arquitecto de Software,Litoral,6079658.08,6938143.2
2025-Q1,IT,IT,Arquitecto de Software,NEA,5815325.12,6636484.8
2025-Q1,IT,IT,Arquitecto de Software,NOA,5815325.12,6636484.8
2025-Q1,IT,IT,Arquitecto de Software,Patagonia,6608324,7541460
2025-Q1,Lab & Pharma,IT,Arquitecto de Software,Buenos Aires,6608000,7542500
2025-Q1,Lab & Pharma,IT,Arquitecto de Software,Cuyo,6079360,6939100
2025-Q1,Lab & Pharma,IT,Arquitecto de Software,Litoral,6079360,6939100
2025-Q1,Lab & Pharma,IT,Arquitecto de Software,NEA,5815040,6637400
2025-Q1,Lab & Pharma,IT,Arquitecto de Software,NOA,5815040,6637400
2025-Q1,Lab & Pharma,IT,Arquitecto de Software,Patagonia,6608000,7542500
2025-Q1,Manufactura,IT,Arquitecto de Software,Buenos Aires,5835047,6245660
2025-Q1,Manufactura,IT,Arquitecto de Software,Cuyo,5368243.24,5746007.2
2025-Q1,Manufactura,IT,Arquitecto de Software,Litoral,5368243.24,5746007.2
2025-Q1,Manufactura,IT,Arquitecto de Software,NEA,5134841.36,5496180.8
2025-Q1,Manufactura,IT,Arquitecto de Software,NOA,5134841.36,5496180.8
2025-Q1,Manufactura,IT,Arquitecto de Software,Patagonia,5835047,6245660
2025-Q1,Retail & Comercio,IT,Arquitecto de Software,Buenos Aires,5835000,6245690
2025-Q1,Retail & Comercio,IT,Arquitecto de Software,Cuyo,5368200,5746034.8
2025-Q1,Retail & Comercio,IT,Arquitecto de Software,Litoral,5368200,5746034.8
2025-Q1,Retail & Comercio,IT,Arquitecto de Software,NEA,5134800,5496207.2
2025-Q1,Retail & Comercio,IT,Arquitecto de Software,NOA,5134800,5496207.2
2025-Q1,Retail & Comercio,IT,Arquitecto de Software,Patagonia,5835000,6245690
2025-Q1,Servicios,IT,Arquitecto de Software,Buenos Aires,5836000,6245700
2025-Q1,Servicios,IT,Arquitecto de Software,Cuyo,5369120,5746044
2025-Q1,Servicios,IT,Arquitecto de Software,Litoral,5369120,5746044
2025-Q1,Servicios,IT,Arquitecto de Software,NEA,5135680,5496216
2025-Q1,Servicios,IT,Arquitecto de Software,NOA,5135680,5496216
2025-Q1,Servicios,IT,Arquitecto de Software,Patagonia,5836000,6245700
2025-Q1,Transporte y logística,IT,Arquitecto de Software,Buenos Aires,5835047,6245660
2025-Q1,Transporte y logística,IT,Arquitecto de Software,Cuyo,5368243.24,5746007.2
2025-Q1,Transporte y logística,IT,Arquitecto de Software,Litoral,5368243.24,5746007.2
2025-Q1,Transporte y logística,IT,Arquitecto de Software,NEA,5134841.36,5496180.8
2025-Q1,Transporte y logística,IT,Arquitecto de Software,NOA,5134841.36,5496180.8
2025-Q1,Transporte y logística,IT,Arquitecto de Software,Patagonia,5835047,6245660
2025-Q1,Automotriz,IT,Consultor SAP,Buenos Aires,4140092,5169347
2025-Q1,Automotriz,IT,Consultor SAP,Cuyo,3808884.64,4755799.24
2025-Q1,Automotriz,IT,Consultor SAP,Litoral,3808884.64,4755799.24
2025-Q1,Automotriz,IT,Consultor SAP,NEA,3643280.96,4549025.36
2025-Q1,Automotriz,IT,Consultor SAP,NOA,3643280.96,4549025.36
2025-Q1,Automotriz,IT,Consultor SAP,Patagonia,4140092,5169347
2025-Q1,Banca & Serv Financieros,IT,Consultor SAP,Buenos Aires,4544690,7033452
2025-Q1,Banca & Serv Financieros,IT,Consultor SAP,Cuyo,4181114.8,6470775.84
2025-Q1,Banca & Serv Financieros,IT,Consultor SAP,Litoral,4181114.8,6470775.84
2025-Q1,Banca & Serv Financieros,IT,Consultor SAP,NEA,3999327.2,6189437.76
2025-Q1,Banca & Serv Financieros,IT,Consultor SAP,NOA,3999327.2,6189437.76
2025-Q1,Banca & Serv Financieros,IT,Consultor SAP,Patagonia,4544690,7033452
2025-Q1,Consumo masivo,IT,Consultor SAP,Buenos Aires,4140092,4800108
2025-Q1,Consumo masivo,IT,Consultor SAP,Cuyo,3808884.64,4416099.36
2025-Q1,Consumo masivo,IT,Consultor SAP,Litoral,3808884.64,4416099.36
2025-Q1,Consumo masivo,IT,Consultor SAP,NEA,3643280.96,4224095.04
2025-Q1,Consumo masivo,IT,Consultor SAP,NOA,3643280.96,4224095.04
2025-Q1,Consumo masivo,IT,Consultor SAP,Patagonia,4140092,4800108
2025-Q1,"Gas, Petróleo y Minería",IT,Consultor SAP,Buenos Aires,4544693,5269210
2025-Q1,"Gas, Petróleo y Minería",IT,Consultor SAP,Cuyo,4181117.56,4847673.2
2025-Q1,"Gas, Petróleo y Minería",IT,Consultor SAP,Litoral,4181117.56,4847673.2
2025-Q1,"Gas, Petróleo y Minería",IT,Consultor SAP,NEA,3999329.84,4636904.8
2025-Q1,"Gas, Petróleo y Minería",IT,Consultor SAP,NOA,3999329.84,4636904.8
2025-Q1,"Gas, Petróleo y Minería",IT,Consultor SAP,Patagonia,4544693,5269210
2025-Q1,IT,IT,Consultor SAP,Buenos Aires,4544690,5269210
2025-Q1,IT,IT,Consultor SAP,Cuyo,4181114.8,4847673.2
2025-Q1,IT,IT,Consultor SAP,Litoral,4181114.8,4847673.2
2025-Q1,IT,IT,Consultor SAP,NEA,3999327.2,4636904.8
2025-Q1,IT,IT,Consultor SAP,NOA,3999327.2,4636904.8
2025-Q1,IT,IT,Consultor SAP,Patagonia,4544690,5269210
2025-Q1,Lab & Pharma,IT,Consultor SAP,Buenos Aires,4544690,5269210
2025-Q1,Lab & Pharma,IT,Consultor SAP,Cuyo,4181114.8,4847673.2
2025-Q1,Lab & Pharma,IT,Consultor SAP,Litoral,4181114.8,4847673.2
2025-Q1,Lab & Pharma,IT,Consultor SAP,NEA,3999327.2,4636904.8
2025-Q1,Lab & Pharma,IT,Consultor SAP,NOA,3999327.2,4636904.8
2025-Q1,Lab & Pharma,IT,Consultor SAP,Patagonia,4544690,5269210
2025-Q1,Manufactura,IT,Consultor SAP,Buenos Aires,4140000,4801000
2025-Q1,Manufactura,IT,Consultor SAP,Cuyo,3808800,4416920
2025-Q1,Manufactura,IT,Consultor SAP,Litoral,3808800,4416920
2025-Q1,Manufactura,IT,Consultor SAP,NEA,3643200,4224880
2025-Q1,Manufactura,IT,Consultor SAP,NOA,3643200,4224880
2025-Q1,Manufactura,IT,Consultor SAP,Patagonia,4140000,4801000
2025-Q1,Retail & Comercio,IT,Consultor SAP,Buenos Aires,4141000,4800100
2025-Q1,Retail & Comercio,IT,Consultor SAP,Cuyo,3809720,4416092
2025-Q1,Retail & Comercio,IT,Consultor SAP,Litoral,3809720,4416092
2025-Q1,Retail & Comercio,IT,Consultor SAP,NEA,3644080,4224088
2025-Q1,Retail & Comercio,IT,Consultor SAP,NOA,3644080,4224088
2025-Q1,Retail & Comercio,IT,Consultor SAP,Patagonia,4141000,4800100
2025-Q1,Servicios,IT,Consultor SAP,Buenos Aires,4140090,4800000
2025-Q1,Servicios,IT,Consultor SAP,Cuyo,3808882.8,4416000
2025-Q1,Servicios,IT,Consultor SAP,Litoral,3808882.8,4416000
2025-Q1,Servicios,IT,Consultor SAP,NEA,3643279.2,4224000
2025-Q1,Servicios,IT,Consultor SAP,NOA,3643279.2,4224000
2025-Q1,Servicios,IT,Consultor SAP,Patagonia,4140090,4800000
2025-Q1,Transporte y logística,IT,Consultor SAP,Buenos Aires,4140092,4800550
2025-Q1,Transporte y logística,IT,Consultor SAP,Cuyo,3808884.64,4416506
2025-Q1,Transporte y logística,IT,Consultor SAP,Litoral,3808884.64,4416506
2025-Q1,Transporte y logística,IT,Consultor SAP,NEA,3643280.96,4224484
2025-Q1,Transporte y logística,IT,Consultor SAP,NOA,3643280.96,4224484
2025-Q1,Transporte y logística,IT,Consultor SAP,Patagonia,4140092,4800550
2025-Q1,Automotriz,IT,DBA Database administrator,Buenos Aires,4306804,5862988.828125
2025-Q1,Automotriz,IT,DBA Database administrator,Cuyo,3962259.68,5393949.721875
2025-Q1,Automotriz,IT,DBA Database administrator,Litoral,3962259.68,5393949.721875
2025-Q1,Automotriz,IT,DBA Database administrator,NEA,3789987.52,5159430.16875
2025-Q1,Automotriz,IT,DBA Database administrator,NOA,3789987.52,5159430.16875
2025-Q1,Automotriz,IT,DBA Database administrator,Patagonia,4306804,5862988.828125
2025-Q1,Banca & Serv Financieros,IT,DBA Database administrator,Buenos Aires,4101719,5862988.828125
2025-Q1,Banca & Serv Financieros,IT,DBA Database administrator,Cuyo,3773581.48,5393949.721875
2025-Q1,Banca & Serv Financieros,IT,DBA Database administrator,Litoral,3773581.48,5393949.721875
2025-Q1,Banca & Serv Financieros,IT,DBA Database administrator,NEA,3609512.72,5159430.16875
2025-Q1,Banca & Serv Financieros,IT,DBA Database administrator,NOA,3609512.72,5159430.16875
2025-Q1,Banca & Serv Financieros,IT,DBA Database administrator,Patagonia,4101719,5862988.828125
2025-Q1,Consumo masivo,IT,DBA Database administrator,Buenos Aires,4101719,4864504.398125
2025-Q1,Consumo masivo,IT,DBA Database administrator,Cuyo,3773581.48,4475344.046275
2025-Q1,Consumo masivo,IT,DBA Database administrator,Litoral,3773581.48,4475344.046275
2025-Q1,Consumo masivo,IT,DBA Database administrator,NEA,3609512.72,4280763.87035
2025-Q1,Consumo masivo,IT,DBA Database administrator,NOA,3609512.72,4280763.87035
2025-Q1,Consumo masivo,IT,DBA Database administrator,Patagonia,4101719,4864504.398125
2025-Q1,"Gas, Petróleo y Minería",IT,DBA Database administrator,Buenos Aires,4306804,5262988.828125
2025-Q1,"Gas, Petróleo y Minería",IT,DBA Database administrator,Cuyo,3962259.68,4841949.721875
2025-Q1,"Gas, Petróleo y Minería",IT,DBA Database administrator,Litoral,3962259.68,4841949.721875
2025-Q1,"Gas, Petróleo y Minería",IT,DBA Database administrator,NEA,3789987.52,4631430.16875
2025-Q1,"Gas, Petróleo y Minería",IT,DBA Database administrator,NOA,3789987.52,4631430.16875
2025-Q1,"Gas, Petróleo y Minería",IT,DBA Database administrator,Patagonia,4306804,5262988.828125
2025-Q1,IT,IT,DBA Database administrator,Buenos Aires,4306804,5262988.828125
2025-Q1,IT,IT,DBA Database administrator,Cuyo,3962259.68,4841949.721875
2025-Q1,IT,IT,DBA Database administrator,Litoral,3962259.68,4841949.721875
2025-Q1,IT,IT,DBA Database administrator,NEA,3789987.52,4631430.16875
2025-Q1,IT,IT,DBA Database administrator,NOA,3789987.52,4631430.16875
2025-Q1,IT,IT,DBA Database administrator,Patagonia,4306804,5262988.828125
2025-Q1,Lab & Pharma,IT,DBA Database administrator,Buenos Aires,4306804,5262988.828125
2025-Q1,Lab & Pharma,IT,DBA Database administrator,Cuyo,3962259.68,4841949.721875
2025-Q1,Lab & Pharma,IT,DBA Database administrator,Litoral,3962259.68,4841949.721875
2025-Q1,Lab & Pharma,IT,DBA Database administrator,NEA,3789987.52,4631430.16875
2025-Q1,Lab & Pharma,IT,DBA Database administrator,NOA,3789987.52,4631430.16875
2025-Q1,Lab & Pharma,IT,DBA Database administrator,Patagonia,4306804,5262988.828125
2025-Q1,Manufactura,IT,DBA Database administrator,Buenos Aires,4102000,4865500
2025-Q1,Manufactura,IT,DBA Database administrator,Cuyo,3773840,4476260
2025-Q1,Manufactura,IT,DBA Database administrator,Litoral,3773840,4476260
2025-Q1,Manufactura,IT,DBA Database administrator,NEA,3609760,4281640
2025-Q1,Manufactura,IT,DBA Database administrator,NOA,3609760,4281640
2025-Q1,Manufactura,IT,DBA Database administrator,Patagonia,4102000,4865500
2025-Q1,Retail & Comercio,IT,DBA Database administrator,Buenos Aires,4100000,4864500
2025-Q1,Retail & Comercio,IT,DBA Database administrator,Cuyo,3772000,4475340
2025-Q1,Retail & Comercio,IT,DBA Database administrator,Litoral,3772000,4475340
2025-Q1,Retail & Comercio,IT,DBA Database administrator,NEA,3608000,4280760
2025-Q1,Retail & Comercio,IT,DBA Database administrator,NOA,3608000,4280760
2025-Q1,Retail & Comercio,IT,DBA Database administrator,Patagonia,4100000,4864500
2025-Q1,Servicios,IT,DBA Database administrator,Buenos Aires,4101750,4865000
2025-Q1,Servicios,IT,DBA Database administrator,Cuyo,3773610,4475800
2025-Q1,Servicios,IT,DBA Database administrator,Litoral,3773610,4475800
2025-Q1,Servicios,IT,DBA Database administrator,NEA,3609540,4281200
2025-Q1,Servicios,IT,DBA Database administrator,NOA,3609540,4281200
2025-Q1,Servicios,IT,DBA Database administrator,Patagonia,4101750,4865000
2025-Q1,Transporte y logística,IT,DBA Database administrator,Buenos Aires,4101700,4864550
2025-Q1,Transporte y logística,IT,DBA Database administrator,Cuyo,3773564,4475386
2025-Q1,Transporte y logística,IT,DBA Database administrator,Litoral,3773564,4475386
2025-Q1,Transporte y logística,IT,DBA Database administrator,NEA,3609496,4280804
2025-Q1,Transporte y logística,IT,DBA Database administrator,NOA,3609496,4280804
2025-Q1,Transporte y logística,IT,DBA Database administrator,Patagonia,4101700,4864550
2025-Q1,Automotriz,IT,Desarrollador Back-end,Buenos Aires,4102351,4843052
2025-Q1,Automotriz,IT,Desarrollador Back-end,Cuyo,3774162.92,4455607.84
2025-Q1,Automotriz,IT,Desarrollador Back-end,Litoral,3774162.92,4455607.84
2025-Q1,Automotriz,IT,Desarrollador Back-end,NEA,3610068.88,4261885.76
2025-Q1,Automotriz,IT,Desarrollador Back-end,NOA,3610068.88,4261885.76
2025-Q1,Automotriz,IT,Desarrollador Back-end,Patagonia,4102351,4843052
2025-Q1,Banca & Serv Financieros,IT,Desarrollador Back-end,Buenos Aires,4108624,4843000
2025-Q1,Banca & Serv Financieros,IT,Desarrollador Back-end,Cuyo,3779934.08,4455560
2025-Q1,Banca & Serv Financieros,IT,Desarrollador Back-end,Litoral,3779934.08,4455560
2025-Q1,Banca & Serv Financieros,IT,Desarrollador Back-end,NEA,3615589.12,4261840
2025-Q1,Banca & Serv Financieros,IT,Desarrollador Back-end,NOA,3615589.12,4261840
2025-Q1,Banca & Serv Financieros,IT,Desarrollador Back-end,Patagonia,4108624,4843000
2025-Q1,Consumo masivo,IT,Desarrollador Back-end,Buenos Aires,4020582,4843500
2025-Q1,Consumo masivo,IT,Desarrollador Back-end,Cuyo,3698935.44,4456020
2025-Q1,Consumo masivo,IT,Desarrollador Back-end,Litoral,3698935.44,4456020
2025-Q1,Consumo masivo,IT,Desarrollador Back-end,NEA,3538112.16,4262280
2025-Q1,Consumo masivo,IT,Desarrollador Back-end,NOA,3538112.16,4262280
2025-Q1,Consumo masivo,IT,Desarrollador Back-end,Patagonia,4020582,4843500
2025-Q1,"Gas, Petróleo y Minería",IT,Desarrollador Back-end,Buenos Aires,4314055,4845000
2025-Q1,"Gas, Petróleo y Minería",IT,Desarrollador Back-end,Cuyo,3968930.6,4457400
2025-Q1,"Gas, Petróleo y Minería",IT,Desarrollador Back-end,Litoral,3968930.6,4457400
2025-Q1,"Gas, Petróleo y Minería",IT,Desarrollador Back-end,NEA,3796368.4,4263600
2025-Q1,"Gas, Petróleo y Minería",IT,Desarrollador Back-end,NOA,3796368.4,4263600
2025-Q1,"Gas, Petróleo y Minería",IT,Desarrollador Back-end,Patagonia,4314055,4845000
2025-Q1,IT,IT,Desarrollador Back-end,Buenos Aires,4108624,4845100
2025-Q1,IT,IT,Desarrollador Back-end,Cuyo,3779934.08,4457492
2025-Q1,IT,IT,Desarrollador Back-end,Litoral,3779934.08,4457492
2025-Q1,IT,IT,Desarrollador Back-end,NEA,3615589.12,4263688
2025-Q1,IT,IT,Desarrollador Back-end,NOA,3615589.12,4263688
2025-Q1,IT,IT,Desarrollador Back-end,Patagonia,4108624,4845100
2025-Q1,Lab & Pharma,IT,Desarrollador Back-end,Buenos Aires,4108624,4843400
2025-Q1,Lab & Pharma,IT,Desarrollador Back-end,Cuyo,3779934.08,4455928
2025-Q1,Lab & Pharma,IT,Desarrollador Back-end,Litoral,3779934.08,4455928
2025-Q1,Lab & Pharma,IT,Desarrollador Back-end,NEA,3615589.12,4262192
2025-Q1,Lab & Pharma,IT,Desarrollador Back-end,NOA,3615589.12,4262192
2025-Q1,Lab & Pharma,IT,Desarrollador Back-end,Patagonia,4108624,4843400
2025-Q1,Manufactura,IT,Desarrollador Back-end,Buenos Aires,3786785,4844000
2025-Q1,Manufactura,IT,Desarrollador Back-end,Cuyo,3483842.2,4456480
2025-Q1,Manufactura,IT,Desarrollador Back-end,Litoral,3483842.2,4456480
2025-Q1,Manufactura,IT,Desarrollador Back-end,NEA,3332370.8,4262720
2025-Q1,Manufactura,IT,Desarrollador Back-end,NOA,3332370.8,4262720
2025-Q1,Manufactura,IT,Desarrollador Back-end,Patagonia,3786785,4844000
2025-Q1,Retail & Comercio,IT,Desarrollador Back-end,Buenos Aires,3786885,4843350
2025-Q1,Retail & Comercio,IT,Desarrollador Back-end,Cuyo,3483934.2,4455882
2025-Q1,Retail & Comercio,IT,Desarrollador Back-end,Litoral,3483934.2,4455882
2025-Q1,Retail & Comercio,IT,Desarrollador Back-end,NEA,3332458.8,4262148
2025-Q1,Retail & Comercio,IT,Desarrollador Back-end,NOA,3332458.8,4262148
2025-Q1,Retail & Comercio,IT,Desarrollador Back-end,Patagonia,3786885,4843350
2025-Q1,Servicios,IT,Desarrollador Back-end,Buenos Aires,3786785,4843000
2025-Q1,Servicios,IT,Desarrollador Back-end,Cuyo,3483842.2,4455560
2025-Q1,Servicios,IT,Desarrollador Back-end,Litoral,3483842.2,4455560
2025-Q1,Servicios,IT,Desarrollador Back-end,NEA,3332370.8,4261840
2025-Q1,Servicios,IT,Desarrollador Back-end,NOA,3332370.8,4261840
2025-Q1,Servicios,IT,Desarrollador Back-end,Patagonia,3786785,4843000
2025-Q1,Transporte y logística,IT,Desarrollador Back-end,Buenos Aires,3787000,4844600
2025-Q1,Transporte y logística,IT,Desarrollador Back-end,Cuyo,3484040,4457032
2025-Q1,Transporte y logística,IT,Desarrollador Back-end,Litoral,3484040,4457032
2025-Q1,Transporte y logística,IT,Desarrollador Back-end,NEA,3332560,4263248
2025-Q1,Transporte y logística,IT,Desarrollador Back-end,NOA,3332560,4263248
2025-Q1,Transporte y logística,IT,Desarrollador Back-end,Patagonia,3787000,4844600
2025-Q1,Automotriz,IT,Desarrollador Front-end,Buenos Aires,4192183,4949104
2025-Q1,Automotriz,IT,Desarrollador Front-end,Cuyo,3856808.36,4553175.68
2025-Q1,Automotriz,IT,Desarrollador Front-end,Litoral,3856808.36,4553175.68
2025-Q1,Automotriz,IT,Desarrollador Front-end,NEA,3689121.04,4355211.52
2025-Q1,Automotriz,IT,Desarrollador Front-end,NOA,3689121.04,4355211.52
2025-Q1,Automotriz,IT,Desarrollador Front-end,Patagonia,4192183,4949104
2025-Q1,Banca & Serv Financieros,IT,Desarrollador Front-end,Buenos Aires,4255360,5378303
2025-Q1,Banca & Serv Financieros,IT,Desarrollador Front-end,Cuyo,3914931.2,4948038.76
2025-Q1,Banca & Serv Financieros,IT,Desarrollador Front-end,Litoral,3914931.2,4948038.76
2025-Q1,Banca & Serv Financieros,IT,Desarrollador Front-end,NEA,3744716.8,4732906.64
2025-Q1,Banca & Serv Financieros,IT,Desarrollador Front-end,NOA,3744716.8,4732906.64
2025-Q1,Banca & Serv Financieros,IT,Desarrollador Front-end,Patagonia,4255360,5378303
2025-Q1,Consumo masivo,IT,Desarrollador Front-end,Buenos Aires,4108624,5192844
2025-Q1,Consumo masivo,IT,Desarrollador Front-end,Cuyo,3779934.08,4777416.48
2025-Q1,Consumo masivo,IT,Desarrollador Front-end,Litoral,3779934.08,4777416.48
2025-Q1,Consumo masivo,IT,Desarrollador Front-end,NEA,3615589.12,4569702.72
2025-Q1,Consumo masivo,IT,Desarrollador Front-end,NOA,3615589.12,4569702.72
2025-Q1,Consumo masivo,IT,Desarrollador Front-end,Patagonia,4108624,5192844
2025-Q1,"Gas, Petróleo y Minería",IT,Desarrollador Front-end,Buenos Aires,4468129,5647218
2025-Q1,"Gas, Petróleo y Minería",IT,Desarrollador Front-end,Cuyo,4110678.68,5195440.56
2025-Q1,"Gas, Petróleo y Minería",IT,Desarrollador Front-end,Litoral,4110678.68,5195440.56
2025-Q1,"Gas, Petróleo y Minería",IT,Desarrollador Front-end,NEA,3931953.52,4969551.84
2025-Q1,"Gas, Petróleo y Minería",IT,Desarrollador Front-end,NOA,3931953.52,4969551.84
2025-Q1,"Gas, Petróleo y Minería",IT,Desarrollador Front-end,Patagonia,4468129,5647218
2025-Q1,IT,IT,Desarrollador Front-end,Buenos Aires,4255360,5378303
2025-Q1,IT,IT,Desarrollador Front-end,Cuyo,3914931.2,4948038.76
2025-Q1,IT,IT,Desarrollador Front-end,Litoral,3914931.2,4948038.76
2025-Q1,IT,IT,Desarrollador Front-end,NEA,3744716.8,4732906.64
2025-Q1,IT,IT,Desarrollador Front-end,NOA,3744716.8,4732906.64
2025-Q1,IT,IT,Desarrollador Front-end,Patagonia,4255360,5378303
2025-Q1,Lab & Pharma,IT,Desarrollador Front-end,Buenos Aires,4007911,5125858
2025-Q1,Lab & Pharma,IT,Desarrollador Front-end,Cuyo,3687278.12,4715789.36
2025-Q1,Lab & Pharma,IT,Desarrollador Front-end,Litoral,3687278.12,4715789.36
2025-Q1,Lab & Pharma,IT,Desarrollador Front-end,NEA,3526961.68,4510755.04
2025-Q1,Lab & Pharma,IT,Desarrollador Front-end,NOA,3526961.68,4510755.04
2025-Q1,Lab & Pharma,IT,Desarrollador Front-end,Patagonia,4007911,5125858
2025-Q1,Manufactura,IT,Desarrollador Front-end,Buenos Aires,3869708,4950000
2025-Q1,Manufactura,IT,Desarrollador Front-end,Cuyo,3560131.36,4554000
2025-Q1,Manufactura,IT,Desarrollador Front-end,Litoral,3560131.36,4554000
2025-Q1,Manufactura,IT,Desarrollador Front-end,NEA,3405343.04,4356000
2025-Q1,Manufactura,IT,Desarrollador Front-end,NOA,3405343.04,4356000
2025-Q1,Manufactura,IT,Desarrollador Front-end,Patagonia,3869708,4950000
2025-Q1,Retail & Comercio,IT,Desarrollador Front-end,Buenos Aires,3869708,4949550
2025-Q1,Retail & Comercio,IT,Desarrollador Front-end,Cuyo,3560131.36,4553586
2025-Q1,Retail & Comercio,IT,Desarrollador Front-end,Litoral,3560131.36,4553586
2025-Q1,Retail & Comercio,IT,Desarrollador Front-end,NEA,3405343.04,4355604
2025-Q1,Retail & Comercio,IT,Desarrollador Front-end,NOA,3405343.04,4355604
2025-Q1,Retail & Comercio,IT,Desarrollador Front-end,Patagonia,3869708,4949550
2025-Q1,Servicios,IT,Desarrollador Front-end,Buenos Aires,3869750,4950000
2025-Q1,Servicios,IT,Desarrollador Front-end,Cuyo,3560170,4554000
2025-Q1,Servicios,IT,Desarrollador Front-end,Litoral,3560170,4554000
2025-Q1,Servicios,IT,Desarrollador Front-end,NEA,3405380,4356000
2025-Q1,Servicios,IT,Desarrollador Front-end,NOA,3405380,4356000
2025-Q1,Servicios,IT,Desarrollador Front-end,Patagonia,3869750,4950000
2025-Q1,Transporte y logística,IT,Desarrollador Front-end,Buenos Aires,3870000,4949100
2025-Q1,Transporte y logística,IT,Desarrollador Front-end,Cuyo,3560400,4553172
2025-Q1,Transporte y logística,IT,Desarrollador Front-end,Litoral,3560400,4553172
2025-Q1,Transporte y logística,IT,Desarrollador Front-end,NEA,3405600,4355208
2025-Q1,Transporte y logística,IT,Desarrollador Front-end,NOA,3405600,4355208
2025-Q1,Transporte y logística,IT,Desarrollador Front-end,Patagonia,3870000,4949100
2025-Q1,Automotriz,IT,Desarrollador Mobile,Buenos Aires,3799166,5909815
2025-Q1,Automotriz,IT,Desarrollador Mobile,Cuyo,3495232.72,5437029.8
2025-Q1,Automotriz,IT,Desarrollador Mobile,Litoral,3495232.72,5437029.8
2025-Q1,Automotriz,IT,Desarrollador Mobile,NEA,3343266.08,5200637.2
2025-Q1,Automotriz,IT,Desarrollador Mobile,NOA,3343266.08,5200637.2
2025-Q1,Automotriz,IT,Desarrollador Mobile,Patagonia,3799166,5909815
2025-Q1,Banca & Serv Financieros,IT,Desarrollador Mobile,Buenos Aires,4195785,5236162
2025-Q1,Banca & Serv Financieros,IT,Desarrollador Mobile,Cuyo,3860122.2,4817269.04
2025-Q1,Banca & Serv Financieros,IT,Desarrollador Mobile,Litoral,3860122.2,4817269.04
2025-Q1,Banca & Serv Financieros,IT,Desarrollador Mobile,NEA,3692290.8,4607822.56
2025-Q1,Banca & Serv Financieros,IT,Desarrollador Mobile,NOA,3692290.8,4607822.56
2025-Q1,Banca & Serv Financieros,IT,Desarrollador Mobile,Patagonia,4195785,5236162
2025-Q1,Consumo masivo,IT,Desarrollador Mobile,Buenos Aires,4051103,5055604
2025-Q1,Consumo masivo,IT,Desarrollador Mobile,Cuyo,3727014.76,4651155.68
2025-Q1,Consumo masivo,IT,Desarrollador Mobile,Litoral,3727014.76,4651155.68
2025-Q1,Consumo masivo,IT,Desarrollador Mobile,NEA,3564970.64,4448931.52
2025-Q1,Consumo masivo,IT,Desarrollador Mobile,NOA,3564970.64,4448931.52
2025-Q1,Consumo masivo,IT,Desarrollador Mobile,Patagonia,4051103,5055604
2025-Q1,"Gas, Petróleo y Minería",IT,Desarrollador Mobile,Buenos Aires,4405575,5497970
2025-Q1,"Gas, Petróleo y Minería",IT,Desarrollador Mobile,Cuyo,4053129,5058132.4
2025-Q1,"Gas, Petróleo y Minería",IT,Desarrollador Mobile,Litoral,4053129,5058132.4
2025-Q1,"Gas, Petróleo y Minería",IT,Desarrollador Mobile,NEA,3876906,4838213.6
2025-Q1,"Gas, Petróleo y Minería",IT,Desarrollador Mobile,NOA,3876906,4838213.6
2025-Q1,"Gas, Petróleo y Minería",IT,Desarrollador Mobile,Patagonia,4405575,5497970
2025-Q1,IT,IT,Desarrollador Mobile,Buenos Aires,4195785,5236162
2025-Q1,IT,IT,Desarrollador Mobile,Cuyo,3860122.2,4817269.04
2025-Q1,IT,IT,Desarrollador Mobile,Litoral,3860122.2,4817269.04
2025-Q1,IT,IT,Desarrollador Mobile,NEA,3692290.8,4607822.56
2025-Q1,IT,IT,Desarrollador Mobile,NOA,3692290.8,4607822.56
2025-Q1,IT,IT,Desarrollador Mobile,Patagonia,4195785,5236162
2025-Q1,Lab & Pharma,IT,Desarrollador Mobile,Buenos Aires,4195785,5236162
2025-Q1,Lab & Pharma,IT,Desarrollador Mobile,Cuyo,3860122.2,4817269.04
2025-Q1,Lab & Pharma,IT,Desarrollador Mobile,Litoral,3860122.2,4817269.04
2025-Q1,Lab & Pharma,IT,Desarrollador Mobile,NEA,3692290.8,4607822.56
2025-Q1,Lab & Pharma,IT,Desarrollador Mobile,NOA,3692290.8,4607822.56
2025-Q1,Lab & Pharma,IT,Desarrollador Mobile,Patagonia,4195785,5236162
2025-Q1,Manufactura,IT,Desarrollador Mobile,Buenos Aires,4051103,5055604
2025-Q1,Manufactura,IT,Desarrollador Mobile,Cuyo,3727014.76,4651155.68
2025-Q1,Manufactura,IT,Desarrollador Mobile,Litoral,3727014.76,4651155.68
2025-Q1,Manufactura,IT,Desarrollador Mobile,NEA,3564970.64,4448931.52
2025-Q1,Manufactura,IT,Desarrollador Mobile,NOA,3564970.64,4448931.52
2025-Q1,Manufactura,IT,Desarrollador Mobile,Patagonia,4051103,5055604
2025-Q1,Retail & Comercio,IT,Desarrollador Mobile,Buenos Aires,3506923,5909815
2025-Q1,Retail & Comercio,IT,Desarrollador Mobile,Cuyo,3226369.16,5437029.8
2025-Q1,Retail & Comercio,IT,Desarrollador Mobile,Litoral,3226369.16,5437029.8
2025-Q1,Retail & Comercio,IT,Desarrollador Mobile,NEA,3086092.24,5200637.2
2025-Q1,Retail & Comercio,IT,Desarrollador Mobile,NOA,3086092.24,5200637.2
2025-Q1,Retail & Comercio,IT,Desarrollador Mobile,Patagonia,3506923,5909815
2025-Q1,Servicios,IT,Desarrollador Mobile,Buenos Aires,3506900,5910000
2025-Q1,Servicios,IT,Desarrollador Mobile,Cuyo,3226348,5437200
2025-Q1,Servicios,IT,Desarrollador Mobile,Litoral,3226348,5437200
2025-Q1,Servicios,IT,Desarrollador Mobile,NEA,3086072,5200800
2025-Q1,Servicios,IT,Desarrollador Mobile,NOA,3086072,5200800
2025-Q1,Servicios,IT,Desarrollador Mobile,Patagonia,3506900,5910000
2025-Q1,Transporte y logística,IT,Desarrollador Mobile,Buenos Aires,3507000,5909900
2025-Q1,Transporte y logística,IT,Desarrollador Mobile,Cuyo,3226440,5437108
2025-Q1,Transporte y logística,IT,Desarrollador Mobile,Litoral,3226440,5437108
2025-Q1,Transporte y logística,IT,Desarrollador Mobile,NEA,3086160,5200712
2025-Q1,Transporte y logística,IT,Desarrollador Mobile,NOA,3086160,5200712
2025-Q1,Transporte y logística,IT,Desarrollador Mobile,Patagonia,3507000,5909900
2025-Q1,Automotriz,IT,DevOps,Buenos Aires,5457396,6489656
2025-Q1,Automotriz,IT,DevOps,Cuyo,5020804.32,5970483.52
2025-Q1,Automotriz,IT,DevOps,Litoral,5020804.32,5970483.52
2025-Q1,Automotriz,IT,DevOps,NEA,4802508.48,5710897.28
2025-Q1,Automotriz,IT,DevOps,NOA,4802508.48,5710897.28
2025-Q1,Automotriz,IT,DevOps,Patagonia,5457396,6489656
2025-Q1,Banca & Serv Financieros,IT,DevOps,Buenos Aires,4767910,8219968
2025-Q1,Banca & Serv Financieros,IT,DevOps,Cuyo,4386477.2,7562370.56
2025-Q1,Banca & Serv Financieros,IT,DevOps,Litoral,4386477.2,7562370.56
2025-Q1,Banca & Serv Financieros,IT,DevOps,NEA,4195760.8,7233571.84
2025-Q1,Banca & Serv Financieros,IT,DevOps,NOA,4195760.8,7233571.84
2025-Q1,Banca & Serv Financieros,IT,DevOps,Patagonia,4767910,8219968
2025-Q1,Consumo masivo,IT,DevOps,Buenos Aires,4987125,5818313
2025-Q1,Consumo masivo,IT,DevOps,Cuyo,4588155,5352847.96
2025-Q1,Consumo masivo,IT,DevOps,Litoral,4588155,5352847.96
2025-Q1,Consumo masivo,IT,DevOps,NEA,4388670,5120115.44
2025-Q1,Consumo masivo,IT,DevOps,NOA,4388670,5120115.44
2025-Q1,Consumo masivo,IT,DevOps,Patagonia,4987125,5818313
2025-Q1,"Gas, Petróleo y Minería",IT,DevOps,Buenos Aires,5006307,6327415
2025-Q1,"Gas, Petróleo y Minería",IT,DevOps,Cuyo,4605802.44,5821221.8
2025-Q1,"Gas, Petróleo y Minería",IT,DevOps,Litoral,4605802.44,5821221.8
2025-Q1,"Gas, Petróleo y Minería",IT,DevOps,NEA,4405550.16,5568125.2
2025-Q1,"Gas, Petróleo y Minería",IT,DevOps,NOA,4405550.16,5568125.2
2025-Q1,"Gas, Petróleo y Minería",IT,DevOps,Patagonia,5006307,6327415
2025-Q1,IT,IT,DevOps,Buenos Aires,4987125,5818313
2025-Q1,IT,IT,DevOps,Cuyo,4588155,5352847.96
2025-Q1,IT,IT,DevOps,Litoral,4588155,5352847.96
2025-Q1,IT,IT,DevOps,NEA,4388670,5120115.44
2025-Q1,IT,IT,DevOps,NOA,4388670,5120115.44
2025-Q1,IT,IT,DevOps,Patagonia,4987125,5818313
2025-Q1,Lab & Pharma,IT,DevOps,Buenos Aires,4767910,7640355
2025-Q1,Lab & Pharma,IT,DevOps,Cuyo,4386477.2,7029126.6
2025-Q1,Lab & Pharma,IT,DevOps,Litoral,4386477.2,7029126.6
2025-Q1,Lab & Pharma,IT,DevOps,NEA,4195760.8,6723512.4
2025-Q1,Lab & Pharma,IT,DevOps,NOA,4195760.8,6723512.4
2025-Q1,Lab & Pharma,IT,DevOps,Patagonia,4767910,7640355
2025-Q1,Manufactura,IT,DevOps,Buenos Aires,4893500,5818700
2025-Q1,Manufactura,IT,DevOps,Cuyo,4502020,5353204
2025-Q1,Manufactura,IT,DevOps,Litoral,4502020,5353204
2025-Q1,Manufactura,IT,DevOps,NEA,4306280,5120456
2025-Q1,Manufactura,IT,DevOps,NOA,4306280,5120456
2025-Q1,Manufactura,IT,DevOps,Patagonia,4893500,5818700
2025-Q1,Retail & Comercio,IT,DevOps,Buenos Aires,4892950,5819000
2025-Q1,Retail & Comercio,IT,DevOps,Cuyo,4501514,5353480
2025-Q1,Retail & Comercio,IT,DevOps,Litoral,4501514,5353480
2025-Q1,Retail & Comercio,IT,DevOps,NEA,4305796,5120720
2025-Q1,Retail & Comercio,IT,DevOps,NOA,4305796,5120720
2025-Q1,Retail & Comercio,IT,DevOps,Patagonia,4892950,5819000
2025-Q1,Servicios,IT,DevOps,Buenos Aires,4892838,5818350
2025-Q1,Servicios,IT,DevOps,Cuyo,4501410.96,5352882
2025-Q1,Servicios,IT,DevOps,Litoral,4501410.96,5352882
2025-Q1,Servicios,IT,DevOps,NEA,4305697.44,5120148
2025-Q1,Servicios,IT,DevOps,NOA,4305697.44,5120148
2025-Q1,Servicios,IT,DevOps,Patagonia,4892838,5818350
2025-Q1,Transporte y logística,IT,DevOps,Buenos Aires,4893000,5818315
2025-Q1,Transporte y logística,IT,DevOps,Cuyo,4501560,5352849.8
2025-Q1,Transporte y logística,IT,DevOps,Litoral,4501560,5352849.8
2025-Q1,Transporte y logística,IT,DevOps,NEA,4305840,5120117.2
2025-Q1,Transporte y logística,IT,DevOps,NOA,4305840,5120117.2
2025-Q1,Transporte y logística,IT,DevOps,Patagonia,4893000,5818315
2025-Q1,Automotriz,IT,Director de Sistemas CIO/CTO,Buenos Aires,,
2025-Q1,Automotriz,IT,Director de Sistemas CIO/CTO,Cuyo,,
2025-Q1,Automotriz,IT,Director de Sistemas CIO/CTO,Litoral,,
2025-Q1,Automotriz,IT,Director de Sistemas CIO/CTO,NEA,,
2025-Q1,Automotriz,IT,Director de Sistemas CIO/CTO,NOA,,
2025-Q1,Automotriz,IT,Director de Sistemas CIO/CTO,Patagonia,,
2025-Q1,Banca & Serv Financieros,IT,Director de Sistemas CIO/CTO,Buenos Aires,,
2025-Q1,Banca & Serv Financieros,IT,Director de Sistemas CIO/CTO,Cuyo,,
2025-Q1,Banca & Serv Financieros,IT,Director de Sistemas CIO/CTO,Litoral,,
2025-Q1,Banca & Serv Financieros,IT,Director de Sistemas CIO/CTO,NEA,,
2025-Q1,Banca & Serv Financieros,IT,Director de Sistemas CIO/CTO,NOA,,
2025-Q1,Banca & Serv Financieros,IT,Director de Sistemas CIO/CTO,Patagonia,,
2025-Q1,Consumo masivo,IT,Director de Sistemas CIO/CTO,Buenos Aires,,
2025-Q1,Consumo masivo,IT,Director de Sistemas CIO/CTO,Cuyo,,
2025-Q1,Consumo masivo,IT,Director de Sistemas CIO/CTO,Litoral,,
2025-Q1,Consumo masivo,IT,Director de Sistemas CIO/CTO,NEA,,
2025-Q1,Consumo masivo,IT,Director de Sistemas CIO/CTO,NOA,,
2025-Q1,Consumo masivo,IT,Director de Sistemas CIO/CTO,Patagonia,,
2025-Q1,"Gas, Petróleo y Minería",IT,Director de Sistemas CIO/CTO,Buenos Aires,,
2025-Q1,"Gas, Petróleo y Minería",IT,Director de Sistemas CIO/CTO,Cuyo,,
2025-Q1,"Gas, Petróleo y Minería",IT,Director de Sistemas CIO/CTO,Litoral,,
2025-Q1,"Gas, Petróleo y Minería",IT,Director de Sistemas CIO/CTO,NEA,,
2025-Q1,"Gas, Petróleo y Minería",IT,Director de Sistemas CIO/CTO,NOA,,
2025-Q1,"Gas, Petróleo y Minería",IT,Director de Sistemas CIO/CTO,Patagonia,,
2025-Q1,IT,IT,Director de Sistemas CIO/CTO,Buenos Aires,,
2025-Q1,IT,IT,Director de Sistemas CIO/CTO,Cuyo,,
2025-Q1,IT,IT,Director de Sistemas CIO/CTO,Litoral,,
2025-Q1,IT,IT,Director de Sistemas CIO/CTO,NEA,,
2025-Q1,IT,IT,Director de Sistemas CIO/CTO,NOA,,
2025-Q1,IT,IT,Director de Sistemas CIO/CTO,Patagonia,,
2025-Q1,Lab & Pharma,IT,Director de Sistemas CIO/CTO,Buenos Aires,,
2025-Q1,Lab & Pharma,IT,Director de Sistemas CIO/CTO,Cuyo,,
2025-Q1,Lab & Pharma,IT,Director de Sistemas CIO/CTO,Litoral,,
2025-Q1,Lab & Pharma,IT,Director de Sistemas CIO/CTO,NEA,,
2025-Q1,Lab & Pharma,IT,Director de Sistemas CIO/CTO,NOA,,
2025-Q1,Lab & Pharma,IT,Director de Sistemas CIO/CTO,Patagonia,,
2025-Q1,Manufactura,IT,Director de Sistemas CIO/CTO,Buenos Aires,,
2025-Q1,Manufactura,IT,Director de Sistemas CIO/CTO,Cuyo,,
2025-Q1,Manufactura,IT,Director de Sistemas CIO/CTO,Litoral,,
2025-Q1,Manufactura,IT,Director de Sistemas CIO/CTO,NEA,,
2025-Q1,Manufactura,IT,Director de Sistemas CIO/CTO,NOA,,
2025-Q1,Manufactura,IT,Director de Sistemas CIO/CTO,Patagonia,,
2025-Q1,Retail & Comercio,IT,Director de Sistemas CIO/CTO,Buenos Aires,,
2025-Q1,Retail & Comercio,IT,Director de Sistemas CIO/CTO,Cuyo,,
2025-Q1,Retail & Comercio,IT,Director de Sistemas CIO/CTO,Litoral,,
2025-Q1,Retail & Comercio,IT,Director de Sistemas CIO/CTO,NEA,,
2025-Q1,Retail & Comercio,IT,Director de Sistemas CIO/CTO,NOA,,
2025-Q1,Retail & Comercio,IT,Director de Sistemas CIO/CTO,Patagonia,,
2025-Q1,Servicios,IT,Director de Sistemas CIO/CTO,Buenos Aires,,
2025-Q1,Servicios,IT,Director de Sistemas CIO/CTO,Cuyo,,
2025-Q1,Servicios,IT,Director de Sistemas CIO/CTO,Litoral,,
2025-Q1,Servicios,IT,Director de Sistemas CIO/CTO,NEA,,
2025-Q1,Servicios,IT,Director de Sistemas CIO/CTO,NOA,,
2025-Q1,Servicios,IT,Director de Sistemas CIO/CTO,Patagonia,,
2025-Q1,Transporte y logística,IT,Director de Sistemas CIO/CTO,Buenos Aires,,
2025-Q1,Transporte y logística,IT,Director de Sistemas CIO/CTO,Cuyo,,
2025-Q1,Transporte y logística,IT,Director de Sistemas CIO/CTO,Litoral,,
2025-Q1,Transporte y logística,IT,Director de Sistemas CIO/CTO,NEA,,
2025-Q1,Transporte y logística,IT,Director de Sistemas CIO/CTO,NOA,,
2025-Q1,Transporte y logística,IT,Director de Sistemas CIO/CTO,Patagonia,,
2025-Q1,Automotriz,IT,Gerente de IT/Sistemas,Buenos Aires,8236656,10950545.6775
2025-Q1,Automotriz,IT,Gerente de IT/Sistemas,Cuyo,7577723.52,10074502.0233
2025-Q1,Automotriz,IT,Gerente de IT/Sistemas,Litoral,7577723.52,10074502.0233
2025-Q1,Automotriz,IT,Gerente de IT/Sistemas,NEA,7248257.28,9636480.1962
2025-Q1,Automotriz,IT,Gerente de IT/Sistemas,NOA,7248257.28,9636480.1962
2025-Q1,Automotriz,IT,Gerente de IT/Sistemas,Patagonia,8236656,10950545.6775
2025-Q1,Banca & Serv Financieros,IT,Gerente de IT/Sistemas,Buenos Aires,8236656,10950545.6775
2025-Q1,Banca & Serv Financieros,IT,Gerente de IT/Sistemas,Cuyo,7577723.52,10074502.0233
2025-Q1,Banca & Serv Financieros,IT,Gerente de IT/Sistemas,Litoral,7577723.52,10074502.0233
2025-Q1,Banca & Serv Financieros,IT,Gerente de IT/Sistemas,NEA,7248257.28,9636480.1962
2025-Q1,Banca & Serv Financieros,IT,Gerente de IT/Sistemas,NOA,7248257.28,9636480.1962
2025-Q1,Banca & Serv Financieros,IT,Gerente de IT/Sistemas,Patagonia,8236656,10950545.6775
2025-Q1,Consumo masivo,IT,Gerente de IT/Sistemas,Buenos Aires,7880494,10394328.0375
2025-Q1,Consumo masivo,IT,Gerente de IT/Sistemas,Cuyo,7250054.48,9562781.7945
2025-Q1,Consumo masivo,IT,Gerente de IT/Sistemas,Litoral,7250054.48,9562781.7945
2025-Q1,Consumo masivo,IT,Gerente de IT/Sistemas,NEA,6934834.72,9147008.673
2025-Q1,Consumo masivo,IT,Gerente de IT/Sistemas,NOA,6934834.72,9147008.673
2025-Q1,Consumo masivo,IT,Gerente de IT/Sistemas,Patagonia,7880494,10394328.0375
2025-Q1,"Gas, Petróleo y Minería",IT,Gerente de IT/Sistemas,Buenos Aires,8828006,10950545.6775
2025-Q1,"Gas, Petróleo y Minería",IT,Gerente de IT/Sistemas,Cuyo,8121765.52,10074502.0233
2025-Q1,"Gas, Petróleo y Minería",IT,Gerente de IT/Sistemas,Litoral,8121765.52,10074502.0233
2025-Q1,"Gas, Petróleo y Minería",IT,Gerente de IT/Sistemas,NEA,7768645.28,9636480.1962
2025-Q1,"Gas, Petróleo y Minería",IT,Gerente de IT/Sistemas,NOA,7768645.28,9636480.1962
2025-Q1,"Gas, Petróleo y Minería",IT,Gerente de IT/Sistemas,Patagonia,8828006,10950545.6775
2025-Q1,IT,IT,Gerente de IT/Sistemas,Buenos Aires,8236656,10950500
2025-Q1,IT,IT,Gerente de IT/Sistemas,Cuyo,7577723.52,10074460
2025-Q1,IT,IT,Gerente de IT/Sistemas,Litoral,7577723.52,10074460
2025-Q1,IT,IT,Gerente de IT/Sistemas,NEA,7248257.28,9636440
2025-Q1,IT,IT,Gerente de IT/Sistemas,NOA,7248257.28,9636440
2025-Q1,IT,IT,Gerente de IT/Sistemas,Patagonia,8236656,10950500
2025-Q1,Lab & Pharma,IT,Gerente de IT/Sistemas,Buenos Aires,8236656,10950000
2025-Q1,Lab & Pharma,IT,Gerente de IT/Sistemas,Cuyo,7577723.52,10074000
2025-Q1,Lab & Pharma,IT,Gerente de IT/Sistemas,Litoral,7577723.52,10074000
2025-Q1,Lab & Pharma,IT,Gerente de IT/Sistemas,NEA,7248257.28,9636000
2025-Q1,Lab & Pharma,IT,Gerente de IT/Sistemas,NOA,7248257.28,9636000
2025-Q1,Lab & Pharma,IT,Gerente de IT/Sistemas,Patagonia,8236656,10950000
2025-Q1,Manufactura,IT,Gerente de IT/Sistemas,Buenos Aires,7880000,9594800
2025-Q1,Manufactura,IT,Gerente de IT/Sistemas,Cuyo,7249600,8827216
2025-Q1,Manufactura,IT,Gerente de IT/Sistemas,Litoral,7249600,8827216
2025-Q1,Manufactura,IT,Gerente de IT/Sistemas,NEA,6934400,8443424
2025-Q1,Manufactura,IT,Gerente de IT/Sistemas,NOA,6934400,8443424
2025-Q1,Manufactura,IT,Gerente de IT/Sistemas,Patagonia,7880000,9594800
2025-Q1,Retail & Comercio,IT,Gerente de IT/Sistemas,Buenos Aires,7880494,9594764.2725
2025-Q1,Retail & Comercio,IT,Gerente de IT/Sistemas,Cuyo,7250054.48,8827183.1307
2025-Q1,Retail & Comercio,IT,Gerente de IT/Sistemas,Litoral,7250054.48,8827183.1307
2025-Q1,Retail & Comercio,IT,Gerente de IT/Sistemas,NEA,6934834.72,8443392.5598
2025-Q1,Retail & Comercio,IT,Gerente de IT/Sistemas,NOA,6934834.72,8443392.5598
2025-Q1,Retail & Comercio,IT,Gerente de IT/Sistemas,Patagonia,7880494,9594764.2725
2025-Q1,Servicios,IT,Gerente de IT/Sistemas,Buenos Aires,7880500,9595000
2025-Q1,Servicios,IT,Gerente de IT/Sistemas,Cuyo,7250060,8827400
2025-Q1,Servicios,IT,Gerente de IT/Sistemas,Litoral,7250060,8827400
2025-Q1,Servicios,IT,Gerente de IT/Sistemas,NEA,6934840,8443600
2025-Q1,Servicios,IT,Gerente de IT/Sistemas,NOA,6934840,8443600
2025-Q1,Servicios,IT,Gerente de IT/Sistemas,Patagonia,7880500,9595000
2025-Q1,Transporte y logística,IT,Gerente de IT/Sistemas,Buenos Aires,7880494,9594764.2725
2025-Q1,Transporte y logística,IT,Gerente de IT/Sistemas,Cuyo,7250054.48,8827183.1307
2025-Q1,Transporte y logística,IT,Gerente de IT/Sistemas,Litoral,7250054.48,8827183.1307
2025-Q1,Transporte y logística,IT,Gerente de IT/Sistemas,NEA,6934834.72,8443392.5598
2025-Q1,Transporte y logística,IT,Gerente de IT/Sistemas,NOA,6934834.72,8443392.5598
2025-Q1,Transporte y logística,IT,Gerente de IT/Sistemas,Patagonia,7880494,9594764.2725
2025-Q1,Automotriz,IT,Project Leader,Buenos Aires,4229328,5261063.27175
2025-Q1,Automotriz,IT,Project Leader,Cuyo,3890981.76,4840178.21001
2025-Q1,Automotriz,IT,Project Leader,Litoral,3890981.76,4840178.21001
2025-Q1,Automotriz,IT,Project Leader,NEA,3721808.64,4629735.67914
2025-Q1,Automotriz,IT,Project Leader,NOA,3721808.64,4629735.67914
2025-Q1,Automotriz,IT,Project Leader,Patagonia,4229328,5261063.27175
2025-Q1,Banca & Serv Financieros,IT,Project Leader,Buenos Aires,4160172,5311649.49975
2025-Q1,Banca & Serv Financieros,IT,Project Leader,Cuyo,3827358.24,4886717.53977
2025-Q1,Banca & Serv Financieros,IT,Project Leader,Litoral,3827358.24,4886717.53977
2025-Q1,Banca & Serv Financieros,IT,Project Leader,NEA,3660951.36,4674251.55978
2025-Q1,Banca & Serv Financieros,IT,Project Leader,NOA,3660951.36,4674251.55978
2025-Q1,Banca & Serv Financieros,IT,Project Leader,Patagonia,4160172,5311649.49975
2025-Q1,Consumo masivo,IT,Project Leader,Buenos Aires,4229328,5043149.47125
2025-Q1,Consumo masivo,IT,Project Leader,Cuyo,3890981.76,4639697.51355
2025-Q1,Consumo masivo,IT,Project Leader,Litoral,3890981.76,4639697.51355
2025-Q1,Consumo masivo,IT,Project Leader,NEA,3721808.64,4437971.5347
2025-Q1,Consumo masivo,IT,Project Leader,NOA,3721808.64,4437971.5347
2025-Q1,Consumo masivo,IT,Project Leader,Patagonia,4229328,5043149.47125
2025-Q1,"Gas, Petróleo y Minería",IT,Project Leader,Buenos Aires,4625827,5311649.49975
2025-Q1,"Gas, Petróleo y Minería",IT,Project Leader,Cuyo,4255760.84,4886717.53977
2025-Q1,"Gas, Petróleo y Minería",IT,Project Leader,Litoral,4255760.84,4886717.53977
2025-Q1,"Gas, Petróleo y Minería",IT,Project Leader,NEA,4070727.76,4674251.55978
2025-Q1,"Gas, Petróleo y Minería",IT,Project Leader,NOA,4070727.76,4674251.55978
2025-Q1,"Gas, Petróleo y Minería",IT,Project Leader,Patagonia,4625827,5311649.49975
2025-Q1,IT,IT,Project Leader,Buenos Aires,4405550,5058714.276
2025-Q1,IT,IT,Project Leader,Cuyo,4053106,4654017.13392
2025-Q1,IT,IT,Project Leader,Litoral,4053106,4654017.13392
2025-Q1,IT,IT,Project Leader,NEA,3876884,4451668.56288
2025-Q1,IT,IT,Project Leader,NOA,3876884,4451668.56288
2025-Q1,IT,IT,Project Leader,Patagonia,4405550,5058714.276
2025-Q1,Lab & Pharma,IT,Project Leader,Buenos Aires,4160172,5311649.49975
2025-Q1,Lab & Pharma,IT,Project Leader,Cuyo,3827358.24,4886717.53977
2025-Q1,Lab & Pharma,IT,Project Leader,Litoral,3827358.24,4886717.53977
2025-Q1,Lab & Pharma,IT,Project Leader,NEA,3660951.36,4674251.55978
2025-Q1,Lab & Pharma,IT,Project Leader,NOA,3660951.36,4674251.55978
2025-Q1,Lab & Pharma,IT,Project Leader,Patagonia,4160172,5311649.49975
2025-Q1,Manufactura,IT,Project Leader,Buenos Aires,4229500,5043149.47125
2025-Q1,Manufactura,IT,Project Leader,Cuyo,3891140,4639697.51355
2025-Q1,Manufactura,IT,Project Leader,Litoral,3891140,4639697.51355
2025-Q1,Manufactura,IT,Project Leader,NEA,3721960,4437971.5347
2025-Q1,Manufactura,IT,Project Leader,NOA,3721960,4437971.5347
2025-Q1,Manufactura,IT,Project Leader,Patagonia,4229500,5043149.47125
2025-Q1,Retail & Comercio,IT,Project Leader,Buenos Aires,4229350,5045000
2025-Q1,Retail & Comercio,IT,Project Leader,Cuyo,3891002,4641400
2025-Q1,Retail & Comercio,IT,Project Leader,Litoral,3891002,4641400
2025-Q1,Retail & Comercio,IT,Project Leader,NEA,3721828,4439600
2025-Q1,Retail & Comercio,IT,Project Leader,NOA,3721828,4439600
2025-Q1,Retail & Comercio,IT,Project Leader,Patagonia,4229350,5045000
2025-Q1,Servicios,IT,Project Leader,Buenos Aires,4229000,5043100
2025-Q1,Servicios,IT,Project Leader,Cuyo,3890680,4639652
2025-Q1,Servicios,IT,Project Leader,Litoral,3890680,4639652
2025-Q1,Servicios,IT,Project Leader,NEA,3721520,4437928
2025-Q1,Servicios,IT,Project Leader,NOA,3721520,4437928
2025-Q1,Servicios,IT,Project Leader,Patagonia,4229000,5043100
2025-Q1,Transporte y logística,IT,Project Leader,Buenos Aires,4230000,5044000
2025-Q1,Transporte y logística,IT,Project Leader,Cuyo,3891600,4640480
2025-Q1,Transporte y logística,IT,Project Leader,Litoral,3891600,4640480
2025-Q1,Transporte y logística,IT,Project Leader,NEA,3722400,4438720
2025-Q1,Transporte y logística,IT,Project Leader,NOA,3722400,4438720
2025-Q1,Transporte y logística,IT,Project Leader,Patagonia,4230000,5044000
2025-Q1,Automotriz,IT,Quality Assurance (QA),Buenos Aires,2808063,3528488
2025-Q1,Automotriz,IT,Quality Assurance (QA),Cuyo,2583417.96,3246208.96
2025-Q1,Automotriz,IT,Quality Assurance (QA),Litoral,2583417.96,3246208.96
2025-Q1,Automotriz,IT,Quality Assurance (QA),NEA,2471095.44,3105069.44
2025-Q1,Automotriz,IT,Quality Assurance (QA),NOA,2471095.44,3105069.44
2025-Q1,Automotriz,IT,Quality Assurance (QA),Patagonia,2808063,3528488
2025-Q1,Banca & Serv Financieros,IT,Quality Assurance (QA),Buenos Aires,2808063,3528488
2025-Q1,Banca & Serv Financieros,IT,Quality Assurance (QA),Cuyo,2583417.96,3246208.96
2025-Q1,Banca & Serv Financieros,IT,Quality Assurance (QA),Litoral,2583417.96,3246208.96
2025-Q1,Banca & Serv Financieros,IT,Quality Assurance (QA),NEA,2471095.44,3105069.44
2025-Q1,Banca & Serv Financieros,IT,Quality Assurance (QA),NOA,2471095.44,3105069.44
2025-Q1,Banca & Serv Financieros,IT,Quality Assurance (QA),Patagonia,2808063,3528488
2025-Q1,Consumo masivo,IT,Quality Assurance (QA),Buenos Aires,2674346,3360465
2025-Q1,Consumo masivo,IT,Quality Assurance (QA),Cuyo,2460398.32,3091627.8
2025-Q1,Consumo masivo,IT,Quality Assurance (QA),Litoral,2460398.32,3091627.8
2025-Q1,Consumo masivo,IT,Quality Assurance (QA),NEA,2353424.48,2957209.2
2025-Q1,Consumo masivo,IT,Quality Assurance (QA),NOA,2353424.48,2957209.2
2025-Q1,Consumo masivo,IT,Quality Assurance (QA),Patagonia,2674346,3360465
2025-Q1,"Gas, Petróleo y Minería",IT,Quality Assurance (QA),Buenos Aires,2808063,3528488
2025-Q1,"Gas, Petróleo y Minería",IT,Quality Assurance (QA),Cuyo,2583417.96,3246208.96
2025-Q1,"Gas, Petróleo y Minería",IT,Quality Assurance (QA),Litoral,2583417.96,3246208.96
2025-Q1,"Gas, Petróleo y Minería",IT,Quality Assurance (QA),NEA,2471095.44,3105069.44
2025-Q1,"Gas, Petróleo y Minería",IT,Quality Assurance (QA),NOA,2471095.44,3105069.44
2025-Q1,"Gas, Petróleo y Minería",IT,Quality Assurance (QA),Patagonia,2808063,3528488
2025-Q1,IT,IT,Quality Assurance (QA),Buenos Aires,2808063,3528500
2025-Q1,IT,IT,Quality Assurance (QA),Cuyo,2583417.96,3246220
2025-Q1,IT,IT,Quality Assurance (QA),Litoral,2583417.96,3246220
2025-Q1,IT,IT,Quality Assurance (QA),NEA,2471095.44,3105080
2025-Q1,IT,IT,Quality Assurance (QA),NOA,2471095.44,3105080
2025-Q1,IT,IT,Quality Assurance (QA),Patagonia,2808063,3528500
2025-Q1,Lab & Pharma,IT,Quality Assurance (QA),Buenos Aires,2808063,3529000
2025-Q1,Lab & Pharma,IT,Quality Assurance (QA),Cuyo,2583417.96,3246680
2025-Q1,Lab & Pharma,IT,Quality Assurance (QA),Litoral,2583417.96,3246680
2025-Q1,Lab & Pharma,IT,Quality Assurance (QA),NEA,2471095.44,3105520
2025-Q1,Lab & Pharma,IT,Quality Assurance (QA),NOA,2471095.44,3105520
2025-Q1,Lab & Pharma,IT,Quality Assurance (QA),Patagonia,2808063,3529000
2025-Q1,Manufactura,IT,Quality Assurance (QA),Buenos Aires,2674850,3360465
2025-Q1,Manufactura,IT,Quality Assurance (QA),Cuyo,2460862,3091627.8
2025-Q1,Manufactura,IT,Quality Assurance (QA),Litoral,2460862,3091627.8
2025-Q1,Manufactura,IT,Quality Assurance (QA),NEA,2353868,2957209.2
2025-Q1,Manufactura,IT,Quality Assurance (QA),NOA,2353868,2957209.2
2025-Q1,Manufactura,IT,Quality Assurance (QA),Patagonia,2674850,3360465
2025-Q1,Retail & Comercio,IT,Quality Assurance (QA),Buenos Aires,2674300,3360465
2025-Q1,Retail & Comercio,IT,Quality Assurance (QA),Cuyo,2460356,3091627.8
2025-Q1,Retail & Comercio,IT,Quality Assurance (QA),Litoral,2460356,3091627.8
2025-Q1,Retail & Comercio,IT,Quality Assurance (QA),NEA,2353384,2957209.2
2025-Q1,Retail & Comercio,IT,Quality Assurance (QA),NOA,2353384,2957209.2
2025-Q1,Retail & Comercio,IT,Quality Assurance (QA),Patagonia,2674300,3360465
2025-Q1,Servicios,IT,Quality Assurance (QA),Buenos Aires,2675000,3360550
2025-Q1,Servicios,IT,Quality Assurance (QA),Cuyo,2461000,3091706
2025-Q1,Servicios,IT,Quality Assurance (QA),Litoral,2461000,3091706
2025-Q1,Servicios,IT,Quality Assurance (QA),NEA,2354000,2957284
2025-Q1,Servicios,IT,Quality Assurance (QA),NOA,2354000,2957284
2025-Q1,Servicios,IT,Quality Assurance (QA),Patagonia,2675000,3360550
2025-Q1,Transporte y logística,IT,Quality Assurance (QA),Buenos Aires,2675500,3360000
2025-Q1,Transporte y logística,IT,Quality Assurance (QA),Cuyo,2461460,3091200
2025-Q1,Transporte y logística,IT,Quality Assurance (QA),Litoral,2461460,3091200
2025-Q1,Transporte y logística,IT,Quality Assurance (QA),NEA,2354440,2956800
2025-Q1,Transporte y logística,IT,Quality Assurance (QA),NOA,2354440,2956800
2025-Q1,Transporte y logística,IT,Quality Assurance (QA),Patagonia,2675500,3360000
2025-Q1,Automotriz,IT,Responsable de Seguridad Informática,Buenos Aires,6171567,7428738.28125
2025-Q1,Automotriz,IT,Responsable de Seguridad Informática,Cuyo,5677841.64,6834439.21875
2025-Q1,Automotriz,IT,Responsable de Seguridad Informática,Litoral,5677841.64,6834439.21875
2025-Q1,Automotriz,IT,Responsable de Seguridad Informática,NEA,5430978.96,6537289.6875
2025-Q1,Automotriz,IT,Responsable de Seguridad Informática,NOA,5430978.96,6537289.6875
2025-Q1,Automotriz,IT,Responsable de Seguridad Informática,Patagonia,6171567,7428738.28125
2025-Q1,Banca & Serv Financieros,IT,Responsable de Seguridad Informática,Buenos Aires,6171567,7428738.28125
2025-Q1,Banca & Serv Financieros,IT,Responsable de Seguridad Informática,Cuyo,5677841.64,6834439.21875
2025-Q1,Banca & Serv Financieros,IT,Responsable de Seguridad Informática,Litoral,5677841.64,6834439.21875
2025-Q1,Banca & Serv Financieros,IT,Responsable de Seguridad Informática,NEA,5430978.96,6537289.6875
2025-Q1,Banca & Serv Financieros,IT,Responsable de Seguridad Informática,NOA,5430978.96,6537289.6875
2025-Q1,Banca & Serv Financieros,IT,Responsable de Seguridad Informática,Patagonia,6171567,7428738.28125
2025-Q1,Consumo masivo,IT,Responsable de Seguridad Informática,Buenos Aires,5030214,6753481.715475
2025-Q1,Consumo masivo,IT,Responsable de Seguridad Informática,Cuyo,4627796.88,6213203.178237
2025-Q1,Consumo masivo,IT,Responsable de Seguridad Informática,Litoral,4627796.88,6213203.178237
2025-Q1,Consumo masivo,IT,Responsable de Seguridad Informática,NEA,4426588.32,5943063.909618
2025-Q1,Consumo masivo,IT,Responsable de Seguridad Informática,NOA,4426588.32,5943063.909618
2025-Q1,Consumo masivo,IT,Responsable de Seguridad Informática,Patagonia,5030214,6753481.715475
2025-Q1,"Gas, Petróleo y Minería",IT,Responsable de Seguridad Informática,Buenos Aires,6171567,7428738.28125
2025-Q1,"Gas, Petróleo y Minería",IT,Responsable de Seguridad Informática,Cuyo,5677841.64,6834439.21875
2025-Q1,"Gas, Petróleo y Minería",IT,Responsable de Seguridad Informática,Litoral,5677841.64,6834439.21875
2025-Q1,"Gas, Petróleo y Minería",IT,Responsable de Seguridad Informática,NEA,5430978.96,6537289.6875
2025-Q1,"Gas, Petróleo y Minería",IT,Responsable de Seguridad Informática,NOA,5430978.96,6537289.6875
2025-Q1,"Gas, Petróleo y Minería",IT,Responsable de Seguridad Informática,Patagonia,6171567,7428738.28125
2025-Q1,IT,IT,Responsable de Seguridad Informática,Buenos Aires,5924705,7131588.75
2025-Q1,IT,IT,Responsable de Seguridad Informática,Cuyo,5450728.6,6561061.65
2025-Q1,IT,IT,Responsable de Seguridad Informática,Litoral,5450728.6,6561061.65
2025-Q1,IT,IT,Responsable de Seguridad Informática,NEA,5213740.4,6275798.1
2025-Q1,IT,IT,Responsable de Seguridad Informática,NOA,5213740.4,6275798.1
2025-Q1,IT,IT,Responsable de Seguridad Informática,Patagonia,5924705,7131588.75
2025-Q1,Lab & Pharma,IT,Responsable de Seguridad Informática,Buenos Aires,6171567,7428738.28125
2025-Q1,Lab & Pharma,IT,Responsable de Seguridad Informática,Cuyo,5677841.64,6834439.21875
2025-Q1,Lab & Pharma,IT,Responsable de Seguridad Informática,Litoral,5677841.64,6834439.21875
2025-Q1,Lab & Pharma,IT,Responsable de Seguridad Informática,NEA,5430978.96,6537289.6875
2025-Q1,Lab & Pharma,IT,Responsable de Seguridad Informática,NOA,5430978.96,6537289.6875
2025-Q1,Lab & Pharma,IT,Responsable de Seguridad Informática,Patagonia,6171567,7428738.28125
2025-Q1,Manufactura,IT,Responsable de Seguridad Informática,Buenos Aires,5030250,6753481.715475
2025-Q1,Manufactura,IT,Responsable de Seguridad Informática,Cuyo,4627830,6213203.178237
2025-Q1,Manufactura,IT,Responsable de Seguridad Informática,Litoral,4627830,6213203.178237
2025-Q1,Manufactura,IT,Responsable de Seguridad Informática,NEA,4426620,5943063.909618
2025-Q1,Manufactura,IT,Responsable de Seguridad Informática,NOA,4426620,5943063.909618
2025-Q1,Manufactura,IT,Responsable de Seguridad Informática,Patagonia,5030250,6753481.715475
2025-Q1,Retail & Comercio,IT,Responsable de Seguridad Informática,Buenos Aires,5030214,6753400
2025-Q1,Retail & Comercio,IT,Responsable de Seguridad Informática,Cuyo,4627796.88,6213128
2025-Q1,Retail & Comercio,IT,Responsable de Seguridad Informática,Litoral,4627796.88,6213128
2025-Q1,Retail & Comercio,IT,Responsable de Seguridad Informática,NEA,4426588.32,5942992
2025-Q1,Retail & Comercio,IT,Responsable de Seguridad Informática,NOA,4426588.32,5942992
2025-Q1,Retail & Comercio,IT,Responsable de Seguridad Informática,Patagonia,5030214,6753400
2025-Q1,Servicios,IT,Responsable de Seguridad Informática,Buenos Aires,5030000,6753481.715475
2025-Q1,Servicios,IT,Responsable de Seguridad Informática,Cuyo,4627600,6213203.178237
2025-Q1,Servicios,IT,Responsable de Seguridad Informática,Litoral,4627600,6213203.178237
2025-Q1,Servicios,IT,Responsable de Seguridad Informática,NEA,4426400,5943063.909618
2025-Q1,Servicios,IT,Responsable de Seguridad Informática,NOA,4426400,5943063.909618
2025-Q1,Servicios,IT,Responsable de Seguridad Informática,Patagonia,5030000,6753481.715475
2025-Q1,Transporte y logística,IT,Responsable de Seguridad Informática,Buenos Aires,5030900,6753000
2025-Q1,Transporte y logística,IT,Responsable de Seguridad Informática,Cuyo,4628428,6212760
2025-Q1,Transporte y logística,IT,Responsable de Seguridad Informática,Litoral,4628428,6212760
2025-Q1,Transporte y logística,IT,Responsable de Seguridad Informática,NEA,4427192,5942640
2025-Q1,Transporte y logística,IT,Responsable de Seguridad Informática,NOA,4427192,5942640
2025-Q1,Transporte y logística,IT,Responsable de Seguridad Informática,Patagonia,5030900,6753000
2025-Q1,Automotriz,IT,Scrum Master,Buenos Aires,4079404,4867243
2025-Q1,Automotriz,IT,Scrum Master,Cuyo,3753051.68,4477863.56
2025-Q1,Automotriz,IT,Scrum Master,Litoral,3753051.68,4477863.56
2025-Q1,Automotriz,IT,Scrum Master,NEA,3589875.52,4283173.84
2025-Q1,Automotriz,IT,Scrum Master,NOA,3589875.52,4283173.84
2025-Q1,Automotriz,IT,Scrum Master,Patagonia,4079404,4867243
2025-Q1,Banca & Serv Financieros,IT,Scrum Master,Buenos Aires,4290824,4707547
2025-Q1,Banca & Serv Financieros,IT,Scrum Master,Cuyo,3947558.08,4330943.24
2025-Q1,Banca & Serv Financieros,IT,Scrum Master,Litoral,3947558.08,4330943.24
2025-Q1,Banca & Serv Financieros,IT,Scrum Master,NEA,3775925.12,4142641.36
2025-Q1,Banca & Serv Financieros,IT,Scrum Master,NOA,3775925.12,4142641.36
2025-Q1,Banca & Serv Financieros,IT,Scrum Master,Patagonia,4290824,4707547
2025-Q1,Consumo masivo,IT,Scrum Master,Buenos Aires,3765604,4519582
2025-Q1,Consumo masivo,IT,Scrum Master,Cuyo,3464355.68,4158015.44
2025-Q1,Consumo masivo,IT,Scrum Master,Litoral,3464355.68,4158015.44
2025-Q1,Consumo masivo,IT,Scrum Master,NEA,3313731.52,3977232.16
2025-Q1,Consumo masivo,IT,Scrum Master,NOA,3313731.52,3977232.16
2025-Q1,Consumo masivo,IT,Scrum Master,Patagonia,3765604,4519582
2025-Q1,"Gas, Petróleo y Minería",IT,Scrum Master,Buenos Aires,3953884,4745561
2025-Q1,"Gas, Petróleo y Minería",IT,Scrum Master,Cuyo,3637573.28,4365916.12
2025-Q1,"Gas, Petróleo y Minería",IT,Scrum Master,Litoral,3637573.28,4365916.12
2025-Q1,"Gas, Petróleo y Minería",IT,Scrum Master,NEA,3479417.92,4176093.68
2025-Q1,"Gas, Petróleo y Minería",IT,Scrum Master,NOA,3479417.92,4176093.68
2025-Q1,"Gas, Petróleo y Minería",IT,Scrum Master,Patagonia,3953884,4745561
2025-Q1,IT,IT,Scrum Master,Buenos Aires,3953884,4745561
2025-Q1,IT,IT,Scrum Master,Cuyo,3637573.28,4365916.12
2025-Q1,IT,IT,Scrum Master,Litoral,3637573.28,4365916.12
2025-Q1,IT,IT,Scrum Master,NEA,3479417.92,4176093.68
2025-Q1,IT,IT,Scrum Master,NOA,3479417.92,4176093.68
2025-Q1,IT,IT,Scrum Master,Patagonia,3953884,4745561
2025-Q1,Lab & Pharma,IT,Scrum Master,Buenos Aires,4290824,4707547
2025-Q1,Lab & Pharma,IT,Scrum Master,Cuyo,3947558.08,4330943.24
2025-Q1,Lab & Pharma,IT,Scrum Master,Litoral,3947558.08,4330943.24
2025-Q1,Lab & Pharma,IT,Scrum Master,NEA,3775925.12,4142641.36
2025-Q1,Lab & Pharma,IT,Scrum Master,NOA,3775925.12,4142641.36
2025-Q1,Lab & Pharma,IT,Scrum Master,Patagonia,4290824,4707547
2025-Q1,Manufactura,IT,Scrum Master,Buenos Aires,3765500,4520000
2025-Q1,Manufactura,IT,Scrum Master,Cuyo,3464260,4158400
2025-Q1,Manufactura,IT,Scrum Master,Litoral,3464260,4158400
2025-Q1,Manufactura,IT,Scrum Master,NEA,3313640,3977600
2025-Q1,Manufactura,IT,Scrum Master,NOA,3313640,3977600
2025-Q1,Manufactura,IT,Scrum Master,Patagonia,3765500,4520000
2025-Q1,Retail & Comercio,IT,Scrum Master,Buenos Aires,3765680,4519590
2025-Q1,Retail & Comercio,IT,Scrum Master,Cuyo,3464425.6,4158022.8
2025-Q1,Retail & Comercio,IT,Scrum Master,Litoral,3464425.6,4158022.8
2025-Q1,Retail & Comercio,IT,Scrum Master,NEA,3313798.4,3977239.2
2025-Q1,Retail & Comercio,IT,Scrum Master,NOA,3313798.4,3977239.2
2025-Q1,Retail & Comercio,IT,Scrum Master,Patagonia,3765680,4519590
2025-Q1,Servicios,IT,Scrum Master,Buenos Aires,3765600,4520000
2025-Q1,Servicios,IT,Scrum Master,Cuyo,3464352,4158400
2025-Q1,Servicios,IT,Scrum Master,Litoral,3464352,4158400
2025-Q1,Servicios,IT,Scrum Master,NEA,3313728,3977600
2025-Q1,Servicios,IT,Scrum Master,NOA,3313728,3977600
2025-Q1,Servicios,IT,Scrum Master,Patagonia,3765600,4520000
2025-Q1,Transporte y logística,IT,Scrum Master,Buenos Aires,3765600,4519580
2025-Q1,Transporte y logística,IT,Scrum Master,Cuyo,3464352,4158013.6
2025-Q1,Transporte y logística,IT,Scrum Master,Litoral,3464352,4158013.6
2025-Q1,Transporte y logística,IT,Scrum Master,NEA,3313728,3977230.4
2025-Q1,Transporte y logística,IT,Scrum Master,NOA,3313728,3977230.4
2025-Q1,Transporte y logística,IT,Scrum Master,Patagonia,3765600,4519580
2025-Q1,Automotriz,IT,Soporte Técnico / Help desk,Buenos Aires,1772348,2578079.8828125
2025-Q1,Automotriz,IT,Soporte Técnico / Help desk,Cuyo,1630560.16,2371833.4921875
2025-Q1,Automotriz,IT,Soporte Técnico / Help desk,Litoral,1630560.16,2371833.4921875
2025-Q1,Automotriz,IT,Soporte Técnico / Help desk,NEA,1559666.24,2268710.296875
2025-Q1,Automotriz,IT,Soporte Técnico / Help desk,NOA,1559666.24,2268710.296875
2025-Q1,Automotriz,IT,Soporte Técnico / Help desk,Patagonia,1772348,2578079.8828125
2025-Q1,Banca & Serv Financieros,IT,Soporte Técnico / Help desk,Buenos Aires,1738839,2419367.0698725
2025-Q1,Banca & Serv Financieros,IT,Soporte Técnico / Help desk,Cuyo,1599731.88,2225817.7042827
2025-Q1,Banca & Serv Financieros,IT,Soporte Técnico / Help desk,Litoral,1599731.88,2225817.7042827
2025-Q1,Banca & Serv Financieros,IT,Soporte Técnico / Help desk,NEA,1530178.32,2129043.0214878
2025-Q1,Banca & Serv Financieros,IT,Soporte Técnico / Help desk,NOA,1530178.32,2129043.0214878
2025-Q1,Banca & Serv Financieros,IT,Soporte Técnico / Help desk,Patagonia,1738839,2419367.0698725
2025-Q1,Consumo masivo,IT,Soporte Técnico / Help desk,Buenos Aires,1645751,2406207.890625
2025-Q1,Consumo masivo,IT,Soporte Técnico / Help desk,Cuyo,1514090.92,2213711.259375
2025-Q1,Consumo masivo,IT,Soporte Técnico / Help desk,Litoral,1514090.92,2213711.259375
2025-Q1,Consumo masivo,IT,Soporte Técnico / Help desk,NEA,1448260.88,2117462.94375
2025-Q1,Consumo masivo,IT,Soporte Técnico / Help desk,NOA,1448260.88,2117462.94375
2025-Q1,Consumo masivo,IT,Soporte Técnico / Help desk,Patagonia,1645751,2406207.890625
2025-Q1,"Gas, Petróleo y Minería",IT,Soporte Técnico / Help desk,Buenos Aires,1728039,2526518.28515625
2025-Q1,"Gas, Petróleo y Minería",IT,Soporte Técnico / Help desk,Cuyo,1589795.88,2324396.82234375
2025-Q1,"Gas, Petróleo y Minería",IT,Soporte Técnico / Help desk,Litoral,1589795.88,2324396.82234375
2025-Q1,"Gas, Petróleo y Minería",IT,Soporte Técnico / Help desk,NEA,1520674.32,2223336.0909375
2025-Q1,"Gas, Petróleo y Minería",IT,Soporte Técnico / Help desk,NOA,1520674.32,2223336.0909375
2025-Q1,"Gas, Petróleo y Minería",IT,Soporte Técnico / Help desk,Patagonia,1728039,2526518.28515625
2025-Q1,IT,IT,Soporte Técnico / Help desk,Buenos Aires,1645751,2406207.890625
2025-Q1,IT,IT,Soporte Técnico / Help desk,Cuyo,1514090.92,2213711.259375
2025-Q1,IT,IT,Soporte Técnico / Help desk,Litoral,1514090.92,2213711.259375
2025-Q1,IT,IT,Soporte Técnico / Help desk,NEA,1448260.88,2117462.94375
2025-Q1,IT,IT,Soporte Técnico / Help desk,NOA,1448260.88,2117462.94375
2025-Q1,IT,IT,Soporte Técnico / Help desk,Patagonia,1645751,2406207.890625
2025-Q1,Lab & Pharma,IT,Soporte Técnico / Help desk,Buenos Aires,1738840,2419367.0698725
2025-Q1,Lab & Pharma,IT,Soporte Técnico / Help desk,Cuyo,1599732.8,2225817.7042827
2025-Q1,Lab & Pharma,IT,Soporte Técnico / Help desk,Litoral,1599732.8,2225817.7042827
2025-Q1,Lab & Pharma,IT,Soporte Técnico / Help desk,NEA,1530179.2,2129043.0214878
2025-Q1,Lab & Pharma,IT,Soporte Técnico / Help desk,NOA,1530179.2,2129043.0214878
2025-Q1,Lab & Pharma,IT,Soporte Técnico / Help desk,Patagonia,1738840,2419367.0698725
2025-Q1,Manufactura,IT,Soporte Técnico / Help desk,Buenos Aires,1739100,2406000
2025-Q1,Manufactura,IT,Soporte Técnico / Help desk,Cuyo,1599972,2213520
2025-Q1,Manufactura,IT,Soporte Técnico / Help desk,Litoral,1599972,2213520
2025-Q1,Manufactura,IT,Soporte Técnico / Help desk,NEA,1530408,2117280
2025-Q1,Manufactura,IT,Soporte Técnico / Help desk,NOA,1530408,2117280
2025-Q1,Manufactura,IT,Soporte Técnico / Help desk,Patagonia,1739100,2406000
2025-Q1,Retail & Comercio,IT,Soporte Técnico / Help desk,Buenos Aires,1738880,2406207.890625
2025-Q1,Retail & Comercio,IT,Soporte Técnico / Help desk,Cuyo,1599769.6,2213711.259375
2025-Q1,Retail & Comercio,IT,Soporte Técnico / Help desk,Litoral,1599769.6,2213711.259375
2025-Q1,Retail & Comercio,IT,Soporte Técnico / Help desk,NEA,1530214.4,2117462.94375
2025-Q1,Retail & Comercio,IT,Soporte Técnico / Help desk,NOA,1530214.4,2117462.94375
2025-Q1,Retail & Comercio,IT,Soporte Técnico / Help desk,Patagonia,1738880,2406207.890625
2025-Q1,Servicios,IT,Soporte Técnico / Help desk,Buenos Aires,1739000,2406200
2025-Q1,Servicios,IT,Soporte Técnico / Help desk,Cuyo,1599880,2213704
2025-Q1,Servicios,IT,Soporte Técnico / Help desk,Litoral,1599880,2213704
2025-Q1,Servicios,IT,Soporte Técnico / Help desk,NEA,1530320,2117456
2025-Q1,Servicios,IT,Soporte Técnico / Help desk,NOA,1530320,2117456
2025-Q1,Servicios,IT,Soporte Técnico / Help desk,Patagonia,1739000,2406200
2025-Q1,Transporte y logística,IT,Soporte Técnico / Help desk,Buenos Aires,1738800,2406750
2025-Q1,Transporte y logística,IT,Soporte Técnico / Help desk,Cuyo,1599696,2214210
2025-Q1,Transporte y logística,IT,Soporte Técnico / Help desk,Litoral,1599696,2214210
2025-Q1,Transporte y logística,IT,Soporte Técnico / Help desk,NEA,1530144,2117940
2025-Q1,Transporte y logística,IT,Soporte Técnico / Help desk,NOA,1530144,2117940
2025-Q1,Transporte y logística,IT,Soporte Técnico / Help desk,Patagonia,1738800,2406750
2025-Q1,Automotriz,IT,SysAdmin,Buenos Aires,3924450,5194922
2025-Q1,Automotriz,IT,SysAdmin,Cuyo,3610494,4779328.24
2025-Q1,Automotriz,IT,SysAdmin,Litoral,3610494,4779328.24
2025-Q1,Automotriz,IT,SysAdmin,NEA,3453516,4571531.36
2025-Q1,Automotriz,IT,SysAdmin,NOA,3453516,4571531.36
2025-Q1,Automotriz,IT,SysAdmin,Patagonia,3924450,5194922
2025-Q1,Banca & Serv Financieros,IT,SysAdmin,Buenos Aires,3923400,5195000
2025-Q1,Banca & Serv Financieros,IT,SysAdmin,Cuyo,3609528,4779400
2025-Q1,Banca & Serv Financieros,IT,SysAdmin,Litoral,3609528,4779400
2025-Q1,Banca & Serv Financieros,IT,SysAdmin,NEA,3452592,4571600
2025-Q1,Banca & Serv Financieros,IT,SysAdmin,NOA,3452592,4571600
2025-Q1,Banca & Serv Financieros,IT,SysAdmin,Patagonia,3923400,5195000
2025-Q1,Consumo masivo,IT,SysAdmin,Buenos Aires,3923437,5194922
2025-Q1,Consumo masivo,IT,SysAdmin,Cuyo,3609562.04,4779328.24
2025-Q1,Consumo masivo,IT,SysAdmin,Litoral,3609562.04,4779328.24
2025-Q1,Consumo masivo,IT,SysAdmin,NEA,3452624.56,4571531.36
2025-Q1,Consumo masivo,IT,SysAdmin,NOA,3452624.56,4571531.36
2025-Q1,Consumo masivo,IT,SysAdmin,Patagonia,3923437,5194922
2025-Q1,"Gas, Petróleo y Minería",IT,SysAdmin,Buenos Aires,4119610,5454668
2025-Q1,"Gas, Petróleo y Minería",IT,SysAdmin,Cuyo,3790041.2,5018294.56
2025-Q1,"Gas, Petróleo y Minería",IT,SysAdmin,Litoral,3790041.2,5018294.56
2025-Q1,"Gas, Petróleo y Minería",IT,SysAdmin,NEA,3625256.8,4800107.84
2025-Q1,"Gas, Petróleo y Minería",IT,SysAdmin,NOA,3625256.8,4800107.84
2025-Q1,"Gas, Petróleo y Minería",IT,SysAdmin,Patagonia,4119610,5454668
2025-Q1,IT,IT,SysAdmin,Buenos Aires,3923437,5194922
2025-Q1,IT,IT,SysAdmin,Cuyo,3609562.04,4779328.24
2025-Q1,IT,IT,SysAdmin,Litoral,3609562.04,4779328.24
2025-Q1,IT,IT,SysAdmin,NEA,3452624.56,4571531.36
2025-Q1,IT,IT,SysAdmin,NOA,3452624.56,4571531.36
2025-Q1,IT,IT,SysAdmin,Patagonia,3923437,5194922
2025-Q1,Lab & Pharma,IT,SysAdmin,Buenos Aires,4119610,5454668
2025-Q1,Lab & Pharma,IT,SysAdmin,Cuyo,3790041.2,5018294.56
2025-Q1,Lab & Pharma,IT,SysAdmin,Litoral,3790041.2,5018294.56
2025-Q1,Lab & Pharma,IT,SysAdmin,NEA,3625256.8,4800107.84
2025-Q1,Lab & Pharma,IT,SysAdmin,NOA,3625256.8,4800107.84
2025-Q1,Lab & Pharma,IT,SysAdmin,Patagonia,4119610,5454668
2025-Q1,Manufactura,IT,SysAdmin,Buenos Aires,3079400,4892838
2025-Q1,Manufactura,IT,SysAdmin,Cuyo,2833048,4501410.96
2025-Q1,Manufactura,IT,SysAdmin,Litoral,2833048,4501410.96
2025-Q1,Manufactura,IT,SysAdmin,NEA,2709872,4305697.44
2025-Q1,Manufactura,IT,SysAdmin,NOA,2709872,4305697.44
2025-Q1,Manufactura,IT,SysAdmin,Patagonia,3079400,4892838
2025-Q1,Retail & Comercio,IT,SysAdmin,Buenos Aires,3079490,4893000
2025-Q1,Retail & Comercio,IT,SysAdmin,Cuyo,2833130.8,4501560
2025-Q1,Retail & Comercio,IT,SysAdmin,Litoral,2833130.8,4501560
2025-Q1,Retail & Comercio,IT,SysAdmin,NEA,2709951.2,4305840
2025-Q1,Retail & Comercio,IT,SysAdmin,NOA,2709951.2,4305840
2025-Q1,Retail & Comercio,IT,SysAdmin,Patagonia,3079490,4893000
2025-Q1,Servicios,IT,SysAdmin,Buenos Aires,3080000,4892800
2025-Q1,Servicios,IT,SysAdmin,Cuyo,2833600,4501376
2025-Q1,Servicios,IT,SysAdmin,Litoral,2833600,4501376
2025-Q1,Servicios,IT,SysAdmin,NEA,2710400,4305664
2025-Q1,Servicios,IT,SysAdmin,NOA,2710400,4305664
2025-Q1,Servicios,IT,SysAdmin,Patagonia,3080000,4892800
2025-Q1,Transporte y logística,IT,SysAdmin,Buenos Aires,3079400,4892850
2025-Q1,Transporte y logística,IT,SysAdmin,Cuyo,2833048,4501422
2025-Q1,Transporte y logística,IT,SysAdmin,Litoral,2833048,4501422
2025-Q1,Transporte y logística,IT,SysAdmin,NEA,2709872,4305708
2025-Q1,Transporte y logística,IT,SysAdmin,NOA,2709872,4305708
2025-Q1,Transporte y logística,IT,SysAdmin,Patagonia,3079400,4892850
2025-Q1,Automotriz,COMERCIAL Y VENTAS,Analista comercial,Buenos Aires,2186466.63855469,2951729.96204883
2025-Q1,Automotriz,COMERCIAL Y VENTAS,Analista comercial,Cuyo,1924090.64192813,2597522.36660297
2025-Q1,Automotriz,COMERCIAL Y VENTAS,Analista comercial,Litoral,1880361.30915703,2538487.76736199
2025-Q1,Automotriz,COMERCIAL Y VENTAS,Analista comercial,NEA,1803834.97680762,2435177.21869028
2025-Q1,Automotriz,COMERCIAL Y VENTAS,Analista comercial,NOA,1858496.64277149,2508970.46774151
2025-Q1,Automotriz,COMERCIAL Y VENTAS,Analista comercial,Patagonia,2733083.29819336,3689662.45256104
2025-Q1,Banca & Serv Financieros,COMERCIAL Y VENTAS,Analista comercial,Buenos Aires,2186470,2951734.5
2025-Q1,Banca & Serv Financieros,COMERCIAL Y VENTAS,Analista comercial,Cuyo,1924093.6,2597526.36
2025-Q1,Banca & Serv Financieros,COMERCIAL Y VENTAS,Analista comercial,Litoral,1880364.2,2538491.67
2025-Q1,Banca & Serv Financieros,COMERCIAL Y VENTAS,Analista comercial,NEA,1803837.75,2435180.9625
2025-Q1,Banca & Serv Financieros,COMERCIAL Y VENTAS,Analista comercial,NOA,1858499.5,2508974.325
2025-Q1,Banca & Serv Financieros,COMERCIAL Y VENTAS,Analista comercial,Patagonia,2733087.5,3689668.125
2025-Q1,Consumo masivo,COMERCIAL Y VENTAS,Analista comercial,Buenos Aires,2100000,2835000
2025-Q1,Consumo masivo,COMERCIAL Y VENTAS,Analista comercial,Cuyo,1848000,2494800
2025-Q1,Consumo masivo,COMERCIAL Y VENTAS,Analista comercial,Litoral,1806000,2438100
2025-Q1,Consumo masivo,COMERCIAL Y VENTAS,Analista comercial,NEA,1732500,2338875
2025-Q1,Consumo masivo,COMERCIAL Y VENTAS,Analista comercial,NOA,1785000,2409750
2025-Q1,Consumo masivo,COMERCIAL Y VENTAS,Analista comercial,Patagonia,2625000,3543750
2025-Q1,"Gas, Petróleo y Minería",COMERCIAL Y VENTAS,Analista comercial,Buenos Aires,2157909.1875,2913177.403125
2025-Q1,"Gas, Petróleo y Minería",COMERCIAL Y VENTAS,Analista comercial,Cuyo,1898960.085,2563596.11475
2025-Q1,"Gas, Petróleo y Minería",COMERCIAL Y VENTAS,Analista comercial,Litoral,1855801.90125,2505332.5666875
2025-Q1,"Gas, Petróleo y Minería",COMERCIAL Y VENTAS,Analista comercial,NEA,1780275.0796875,2403371.35757812
2025-Q1,"Gas, Petróleo y Minería",COMERCIAL Y VENTAS,Analista comercial,NOA,1834222.809375,2476200.79265625
2025-Q1,"Gas, Petróleo y Minería",COMERCIAL Y VENTAS,Analista comercial,Patagonia,2697386.484375,3641471.75390625
2025-Q1,IT,COMERCIAL Y VENTAS,Analista comercial,Buenos Aires,2186470.26855468,2951734.86254882
2025-Q1,IT,COMERCIAL Y VENTAS,Analista comercial,Cuyo,1924093.83632812,2597526.67904296
2025-Q1,IT,COMERCIAL Y VENTAS,Analista comercial,Litoral,1880364.43095702,2538491.98179199
2025-Q1,IT,COMERCIAL Y VENTAS,Analista comercial,NEA,1803837.97155761,2435181.26160278
2025-Q1,IT,COMERCIAL Y VENTAS,Analista comercial,NOA,1858499.72827148,2508974.6331665
2025-Q1,IT,COMERCIAL Y VENTAS,Analista comercial,Patagonia,2733087.83569335,3689668.57818603
2025-Q1,Lab & Pharma,COMERCIAL Y VENTAS,Analista comercial,Buenos Aires,2059634.5,2780506.575
2025-Q1,Lab & Pharma,COMERCIAL Y VENTAS,Analista comercial,Cuyo,1812478.36,2446845.786
2025-Q1,Lab & Pharma,COMERCIAL Y VENTAS,Analista comercial,Litoral,1771285.67,2391235.6545
2025-Q1,Lab & Pharma,COMERCIAL Y VENTAS,Analista comercial,NEA,1699198.4625,2293917.924375
2025-Q1,Lab & Pharma,COMERCIAL Y VENTAS,Analista comercial,NOA,1750689.325,2363430.58875
2025-Q1,Lab & Pharma,COMERCIAL Y VENTAS,Analista comercial,Patagonia,2574543.125,3475633.21875
2025-Q1,Manufactura,COMERCIAL Y VENTAS,Analista comercial,Buenos Aires,2100000,2835000
2025-Q1,Manufactura,COMERCIAL Y VENTAS,Analista comercial,Cuyo,1848000,2494800
2025-Q1,Manufactura,COMERCIAL Y VENTAS,Analista comercial,Litoral,1806000,2438100
2025-Q1,Manufactura,COMERCIAL Y VENTAS,Analista comercial,NEA,1732500,2338875
2025-Q1,Manufactura,COMERCIAL Y VENTAS,Analista comercial,NOA,1785000,2409750
2025-Q1,Manufactura,COMERCIAL Y VENTAS,Analista comercial,Patagonia,2625000,3543750
2025-Q1,Retail & Comercio,COMERCIAL Y VENTAS,Analista comercial,Buenos Aires,2100000,2835500
2025-Q1,Retail & Comercio,COMERCIAL Y VENTAS,Analista comercial,Cuyo,1848000,2495240
2025-Q1,Retail & Comercio,COMERCIAL Y VENTAS,Analista comercial,Litoral,1806000,2438530
2025-Q1,Retail & Comercio,COMERCIAL Y VENTAS,Analista comercial,NEA,1732500,2339287.5
2025-Q1,Retail & Comercio,COMERCIAL Y VENTAS,Analista comercial,NOA,1785000,2410175
2025-Q1,Retail & Comercio,COMERCIAL Y VENTAS,Analista comercial,Patagonia,2625000,3544375
2025-Q1,Servicios,COMERCIAL Y VENTAS,Analista comercial,Buenos Aires,2100000,2835700
2025-Q1,Servicios,COMERCIAL Y VENTAS,Analista comercial,Cuyo,1848000,2495416
2025-Q1,Servicios,COMERCIAL Y VENTAS,Analista comercial,Litoral,1806000,2438702
2025-Q1,Servicios,COMERCIAL Y VENTAS,Analista comercial,NEA,1732500,2339452.5
2025-Q1,Servicios,COMERCIAL Y VENTAS,Analista comercial,NOA,1785000,2410345
2025-Q1,Servicios,COMERCIAL Y VENTAS,Analista comercial,Patagonia,2625000,3544625
2025-Q1,Transporte y logística,COMERCIAL Y VENTAS,Analista comercial,Buenos Aires,2100000,2835000
2025-Q1,Transporte y logística,COMERCIAL Y VENTAS,Analista comercial,Cuyo,1848000,2494800
2025-Q1,Transporte y logística,COMERCIAL Y VENTAS,Analista comercial,Litoral,1806000,2438100
2025-Q1,Transporte y logística,COMERCIAL Y VENTAS,Analista comercial,NEA,1732500,2338875
2025-Q1,Transporte y logística,COMERCIAL Y VENTAS,Analista comercial,NOA,1785000,2409750
2025-Q1,Transporte y logística,COMERCIAL Y VENTAS,Analista comercial,Patagonia,2625000,3543750
2025-Q1,Automotriz,COMERCIAL Y VENTAS,Director comercial,Buenos Aires,10753814.5,15618136.29376
2025-Q1,Automotriz,COMERCIAL Y VENTAS,Director comercial,Cuyo,9463356.76,13743959.9385088
2025-Q1,Automotriz,COMERCIAL Y VENTAS,Director comercial,Litoral,9248280.47,13431597.2126336
2025-Q1,Automotriz,COMERCIAL Y VENTAS,Director comercial,NEA,8871896.9625,12884962.442352
2025-Q1,Automotriz,COMERCIAL Y VENTAS,Director comercial,NOA,9140742.325,13275415.849696
2025-Q1,Automotriz,COMERCIAL Y VENTAS,Director comercial,Patagonia,13442268.125,19522670.3672
2025-Q1,Banca & Serv Financieros,COMERCIAL Y VENTAS,Director comercial,Buenos Aires,11251180,16038043.4214
2025-Q1,Banca & Serv Financieros,COMERCIAL Y VENTAS,Director comercial,Cuyo,9901038.4,14113478.210832
2025-Q1,Banca & Serv Financieros,COMERCIAL Y VENTAS,Director comercial,Litoral,9676014.8,13792717.342404
2025-Q1,Banca & Serv Financieros,COMERCIAL Y VENTAS,Director comercial,NEA,9282223.5,13231385.822655
2025-Q1,Banca & Serv Financieros,COMERCIAL Y VENTAS,Director comercial,NOA,9563503,13632336.90819
2025-Q1,Banca & Serv Financieros,COMERCIAL Y VENTAS,Director comercial,Patagonia,14063975,20047554.27675
2025-Q1,Consumo masivo,COMERCIAL Y VENTAS,Director comercial,Buenos Aires,10001047.485,14203972.9638579
2025-Q1,Consumo masivo,COMERCIAL Y VENTAS,Director comercial,Cuyo,8800921.7868,12499496.208195
2025-Q1,Consumo masivo,COMERCIAL Y VENTAS,Director comercial,Litoral,8600900.8371,12215416.7489178
2025-Q1,Consumo masivo,COMERCIAL Y VENTAS,Director comercial,NEA,8250864.175125,11718277.6951828
2025-Q1,Consumo masivo,COMERCIAL Y VENTAS,Director comercial,NOA,8500890.36225,12073377.0192792
2025-Q1,Consumo masivo,COMERCIAL Y VENTAS,Director comercial,Patagonia,12501309.35625,17754966.2048224
2025-Q1,"Gas, Petróleo y Minería",COMERCIAL Y VENTAS,Director comercial,Buenos Aires,11251200,16038050
2025-Q1,"Gas, Petróleo y Minería",COMERCIAL Y VENTAS,Director comercial,Cuyo,9901056,14113484
2025-Q1,"Gas, Petróleo y Minería",COMERCIAL Y VENTAS,Director comercial,Litoral,9676032,13792723
2025-Q1,"Gas, Petróleo y Minería",COMERCIAL Y VENTAS,Director comercial,NEA,9282240,13231391.25
2025-Q1,"Gas, Petróleo y Minería",COMERCIAL Y VENTAS,Director comercial,NOA,9563520,13632342.5
2025-Q1,"Gas, Petróleo y Minería",COMERCIAL Y VENTAS,Director comercial,Patagonia,14064000,20047562.5
2025-Q1,IT,COMERCIAL Y VENTAS,Director comercial,Buenos Aires,11251170,16038080
2025-Q1,IT,COMERCIAL Y VENTAS,Director comercial,Cuyo,9901029.6,14113510.4
2025-Q1,IT,COMERCIAL Y VENTAS,Director comercial,Litoral,9676006.2,13792748.8
2025-Q1,IT,COMERCIAL Y VENTAS,Director comercial,NEA,9282215.25,13231416
2025-Q1,IT,COMERCIAL Y VENTAS,Director comercial,NOA,9563494.5,13632368
2025-Q1,IT,COMERCIAL Y VENTAS,Director comercial,Patagonia,14063962.5,20047600
2025-Q1,Lab & Pharma,COMERCIAL Y VENTAS,Director comercial,Buenos Aires,11251178.420625,16038011
2025-Q1,Lab & Pharma,COMERCIAL Y VENTAS,Director comercial,Cuyo,9901037.01015,14113449.68
2025-Q1,Lab & Pharma,COMERCIAL Y VENTAS,Director comercial,Litoral,9676013.4417375,13792689.46
2025-Q1,Lab & Pharma,COMERCIAL Y VENTAS,Director comercial,NEA,9282222.19701562,13231359.075
2025-Q1,Lab & Pharma,COMERCIAL Y VENTAS,Director comercial,NOA,9563501.65753125,13632309.35
2025-Q1,Lab & Pharma,COMERCIAL Y VENTAS,Director comercial,Patagonia,14063973.0257812,20047513.75
2025-Q1,Manufactura,COMERCIAL Y VENTAS,Director comercial,Buenos Aires,10753814.5,15618136.29376
2025-Q1,Manufactura,COMERCIAL Y VENTAS,Director comercial,Cuyo,9463356.76,13743959.9385088
2025-Q1,Manufactura,COMERCIAL Y VENTAS,Director comercial,Litoral,9248280.47,13431597.2126336
2025-Q1,Manufactura,COMERCIAL Y VENTAS,Director comercial,NEA,8871896.9625,12884962.442352
2025-Q1,Manufactura,COMERCIAL Y VENTAS,Director comercial,NOA,9140742.325,13275415.849696
2025-Q1,Manufactura,COMERCIAL Y VENTAS,Director comercial,Patagonia,13442268.125,19522670.3672
2025-Q1,Retail & Comercio,COMERCIAL Y VENTAS,Director comercial,Buenos Aires,10001050,14203975.4806579
2025-Q1,Retail & Comercio,COMERCIAL Y VENTAS,Director comercial,Cuyo,8800924,12499498.422979
2025-Q1,Retail & Comercio,COMERCIAL Y VENTAS,Director comercial,Litoral,8600903,12215418.9133658
2025-Q1,Retail & Comercio,COMERCIAL Y VENTAS,Director comercial,NEA,8250866.25,11718279.7715428
2025-Q1,Retail & Comercio,COMERCIAL Y VENTAS,Director comercial,NOA,8500892.5,12073379.1585592
2025-Q1,Retail & Comercio,COMERCIAL Y VENTAS,Director comercial,Patagonia,12501312.5,17754969.3508224
2025-Q1,Servicios,COMERCIAL Y VENTAS,Director comercial,Buenos Aires,10002000,14203970
2025-Q1,Servicios,COMERCIAL Y VENTAS,Director comercial,Cuyo,8801760,12499493.6
2025-Q1,Servicios,COMERCIAL Y VENTAS,Director comercial,Litoral,8601720,12215414.2
2025-Q1,Servicios,COMERCIAL Y VENTAS,Director comercial,NEA,8251650,11718275.25
2025-Q1,Servicios,COMERCIAL Y VENTAS,Director comercial,NOA,8501700,12073374.5
2025-Q1,Servicios,COMERCIAL Y VENTAS,Director comercial,Patagonia,12502500,17754962.5
2025-Q1,Transporte y logística,COMERCIAL Y VENTAS,Director comercial,Buenos Aires,10001000,14203980
2025-Q1,Transporte y logística,COMERCIAL Y VENTAS,Director comercial,Cuyo,8800880,12499502.4
2025-Q1,Transporte y logística,COMERCIAL Y VENTAS,Director comercial,Litoral,8600860,12215422.8
2025-Q1,Transporte y logística,COMERCIAL Y VENTAS,Director comercial,NEA,8250825,11718283.5
2025-Q1,Transporte y logística,COMERCIAL Y VENTAS,Director comercial,NOA,8500850,12073383
2025-Q1,Transporte y logística,COMERCIAL Y VENTAS,Director comercial,Patagonia,12501250,17754975
2025-Q1,Automotriz,COMERCIAL Y VENTAS,Director de Expansión y Desarrollo,Buenos Aires,9678433.05,14056322.664384
2025-Q1,Automotriz,COMERCIAL Y VENTAS,Director de Expansión y Desarrollo,Cuyo,8517021.084,12369563.9446579
2025-Q1,Automotriz,COMERCIAL Y VENTAS,Director de Expansión y Desarrollo,Litoral,8323452.423,12088437.4913702
2025-Q1,Automotriz,COMERCIAL Y VENTAS,Director de Expansión y Desarrollo,NEA,7984707.26625,11596466.1981168
2025-Q1,Automotriz,COMERCIAL Y VENTAS,Director de Expansión y Desarrollo,NOA,8226668.0925,11947874.2647264
2025-Q1,Automotriz,COMERCIAL Y VENTAS,Director de Expansión y Desarrollo,Patagonia,12098041.3125,17570403.33048
2025-Q1,Banca & Serv Financieros,COMERCIAL Y VENTAS,Director de Expansión y Desarrollo,Buenos Aires,10126060.5785625,14434239.07926
2025-Q1,Banca & Serv Financieros,COMERCIAL Y VENTAS,Director de Expansión y Desarrollo,Cuyo,8910933.309135,12702130.3897488
2025-Q1,Banca & Serv Financieros,COMERCIAL Y VENTAS,Director de Expansión y Desarrollo,Litoral,8708412.09756375,12413445.6081636
2025-Q1,Banca & Serv Financieros,COMERCIAL Y VENTAS,Director de Expansión y Desarrollo,NEA,8353999.97731406,11908247.2403895
2025-Q1,Banca & Serv Financieros,COMERCIAL Y VENTAS,Director de Expansión y Desarrollo,NOA,8607151.49177812,12269103.217371
2025-Q1,Banca & Serv Financieros,COMERCIAL Y VENTAS,Director de Expansión y Desarrollo,Patagonia,12657575.7232031,18042798.849075
2025-Q1,Consumo masivo,COMERCIAL Y VENTAS,Director de Expansión y Desarrollo,Buenos Aires,9000980,12783575.6674721
2025-Q1,Consumo masivo,COMERCIAL Y VENTAS,Director de Expansión y Desarrollo,Cuyo,7920862.4,11249546.5873754
2025-Q1,Consumo masivo,COMERCIAL Y VENTAS,Director de Expansión y Desarrollo,Litoral,7740842.8,10993875.074026
2025-Q1,Consumo masivo,COMERCIAL Y VENTAS,Director de Expansión y Desarrollo,NEA,7425808.5,10546449.9256645
2025-Q1,Consumo masivo,COMERCIAL Y VENTAS,Director de Expansión y Desarrollo,NOA,7650833,10866039.3173513
2025-Q1,Consumo masivo,COMERCIAL Y VENTAS,Director de Expansión y Desarrollo,Patagonia,11251225,15979469.5843401
2025-Q1,"Gas, Petróleo y Minería",COMERCIAL Y VENTAS,Director de Expansión y Desarrollo,Buenos Aires,10126060.5785625,14434230
2025-Q1,"Gas, Petróleo y Minería",COMERCIAL Y VENTAS,Director de Expansión y Desarrollo,Cuyo,8910933.309135,12702122.4
2025-Q1,"Gas, Petróleo y Minería",COMERCIAL Y VENTAS,Director de Expansión y Desarrollo,Litoral,8708412.09756375,12413437.8
2025-Q1,"Gas, Petróleo y Minería",COMERCIAL Y VENTAS,Director de Expansión y Desarrollo,NEA,8353999.97731406,11908239.75
2025-Q1,"Gas, Petróleo y Minería",COMERCIAL Y VENTAS,Director de Expansión y Desarrollo,NOA,8607151.49177812,12269095.5
2025-Q1,"Gas, Petróleo y Minería",COMERCIAL Y VENTAS,Director de Expansión y Desarrollo,Patagonia,12657575.7232031,18042787.5
2025-Q1,IT,COMERCIAL Y VENTAS,Director de Expansión y Desarrollo,Buenos Aires,10126000,14434300
2025-Q1,IT,COMERCIAL Y VENTAS,Director de Expansión y Desarrollo,Cuyo,8910880,12702184
2025-Q1,IT,COMERCIAL Y VENTAS,Director de Expansión y Desarrollo,Litoral,8708360,12413498
2025-Q1,IT,COMERCIAL Y VENTAS,Director de Expansión y Desarrollo,NEA,8353950,11908297.5
2025-Q1,IT,COMERCIAL Y VENTAS,Director de Expansión y Desarrollo,NOA,8607100,12269155
2025-Q1,IT,COMERCIAL Y VENTAS,Director de Expansión y Desarrollo,Patagonia,12657500,18042875
2025-Q1,Lab & Pharma,COMERCIAL Y VENTAS,Director de Expansión y Desarrollo,Buenos Aires,10126098,14434210
2025-Q1,Lab & Pharma,COMERCIAL Y VENTAS,Director de Expansión y Desarrollo,Cuyo,8910966.24,12702104.8
2025-Q1,Lab & Pharma,COMERCIAL Y VENTAS,Director de Expansión y Desarrollo,Litoral,8708444.28,12413420.6
2025-Q1,Lab & Pharma,COMERCIAL Y VENTAS,Director de Expansión y Desarrollo,NEA,8354030.85,11908223.25
2025-Q1,Lab & Pharma,COMERCIAL Y VENTAS,Director de Expansión y Desarrollo,NOA,8607183.3,12269078.5
2025-Q1,Lab & Pharma,COMERCIAL Y VENTAS,Director de Expansión y Desarrollo,Patagonia,12657622.5,18042762.5
2025-Q1,Manufactura,COMERCIAL Y VENTAS,Director de Expansión y Desarrollo,Buenos Aires,9678433.05,14056320
2025-Q1,Manufactura,COMERCIAL Y VENTAS,Director de Expansión y Desarrollo,Cuyo,8517021.084,12369561.6
2025-Q1,Manufactura,COMERCIAL Y VENTAS,Director de Expansión y Desarrollo,Litoral,8323452.423,12088435.2
2025-Q1,Manufactura,COMERCIAL Y VENTAS,Director de Expansión y Desarrollo,NEA,7984707.26625,11596464
2025-Q1,Manufactura,COMERCIAL Y VENTAS,Director de Expansión y Desarrollo,NOA,8226668.0925,11947872
2025-Q1,Manufactura,COMERCIAL Y VENTAS,Director de Expansión y Desarrollo,Patagonia,12098041.3125,17570400
2025-Q1,Retail & Comercio,COMERCIAL Y VENTAS,Director de Expansión y Desarrollo,Buenos Aires,9000941.60394,12783580
2025-Q1,Retail & Comercio,COMERCIAL Y VENTAS,Director de Expansión y Desarrollo,Cuyo,7920828.6114672,11249550.4
2025-Q1,Retail & Comercio,COMERCIAL Y VENTAS,Director de Expansión y Desarrollo,Litoral,7740809.7793884,10993878.8
2025-Q1,Retail & Comercio,COMERCIAL Y VENTAS,Director de Expansión y Desarrollo,NEA,7425776.8232505,10546453.5
2025-Q1,Retail & Comercio,COMERCIAL Y VENTAS,Director de Expansión y Desarrollo,NOA,7650800.363349,10866043
2025-Q1,Retail & Comercio,COMERCIAL Y VENTAS,Director de Expansión y Desarrollo,Patagonia,11251177.004925,15979475
2025-Q1,Servicios,COMERCIAL Y VENTAS,Director de Expansión y Desarrollo,Buenos Aires,9000111,12783577.9325921
2025-Q1,Servicios,COMERCIAL Y VENTAS,Director de Expansión y Desarrollo,Cuyo,7920097.68,11249548.580681
2025-Q1,Servicios,COMERCIAL Y VENTAS,Director de Expansión y Desarrollo,Litoral,7740095.46,10993877.0220292
2025-Q1,Servicios,COMERCIAL Y VENTAS,Director de Expansión y Desarrollo,NEA,7425091.575,10546451.7943885
2025-Q1,Servicios,COMERCIAL Y VENTAS,Director de Expansión y Desarrollo,NOA,7650094.35,10866041.2427033
2025-Q1,Servicios,COMERCIAL Y VENTAS,Director de Expansión y Desarrollo,Patagonia,11250138.75,15979472.4157401
2025-Q1,Transporte y logística,COMERCIAL Y VENTAS,Director de Expansión y Desarrollo,Buenos Aires,9000000,12783622
2025-Q1,Transporte y logística,COMERCIAL Y VENTAS,Director de Expansión y Desarrollo,Cuyo,7920000,11249587.36
2025-Q1,Transporte y logística,COMERCIAL Y VENTAS,Director de Expansión y Desarrollo,Litoral,7740000,10993914.92
2025-Q1,Transporte y logística,COMERCIAL Y VENTAS,Director de Expansión y Desarrollo,NEA,7425000,10546488.15
2025-Q1,Transporte y logística,COMERCIAL Y VENTAS,Director de Expansión y Desarrollo,NOA,7650000,10866078.7
2025-Q1,Transporte y logística,COMERCIAL Y VENTAS,Director de Expansión y Desarrollo,Patagonia,11250000,15979527.5
2025-Q1,Automotriz,COMERCIAL Y VENTAS,Ejecutivo de cuenta,Buenos Aires,2262113.30241015,2902798.204405
2025-Q1,Automotriz,COMERCIAL Y VENTAS,Ejecutivo de cuenta,Cuyo,1990659.70612093,2554462.4198764
2025-Q1,Automotriz,COMERCIAL Y VENTAS,Ejecutivo de cuenta,Litoral,1945417.44007273,2496406.4557883
2025-Q1,Automotriz,COMERCIAL Y VENTAS,Ejecutivo de cuenta,NEA,1866243.47448837,2394808.51863412
2025-Q1,Automotriz,COMERCIAL Y VENTAS,Ejecutivo de cuenta,NOA,1922796.30704863,2467378.47374425
2025-Q1,Automotriz,COMERCIAL Y VENTAS,Ejecutivo de cuenta,Patagonia,2827641.62801269,3628497.75550625
2025-Q1,Banca & Serv Financieros,COMERCIAL Y VENTAS,Ejecutivo de cuenta,Buenos Aires,2261600,3012790
2025-Q1,Banca & Serv Financieros,COMERCIAL Y VENTAS,Ejecutivo de cuenta,Cuyo,1990208,2651255.2
2025-Q1,Banca & Serv Financieros,COMERCIAL Y VENTAS,Ejecutivo de cuenta,Litoral,1944976,2590999.4
2025-Q1,Banca & Serv Financieros,COMERCIAL Y VENTAS,Ejecutivo de cuenta,NEA,1865820,2485551.75
2025-Q1,Banca & Serv Financieros,COMERCIAL Y VENTAS,Ejecutivo de cuenta,NOA,1922360,2560871.5
2025-Q1,Banca & Serv Financieros,COMERCIAL Y VENTAS,Ejecutivo de cuenta,Patagonia,2827000,3765987.5
2025-Q1,Consumo masivo,COMERCIAL Y VENTAS,Ejecutivo de cuenta,Buenos Aires,2015976.1423828,2900800
2025-Q1,Consumo masivo,COMERCIAL Y VENTAS,Ejecutivo de cuenta,Cuyo,1774059.00529686,2552704
2025-Q1,Consumo masivo,COMERCIAL Y VENTAS,Ejecutivo de cuenta,Litoral,1733739.48244921,2494688
2025-Q1,Consumo masivo,COMERCIAL Y VENTAS,Ejecutivo de cuenta,NEA,1663180.31746581,2393160
2025-Q1,Consumo masivo,COMERCIAL Y VENTAS,Ejecutivo de cuenta,NOA,1713579.72102538,2465680
2025-Q1,Consumo masivo,COMERCIAL Y VENTAS,Ejecutivo de cuenta,Patagonia,2519970.1779785,3626000
2025-Q1,"Gas, Petróleo y Minería",COMERCIAL Y VENTAS,Ejecutivo de cuenta,Buenos Aires,2230700.10625,2900100
2025-Q1,"Gas, Petróleo y Minería",COMERCIAL Y VENTAS,Ejecutivo de cuenta,Cuyo,1963016.0935,2552088
2025-Q1,"Gas, Petróleo y Minería",COMERCIAL Y VENTAS,Ejecutivo de cuenta,Litoral,1918402.091375,2494086
2025-Q1,"Gas, Petróleo y Minería",COMERCIAL Y VENTAS,Ejecutivo de cuenta,NEA,1840327.58765625,2392582.5
2025-Q1,"Gas, Petróleo y Minería",COMERCIAL Y VENTAS,Ejecutivo de cuenta,NOA,1896095.0903125,2465085
2025-Q1,"Gas, Petróleo y Minería",COMERCIAL Y VENTAS,Ejecutivo de cuenta,Patagonia,2788375.1328125,3625125
2025-Q1,IT,COMERCIAL Y VENTAS,Ejecutivo de cuenta,Buenos Aires,2042117.29541015,2902798.204405
2025-Q1,IT,COMERCIAL Y VENTAS,Ejecutivo de cuenta,Cuyo,1797063.21996093,2554462.4198764
2025-Q1,IT,COMERCIAL Y VENTAS,Ejecutivo de cuenta,Litoral,1756220.87405273,2496406.4557883
2025-Q1,IT,COMERCIAL Y VENTAS,Ejecutivo de cuenta,NEA,1684746.76871337,2394808.51863412
2025-Q1,IT,COMERCIAL Y VENTAS,Ejecutivo de cuenta,NOA,1735799.70109863,2467378.47374425
2025-Q1,IT,COMERCIAL Y VENTAS,Ejecutivo de cuenta,Patagonia,2552646.61926269,3628497.75550625
2025-Q1,Lab & Pharma,COMERCIAL Y VENTAS,Ejecutivo de cuenta,Buenos Aires,2050000,2900000
2025-Q1,Lab & Pharma,COMERCIAL Y VENTAS,Ejecutivo de cuenta,Cuyo,1804000,2552000
2025-Q1,Lab & Pharma,COMERCIAL Y VENTAS,Ejecutivo de cuenta,Litoral,1763000,2494000
2025-Q1,Lab & Pharma,COMERCIAL Y VENTAS,Ejecutivo de cuenta,NEA,1691250,2392500
2025-Q1,Lab & Pharma,COMERCIAL Y VENTAS,Ejecutivo de cuenta,NOA,1742500,2465000
2025-Q1,Lab & Pharma,COMERCIAL Y VENTAS,Ejecutivo de cuenta,Patagonia,2562500,3625000
2025-Q1,Manufactura,COMERCIAL Y VENTAS,Ejecutivo de cuenta,Buenos Aires,2050100,2902700
2025-Q1,Manufactura,COMERCIAL Y VENTAS,Ejecutivo de cuenta,Cuyo,1804088,2554376
2025-Q1,Manufactura,COMERCIAL Y VENTAS,Ejecutivo de cuenta,Litoral,1763086,2496322
2025-Q1,Manufactura,COMERCIAL Y VENTAS,Ejecutivo de cuenta,NEA,1691332.5,2394727.5
2025-Q1,Manufactura,COMERCIAL Y VENTAS,Ejecutivo de cuenta,NOA,1742585,2467295
2025-Q1,Manufactura,COMERCIAL Y VENTAS,Ejecutivo de cuenta,Patagonia,2562625,3628375
2025-Q1,Retail & Comercio,COMERCIAL Y VENTAS,Ejecutivo de cuenta,Buenos Aires,2050150,2902900
2025-Q1,Retail & Comercio,COMERCIAL Y VENTAS,Ejecutivo de cuenta,Cuyo,1804132,2554552
2025-Q1,Retail & Comercio,COMERCIAL Y VENTAS,Ejecutivo de cuenta,Litoral,1763129,2496494
2025-Q1,Retail & Comercio,COMERCIAL Y VENTAS,Ejecutivo de cuenta,NEA,1691373.75,2394892.5
2025-Q1,Retail & Comercio,COMERCIAL Y VENTAS,Ejecutivo de cuenta,NOA,1742627.5,2467465
2025-Q1,Retail & Comercio,COMERCIAL Y VENTAS,Ejecutivo de cuenta,Patagonia,2562687.5,3628625
2025-Q1,Servicios,COMERCIAL Y VENTAS,Ejecutivo de cuenta,Buenos Aires,2050000,2860000
2025-Q1,Servicios,COMERCIAL Y VENTAS,Ejecutivo de cuenta,Cuyo,1804000,2516800
2025-Q1,Servicios,COMERCIAL Y VENTAS,Ejecutivo de cuenta,Litoral,1763000,2459600
2025-Q1,Servicios,COMERCIAL Y VENTAS,Ejecutivo de cuenta,NEA,1691250,2359500
2025-Q1,Servicios,COMERCIAL Y VENTAS,Ejecutivo de cuenta,NOA,1742500,2431000
2025-Q1,Servicios,COMERCIAL Y VENTAS,Ejecutivo de cuenta,Patagonia,2562500,3575000
2025-Q1,Transporte y logística,COMERCIAL Y VENTAS,Ejecutivo de cuenta,Buenos Aires,2051200,2902810
2025-Q1,Transporte y logística,COMERCIAL Y VENTAS,Ejecutivo de cuenta,Cuyo,1805056,2554472.8
2025-Q1,Transporte y logística,COMERCIAL Y VENTAS,Ejecutivo de cuenta,Litoral,1764032,2496416.6
2025-Q1,Transporte y logística,COMERCIAL Y VENTAS,Ejecutivo de cuenta,NEA,1692240,2394818.25
2025-Q1,Transporte y logística,COMERCIAL Y VENTAS,Ejecutivo de cuenta,NOA,1743520,2467388.5
2025-Q1,Transporte y logística,COMERCIAL Y VENTAS,Ejecutivo de cuenta,Patagonia,2564000,3628512.5
2025-Q1,Automotriz,COMERCIAL Y VENTAS,Gerente comercial,Buenos Aires,4380061.26791887,7103010
2025-Q1,Automotriz,COMERCIAL Y VENTAS,Gerente comercial,Cuyo,3854453.91576861,6250648.8
2025-Q1,Automotriz,COMERCIAL Y VENTAS,Gerente comercial,Litoral,3766852.69041023,6108588.6
2025-Q1,Automotriz,COMERCIAL Y VENTAS,Gerente comercial,NEA,3613550.54603307,5859983.25
2025-Q1,Automotriz,COMERCIAL Y VENTAS,Gerente comercial,NOA,3723052.07773104,6037558.5
2025-Q1,Automotriz,COMERCIAL Y VENTAS,Gerente comercial,Patagonia,5475076.58489859,8878762.5
2025-Q1,Banca & Serv Financieros,COMERCIAL Y VENTAS,Gerente comercial,Buenos Aires,4099516.83882812,6887000.200025
2025-Q1,Banca & Serv Financieros,COMERCIAL Y VENTAS,Gerente comercial,Cuyo,3607574.81816875,6060560.176022
2025-Q1,Banca & Serv Financieros,COMERCIAL Y VENTAS,Gerente comercial,Litoral,3525584.48139218,5922820.1720215
2025-Q1,Banca & Serv Financieros,COMERCIAL Y VENTAS,Gerente comercial,NEA,3382101.3920332,5681775.16502062
2025-Q1,Banca & Serv Financieros,COMERCIAL Y VENTAS,Gerente comercial,NOA,3484589.3130039,5853950.17002125
2025-Q1,Banca & Serv Financieros,COMERCIAL Y VENTAS,Gerente comercial,Patagonia,5124396.04853515,8608750.25003125
2025-Q1,Consumo masivo,COMERCIAL Y VENTAS,Gerente comercial,Buenos Aires,4375888.76054687,7103010
2025-Q1,Consumo masivo,COMERCIAL Y VENTAS,Gerente comercial,Cuyo,3850782.10928125,6250648.8
2025-Q1,Consumo masivo,COMERCIAL Y VENTAS,Gerente comercial,Litoral,3763264.33407031,6108588.6
2025-Q1,Consumo masivo,COMERCIAL Y VENTAS,Gerente comercial,NEA,3610108.22745117,5859983.25
2025-Q1,Consumo masivo,COMERCIAL Y VENTAS,Gerente comercial,NOA,3719505.44646484,6037558.5
2025-Q1,Consumo masivo,COMERCIAL Y VENTAS,Gerente comercial,Patagonia,5469860.95068359,8878762.5
2025-Q1,"Gas, Petróleo y Minería",COMERCIAL Y VENTAS,Gerente comercial,Buenos Aires,4251875.71875,7103020.3096875
2025-Q1,"Gas, Petróleo y Minería",COMERCIAL Y VENTAS,Gerente comercial,Cuyo,3741650.6325,6250657.872525
2025-Q1,"Gas, Petróleo y Minería",COMERCIAL Y VENTAS,Gerente comercial,Litoral,3656613.118125,6108597.46633125
2025-Q1,"Gas, Petróleo y Minería",COMERCIAL Y VENTAS,Gerente comercial,NEA,3507797.46796875,5859991.75549219
2025-Q1,"Gas, Petróleo y Minería",COMERCIAL Y VENTAS,Gerente comercial,NOA,3614094.3609375,6037567.26323438
2025-Q1,"Gas, Petróleo y Minería",COMERCIAL Y VENTAS,Gerente comercial,Patagonia,5314844.6484375,8878775.38710937
2025-Q1,IT,COMERCIAL Y VENTAS,Gerente comercial,Buenos Aires,4088067.46444181,7103000.3096875
2025-Q1,IT,COMERCIAL Y VENTAS,Gerente comercial,Cuyo,3597499.36870879,6250640.272525
2025-Q1,IT,COMERCIAL Y VENTAS,Gerente comercial,Litoral,3515738.01941996,6108580.26633125
2025-Q1,IT,COMERCIAL Y VENTAS,Gerente comercial,NEA,3372655.65816449,5859975.25549219
2025-Q1,IT,COMERCIAL Y VENTAS,Gerente comercial,NOA,3474857.34477554,6037550.26323438
2025-Q1,IT,COMERCIAL Y VENTAS,Gerente comercial,Patagonia,5110084.33055226,8878750.38710937
2025-Q1,Lab & Pharma,COMERCIAL Y VENTAS,Gerente comercial,Buenos Aires,4088067.46444181,6457300
2025-Q1,Lab & Pharma,COMERCIAL Y VENTAS,Gerente comercial,Cuyo,3597499.36870879,5682424
2025-Q1,Lab & Pharma,COMERCIAL Y VENTAS,Gerente comercial,Litoral,3515738.01941996,5553278
2025-Q1,Lab & Pharma,COMERCIAL Y VENTAS,Gerente comercial,NEA,3372655.65816449,5327272.5
2025-Q1,Lab & Pharma,COMERCIAL Y VENTAS,Gerente comercial,NOA,3474857.34477554,5488705
2025-Q1,Lab & Pharma,COMERCIAL Y VENTAS,Gerente comercial,Patagonia,5110084.33055226,8071625
2025-Q1,Manufactura,COMERCIAL Y VENTAS,Gerente comercial,Buenos Aires,3874717.334994,6481870
2025-Q1,Manufactura,COMERCIAL Y VENTAS,Gerente comercial,Cuyo,3409751.25479472,5704045.6
2025-Q1,Manufactura,COMERCIAL Y VENTAS,Gerente comercial,Litoral,3332256.90809484,5574408.2
2025-Q1,Manufactura,COMERCIAL Y VENTAS,Gerente comercial,NEA,3196641.80137005,5347542.75
2025-Q1,Manufactura,COMERCIAL Y VENTAS,Gerente comercial,NOA,3293509.7347449,5509589.5
2025-Q1,Manufactura,COMERCIAL Y VENTAS,Gerente comercial,Patagonia,4843396.6687425,8102337.5
2025-Q1,Retail & Comercio,COMERCIAL Y VENTAS,Gerente comercial,Buenos Aires,3892237.89753906,5744070
2025-Q1,Retail & Comercio,COMERCIAL Y VENTAS,Gerente comercial,Cuyo,3425169.34983437,5054781.6
2025-Q1,Retail & Comercio,COMERCIAL Y VENTAS,Gerente comercial,Litoral,3347324.59188359,4939900.2
2025-Q1,Retail & Comercio,COMERCIAL Y VENTAS,Gerente comercial,NEA,3211096.26546972,4738857.75
2025-Q1,Retail & Comercio,COMERCIAL Y VENTAS,Gerente comercial,NOA,3308402.2129082,4882459.5
2025-Q1,Retail & Comercio,COMERCIAL Y VENTAS,Gerente comercial,Patagonia,4865297.37192382,7180087.5
2025-Q1,Servicios,COMERCIAL Y VENTAS,Gerente comercial,Buenos Aires,3868279.99515581,5811559.1015625
2025-Q1,Servicios,COMERCIAL Y VENTAS,Gerente comercial,Cuyo,3404086.39573711,5114172.009375
2025-Q1,Servicios,COMERCIAL Y VENTAS,Gerente comercial,Litoral,3326720.795834,4997940.82734375
2025-Q1,Servicios,COMERCIAL Y VENTAS,Gerente comercial,NEA,3191330.99600354,4794536.25878906
2025-Q1,Servicios,COMERCIAL Y VENTAS,Gerente comercial,NOA,3288037.99588244,4939825.23632813
2025-Q1,Servicios,COMERCIAL Y VENTAS,Gerente comercial,Patagonia,4835349.99394476,7264448.87695313
2025-Q1,Transporte y logística,COMERCIAL Y VENTAS,Gerente comercial,Buenos Aires,4338347.53253412,6026800
2025-Q1,Transporte y logística,COMERCIAL Y VENTAS,Gerente comercial,Cuyo,3817745.82863003,5303584
2025-Q1,Transporte y logística,COMERCIAL Y VENTAS,Gerente comercial,Litoral,3730978.87797934,5183048
2025-Q1,Transporte y logística,COMERCIAL Y VENTAS,Gerente comercial,NEA,3579136.71434065,4972110
2025-Q1,Transporte y logística,COMERCIAL Y VENTAS,Gerente comercial,NOA,3687595.402654,5122780
2025-Q1,Transporte y logística,COMERCIAL Y VENTAS,Gerente comercial,Patagonia,5422934.41566765,7533500
2025-Q1,Automotriz,COMERCIAL Y VENTAS,Jefe de ventas,Buenos Aires,2776635.00296875,4092225.46802781
2025-Q1,Automotriz,COMERCIAL Y VENTAS,Jefe de ventas,Cuyo,2443438.8026125,3601158.41186447
2025-Q1,Automotriz,COMERCIAL Y VENTAS,Jefe de ventas,Litoral,2387906.10255313,3519313.90250392
2025-Q1,Automotriz,COMERCIAL Y VENTAS,Jefe de ventas,NEA,2290723.87744922,3376086.01112294
2025-Q1,Automotriz,COMERCIAL Y VENTAS,Jefe de ventas,NOA,2360139.75252344,3478391.64782364
2025-Q1,Automotriz,COMERCIAL Y VENTAS,Jefe de ventas,Patagonia,3470793.75371094,5115281.83503476
2025-Q1,Banca & Serv Financieros,COMERCIAL Y VENTAS,Jefe de ventas,Buenos Aires,2776635.00296875,4498577.23046875
2025-Q1,Banca & Serv Financieros,COMERCIAL Y VENTAS,Jefe de ventas,Cuyo,2443438.8026125,3958747.9628125
2025-Q1,Banca & Serv Financieros,COMERCIAL Y VENTAS,Jefe de ventas,Litoral,2387906.10255313,3868776.41820312
2025-Q1,Banca & Serv Financieros,COMERCIAL Y VENTAS,Jefe de ventas,NEA,2290723.87744922,3711326.21513672
2025-Q1,Banca & Serv Financieros,COMERCIAL Y VENTAS,Jefe de ventas,NOA,2360139.75252344,3823790.64589844
2025-Q1,Banca & Serv Financieros,COMERCIAL Y VENTAS,Jefe de ventas,Patagonia,3470793.75371094,5623221.53808594
2025-Q1,Consumo masivo,COMERCIAL Y VENTAS,Jefe de ventas,Buenos Aires,2700000,3765005.88117156
2025-Q1,Consumo masivo,COMERCIAL Y VENTAS,Jefe de ventas,Cuyo,2376000,3313205.17543097
2025-Q1,Consumo masivo,COMERCIAL Y VENTAS,Jefe de ventas,Litoral,2322000,3237905.05780754
2025-Q1,Consumo masivo,COMERCIAL Y VENTAS,Jefe de ventas,NEA,2227500,3106129.85196654
2025-Q1,Consumo masivo,COMERCIAL Y VENTAS,Jefe de ventas,NOA,2295000,3200254.99899583
2025-Q1,Consumo masivo,COMERCIAL Y VENTAS,Jefe de ventas,Patagonia,3375000,4706257.35146445
2025-Q1,"Gas, Petróleo y Minería",COMERCIAL Y VENTAS,Jefe de ventas,Buenos Aires,2914058.125,4092225.46802781
2025-Q1,"Gas, Petróleo y Minería",COMERCIAL Y VENTAS,Jefe de ventas,Cuyo,2564371.15,3601158.41186447
2025-Q1,"Gas, Petróleo y Minería",COMERCIAL Y VENTAS,Jefe de ventas,Litoral,2506089.9875,3519313.90250392
2025-Q1,"Gas, Petróleo y Minería",COMERCIAL Y VENTAS,Jefe de ventas,NEA,2404097.953125,3376086.01112294
2025-Q1,"Gas, Petróleo y Minería",COMERCIAL Y VENTAS,Jefe de ventas,NOA,2476949.40625,3478391.64782364
2025-Q1,"Gas, Petróleo y Minería",COMERCIAL Y VENTAS,Jefe de ventas,Patagonia,3642572.65625,5115281.83503476
2025-Q1,IT,COMERCIAL Y VENTAS,Jefe de ventas,Buenos Aires,2798158.0859375,4498578
2025-Q1,IT,COMERCIAL Y VENTAS,Jefe de ventas,Cuyo,2462379.115625,3958748.64
2025-Q1,IT,COMERCIAL Y VENTAS,Jefe de ventas,Litoral,2406415.95390625,3868777.08
2025-Q1,IT,COMERCIAL Y VENTAS,Jefe de ventas,NEA,2308480.42089844,3711326.85
2025-Q1,IT,COMERCIAL Y VENTAS,Jefe de ventas,NOA,2378434.37304688,3823791.3
2025-Q1,IT,COMERCIAL Y VENTAS,Jefe de ventas,Patagonia,3497697.60742188,5623222.5
2025-Q1,Lab & Pharma,COMERCIAL Y VENTAS,Jefe de ventas,Buenos Aires,2761072.72258125,4092225.46802781
2025-Q1,Lab & Pharma,COMERCIAL Y VENTAS,Jefe de ventas,Cuyo,2429743.9958715,3601158.41186447
2025-Q1,Lab & Pharma,COMERCIAL Y VENTAS,Jefe de ventas,Litoral,2374522.54141987,3519313.90250392
2025-Q1,Lab & Pharma,COMERCIAL Y VENTAS,Jefe de ventas,NEA,2277884.99612953,3376086.01112294
2025-Q1,Lab & Pharma,COMERCIAL Y VENTAS,Jefe de ventas,NOA,2346911.81419406,3478391.64782364
2025-Q1,Lab & Pharma,COMERCIAL Y VENTAS,Jefe de ventas,Patagonia,3451340.90322656,5115281.83503476
2025-Q1,Manufactura,COMERCIAL Y VENTAS,Jefe de ventas,Buenos Aires,2700020,3958747.9628125
2025-Q1,Manufactura,COMERCIAL Y VENTAS,Jefe de ventas,Cuyo,2376017.6,3483698.207275
2025-Q1,Manufactura,COMERCIAL Y VENTAS,Jefe de ventas,Litoral,2322017.2,3404523.24801875
2025-Q1,Manufactura,COMERCIAL Y VENTAS,Jefe de ventas,NEA,2227516.5,3265967.06932031
2025-Q1,Manufactura,COMERCIAL Y VENTAS,Jefe de ventas,NOA,2295017,3364935.76839062
2025-Q1,Manufactura,COMERCIAL Y VENTAS,Jefe de ventas,Patagonia,3375025,4948434.95351562
2025-Q1,Retail & Comercio,COMERCIAL Y VENTAS,Jefe de ventas,Buenos Aires,2700500,4072471.99519875
2025-Q1,Retail & Comercio,COMERCIAL Y VENTAS,Jefe de ventas,Cuyo,2376440,3583775.3557749
2025-Q1,Retail & Comercio,COMERCIAL Y VENTAS,Jefe de ventas,Litoral,2322430,3502325.91587092
2025-Q1,Retail & Comercio,COMERCIAL Y VENTAS,Jefe de ventas,NEA,2227912.5,3359789.39603897
2025-Q1,Retail & Comercio,COMERCIAL Y VENTAS,Jefe de ventas,NOA,2295425,3461601.19591894
2025-Q1,Retail & Comercio,COMERCIAL Y VENTAS,Jefe de ventas,Patagonia,3375625,5090589.99399844
2025-Q1,Servicios,COMERCIAL Y VENTAS,Jefe de ventas,Buenos Aires,2700800,4072470
2025-Q1,Servicios,COMERCIAL Y VENTAS,Jefe de ventas,Cuyo,2376704,3583773.6
2025-Q1,Servicios,COMERCIAL Y VENTAS,Jefe de ventas,Litoral,2322688,3502324.2
2025-Q1,Servicios,COMERCIAL Y VENTAS,Jefe de ventas,NEA,2228160,3359787.75
2025-Q1,Servicios,COMERCIAL Y VENTAS,Jefe de ventas,NOA,2295680,3461599.5
2025-Q1,Servicios,COMERCIAL Y VENTAS,Jefe de ventas,Patagonia,3376000,5090587.5
2025-Q1,Transporte y logística,COMERCIAL Y VENTAS,Jefe de ventas,Buenos Aires,2700000,3578413.70605468
2025-Q1,Transporte y logística,COMERCIAL Y VENTAS,Jefe de ventas,Cuyo,2376000,3149004.06132812
2025-Q1,Transporte y logística,COMERCIAL Y VENTAS,Jefe de ventas,Litoral,2322000,3077435.78720702
2025-Q1,Transporte y logística,COMERCIAL Y VENTAS,Jefe de ventas,NEA,2227500,2952191.30749511
2025-Q1,Transporte y logística,COMERCIAL Y VENTAS,Jefe de ventas,NOA,2295000,3041651.65014648
2025-Q1,Transporte y logística,COMERCIAL Y VENTAS,Jefe de ventas,Patagonia,3375000,4473017.13256835
2025-Q1,Automotriz,COMERCIAL Y VENTAS,Key account manager,Buenos Aires,2589538.01562499,3576344.0625
2025-Q1,Automotriz,COMERCIAL Y VENTAS,Key account manager,Cuyo,2278793.45374999,3147182.775
2025-Q1,Automotriz,COMERCIAL Y VENTAS,Key account manager,Litoral,2227002.69343749,3075655.89375
2025-Q1,Automotriz,COMERCIAL Y VENTAS,Key account manager,NEA,2136368.86289062,2950483.8515625
2025-Q1,Automotriz,COMERCIAL Y VENTAS,Key account manager,NOA,2201107.31328124,3039892.453125
2025-Q1,Automotriz,COMERCIAL Y VENTAS,Key account manager,Patagonia,3236922.51953124,4470430.078125
2025-Q1,Banca & Serv Financieros,COMERCIAL Y VENTAS,Key account manager,Buenos Aires,2415855.58801125,3378826.55364375
2025-Q1,Banca & Serv Financieros,COMERCIAL Y VENTAS,Key account manager,Cuyo,2125952.9174499,2973367.3672065
2025-Q1,Banca & Serv Financieros,COMERCIAL Y VENTAS,Key account manager,Litoral,2077635.80568967,2905790.83613362
2025-Q1,Banca & Serv Financieros,COMERCIAL Y VENTAS,Key account manager,NEA,1993080.86010928,2787531.90675609
2025-Q1,Banca & Serv Financieros,COMERCIAL Y VENTAS,Key account manager,NOA,2053477.24980956,2872002.57059719
2025-Q1,Banca & Serv Financieros,COMERCIAL Y VENTAS,Key account manager,Patagonia,3019819.48501406,4223533.19205469
2025-Q1,Consumo masivo,COMERCIAL Y VENTAS,Key account manager,Buenos Aires,2899295.50653875,3400838.28906249
2025-Q1,Consumo masivo,COMERCIAL Y VENTAS,Key account manager,Cuyo,2551380.0457541,2992737.69437499
2025-Q1,Consumo masivo,COMERCIAL Y VENTAS,Key account manager,Litoral,2493394.13562333,2924720.92859374
2025-Q1,Consumo masivo,COMERCIAL Y VENTAS,Key account manager,NEA,2391918.79289447,2805691.58847655
2025-Q1,Consumo masivo,COMERCIAL Y VENTAS,Key account manager,NOA,2464401.18055794,2890712.54570312
2025-Q1,Consumo masivo,COMERCIAL Y VENTAS,Key account manager,Patagonia,3624119.38317344,4251047.86132811
2025-Q1,"Gas, Petróleo y Minería",COMERCIAL Y VENTAS,Key account manager,Buenos Aires,2442110,3378826.55364375
2025-Q1,"Gas, Petróleo y Minería",COMERCIAL Y VENTAS,Key account manager,Cuyo,2149056.8,2973367.3672065
2025-Q1,"Gas, Petróleo y Minería",COMERCIAL Y VENTAS,Key account manager,Litoral,2100214.6,2905790.83613362
2025-Q1,"Gas, Petróleo y Minería",COMERCIAL Y VENTAS,Key account manager,NEA,2014740.75,2787531.90675609
2025-Q1,"Gas, Petróleo y Minería",COMERCIAL Y VENTAS,Key account manager,NOA,2075793.5,2872002.57059719
2025-Q1,"Gas, Petróleo y Minería",COMERCIAL Y VENTAS,Key account manager,Patagonia,3052637.5,4223533.19205469
2025-Q1,IT,COMERCIAL Y VENTAS,Key account manager,Buenos Aires,2475297.32140625,3379200
2025-Q1,IT,COMERCIAL Y VENTAS,Key account manager,Cuyo,2178261.6428375,2973696
2025-Q1,IT,COMERCIAL Y VENTAS,Key account manager,Litoral,2128755.69640937,2906112
2025-Q1,IT,COMERCIAL Y VENTAS,Key account manager,NEA,2042120.29016016,2787840
2025-Q1,IT,COMERCIAL Y VENTAS,Key account manager,NOA,2104002.72319531,2872320
2025-Q1,IT,COMERCIAL Y VENTAS,Key account manager,Patagonia,3094121.65175781,4224000
2025-Q1,Lab & Pharma,COMERCIAL Y VENTAS,Key account manager,Buenos Aires,2475000,3355000
2025-Q1,Lab & Pharma,COMERCIAL Y VENTAS,Key account manager,Cuyo,2178000,2952400
2025-Q1,Lab & Pharma,COMERCIAL Y VENTAS,Key account manager,Litoral,2128500,2885300
2025-Q1,Lab & Pharma,COMERCIAL Y VENTAS,Key account manager,NEA,2041875,2767875
2025-Q1,Lab & Pharma,COMERCIAL Y VENTAS,Key account manager,NOA,2103750,2851750
2025-Q1,Lab & Pharma,COMERCIAL Y VENTAS,Key account manager,Patagonia,3093750,4193750
2025-Q1,Manufactura,COMERCIAL Y VENTAS,Key account manager,Buenos Aires,2442125.98437499,3344000
2025-Q1,Manufactura,COMERCIAL Y VENTAS,Key account manager,Cuyo,2149070.86624999,2942720
2025-Q1,Manufactura,COMERCIAL Y VENTAS,Key account manager,Litoral,2100228.34656249,2875840
2025-Q1,Manufactura,COMERCIAL Y VENTAS,Key account manager,NEA,2014753.93710937,2758800
2025-Q1,Manufactura,COMERCIAL Y VENTAS,Key account manager,NOA,2075807.08671874,2842400
2025-Q1,Manufactura,COMERCIAL Y VENTAS,Key account manager,Patagonia,3052657.48046874,4180000
2025-Q1,Retail & Comercio,COMERCIAL Y VENTAS,Key account manager,Buenos Aires,2442000,3366000
2025-Q1,Retail & Comercio,COMERCIAL Y VENTAS,Key account manager,Cuyo,2148960,2962080
2025-Q1,Retail & Comercio,COMERCIAL Y VENTAS,Key account manager,Litoral,2100120,2894760
2025-Q1,Retail & Comercio,COMERCIAL Y VENTAS,Key account manager,NEA,2014650,2776950
2025-Q1,Retail & Comercio,COMERCIAL Y VENTAS,Key account manager,NOA,2075700,2861100
2025-Q1,Retail & Comercio,COMERCIAL Y VENTAS,Key account manager,Patagonia,3052500,4207500
2025-Q1,Servicios,COMERCIAL Y VENTAS,Key account manager,Buenos Aires,2475297.32140625,3355550
2025-Q1,Servicios,COMERCIAL Y VENTAS,Key account manager,Cuyo,2178261.6428375,2952884
2025-Q1,Servicios,COMERCIAL Y VENTAS,Key account manager,Litoral,2128755.69640937,2885773
2025-Q1,Servicios,COMERCIAL Y VENTAS,Key account manager,NEA,2042120.29016016,2768328.75
2025-Q1,Servicios,COMERCIAL Y VENTAS,Key account manager,NOA,2104002.72319531,2852217.5
2025-Q1,Servicios,COMERCIAL Y VENTAS,Key account manager,Patagonia,3094121.65175781,4194437.5
2025-Q1,Transporte y logística,COMERCIAL Y VENTAS,Key account manager,Buenos Aires,2442125.98437499,3355000
2025-Q1,Transporte y logística,COMERCIAL Y VENTAS,Key account manager,Cuyo,2149070.86624999,2952400
2025-Q1,Transporte y logística,COMERCIAL Y VENTAS,Key account manager,Litoral,2100228.34656249,2885300
2025-Q1,Transporte y logística,COMERCIAL Y VENTAS,Key account manager,NEA,2014753.93710937,2767875
2025-Q1,Transporte y logística,COMERCIAL Y VENTAS,Key account manager,NOA,2075807.08671874,2851750
2025-Q1,Transporte y logística,COMERCIAL Y VENTAS,Key account manager,Patagonia,3052657.48046874,4193750
2025-Q1,Automotriz,HIGIENE Y SEGURIDAD IND.,Analista de Seguridad e Higiene,Buenos Aires,3576336.5,4768458.75
2025-Q1,Automotriz,HIGIENE Y SEGURIDAD IND.,Analista de Seguridad e Higiene,Cuyo,3147176.12,4196243.7
2025-Q1,Automotriz,HIGIENE Y SEGURIDAD IND.,Analista de Seguridad e Higiene,Litoral,3218702.85,4291612.875
2025-Q1,Automotriz,HIGIENE Y SEGURIDAD IND.,Analista de Seguridad e Higiene,NEA,2950477.6125,3933978.46875
2025-Q1,Automotriz,HIGIENE Y SEGURIDAD IND.,Analista de Seguridad e Higiene,NOA,3039886.025,4053189.9375
2025-Q1,Automotriz,HIGIENE Y SEGURIDAD IND.,Analista de Seguridad e Higiene,Patagonia,4470420.625,5960573.4375
2025-Q1,Banca & Serv Financieros,HIGIENE Y SEGURIDAD IND.,Analista de Seguridad e Higiene,Buenos Aires,2599733.4,3917133
2025-Q1,Banca & Serv Financieros,HIGIENE Y SEGURIDAD IND.,Analista de Seguridad e Higiene,Cuyo,2287765.392,3447077.04
2025-Q1,Banca & Serv Financieros,HIGIENE Y SEGURIDAD IND.,Analista de Seguridad e Higiene,Litoral,2339760.06,3525419.7
2025-Q1,Banca & Serv Financieros,HIGIENE Y SEGURIDAD IND.,Analista de Seguridad e Higiene,NEA,2144780.055,3231634.725
2025-Q1,Banca & Serv Financieros,HIGIENE Y SEGURIDAD IND.,Analista de Seguridad e Higiene,NOA,2209773.39,3329563.05
2025-Q1,Banca & Serv Financieros,HIGIENE Y SEGURIDAD IND.,Analista de Seguridad e Higiene,Patagonia,3249666.75,4896416.25
2025-Q1,Consumo masivo,HIGIENE Y SEGURIDAD IND.,Analista de Seguridad e Higiene,Buenos Aires,2734600,3418249.99999999
2025-Q1,Consumo masivo,HIGIENE Y SEGURIDAD IND.,Analista de Seguridad e Higiene,Cuyo,2406448,3008059.99999999
2025-Q1,Consumo masivo,HIGIENE Y SEGURIDAD IND.,Analista de Seguridad e Higiene,Litoral,2461140,3076424.99999999
2025-Q1,Consumo masivo,HIGIENE Y SEGURIDAD IND.,Analista de Seguridad e Higiene,NEA,2256045,2820056.24999999
2025-Q1,Consumo masivo,HIGIENE Y SEGURIDAD IND.,Analista de Seguridad e Higiene,NOA,2324410,2905512.49999999
2025-Q1,Consumo masivo,HIGIENE Y SEGURIDAD IND.,Analista de Seguridad e Higiene,Patagonia,3418250,4272812.49999999
2025-Q1,"Gas, Petróleo y Minería",HIGIENE Y SEGURIDAD IND.,Analista de Seguridad e Higiene,Buenos Aires,3576336.5,4768458.75
2025-Q1,"Gas, Petróleo y Minería",HIGIENE Y SEGURIDAD IND.,Analista de Seguridad e Higiene,Cuyo,3147176.12,4196243.7
2025-Q1,"Gas, Petróleo y Minería",HIGIENE Y SEGURIDAD IND.,Analista de Seguridad e Higiene,Litoral,3218702.85,4291612.875
2025-Q1,"Gas, Petróleo y Minería",HIGIENE Y SEGURIDAD IND.,Analista de Seguridad e Higiene,NEA,2950477.6125,3933978.46875
2025-Q1,"Gas, Petróleo y Minería",HIGIENE Y SEGURIDAD IND.,Analista de Seguridad e Higiene,NOA,3039886.025,4053189.9375
2025-Q1,"Gas, Petróleo y Minería",HIGIENE Y SEGURIDAD IND.,Analista de Seguridad e Higiene,Patagonia,4470420.625,5960573.4375
2025-Q1,IT,HIGIENE Y SEGURIDAD IND.,Analista de Seguridad e Higiene,Buenos Aires,2630540,4180350.35
2025-Q1,IT,HIGIENE Y SEGURIDAD IND.,Analista de Seguridad e Higiene,Cuyo,2314875.2,3678708.308
2025-Q1,IT,HIGIENE Y SEGURIDAD IND.,Analista de Seguridad e Higiene,Litoral,2367486,3762315.315
2025-Q1,IT,HIGIENE Y SEGURIDAD IND.,Analista de Seguridad e Higiene,NEA,2170195.5,3448789.03875
2025-Q1,IT,HIGIENE Y SEGURIDAD IND.,Analista de Seguridad e Higiene,NOA,2235959,3553297.7975
2025-Q1,IT,HIGIENE Y SEGURIDAD IND.,Analista de Seguridad e Higiene,Patagonia,3288175,5225437.9375
2025-Q1,Lab & Pharma,HIGIENE Y SEGURIDAD IND.,Analista de Seguridad e Higiene,Buenos Aires,2734600,4101900
2025-Q1,Lab & Pharma,HIGIENE Y SEGURIDAD IND.,Analista de Seguridad e Higiene,Cuyo,2406448,3609672
2025-Q1,Lab & Pharma,HIGIENE Y SEGURIDAD IND.,Analista de Seguridad e Higiene,Litoral,2461140,3691710
2025-Q1,Lab & Pharma,HIGIENE Y SEGURIDAD IND.,Analista de Seguridad e Higiene,NEA,2256045,3384067.5
2025-Q1,Lab & Pharma,HIGIENE Y SEGURIDAD IND.,Analista de Seguridad e Higiene,NOA,2324410,3486615
2025-Q1,Lab & Pharma,HIGIENE Y SEGURIDAD IND.,Analista de Seguridad e Higiene,Patagonia,3418250,5127375
2025-Q1,Manufactura,HIGIENE Y SEGURIDAD IND.,Analista de Seguridad e Higiene,Buenos Aires,2253020,3311649
2025-Q1,Manufactura,HIGIENE Y SEGURIDAD IND.,Analista de Seguridad e Higiene,Cuyo,1982657.6,2914251.12
2025-Q1,Manufactura,HIGIENE Y SEGURIDAD IND.,Analista de Seguridad e Higiene,Litoral,2027718,2980484.1
2025-Q1,Manufactura,HIGIENE Y SEGURIDAD IND.,Analista de Seguridad e Higiene,NEA,1858741.5,2732110.425
2025-Q1,Manufactura,HIGIENE Y SEGURIDAD IND.,Analista de Seguridad e Higiene,NOA,1915067,2814901.65
2025-Q1,Manufactura,HIGIENE Y SEGURIDAD IND.,Analista de Seguridad e Higiene,Patagonia,2816275,4139561.25
2025-Q1,Retail & Comercio,HIGIENE Y SEGURIDAD IND.,Analista de Seguridad e Higiene,Buenos Aires,2251689,3311467.5
2025-Q1,Retail & Comercio,HIGIENE Y SEGURIDAD IND.,Analista de Seguridad e Higiene,Cuyo,1981486.32,2914091.4
2025-Q1,Retail & Comercio,HIGIENE Y SEGURIDAD IND.,Analista de Seguridad e Higiene,Litoral,2026520.1,2980320.75
2025-Q1,Retail & Comercio,HIGIENE Y SEGURIDAD IND.,Analista de Seguridad e Higiene,NEA,1857643.425,2731960.6875
2025-Q1,Retail & Comercio,HIGIENE Y SEGURIDAD IND.,Analista de Seguridad e Higiene,NOA,1913935.65,2814747.375
2025-Q1,Retail & Comercio,HIGIENE Y SEGURIDAD IND.,Analista de Seguridad e Higiene,Patagonia,2814611.25,4139334.375
2025-Q1,Servicios,HIGIENE Y SEGURIDAD IND.,Analista de Seguridad e Higiene,Buenos Aires,2251689,3311467.5
2025-Q1,Servicios,HIGIENE Y SEGURIDAD IND.,Analista de Seguridad e Higiene,Cuyo,1981486.32,2914091.4
2025-Q1,Servicios,HIGIENE Y SEGURIDAD IND.,Analista de Seguridad e Higiene,Litoral,2026520.1,2980320.75
2025-Q1,Servicios,HIGIENE Y SEGURIDAD IND.,Analista de Seguridad e Higiene,NEA,1857643.425,2731960.6875
2025-Q1,Servicios,HIGIENE Y SEGURIDAD IND.,Analista de Seguridad e Higiene,NOA,1913935.65,2814747.375
2025-Q1,Servicios,HIGIENE Y SEGURIDAD IND.,Analista de Seguridad e Higiene,Patagonia,2814611.25,4139334.375
2025-Q1,Transporte y logística,HIGIENE Y SEGURIDAD IND.,Analista de Seguridad e Higiene,Buenos Aires,2251689,3311467.5
2025-Q1,Transporte y logística,HIGIENE Y SEGURIDAD IND.,Analista de Seguridad e Higiene,Cuyo,1981486.32,2914091.4
2025-Q1,Transporte y logística,HIGIENE Y SEGURIDAD IND.,Analista de Seguridad e Higiene,Litoral,2026520.1,2980320.75
2025-Q1,Transporte y logística,HIGIENE Y SEGURIDAD IND.,Analista de Seguridad e Higiene,NEA,1857643.425,2731960.6875
2025-Q1,Transporte y logística,HIGIENE Y SEGURIDAD IND.,Analista de Seguridad e Higiene,NOA,1913935.65,2814747.375
2025-Q1,Transporte y logística,HIGIENE Y SEGURIDAD IND.,Analista de Seguridad e Higiene,Patagonia,2814611.25,4139334.375
2025-Q1,Automotriz,HIGIENE Y SEGURIDAD IND.,Jefe de Seguridad e Higiene,Buenos Aires,4900915.9375,7417602.5
2025-Q1,Automotriz,HIGIENE Y SEGURIDAD IND.,Jefe de Seguridad e Higiene,Cuyo,4312806.025,6527490.2
2025-Q1,Automotriz,HIGIENE Y SEGURIDAD IND.,Jefe de Seguridad e Higiene,Litoral,4410824.34375,6675842.25
2025-Q1,Automotriz,HIGIENE Y SEGURIDAD IND.,Jefe de Seguridad e Higiene,NEA,4043255.6484375,6119522.0625
2025-Q1,Automotriz,HIGIENE Y SEGURIDAD IND.,Jefe de Seguridad e Higiene,NOA,4165778.546875,6304962.125
2025-Q1,Automotriz,HIGIENE Y SEGURIDAD IND.,Jefe de Seguridad e Higiene,Patagonia,6126144.921875,9272003.125
2025-Q1,Banca & Serv Financieros,HIGIENE Y SEGURIDAD IND.,Jefe de Seguridad e Higiene,Buenos Aires,3576344.0625,5804273.95625
2025-Q1,Banca & Serv Financieros,HIGIENE Y SEGURIDAD IND.,Jefe de Seguridad e Higiene,Cuyo,3147182.775,5107761.0815
2025-Q1,Banca & Serv Financieros,HIGIENE Y SEGURIDAD IND.,Jefe de Seguridad e Higiene,Litoral,3218709.65625,5223846.560625
2025-Q1,Banca & Serv Financieros,HIGIENE Y SEGURIDAD IND.,Jefe de Seguridad e Higiene,NEA,2950483.8515625,4788526.01390625
2025-Q1,Banca & Serv Financieros,HIGIENE Y SEGURIDAD IND.,Jefe de Seguridad e Higiene,NOA,3039892.453125,4933632.8628125
2025-Q1,Banca & Serv Financieros,HIGIENE Y SEGURIDAD IND.,Jefe de Seguridad e Higiene,Patagonia,4470430.078125,7255342.4453125
2025-Q1,Consumo masivo,HIGIENE Y SEGURIDAD IND.,Jefe de Seguridad e Higiene,Buenos Aires,3930987.5,5960573.4375
2025-Q1,Consumo masivo,HIGIENE Y SEGURIDAD IND.,Jefe de Seguridad e Higiene,Cuyo,3459269,5245304.625
2025-Q1,Consumo masivo,HIGIENE Y SEGURIDAD IND.,Jefe de Seguridad e Higiene,Litoral,3537888.75,5364516.09375
2025-Q1,Consumo masivo,HIGIENE Y SEGURIDAD IND.,Jefe de Seguridad e Higiene,NEA,3243064.6875,4917473.0859375
2025-Q1,Consumo masivo,HIGIENE Y SEGURIDAD IND.,Jefe de Seguridad e Higiene,NOA,3341339.375,5066487.421875
2025-Q1,Consumo masivo,HIGIENE Y SEGURIDAD IND.,Jefe de Seguridad e Higiene,Patagonia,4913734.375,7450716.796875
2025-Q1,"Gas, Petróleo y Minería",HIGIENE Y SEGURIDAD IND.,Jefe de Seguridad e Higiene,Buenos Aires,4900915.9375,7417602.5
2025-Q1,"Gas, Petróleo y Minería",HIGIENE Y SEGURIDAD IND.,Jefe de Seguridad e Higiene,Cuyo,4312806.025,6527490.2
2025-Q1,"Gas, Petróleo y Minería",HIGIENE Y SEGURIDAD IND.,Jefe de Seguridad e Higiene,Litoral,4410824.34375,6675842.25
2025-Q1,"Gas, Petróleo y Minería",HIGIENE Y SEGURIDAD IND.,Jefe de Seguridad e Higiene,NEA,4043255.6484375,6119522.0625
2025-Q1,"Gas, Petróleo y Minería",HIGIENE Y SEGURIDAD IND.,Jefe de Seguridad e Higiene,NOA,4165778.546875,6304962.125
2025-Q1,"Gas, Petróleo y Minería",HIGIENE Y SEGURIDAD IND.,Jefe de Seguridad e Higiene,Patagonia,6126144.921875,9272003.125
2025-Q1,IT,HIGIENE Y SEGURIDAD IND.,Jefe de Seguridad e Higiene,Buenos Aires,4106172.8125,6334102.70625
2025-Q1,IT,HIGIENE Y SEGURIDAD IND.,Jefe de Seguridad e Higiene,Cuyo,3613432.075,5574010.3815
2025-Q1,IT,HIGIENE Y SEGURIDAD IND.,Jefe de Seguridad e Higiene,Litoral,3695555.53125,5700692.435625
2025-Q1,IT,HIGIENE Y SEGURIDAD IND.,Jefe de Seguridad e Higiene,NEA,3387592.5703125,5225634.73265625
2025-Q1,IT,HIGIENE Y SEGURIDAD IND.,Jefe de Seguridad e Higiene,NOA,3490246.890625,5383987.3003125
2025-Q1,IT,HIGIENE Y SEGURIDAD IND.,Jefe de Seguridad e Higiene,Patagonia,5132716.015625,7917628.3828125
2025-Q1,Lab & Pharma,HIGIENE Y SEGURIDAD IND.,Jefe de Seguridad e Higiene,Buenos Aires,4614637.5,6702333.68749999
2025-Q1,Lab & Pharma,HIGIENE Y SEGURIDAD IND.,Jefe de Seguridad e Higiene,Cuyo,4060881,5898053.64499999
2025-Q1,Lab & Pharma,HIGIENE Y SEGURIDAD IND.,Jefe de Seguridad e Higiene,Litoral,4153173.75,6032100.31874999
2025-Q1,Lab & Pharma,HIGIENE Y SEGURIDAD IND.,Jefe de Seguridad e Higiene,NEA,3807075.9375,5529425.29218749
2025-Q1,Lab & Pharma,HIGIENE Y SEGURIDAD IND.,Jefe de Seguridad e Higiene,NOA,3922441.875,5696983.63437499
2025-Q1,Lab & Pharma,HIGIENE Y SEGURIDAD IND.,Jefe de Seguridad e Higiene,Patagonia,5768296.875,8377917.10937499
2025-Q1,Manufactura,HIGIENE Y SEGURIDAD IND.,Jefe de Seguridad e Higiene,Buenos Aires,3648150,5962638
2025-Q1,Manufactura,HIGIENE Y SEGURIDAD IND.,Jefe de Seguridad e Higiene,Cuyo,3210372,5247121.44
2025-Q1,Manufactura,HIGIENE Y SEGURIDAD IND.,Jefe de Seguridad e Higiene,Litoral,3283335,5366374.2
2025-Q1,Manufactura,HIGIENE Y SEGURIDAD IND.,Jefe de Seguridad e Higiene,NEA,3009723.75,4919176.35
2025-Q1,Manufactura,HIGIENE Y SEGURIDAD IND.,Jefe de Seguridad e Higiene,NOA,3100927.5,5068242.3
2025-Q1,Manufactura,HIGIENE Y SEGURIDAD IND.,Jefe de Seguridad e Higiene,Patagonia,4560187.5,7453297.5
2025-Q1,Retail & Comercio,HIGIENE Y SEGURIDAD IND.,Jefe de Seguridad e Higiene,Buenos Aires,3647787,5960581
2025-Q1,Retail & Comercio,HIGIENE Y SEGURIDAD IND.,Jefe de Seguridad e Higiene,Cuyo,3210052.56,5245311.28
2025-Q1,Retail & Comercio,HIGIENE Y SEGURIDAD IND.,Jefe de Seguridad e Higiene,Litoral,3283008.3,5364522.9
2025-Q1,Retail & Comercio,HIGIENE Y SEGURIDAD IND.,Jefe de Seguridad e Higiene,NEA,3009424.275,4917479.325
2025-Q1,Retail & Comercio,HIGIENE Y SEGURIDAD IND.,Jefe de Seguridad e Higiene,NOA,3100618.95,5066493.85
2025-Q1,Retail & Comercio,HIGIENE Y SEGURIDAD IND.,Jefe de Seguridad e Higiene,Patagonia,4559733.75,7450726.25
2025-Q1,Servicios,HIGIENE Y SEGURIDAD IND.,Jefe de Seguridad e Higiene,Buenos Aires,3647787,5960581
2025-Q1,Servicios,HIGIENE Y SEGURIDAD IND.,Jefe de Seguridad e Higiene,Cuyo,3210052.56,5245311.28
2025-Q1,Servicios,HIGIENE Y SEGURIDAD IND.,Jefe de Seguridad e Higiene,Litoral,3283008.3,5364522.9
2025-Q1,Servicios,HIGIENE Y SEGURIDAD IND.,Jefe de Seguridad e Higiene,NEA,3009424.275,4917479.325
2025-Q1,Servicios,HIGIENE Y SEGURIDAD IND.,Jefe de Seguridad e Higiene,NOA,3100618.95,5066493.85
2025-Q1,Servicios,HIGIENE Y SEGURIDAD IND.,Jefe de Seguridad e Higiene,Patagonia,4559733.75,7450726.25
2025-Q1,Transporte y logística,HIGIENE Y SEGURIDAD IND.,Jefe de Seguridad e Higiene,Buenos Aires,3647787,5960581
2025-Q1,Transporte y logística,HIGIENE Y SEGURIDAD IND.,Jefe de Seguridad e Higiene,Cuyo,3210052.56,5245311.28
2025-Q1,Transporte y logística,HIGIENE Y SEGURIDAD IND.,Jefe de Seguridad e Higiene,Litoral,3283008.3,5364522.9
2025-Q1,Transporte y logística,HIGIENE Y SEGURIDAD IND.,Jefe de Seguridad e Higiene,NEA,3009424.275,4917479.325
2025-Q1,Transporte y logística,HIGIENE Y SEGURIDAD IND.,Jefe de Seguridad e Higiene,NOA,3100618.95,5066493.85
2025-Q1,Transporte y logística,HIGIENE Y SEGURIDAD IND.,Jefe de Seguridad e Higiene,Patagonia,4559733.75,7450726.25
2025-Q1,Automotriz,RRHH,Analista de Recursos Humanos,Buenos Aires,1881913,2597809.5
2025-Q1,Automotriz,RRHH,Analista de Recursos Humanos,Cuyo,1656083.44,2286072.36
2025-Q1,Automotriz,RRHH,Analista de Recursos Humanos,Litoral,1731359.96,2389984.74
2025-Q1,Automotriz,RRHH,Analista de Recursos Humanos,NEA,1552578.225,2143192.8375
2025-Q1,Automotriz,RRHH,Analista de Recursos Humanos,NOA,1599626.05,2208138.075
2025-Q1,Automotriz,RRHH,Analista de Recursos Humanos,Patagonia,2352391.25,3247261.875
2025-Q1,Banca & Serv Financieros,RRHH,Analista de Recursos Humanos,Buenos Aires,1999540.4597676,2734342.67869306
2025-Q1,Banca & Serv Financieros,RRHH,Analista de Recursos Humanos,Cuyo,1759595.60459549,2406221.55724989
2025-Q1,Banca & Serv Financieros,RRHH,Analista de Recursos Humanos,Litoral,1839577.22298619,2515595.26439762
2025-Q1,Banca & Serv Financieros,RRHH,Analista de Recursos Humanos,NEA,1649620.87930827,2255832.70992177
2025-Q1,Banca & Serv Financieros,RRHH,Analista de Recursos Humanos,NOA,1699609.39080246,2324191.2768891
2025-Q1,Banca & Serv Financieros,RRHH,Analista de Recursos Humanos,Patagonia,2499425.5747095,3417928.34836632
2025-Q1,Consumo masivo,RRHH,Analista de Recursos Humanos,Buenos Aires,1764301,2461019
2025-Q1,Consumo masivo,RRHH,Analista de Recursos Humanos,Cuyo,1552584.88,2165696.72
2025-Q1,Consumo masivo,RRHH,Analista de Recursos Humanos,Litoral,1623156.92,2264137.48
2025-Q1,Consumo masivo,RRHH,Analista de Recursos Humanos,NEA,1455548.325,2030340.675
2025-Q1,Consumo masivo,RRHH,Analista de Recursos Humanos,NOA,1499655.85,2091866.15
2025-Q1,Consumo masivo,RRHH,Analista de Recursos Humanos,Patagonia,2205376.25,3076273.75
2025-Q1,"Gas, Petróleo y Minería",RRHH,Analista de Recursos Humanos,Buenos Aires,1764301,2461140
2025-Q1,"Gas, Petróleo y Minería",RRHH,Analista de Recursos Humanos,Cuyo,1552584.88,2165803.2
2025-Q1,"Gas, Petróleo y Minería",RRHH,Analista de Recursos Humanos,Litoral,1623156.92,2264248.8
2025-Q1,"Gas, Petróleo y Minería",RRHH,Analista de Recursos Humanos,NEA,1455548.325,2030440.5
2025-Q1,"Gas, Petróleo y Minería",RRHH,Analista de Recursos Humanos,NOA,1499655.85,2091969
2025-Q1,"Gas, Petróleo y Minería",RRHH,Analista de Recursos Humanos,Patagonia,2205376.25,3076425
2025-Q1,IT,RRHH,Analista de Recursos Humanos,Buenos Aires,2117138.20791514,2871177.32325651
2025-Q1,IT,RRHH,Analista de Recursos Humanos,Cuyo,1863081.62296532,2526636.04446573
2025-Q1,IT,RRHH,Analista de Recursos Humanos,Litoral,1947767.15128193,2641483.13739599
2025-Q1,IT,RRHH,Analista de Recursos Humanos,NEA,1746639.02152999,2368721.29168662
2025-Q1,IT,RRHH,Analista de Recursos Humanos,NOA,1799567.47672787,2440500.72476803
2025-Q1,IT,RRHH,Analista de Recursos Humanos,Patagonia,2646422.75989392,3588971.65407064
2025-Q1,Lab & Pharma,RRHH,Analista de Recursos Humanos,Buenos Aires,1999540.4597676,2734342.67869306
2025-Q1,Lab & Pharma,RRHH,Analista de Recursos Humanos,Cuyo,1759595.60459549,2406221.55724989
2025-Q1,Lab & Pharma,RRHH,Analista de Recursos Humanos,Litoral,1839577.22298619,2515595.26439762
2025-Q1,Lab & Pharma,RRHH,Analista de Recursos Humanos,NEA,1649620.87930827,2255832.70992177
2025-Q1,Lab & Pharma,RRHH,Analista de Recursos Humanos,NOA,1699609.39080246,2324191.2768891
2025-Q1,Lab & Pharma,RRHH,Analista de Recursos Humanos,Patagonia,2499425.5747095,3417928.34836632
2025-Q1,Manufactura,RRHH,Analista de Recursos Humanos,Buenos Aires,2117138.20791514,2871177.32325651
2025-Q1,Manufactura,RRHH,Analista de Recursos Humanos,Cuyo,1863081.62296532,2526636.04446573
2025-Q1,Manufactura,RRHH,Analista de Recursos Humanos,Litoral,1947767.15128193,2641483.13739599
2025-Q1,Manufactura,RRHH,Analista de Recursos Humanos,NEA,1746639.02152999,2368721.29168662
2025-Q1,Manufactura,RRHH,Analista de Recursos Humanos,NOA,1799567.47672787,2440500.72476803
2025-Q1,Manufactura,RRHH,Analista de Recursos Humanos,Patagonia,2646422.75989392,3588971.65407064
2025-Q1,Retail & Comercio,RRHH,Analista de Recursos Humanos,Buenos Aires,1764301,2460934.5244736
2025-Q1,Retail & Comercio,RRHH,Analista de Recursos Humanos,Cuyo,1552584.88,2165622.38153677
2025-Q1,Retail & Comercio,RRHH,Analista de Recursos Humanos,Litoral,1623156.92,2264059.76251571
2025-Q1,Retail & Comercio,RRHH,Analista de Recursos Humanos,NEA,1455548.325,2030270.98269072
2025-Q1,Retail & Comercio,RRHH,Analista de Recursos Humanos,NOA,1499655.85,2091794.34580256
2025-Q1,Retail & Comercio,RRHH,Analista de Recursos Humanos,Patagonia,2205376.25,3076168.155592
2025-Q1,Servicios,RRHH,Analista de Recursos Humanos,Buenos Aires,1764301,2460934.5244736
2025-Q1,Servicios,RRHH,Analista de Recursos Humanos,Cuyo,1552584.88,2165622.38153677
2025-Q1,Servicios,RRHH,Analista de Recursos Humanos,Litoral,1623156.92,2264059.76251571
2025-Q1,Servicios,RRHH,Analista de Recursos Humanos,NEA,1455548.325,2030270.98269072
2025-Q1,Servicios,RRHH,Analista de Recursos Humanos,NOA,1499655.85,2091794.34580256
2025-Q1,Servicios,RRHH,Analista de Recursos Humanos,Patagonia,2205376.25,3076168.155592
2025-Q1,Transporte y logística,RRHH,Analista de Recursos Humanos,Buenos Aires,1761118.7,2454727
2025-Q1,Transporte y logística,RRHH,Analista de Recursos Humanos,Cuyo,1549784.456,2160159.76
2025-Q1,Transporte y logística,RRHH,Analista de Recursos Humanos,Litoral,1620229.204,2258348.84
2025-Q1,Transporte y logística,RRHH,Analista de Recursos Humanos,NEA,1452922.9275,2025149.775
2025-Q1,Transporte y logística,RRHH,Analista de Recursos Humanos,NOA,1496950.895,2086517.95
2025-Q1,Transporte y logística,RRHH,Analista de Recursos Humanos,Patagonia,2201398.375,3068408.75
2025-Q1,Automotriz,RRHH,Director de Recursos Humanos,Buenos Aires,9836356,13286533
2025-Q1,Automotriz,RRHH,Director de Recursos Humanos,Cuyo,8655993.28,11692149.04
2025-Q1,Automotriz,RRHH,Director de Recursos Humanos,Litoral,9049447.52,12223610.36
2025-Q1,Automotriz,RRHH,Director de Recursos Humanos,NEA,8114993.7,10961389.725
2025-Q1,Automotriz,RRHH,Director de Recursos Humanos,NOA,8360902.6,11293553.05
2025-Q1,Automotriz,RRHH,Director de Recursos Humanos,Patagonia,12295445,16608166.25
2025-Q1,Banca & Serv Financieros,RRHH,Director de Recursos Humanos,Buenos Aires,10291288,13643625
2025-Q1,Banca & Serv Financieros,RRHH,Director de Recursos Humanos,Cuyo,9056333.44,12006390
2025-Q1,Banca & Serv Financieros,RRHH,Director de Recursos Humanos,Litoral,9467984.96,12552135
2025-Q1,Banca & Serv Financieros,RRHH,Director de Recursos Humanos,NEA,8490312.6,11255990.625
2025-Q1,Banca & Serv Financieros,RRHH,Director de Recursos Humanos,NOA,8747594.8,11597081.25
2025-Q1,Banca & Serv Financieros,RRHH,Director de Recursos Humanos,Patagonia,12864110,17054531.25
2025-Q1,Consumo masivo,RRHH,Director de Recursos Humanos,Buenos Aires,9147811,12083487
2025-Q1,Consumo masivo,RRHH,Director de Recursos Humanos,Cuyo,8050073.68,10633468.56
2025-Q1,Consumo masivo,RRHH,Director de Recursos Humanos,Litoral,8415986.12,11116808.04
2025-Q1,Consumo masivo,RRHH,Director de Recursos Humanos,NEA,7546944.075,9968876.775
2025-Q1,Consumo masivo,RRHH,Director de Recursos Humanos,NOA,7775639.35,10270963.95
2025-Q1,Consumo masivo,RRHH,Director de Recursos Humanos,Patagonia,11434763.75,15104358.75
2025-Q1,"Gas, Petróleo y Minería",RRHH,Director de Recursos Humanos,Buenos Aires,10291288,13643625
2025-Q1,"Gas, Petróleo y Minería",RRHH,Director de Recursos Humanos,Cuyo,9056333.44,12006390
2025-Q1,"Gas, Petróleo y Minería",RRHH,Director de Recursos Humanos,Litoral,9467984.96,12552135
2025-Q1,"Gas, Petróleo y Minería",RRHH,Director de Recursos Humanos,NEA,8490312.6,11255990.625
2025-Q1,"Gas, Petróleo y Minería",RRHH,Director de Recursos Humanos,NOA,8747594.8,11597081.25
2025-Q1,"Gas, Petróleo y Minería",RRHH,Director de Recursos Humanos,Patagonia,12864110,17054531.25
2025-Q1,IT,RRHH,Director de Recursos Humanos,Buenos Aires,10291288,13643625
2025-Q1,IT,RRHH,Director de Recursos Humanos,Cuyo,9056333.44,12006390
2025-Q1,IT,RRHH,Director de Recursos Humanos,Litoral,9467984.96,12552135
2025-Q1,IT,RRHH,Director de Recursos Humanos,NEA,8490312.6,11255990.625
2025-Q1,IT,RRHH,Director de Recursos Humanos,NOA,8747594.8,11597081.25
2025-Q1,IT,RRHH,Director de Recursos Humanos,Patagonia,12864110,17054531.25
2025-Q1,Lab & Pharma,RRHH,Director de Recursos Humanos,Buenos Aires,10291288,13643625
2025-Q1,Lab & Pharma,RRHH,Director de Recursos Humanos,Cuyo,9056333.44,12006390
2025-Q1,Lab & Pharma,RRHH,Director de Recursos Humanos,Litoral,9467984.96,12552135
2025-Q1,Lab & Pharma,RRHH,Director de Recursos Humanos,NEA,8490312.6,11255990.625
2025-Q1,Lab & Pharma,RRHH,Director de Recursos Humanos,NOA,8747594.8,11597081.25
2025-Q1,Lab & Pharma,RRHH,Director de Recursos Humanos,Patagonia,12864110,17054531.25
2025-Q1,Manufactura,RRHH,Director de Recursos Humanos,Buenos Aires,9836356,13286533
2025-Q1,Manufactura,RRHH,Director de Recursos Humanos,Cuyo,8655993.28,11692149.04
2025-Q1,Manufactura,RRHH,Director de Recursos Humanos,Litoral,9049447.52,12223610.36
2025-Q1,Manufactura,RRHH,Director de Recursos Humanos,NEA,8114993.7,10961389.725
2025-Q1,Manufactura,RRHH,Director de Recursos Humanos,NOA,8360902.6,11293553.05
2025-Q1,Manufactura,RRHH,Director de Recursos Humanos,Patagonia,12295445,16608166.25
2025-Q1,Retail & Comercio,RRHH,Director de Recursos Humanos,Buenos Aires,9147759,12083498
2025-Q1,Retail & Comercio,RRHH,Director de Recursos Humanos,Cuyo,8050027.92,10633478.24
2025-Q1,Retail & Comercio,RRHH,Director de Recursos Humanos,Litoral,8415938.28,11116818.16
2025-Q1,Retail & Comercio,RRHH,Director de Recursos Humanos,NEA,7546901.175,9968885.85
2025-Q1,Retail & Comercio,RRHH,Director de Recursos Humanos,NOA,7775595.15,10270973.3
2025-Q1,Retail & Comercio,RRHH,Director de Recursos Humanos,Patagonia,11434698.75,15104372.5
2025-Q1,Servicios,RRHH,Director de Recursos Humanos,Buenos Aires,9147759,12083498
2025-Q1,Servicios,RRHH,Director de Recursos Humanos,Cuyo,8050027.92,10633478.24
2025-Q1,Servicios,RRHH,Director de Recursos Humanos,Litoral,8415938.28,11116818.16
2025-Q1,Servicios,RRHH,Director de Recursos Humanos,NEA,7546901.175,9968885.85
2025-Q1,Servicios,RRHH,Director de Recursos Humanos,NOA,7775595.15,10270973.3
2025-Q1,Servicios,RRHH,Director de Recursos Humanos,Patagonia,11434698.75,15104372.5
2025-Q1,Transporte y logística,RRHH,Director de Recursos Humanos,Buenos Aires,8690371,11479323
2025-Q1,Transporte y logística,RRHH,Director de Recursos Humanos,Cuyo,7647526.48,10101804.24
2025-Q1,Transporte y logística,RRHH,Director de Recursos Humanos,Litoral,7995141.32,10560977.16
2025-Q1,Transporte y logística,RRHH,Director de Recursos Humanos,NEA,7169556.075,9470441.475
2025-Q1,Transporte y logística,RRHH,Director de Recursos Humanos,NOA,7386815.35,9757424.55
2025-Q1,Transporte y logística,RRHH,Director de Recursos Humanos,Patagonia,10862963.75,14349153.75
2025-Q1,Automotriz,RRHH,Gerente de Recursos Humanos,Buenos Aires,4768532.68813189,6383522.18524845
2025-Q1,Automotriz,RRHH,Gerente de Recursos Humanos,Cuyo,4196308.76555606,5617499.52301864
2025-Q1,Automotriz,RRHH,Gerente de Recursos Humanos,Litoral,4387050.07308134,5872840.41042857
2025-Q1,Automotriz,RRHH,Gerente de Recursos Humanos,NEA,3934039.46770881,5266405.80282997
2025-Q1,Automotriz,RRHH,Gerente de Recursos Humanos,NOA,4053252.78491211,5425993.85746118
2025-Q1,Automotriz,RRHH,Gerente de Recursos Humanos,Patagonia,5960665.86016486,7979402.73156056
2025-Q1,Banca & Serv Financieros,RRHH,Gerente de Recursos Humanos,Buenos Aires,5227015.7870311,6888798.76782615
2025-Q1,Banca & Serv Financieros,RRHH,Gerente de Recursos Humanos,Cuyo,4599773.89258737,6062142.91568701
2025-Q1,Banca & Serv Financieros,RRHH,Gerente de Recursos Humanos,Litoral,4808854.52406861,6337694.86640006
2025-Q1,Banca & Serv Financieros,RRHH,Gerente de Recursos Humanos,NEA,4312288.02430066,5683258.98345657
2025-Q1,Banca & Serv Financieros,RRHH,Gerente de Recursos Humanos,NOA,4442963.41897644,5855478.95265223
2025-Q1,Banca & Serv Financieros,RRHH,Gerente de Recursos Humanos,Patagonia,6533769.73378887,8610998.45978269
2025-Q1,Consumo masivo,RRHH,Gerente de Recursos Humanos,Buenos Aires,4539350.46514392,6555937.3
2025-Q1,Consumo masivo,RRHH,Gerente de Recursos Humanos,Cuyo,3994628.40932665,5769224.824
2025-Q1,Consumo masivo,RRHH,Gerente de Recursos Humanos,Litoral,4176202.42793241,6031462.316
2025-Q1,Consumo masivo,RRHH,Gerente de Recursos Humanos,NEA,3744964.13374373,5408648.2725
2025-Q1,Consumo masivo,RRHH,Gerente de Recursos Humanos,NOA,3858447.89537233,5572546.705
2025-Q1,Consumo masivo,RRHH,Gerente de Recursos Humanos,Patagonia,5674188.0814299,8194921.625
2025-Q1,"Gas, Petróleo y Minería",RRHH,Gerente de Recursos Humanos,Buenos Aires,4917629.66781747,6555937.3
2025-Q1,"Gas, Petróleo y Minería",RRHH,Gerente de Recursos Humanos,Cuyo,4327514.10767937,5769224.824
2025-Q1,"Gas, Petróleo y Minería",RRHH,Gerente de Recursos Humanos,Litoral,4524219.29439207,6031462.316
2025-Q1,"Gas, Petróleo y Minería",RRHH,Gerente de Recursos Humanos,NEA,4057044.47594941,5408648.2725
2025-Q1,"Gas, Petróleo y Minería",RRHH,Gerente de Recursos Humanos,NOA,4179985.21764485,5572546.705
2025-Q1,"Gas, Petróleo y Minería",RRHH,Gerente de Recursos Humanos,Patagonia,6147037.08477184,8194921.625
2025-Q1,IT,RRHH,Gerente de Recursos Humanos,Buenos Aires,5227015.7870311,7418706.36407965
2025-Q1,IT,RRHH,Gerente de Recursos Humanos,Cuyo,4599773.89258737,6528461.60039009
2025-Q1,IT,RRHH,Gerente de Recursos Humanos,Litoral,4808854.52406861,6825209.85495328
2025-Q1,IT,RRHH,Gerente de Recursos Humanos,NEA,4312288.02430066,6120432.75036571
2025-Q1,IT,RRHH,Gerente de Recursos Humanos,NOA,4442963.41897644,6305900.4094677
2025-Q1,IT,RRHH,Gerente de Recursos Humanos,Patagonia,6533769.73378887,9273382.95509956
2025-Q1,Lab & Pharma,RRHH,Gerente de Recursos Humanos,Buenos Aires,4814606.42287192,6901455.02316313
2025-Q1,Lab & Pharma,RRHH,Gerente de Recursos Humanos,Cuyo,4236853.65212729,6073280.42038355
2025-Q1,Lab & Pharma,RRHH,Gerente de Recursos Humanos,Litoral,4429437.90904217,6349338.62131008
2025-Q1,Lab & Pharma,RRHH,Gerente de Recursos Humanos,NEA,3972050.29886933,5693700.39410958
2025-Q1,Lab & Pharma,RRHH,Gerente de Recursos Humanos,NOA,4092415.45944113,5866236.76968866
2025-Q1,Lab & Pharma,RRHH,Gerente de Recursos Humanos,Patagonia,6018258.0285899,8626818.77895391
2025-Q1,Manufactura,RRHH,Gerente de Recursos Humanos,Buenos Aires,5227015.7870311,7418706.36407965
2025-Q1,Manufactura,RRHH,Gerente de Recursos Humanos,Cuyo,4599773.89258737,6528461.60039009
2025-Q1,Manufactura,RRHH,Gerente de Recursos Humanos,Litoral,4808854.52406861,6825209.85495328
2025-Q1,Manufactura,RRHH,Gerente de Recursos Humanos,NEA,4312288.02430066,6120432.75036571
2025-Q1,Manufactura,RRHH,Gerente de Recursos Humanos,NOA,4442963.41897644,6305900.4094677
2025-Q1,Manufactura,RRHH,Gerente de Recursos Humanos,Patagonia,6533769.73378887,9273382.95509956
2025-Q1,Retail & Comercio,RRHH,Gerente de Recursos Humanos,Buenos Aires,4917629.66781747,6555937.3
2025-Q1,Retail & Comercio,RRHH,Gerente de Recursos Humanos,Cuyo,4327514.10767937,5769224.824
2025-Q1,Retail & Comercio,RRHH,Gerente de Recursos Humanos,Litoral,4524219.29439207,6031462.316
2025-Q1,Retail & Comercio,RRHH,Gerente de Recursos Humanos,NEA,4057044.47594941,5408648.2725
2025-Q1,Retail & Comercio,RRHH,Gerente de Recursos Humanos,NOA,4179985.21764485,5572546.705
2025-Q1,Retail & Comercio,RRHH,Gerente de Recursos Humanos,Patagonia,6147037.08477184,8194921.625
2025-Q1,Servicios,RRHH,Gerente de Recursos Humanos,Buenos Aires,4768532.68813189,6383522.18524845
2025-Q1,Servicios,RRHH,Gerente de Recursos Humanos,Cuyo,4196308.76555606,5617499.52301864
2025-Q1,Servicios,RRHH,Gerente de Recursos Humanos,Litoral,4387050.07308134,5872840.41042857
2025-Q1,Servicios,RRHH,Gerente de Recursos Humanos,NEA,3934039.46770881,5266405.80282997
2025-Q1,Servicios,RRHH,Gerente de Recursos Humanos,NOA,4053252.78491211,5425993.85746118
2025-Q1,Servicios,RRHH,Gerente de Recursos Humanos,Patagonia,5960665.86016486,7979402.73156056
2025-Q1,Transporte y logística,RRHH,Gerente de Recursos Humanos,Buenos Aires,4935624.13102548,6542309.48979207
2025-Q1,Transporte y logística,RRHH,Gerente de Recursos Humanos,Cuyo,4343349.23530242,5757232.35101702
2025-Q1,Transporte y logística,RRHH,Gerente de Recursos Humanos,Litoral,4540774.20054344,6018924.73060871
2025-Q1,Transporte y logística,RRHH,Gerente de Recursos Humanos,NEA,4071889.90809602,5397405.32907846
2025-Q1,Transporte y logística,RRHH,Gerente de Recursos Humanos,NOA,4195280.51137166,5560963.06632326
2025-Q1,Transporte y logística,RRHH,Gerente de Recursos Humanos,Patagonia,6169530.16378185,8177886.86224009
2025-Q1,Automotriz,RRHH,HRBP Human Resources Business Partner,Buenos Aires,2520694.6659017,3724155.19655357
2025-Q1,Automotriz,RRHH,HRBP Human Resources Business Partner,Cuyo,2218211.3059935,3277256.57296714
2025-Q1,Automotriz,RRHH,HRBP Human Resources Business Partner,Litoral,2319039.09262956,3426222.78082928
2025-Q1,Automotriz,RRHH,HRBP Human Resources Business Partner,NEA,2079573.0993689,3072428.0371567
2025-Q1,Automotriz,RRHH,HRBP Human Resources Business Partner,NOA,2142590.46601644,3165531.91707053
2025-Q1,Automotriz,RRHH,HRBP Human Resources Business Partner,Patagonia,3150868.33237713,4655193.99569196
2025-Q1,Banca & Serv Financieros,RRHH,HRBP Human Resources Business Partner,Buenos Aires,3000852.81934174,4344583.94250139
2025-Q1,Banca & Serv Financieros,RRHH,HRBP Human Resources Business Partner,Cuyo,2640750.48102073,3823233.86940122
2025-Q1,Banca & Serv Financieros,RRHH,HRBP Human Resources Business Partner,Litoral,2760784.5937944,3997017.22710128
2025-Q1,Banca & Serv Financieros,RRHH,HRBP Human Resources Business Partner,NEA,2475703.57595694,3584281.75256365
2025-Q1,Banca & Serv Financieros,RRHH,HRBP Human Resources Business Partner,NOA,2550724.89644048,3692896.35112618
2025-Q1,Banca & Serv Financieros,RRHH,HRBP Human Resources Business Partner,Patagonia,3751066.02417718,5430729.92812674
2025-Q1,Consumo masivo,RRHH,HRBP Human Resources Business Partner,Buenos Aires,2520694.6659017,3724155.19655357
2025-Q1,Consumo masivo,RRHH,HRBP Human Resources Business Partner,Cuyo,2218211.3059935,3277256.57296714
2025-Q1,Consumo masivo,RRHH,HRBP Human Resources Business Partner,Litoral,2319039.09262956,3426222.78082928
2025-Q1,Consumo masivo,RRHH,HRBP Human Resources Business Partner,NEA,2079573.0993689,3072428.0371567
2025-Q1,Consumo masivo,RRHH,HRBP Human Resources Business Partner,NOA,2142590.46601644,3165531.91707053
2025-Q1,Consumo masivo,RRHH,HRBP Human Resources Business Partner,Patagonia,3150868.33237713,4655193.99569196
2025-Q1,"Gas, Petróleo y Minería",RRHH,HRBP Human Resources Business Partner,Buenos Aires,2760773.74262172,3879262.38217955
2025-Q1,"Gas, Petróleo y Minería",RRHH,HRBP Human Resources Business Partner,Cuyo,2429480.89350711,3413750.896318
2025-Q1,"Gas, Petróleo y Minería",RRHH,HRBP Human Resources Business Partner,Litoral,2539911.84321198,3568921.39160519
2025-Q1,"Gas, Petróleo y Minería",RRHH,HRBP Human Resources Business Partner,NEA,2277638.33766292,3200391.46529813
2025-Q1,"Gas, Petróleo y Minería",RRHH,HRBP Human Resources Business Partner,NOA,2346657.68122846,3297373.02485262
2025-Q1,"Gas, Petróleo y Minería",RRHH,HRBP Human Resources Business Partner,Patagonia,3450967.17827715,4849077.97772444
2025-Q1,IT,RRHH,HRBP Human Resources Business Partner,Buenos Aires,3000852.81934174,4344583.94250139
2025-Q1,IT,RRHH,HRBP Human Resources Business Partner,Cuyo,2640750.48102073,3823233.86940122
2025-Q1,IT,RRHH,HRBP Human Resources Business Partner,Litoral,2760784.5937944,3997017.22710128
2025-Q1,IT,RRHH,HRBP Human Resources Business Partner,NEA,2475703.57595694,3584281.75256365
2025-Q1,IT,RRHH,HRBP Human Resources Business Partner,NOA,2550724.89644048,3692896.35112618
2025-Q1,IT,RRHH,HRBP Human Resources Business Partner,Patagonia,3751066.02417718,5430729.92812674
2025-Q1,Lab & Pharma,RRHH,HRBP Human Resources Business Partner,Buenos Aires,2880677.6429866,4189476.75687541
2025-Q1,Lab & Pharma,RRHH,HRBP Human Resources Business Partner,Cuyo,2534996.32582821,3686739.54605036
2025-Q1,Lab & Pharma,RRHH,HRBP Human Resources Business Partner,Litoral,2650223.43154767,3854318.61632538
2025-Q1,Lab & Pharma,RRHH,HRBP Human Resources Business Partner,NEA,2376559.05546394,3456318.32442221
2025-Q1,Lab & Pharma,RRHH,HRBP Human Resources Business Partner,NOA,2448575.99653861,3561055.2433441
2025-Q1,Lab & Pharma,RRHH,HRBP Human Resources Business Partner,Patagonia,3600847.05373325,5236845.94609426
2025-Q1,Manufactura,RRHH,HRBP Human Resources Business Partner,Buenos Aires,3601023.38279424,4344583.94250139
2025-Q1,Manufactura,RRHH,HRBP Human Resources Business Partner,Cuyo,3168900.57685893,3823233.86940122
2025-Q1,Manufactura,RRHH,HRBP Human Resources Business Partner,Litoral,3312941.5121707,3997017.22710128
2025-Q1,Manufactura,RRHH,HRBP Human Resources Business Partner,NEA,2970844.29080525,3584281.75256365
2025-Q1,Manufactura,RRHH,HRBP Human Resources Business Partner,NOA,3060869.8753751,3692896.35112618
2025-Q1,Manufactura,RRHH,HRBP Human Resources Business Partner,Patagonia,4501279.2284928,5430729.92812674
2025-Q1,Retail & Comercio,RRHH,HRBP Human Resources Business Partner,Buenos Aires,2520694.6659017,3724155.19655357
2025-Q1,Retail & Comercio,RRHH,HRBP Human Resources Business Partner,Cuyo,2218211.3059935,3277256.57296714
2025-Q1,Retail & Comercio,RRHH,HRBP Human Resources Business Partner,Litoral,2319039.09262956,3426222.78082928
2025-Q1,Retail & Comercio,RRHH,HRBP Human Resources Business Partner,NEA,2079573.0993689,3072428.0371567
2025-Q1,Retail & Comercio,RRHH,HRBP Human Resources Business Partner,NOA,2142590.46601644,3165531.91707053
2025-Q1,Retail & Comercio,RRHH,HRBP Human Resources Business Partner,Patagonia,3150868.33237713,4655193.99569196
2025-Q1,Servicios,RRHH,HRBP Human Resources Business Partner,Buenos Aires,2880948.91897686,3569048.01092759
2025-Q1,Servicios,RRHH,HRBP Human Resources Business Partner,Cuyo,2535235.04869964,3140762.24961628
2025-Q1,Servicios,RRHH,HRBP Human Resources Business Partner,Litoral,2650473.00545871,3283524.17005338
2025-Q1,Servicios,RRHH,HRBP Human Resources Business Partner,NEA,2376782.85815591,2944464.60901526
2025-Q1,Servicios,RRHH,HRBP Human Resources Business Partner,NOA,2448806.58113033,3033690.80928845
2025-Q1,Servicios,RRHH,HRBP Human Resources Business Partner,Patagonia,3601186.14872108,4461310.01365949
2025-Q1,Transporte y logística,RRHH,HRBP Human Resources Business Partner,Buenos Aires,2522864.8725762,3719407.01673406
2025-Q1,Transporte y logística,RRHH,HRBP Human Resources Business Partner,Cuyo,2220121.08786706,3273078.17472597
2025-Q1,Transporte y logística,RRHH,HRBP Human Resources Business Partner,Litoral,2321035.6827701,3421854.45539534
2025-Q1,Transporte y logística,RRHH,HRBP Human Resources Business Partner,NEA,2081363.51987536,3068510.7888056
2025-Q1,Transporte y logística,RRHH,HRBP Human Resources Business Partner,NOA,2144435.14168977,3161495.96422395
2025-Q1,Transporte y logística,RRHH,HRBP Human Resources Business Partner,Patagonia,3153581.09072025,4649258.77091757
2025-Q1,Automotriz,RRHH,Jefe de Recursos Humanos,Buenos Aires,3050168,3880699.9
2025-Q1,Automotriz,RRHH,Jefe de Recursos Humanos,Cuyo,2684147.84,3415015.912
2025-Q1,Automotriz,RRHH,Jefe de Recursos Humanos,Litoral,2806154.56,3570243.908
2025-Q1,Automotriz,RRHH,Jefe de Recursos Humanos,NEA,2516388.6,3201577.4175
2025-Q1,Automotriz,RRHH,Jefe de Recursos Humanos,NOA,2592642.8,3298594.915
2025-Q1,Automotriz,RRHH,Jefe de Recursos Humanos,Patagonia,3812710,4850874.875
2025-Q1,Banca & Serv Financieros,RRHH,Jefe de Recursos Humanos,Buenos Aires,3159182.05777331,4712391.11692807
2025-Q1,Banca & Serv Financieros,RRHH,Jefe de Recursos Humanos,Cuyo,2780080.21084051,4146904.1828967
2025-Q1,Banca & Serv Financieros,RRHH,Jefe de Recursos Humanos,Litoral,2906447.49315145,4335399.82757382
2025-Q1,Banca & Serv Financieros,RRHH,Jefe de Recursos Humanos,NEA,2606325.19766298,3887722.67146566
2025-Q1,Banca & Serv Financieros,RRHH,Jefe de Recursos Humanos,NOA,2685304.74910731,4005532.44938886
2025-Q1,Banca & Serv Financieros,RRHH,Jefe de Recursos Humanos,Patagonia,3948977.57221664,5890488.89616009
2025-Q1,Consumo masivo,RRHH,Jefe de Recursos Humanos,Buenos Aires,3050168,3880712
2025-Q1,Consumo masivo,RRHH,Jefe de Recursos Humanos,Cuyo,2684147.84,3415026.56
2025-Q1,Consumo masivo,RRHH,Jefe de Recursos Humanos,Litoral,2806154.56,3570255.04
2025-Q1,Consumo masivo,RRHH,Jefe de Recursos Humanos,NEA,2516388.6,3201587.4
2025-Q1,Consumo masivo,RRHH,Jefe de Recursos Humanos,NOA,2592642.8,3298605.2
2025-Q1,Consumo masivo,RRHH,Jefe de Recursos Humanos,Patagonia,3812710,4850890
2025-Q1,"Gas, Petróleo y Minería",RRHH,Jefe de Recursos Humanos,Buenos Aires,3050168,3880712
2025-Q1,"Gas, Petróleo y Minería",RRHH,Jefe de Recursos Humanos,Cuyo,2684147.84,3415026.56
2025-Q1,"Gas, Petróleo y Minería",RRHH,Jefe de Recursos Humanos,Litoral,2806154.56,3570255.04
2025-Q1,"Gas, Petróleo y Minería",RRHH,Jefe de Recursos Humanos,NEA,2516388.6,3201587.4
2025-Q1,"Gas, Petróleo y Minería",RRHH,Jefe de Recursos Humanos,NOA,2592642.8,3298605.2
2025-Q1,"Gas, Petróleo y Minería",RRHH,Jefe de Recursos Humanos,Patagonia,3812710,4850890
2025-Q1,IT,RRHH,Jefe de Recursos Humanos,Buenos Aires,3159182.05777331,4712391.11692807
2025-Q1,IT,RRHH,Jefe de Recursos Humanos,Cuyo,2780080.21084051,4146904.1828967
2025-Q1,IT,RRHH,Jefe de Recursos Humanos,Litoral,2906447.49315145,4335399.82757382
2025-Q1,IT,RRHH,Jefe de Recursos Humanos,NEA,2606325.19766298,3887722.67146566
2025-Q1,IT,RRHH,Jefe de Recursos Humanos,NOA,2685304.74910731,4005532.44938886
2025-Q1,IT,RRHH,Jefe de Recursos Humanos,Patagonia,3948977.57221664,5890488.89616009
2025-Q1,Lab & Pharma,RRHH,Jefe de Recursos Humanos,Buenos Aires,3050409.50836643,4712466
2025-Q1,Lab & Pharma,RRHH,Jefe de Recursos Humanos,Cuyo,2684360.36736246,4146970.08
2025-Q1,Lab & Pharma,RRHH,Jefe de Recursos Humanos,Litoral,2806376.74769712,4335468.72
2025-Q1,Lab & Pharma,RRHH,Jefe de Recursos Humanos,NEA,2516587.8444023,3887784.45
2025-Q1,Lab & Pharma,RRHH,Jefe de Recursos Humanos,NOA,2592848.08211147,4005596.1
2025-Q1,Lab & Pharma,RRHH,Jefe de Recursos Humanos,Patagonia,3813011.88545804,5890582.5
2025-Q1,Manufactura,RRHH,Jefe de Recursos Humanos,Buenos Aires,3159182.05777331,4712466
2025-Q1,Manufactura,RRHH,Jefe de Recursos Humanos,Cuyo,2780080.21084051,4146970.08
2025-Q1,Manufactura,RRHH,Jefe de Recursos Humanos,Litoral,2906447.49315145,4335468.72
2025-Q1,Manufactura,RRHH,Jefe de Recursos Humanos,NEA,2606325.19766298,3887784.45
2025-Q1,Manufactura,RRHH,Jefe de Recursos Humanos,NOA,2685304.74910731,4005596.1
2025-Q1,Manufactura,RRHH,Jefe de Recursos Humanos,Patagonia,3948977.57221664,5890582.5
2025-Q1,Retail & Comercio,RRHH,Jefe de Recursos Humanos,Buenos Aires,3050222.13099306,3880692.89086149
2025-Q1,Retail & Comercio,RRHH,Jefe de Recursos Humanos,Cuyo,2684195.47527389,3415009.74395811
2025-Q1,Retail & Comercio,RRHH,Jefe de Recursos Humanos,Litoral,2806204.36051361,3570237.45959257
2025-Q1,Retail & Comercio,RRHH,Jefe de Recursos Humanos,NEA,2516433.25806927,3201571.63496073
2025-Q1,Retail & Comercio,RRHH,Jefe de Recursos Humanos,NOA,2592688.8113441,3298588.95723227
2025-Q1,Retail & Comercio,RRHH,Jefe de Recursos Humanos,Patagonia,3812777.66374133,4850866.11357686
2025-Q1,Servicios,RRHH,Jefe de Recursos Humanos,Buenos Aires,2923320.82342402,3742429.95256366
2025-Q1,Servicios,RRHH,Jefe de Recursos Humanos,Cuyo,2572522.32461314,3293338.35825602
2025-Q1,Servicios,RRHH,Jefe de Recursos Humanos,Litoral,2689455.1575501,3443035.55635857
2025-Q1,Servicios,RRHH,Jefe de Recursos Humanos,NEA,2411739.67932482,3087504.71086502
2025-Q1,Servicios,RRHH,Jefe de Recursos Humanos,NOA,2484822.69991042,3181065.45967911
2025-Q1,Servicios,RRHH,Jefe de Recursos Humanos,Patagonia,3654151.02928002,4678037.44070457
2025-Q1,Transporte y logística,RRHH,Jefe de Recursos Humanos,Buenos Aires,3049566.3104032,3901898.86302179
2025-Q1,Transporte y logística,RRHH,Jefe de Recursos Humanos,Cuyo,2683618.35315482,3433670.99945918
2025-Q1,Transporte y logística,RRHH,Jefe de Recursos Humanos,Litoral,2805601.00557094,3589746.95398005
2025-Q1,Transporte y logística,RRHH,Jefe de Recursos Humanos,NEA,2515892.20608264,3219066.56199298
2025-Q1,Transporte y logística,RRHH,Jefe de Recursos Humanos,NOA,2592131.36384272,3316614.03356852
2025-Q1,Transporte y logística,RRHH,Jefe de Recursos Humanos,Patagonia,3811957.888004,4877373.57877724
2025-Q1,Automotriz,CALIDAD,Analista de Calidad,Buenos Aires,3418249.99999999,4785550
2025-Q1,Automotriz,CALIDAD,Analista de Calidad,Cuyo,3008059.99999999,4211284
2025-Q1,Automotriz,CALIDAD,Analista de Calidad,Litoral,3076424.99999999,4306995
2025-Q1,Automotriz,CALIDAD,Analista de Calidad,NEA,2820056.24999999,3948078.75
2025-Q1,Automotriz,CALIDAD,Analista de Calidad,NOA,2905512.49999999,4067717.5
2025-Q1,Automotriz,CALIDAD,Analista de Calidad,Patagonia,4272812.49999999,5981937.5
2025-Q1,Banca & Serv Financieros,CALIDAD,Analista de Calidad,Buenos Aires,0,0
2025-Q1,Banca & Serv Financieros,CALIDAD,Analista de Calidad,Cuyo,0,0
2025-Q1,Banca & Serv Financieros,CALIDAD,Analista de Calidad,Litoral,0,0
2025-Q1,Banca & Serv Financieros,CALIDAD,Analista de Calidad,NEA,0,0
2025-Q1,Banca & Serv Financieros,CALIDAD,Analista de Calidad,NOA,0,0
2025-Q1,Banca & Serv Financieros,CALIDAD,Analista de Calidad,Patagonia,0,0
2025-Q1,Consumo masivo,CALIDAD,Analista de Calidad,Buenos Aires,2734600,3418249.99999999
2025-Q1,Consumo masivo,CALIDAD,Analista de Calidad,Cuyo,2406448,3008059.99999999
2025-Q1,Consumo masivo,CALIDAD,Analista de Calidad,Litoral,2461140,3076424.99999999
2025-Q1,Consumo masivo,CALIDAD,Analista de Calidad,NEA,2256045,2820056.24999999
2025-Q1,Consumo masivo,CALIDAD,Analista de Calidad,NOA,2324410,2905512.49999999
2025-Q1,Consumo masivo,CALIDAD,Analista de Calidad,Patagonia,3418250,4272812.49999999
2025-Q1,"Gas, Petróleo y Minería",CALIDAD,Analista de Calidad,Buenos Aires,3418249.99999999,4768458.75
2025-Q1,"Gas, Petróleo y Minería",CALIDAD,Analista de Calidad,Cuyo,3008059.99999999,4196243.7
2025-Q1,"Gas, Petróleo y Minería",CALIDAD,Analista de Calidad,Litoral,3076424.99999999,4291612.875
2025-Q1,"Gas, Petróleo y Minería",CALIDAD,Analista de Calidad,NEA,2820056.24999999,3933978.46875
2025-Q1,"Gas, Petróleo y Minería",CALIDAD,Analista de Calidad,NOA,2905512.49999999,4053189.9375
2025-Q1,"Gas, Petróleo y Minería",CALIDAD,Analista de Calidad,Patagonia,4272812.49999999,5960573.4375
2025-Q1,IT,CALIDAD,Analista de Calidad,Buenos Aires,0,0
2025-Q1,IT,CALIDAD,Analista de Calidad,Cuyo,0,0
2025-Q1,IT,CALIDAD,Analista de Calidad,Litoral,0,0
2025-Q1,IT,CALIDAD,Analista de Calidad,NEA,0,0
2025-Q1,IT,CALIDAD,Analista de Calidad,NOA,0,0
2025-Q1,IT,CALIDAD,Analista de Calidad,Patagonia,0,0
2025-Q1,Lab & Pharma,CALIDAD,Analista de Calidad,Buenos Aires,2734600,4101900
2025-Q1,Lab & Pharma,CALIDAD,Analista de Calidad,Cuyo,2406448,3609672
2025-Q1,Lab & Pharma,CALIDAD,Analista de Calidad,Litoral,2461140,3691710
2025-Q1,Lab & Pharma,CALIDAD,Analista de Calidad,NEA,2256045,3384067.5
2025-Q1,Lab & Pharma,CALIDAD,Analista de Calidad,NOA,2324410,3486615
2025-Q1,Lab & Pharma,CALIDAD,Analista de Calidad,Patagonia,3418250,5127375
2025-Q1,Manufactura,CALIDAD,Analista de Calidad,Buenos Aires,2563687.5,3178972.49999999
2025-Q1,Manufactura,CALIDAD,Analista de Calidad,Cuyo,2256045,2797495.79999999
2025-Q1,Manufactura,CALIDAD,Analista de Calidad,Litoral,2307318.75,2861075.24999999
2025-Q1,Manufactura,CALIDAD,Analista de Calidad,NEA,2115042.1875,2622652.31249999
2025-Q1,Manufactura,CALIDAD,Analista de Calidad,NOA,2179134.375,2702126.62499999
2025-Q1,Manufactura,CALIDAD,Analista de Calidad,Patagonia,3204609.375,3973715.62499999
2025-Q1,Retail & Comercio,CALIDAD,Analista de Calidad,Buenos Aires,2516679,3178972.49999999
2025-Q1,Retail & Comercio,CALIDAD,Analista de Calidad,Cuyo,2214677.52,2797495.79999999
2025-Q1,Retail & Comercio,CALIDAD,Analista de Calidad,Litoral,2265011.1,2861075.24999999
2025-Q1,Retail & Comercio,CALIDAD,Analista de Calidad,NEA,2076260.175,2622652.31249999
2025-Q1,Retail & Comercio,CALIDAD,Analista de Calidad,NOA,2139177.15,2702126.62499999
2025-Q1,Retail & Comercio,CALIDAD,Analista de Calidad,Patagonia,3145848.75,3973715.62499999
2025-Q1,Servicios,CALIDAD,Analista de Calidad,Buenos Aires,2392775,3247337.49999999
2025-Q1,Servicios,CALIDAD,Analista de Calidad,Cuyo,2105642,2857656.99999999
2025-Q1,Servicios,CALIDAD,Analista de Calidad,Litoral,2153497.5,2922603.74999999
2025-Q1,Servicios,CALIDAD,Analista de Calidad,NEA,1974039.375,2679053.43749999
2025-Q1,Servicios,CALIDAD,Analista de Calidad,NOA,2033858.75,2760236.87499999
2025-Q1,Servicios,CALIDAD,Analista de Calidad,Patagonia,2990968.75,4059171.87499999
2025-Q1,Transporte y logística,CALIDAD,Analista de Calidad,Buenos Aires,2251761.6,2914061.15
2025-Q1,Transporte y logística,CALIDAD,Analista de Calidad,Cuyo,1981550.208,2564373.812
2025-Q1,Transporte y logística,CALIDAD,Analista de Calidad,Litoral,2026585.44,2622655.035
2025-Q1,Transporte y logística,CALIDAD,Analista de Calidad,NEA,1857703.32,2404100.44875
2025-Q1,Transporte y logística,CALIDAD,Analista de Calidad,NOA,1913997.36,2476951.9775
2025-Q1,Transporte y logística,CALIDAD,Analista de Calidad,Patagonia,2814702,3642576.4375
2025-Q1,Automotriz,CALIDAD,Gerente de Calidad,Buenos Aires,9272003.125,13245718.7499999
2025-Q1,Automotriz,CALIDAD,Gerente de Calidad,Cuyo,8159362.75,11656232.4999999
2025-Q1,Automotriz,CALIDAD,Gerente de Calidad,Litoral,8344802.8125,11921146.8749999
2025-Q1,Automotriz,CALIDAD,Gerente de Calidad,NEA,7649402.578125,10927717.9687499
2025-Q1,Automotriz,CALIDAD,Gerente de Calidad,NOA,7881202.65625,11258860.9374999
2025-Q1,Automotriz,CALIDAD,Gerente de Calidad,Patagonia,11590003.90625,16557148.4374999
2025-Q1,Banca & Serv Financieros,CALIDAD,Gerente de Calidad,Buenos Aires,0,0
2025-Q1,Banca & Serv Financieros,CALIDAD,Gerente de Calidad,Cuyo,0,0
2025-Q1,Banca & Serv Financieros,CALIDAD,Gerente de Calidad,Litoral,0,0
2025-Q1,Banca & Serv Financieros,CALIDAD,Gerente de Calidad,NEA,0,0
2025-Q1,Banca & Serv Financieros,CALIDAD,Gerente de Calidad,NOA,0,0
2025-Q1,Banca & Serv Financieros,CALIDAD,Gerente de Calidad,Patagonia,0,0
2025-Q1,Consumo masivo,CALIDAD,Gerente de Calidad,Buenos Aires,5127375,7784401.9
2025-Q1,Consumo masivo,CALIDAD,Gerente de Calidad,Cuyo,4512090,6850273.672
2025-Q1,Consumo masivo,CALIDAD,Gerente de Calidad,Litoral,4614637.5,7005961.71
2025-Q1,Consumo masivo,CALIDAD,Gerente de Calidad,NEA,4230084.375,6422131.5675
2025-Q1,Consumo masivo,CALIDAD,Gerente de Calidad,NOA,4358268.75,6616741.615
2025-Q1,Consumo masivo,CALIDAD,Gerente de Calidad,Patagonia,6409218.75,9730502.375
2025-Q1,"Gas, Petróleo y Minería",CALIDAD,Gerente de Calidad,Buenos Aires,9272003.125,13245718.7499999
2025-Q1,"Gas, Petróleo y Minería",CALIDAD,Gerente de Calidad,Cuyo,8159362.75,11656232.4999999
2025-Q1,"Gas, Petróleo y Minería",CALIDAD,Gerente de Calidad,Litoral,8344802.8125,11921146.8749999
2025-Q1,"Gas, Petróleo y Minería",CALIDAD,Gerente de Calidad,NEA,7649402.578125,10927717.9687499
2025-Q1,"Gas, Petróleo y Minería",CALIDAD,Gerente de Calidad,NOA,7881202.65625,11258860.9374999
2025-Q1,"Gas, Petróleo y Minería",CALIDAD,Gerente de Calidad,Patagonia,11590003.90625,16557148.4374999
2025-Q1,IT,CALIDAD,Gerente de Calidad,Buenos Aires,0,0
2025-Q1,IT,CALIDAD,Gerente de Calidad,Cuyo,0,0
2025-Q1,IT,CALIDAD,Gerente de Calidad,Litoral,0,0
2025-Q1,IT,CALIDAD,Gerente de Calidad,NEA,0,0
2025-Q1,IT,CALIDAD,Gerente de Calidad,NOA,0,0
2025-Q1,IT,CALIDAD,Gerente de Calidad,Patagonia,0,0
2025-Q1,Lab & Pharma,CALIDAD,Gerente de Calidad,Buenos Aires,7788482.625,10729032.1875
2025-Q1,Lab & Pharma,CALIDAD,Gerente de Calidad,Cuyo,6853864.71,9441548.325
2025-Q1,Lab & Pharma,CALIDAD,Gerente de Calidad,Litoral,7009634.3625,9656128.96875
2025-Q1,Lab & Pharma,CALIDAD,Gerente de Calidad,NEA,6425498.165625,8851451.5546875
2025-Q1,Lab & Pharma,CALIDAD,Gerente de Calidad,NOA,6620210.23125,9119677.359375
2025-Q1,Lab & Pharma,CALIDAD,Gerente de Calidad,Patagonia,9735603.28125,13411290.234375
2025-Q1,Manufactura,CALIDAD,Gerente de Calidad,Buenos Aires,6457287.89062499,10762145.35
2025-Q1,Manufactura,CALIDAD,Gerente de Calidad,Cuyo,5682413.34374999,9470687.908
2025-Q1,Manufactura,CALIDAD,Gerente de Calidad,Litoral,5811559.10156249,9685930.815
2025-Q1,Manufactura,CALIDAD,Gerente de Calidad,NEA,5327262.50976562,8878769.91375
2025-Q1,Manufactura,CALIDAD,Gerente de Calidad,NOA,5488694.70703124,9147823.5475
2025-Q1,Manufactura,CALIDAD,Gerente de Calidad,Patagonia,8071609.86328124,13452681.6875
2025-Q1,Retail & Comercio,CALIDAD,Gerente de Calidad,Buenos Aires,5494458.75,7784395.85
2025-Q1,Retail & Comercio,CALIDAD,Gerente de Calidad,Cuyo,4835123.7,6850268.348
2025-Q1,Retail & Comercio,CALIDAD,Gerente de Calidad,Litoral,4945012.875,7005956.265
2025-Q1,Retail & Comercio,CALIDAD,Gerente de Calidad,NEA,4532928.46875,6422126.57625
2025-Q1,Retail & Comercio,CALIDAD,Gerente de Calidad,NOA,4670289.9375,6616736.4725
2025-Q1,Retail & Comercio,CALIDAD,Gerente de Calidad,Patagonia,6868073.4375,9730494.8125
2025-Q1,Servicios,CALIDAD,Gerente de Calidad,Buenos Aires,7682516.875,9536917.5
2025-Q1,Servicios,CALIDAD,Gerente de Calidad,Cuyo,6760614.85,8392487.4
2025-Q1,Servicios,CALIDAD,Gerente de Calidad,Litoral,6914265.1875,8583225.75
2025-Q1,Servicios,CALIDAD,Gerente de Calidad,NEA,6338076.421875,7867956.9375
2025-Q1,Servicios,CALIDAD,Gerente de Calidad,NOA,6530139.34375,8106379.875
2025-Q1,Servicios,CALIDAD,Gerente de Calidad,Patagonia,9603146.09375,11921146.875
2025-Q1,Transporte y logística,CALIDAD,Gerente de Calidad,Buenos Aires,0,0
2025-Q1,Transporte y logística,CALIDAD,Gerente de Calidad,Cuyo,0,0
2025-Q1,Transporte y logística,CALIDAD,Gerente de Calidad,Litoral,0,0
2025-Q1,Transporte y logística,CALIDAD,Gerente de Calidad,NEA,0,0
2025-Q1,Transporte y logística,CALIDAD,Gerente de Calidad,NOA,0,0
2025-Q1,Transporte y logística,CALIDAD,Gerente de Calidad,Patagonia,0,0
2025-Q1,Automotriz,CALIDAD,Jefe de Calidad,Buenos Aires,5563192.8,8477260
2025-Q1,Automotriz,CALIDAD,Jefe de Calidad,Cuyo,4895609.664,7459988.8
2025-Q1,Automotriz,CALIDAD,Jefe de Calidad,Litoral,5006873.52,7629534
2025-Q1,Automotriz,CALIDAD,Jefe de Calidad,NEA,4589634.06,6993739.5
2025-Q1,Automotriz,CALIDAD,Jefe de Calidad,NOA,4728713.88,7205671
2025-Q1,Automotriz,CALIDAD,Jefe de Calidad,Patagonia,6953991,10596575
2025-Q1,Banca & Serv Financieros,CALIDAD,Jefe de Calidad,Buenos Aires,0,0
2025-Q1,Banca & Serv Financieros,CALIDAD,Jefe de Calidad,Cuyo,0,0
2025-Q1,Banca & Serv Financieros,CALIDAD,Jefe de Calidad,Litoral,0,0
2025-Q1,Banca & Serv Financieros,CALIDAD,Jefe de Calidad,NEA,0,0
2025-Q1,Banca & Serv Financieros,CALIDAD,Jefe de Calidad,NOA,0,0
2025-Q1,Banca & Serv Financieros,CALIDAD,Jefe de Calidad,Patagonia,0,0
2025-Q1,Consumo masivo,CALIDAD,Jefe de Calidad,Buenos Aires,3589162.5,4443725
2025-Q1,Consumo masivo,CALIDAD,Jefe de Calidad,Cuyo,3158463,3910478
2025-Q1,Consumo masivo,CALIDAD,Jefe de Calidad,Litoral,3230246.25,3999352.5
2025-Q1,Consumo masivo,CALIDAD,Jefe de Calidad,NEA,2961059.0625,3666073.125
2025-Q1,Consumo masivo,CALIDAD,Jefe de Calidad,NOA,3050788.125,3777166.25
2025-Q1,Consumo masivo,CALIDAD,Jefe de Calidad,Patagonia,4486453.125,5554656.25
2025-Q1,"Gas, Petróleo y Minería",CALIDAD,Jefe de Calidad,Buenos Aires,5563192.8,8477260
2025-Q1,"Gas, Petróleo y Minería",CALIDAD,Jefe de Calidad,Cuyo,4895609.664,7459988.8
2025-Q1,"Gas, Petróleo y Minería",CALIDAD,Jefe de Calidad,Litoral,5006873.52,7629534
2025-Q1,"Gas, Petróleo y Minería",CALIDAD,Jefe de Calidad,NEA,4589634.06,6993739.5
2025-Q1,"Gas, Petróleo y Minería",CALIDAD,Jefe de Calidad,NOA,4728713.88,7205671
2025-Q1,"Gas, Petróleo y Minería",CALIDAD,Jefe de Calidad,Patagonia,6953991,10596575
2025-Q1,IT,CALIDAD,Jefe de Calidad,Buenos Aires,0,0
2025-Q1,IT,CALIDAD,Jefe de Calidad,Cuyo,0,0
2025-Q1,IT,CALIDAD,Jefe de Calidad,Litoral,0,0
2025-Q1,IT,CALIDAD,Jefe de Calidad,NEA,0,0
2025-Q1,IT,CALIDAD,Jefe de Calidad,NOA,0,0
2025-Q1,IT,CALIDAD,Jefe de Calidad,Patagonia,0,0
2025-Q1,Lab & Pharma,CALIDAD,Jefe de Calidad,Buenos Aires,4614637.5,6702311
2025-Q1,Lab & Pharma,CALIDAD,Jefe de Calidad,Cuyo,4060881,5898033.68
2025-Q1,Lab & Pharma,CALIDAD,Jefe de Calidad,Litoral,4153173.75,6032079.9
2025-Q1,Lab & Pharma,CALIDAD,Jefe de Calidad,NEA,3807075.9375,5529406.575
2025-Q1,Lab & Pharma,CALIDAD,Jefe de Calidad,NOA,3922441.875,5696964.35
2025-Q1,Lab & Pharma,CALIDAD,Jefe de Calidad,Patagonia,5768296.875,8377888.75
2025-Q1,Manufactura,CALIDAD,Jefe de Calidad,Buenos Aires,3443781,4304853.3
2025-Q1,Manufactura,CALIDAD,Jefe de Calidad,Cuyo,3030527.28,3788270.904
2025-Q1,Manufactura,CALIDAD,Jefe de Calidad,Litoral,3099402.9,3874367.97
2025-Q1,Manufactura,CALIDAD,Jefe de Calidad,NEA,2841119.325,3551503.9725
2025-Q1,Manufactura,CALIDAD,Jefe de Calidad,NOA,2927213.85,3659125.305
2025-Q1,Manufactura,CALIDAD,Jefe de Calidad,Patagonia,4304726.25,5381066.625
2025-Q1,Retail & Comercio,CALIDAD,Jefe de Calidad,Buenos Aires,3178972.49999999,4304853.3
2025-Q1,Retail & Comercio,CALIDAD,Jefe de Calidad,Cuyo,2797495.79999999,3788270.904
2025-Q1,Retail & Comercio,CALIDAD,Jefe de Calidad,Litoral,2861075.24999999,3874367.97
2025-Q1,Retail & Comercio,CALIDAD,Jefe de Calidad,NEA,2622652.31249999,3551503.9725
2025-Q1,Retail & Comercio,CALIDAD,Jefe de Calidad,NOA,2702126.62499999,3659125.305
2025-Q1,Retail & Comercio,CALIDAD,Jefe de Calidad,Patagonia,3973715.62499999,5381066.625
2025-Q1,Servicios,CALIDAD,Jefe de Calidad,Buenos Aires,5298287.5,7576551.125
2025-Q1,Servicios,CALIDAD,Jefe de Calidad,Cuyo,4662493,6667364.99
2025-Q1,Servicios,CALIDAD,Jefe de Calidad,Litoral,4768458.75,6818896.0125
2025-Q1,Servicios,CALIDAD,Jefe de Calidad,NEA,4371087.1875,6250654.678125
2025-Q1,Servicios,CALIDAD,Jefe de Calidad,NOA,4503544.375,6440068.45625
2025-Q1,Servicios,CALIDAD,Jefe de Calidad,Patagonia,6622859.375,9470688.90625
2025-Q1,Transporte y logística,CALIDAD,Jefe de Calidad,Buenos Aires,,
2025-Q1,Transporte y logística,CALIDAD,Jefe de Calidad,Cuyo,0,0
2025-Q1,Transporte y logística,CALIDAD,Jefe de Calidad,Litoral,0,0
2025-Q1,Transporte y logística,CALIDAD,Jefe de Calidad,NEA,0,0
2025-Q1,Transporte y logística,CALIDAD,Jefe de Calidad,NOA,0,0
2025-Q1,Transporte y logística,CALIDAD,Jefe de Calidad,Patagonia,0,0
2025-Q1,Automotriz,"COMPRAS, COMEX Y SUPPLY",Analista de Comex,Buenos Aires,2649143.75,3918083.60625
2025-Q1,Automotriz,"COMPRAS, COMEX Y SUPPLY",Analista de Comex,Cuyo,2331246.5,3447913.5735
2025-Q1,Automotriz,"COMPRAS, COMEX Y SUPPLY",Analista de Comex,Litoral,2437212.25,3604636.91775
2025-Q1,Automotriz,"COMPRAS, COMEX Y SUPPLY",Analista de Comex,NEA,2185543.59375,3232418.97515625
2025-Q1,Automotriz,"COMPRAS, COMEX Y SUPPLY",Analista de Comex,NOA,2251772.1875,3330371.0653125
2025-Q1,Automotriz,"COMPRAS, COMEX Y SUPPLY",Analista de Comex,Patagonia,3311429.6875,4897604.5078125
2025-Q1,Banca & Serv Financieros,"COMPRAS, COMEX Y SUPPLY",Analista de Comex,Buenos Aires,0,0
2025-Q1,Banca & Serv Financieros,"COMPRAS, COMEX Y SUPPLY",Analista de Comex,Cuyo,0,0
2025-Q1,Banca & Serv Financieros,"COMPRAS, COMEX Y SUPPLY",Analista de Comex,Litoral,0,0
2025-Q1,Banca & Serv Financieros,"COMPRAS, COMEX Y SUPPLY",Analista de Comex,NEA,0,0
2025-Q1,Banca & Serv Financieros,"COMPRAS, COMEX Y SUPPLY",Analista de Comex,NOA,0,0
2025-Q1,Banca & Serv Financieros,"COMPRAS, COMEX Y SUPPLY",Analista de Comex,Patagonia,0,0
2025-Q1,Consumo masivo,"COMPRAS, COMEX Y SUPPLY",Analista de Comex,Buenos Aires,1850000,2660000
2025-Q1,Consumo masivo,"COMPRAS, COMEX Y SUPPLY",Analista de Comex,Cuyo,1628000,2340800
2025-Q1,Consumo masivo,"COMPRAS, COMEX Y SUPPLY",Analista de Comex,Litoral,1702000,2447200
2025-Q1,Consumo masivo,"COMPRAS, COMEX Y SUPPLY",Analista de Comex,NEA,1526250,2194500
2025-Q1,Consumo masivo,"COMPRAS, COMEX Y SUPPLY",Analista de Comex,NOA,1572500,2261000
2025-Q1,Consumo masivo,"COMPRAS, COMEX Y SUPPLY",Analista de Comex,Patagonia,2312500,3325000
2025-Q1,"Gas, Petróleo y Minería","COMPRAS, COMEX Y SUPPLY",Analista de Comex,Buenos Aires,2649143.75,3918088.9
2025-Q1,"Gas, Petróleo y Minería","COMPRAS, COMEX Y SUPPLY",Analista de Comex,Cuyo,2331246.5,3447918.232
2025-Q1,"Gas, Petróleo y Minería","COMPRAS, COMEX Y SUPPLY",Analista de Comex,Litoral,2437212.25,3604641.788
2025-Q1,"Gas, Petróleo y Minería","COMPRAS, COMEX Y SUPPLY",Analista de Comex,NEA,2185543.59375,3232423.3425
2025-Q1,"Gas, Petróleo y Minería","COMPRAS, COMEX Y SUPPLY",Analista de Comex,NOA,2251772.1875,3330375.565
2025-Q1,"Gas, Petróleo y Minería","COMPRAS, COMEX Y SUPPLY",Analista de Comex,Patagonia,3311429.6875,4897611.125
2025-Q1,IT,"COMPRAS, COMEX Y SUPPLY",Analista de Comex,Buenos Aires,0,0
2025-Q1,IT,"COMPRAS, COMEX Y SUPPLY",Analista de Comex,Cuyo,0,0
2025-Q1,IT,"COMPRAS, COMEX Y SUPPLY",Analista de Comex,Litoral,0,0
2025-Q1,IT,"COMPRAS, COMEX Y SUPPLY",Analista de Comex,NEA,0,0
2025-Q1,IT,"COMPRAS, COMEX Y SUPPLY",Analista de Comex,NOA,0,0
2025-Q1,IT,"COMPRAS, COMEX Y SUPPLY",Analista de Comex,Patagonia,0,0
2025-Q1,Lab & Pharma,"COMPRAS, COMEX Y SUPPLY",Analista de Comex,Buenos Aires,2119315,3178972.49999999
2025-Q1,Lab & Pharma,"COMPRAS, COMEX Y SUPPLY",Analista de Comex,Cuyo,1864997.2,2797495.79999999
2025-Q1,Lab & Pharma,"COMPRAS, COMEX Y SUPPLY",Analista de Comex,Litoral,1949769.8,2924654.69999999
2025-Q1,Lab & Pharma,"COMPRAS, COMEX Y SUPPLY",Analista de Comex,NEA,1748434.875,2622652.31249999
2025-Q1,Lab & Pharma,"COMPRAS, COMEX Y SUPPLY",Analista de Comex,NOA,1801417.75,2702126.62499999
2025-Q1,Lab & Pharma,"COMPRAS, COMEX Y SUPPLY",Analista de Comex,Patagonia,2649143.75,3973715.62499999
2025-Q1,Manufactura,"COMPRAS, COMEX Y SUPPLY",Analista de Comex,Buenos Aires,1790000,2890000
2025-Q1,Manufactura,"COMPRAS, COMEX Y SUPPLY",Analista de Comex,Cuyo,1575200,2543200
2025-Q1,Manufactura,"COMPRAS, COMEX Y SUPPLY",Analista de Comex,Litoral,1646800,2658800
2025-Q1,Manufactura,"COMPRAS, COMEX Y SUPPLY",Analista de Comex,NEA,1476750,2384250
2025-Q1,Manufactura,"COMPRAS, COMEX Y SUPPLY",Analista de Comex,NOA,1521500,2456500
2025-Q1,Manufactura,"COMPRAS, COMEX Y SUPPLY",Analista de Comex,Patagonia,2237500,3612500
2025-Q1,Retail & Comercio,"COMPRAS, COMEX Y SUPPLY",Analista de Comex,Buenos Aires,1650000,2470000
2025-Q1,Retail & Comercio,"COMPRAS, COMEX Y SUPPLY",Analista de Comex,Cuyo,1452000,2173600
2025-Q1,Retail & Comercio,"COMPRAS, COMEX Y SUPPLY",Analista de Comex,Litoral,1518000,2272400
2025-Q1,Retail & Comercio,"COMPRAS, COMEX Y SUPPLY",Analista de Comex,NEA,1361250,2037750
2025-Q1,Retail & Comercio,"COMPRAS, COMEX Y SUPPLY",Analista de Comex,NOA,1402500,2099500
2025-Q1,Retail & Comercio,"COMPRAS, COMEX Y SUPPLY",Analista de Comex,Patagonia,2062500,3087500
2025-Q1,Servicios,"COMPRAS, COMEX Y SUPPLY",Analista de Comex,Buenos Aires,1650000,2500000
2025-Q1,Servicios,"COMPRAS, COMEX Y SUPPLY",Analista de Comex,Cuyo,1452000,2200000
2025-Q1,Servicios,"COMPRAS, COMEX Y SUPPLY",Analista de Comex,Litoral,1518000,2300000
2025-Q1,Servicios,"COMPRAS, COMEX Y SUPPLY",Analista de Comex,NEA,1361250,2062500
2025-Q1,Servicios,"COMPRAS, COMEX Y SUPPLY",Analista de Comex,NOA,1402500,2125000
2025-Q1,Servicios,"COMPRAS, COMEX Y SUPPLY",Analista de Comex,Patagonia,2062500,3125000
2025-Q1,Transporte y logística,"COMPRAS, COMEX Y SUPPLY",Analista de Comex,Buenos Aires,1870000,2700000
2025-Q1,Transporte y logística,"COMPRAS, COMEX Y SUPPLY",Analista de Comex,Cuyo,1645600,2376000
2025-Q1,Transporte y logística,"COMPRAS, COMEX Y SUPPLY",Analista de Comex,Litoral,1720400,2484000
2025-Q1,Transporte y logística,"COMPRAS, COMEX Y SUPPLY",Analista de Comex,NEA,1542750,2227500
2025-Q1,Transporte y logística,"COMPRAS, COMEX Y SUPPLY",Analista de Comex,NOA,1589500,2295000
2025-Q1,Transporte y logística,"COMPRAS, COMEX Y SUPPLY",Analista de Comex,Patagonia,2337500,3375000
2025-Q1,Automotriz,"COMPRAS, COMEX Y SUPPLY",Analista de Compras,Buenos Aires,2914055.1,4309891.966875
2025-Q1,Automotriz,"COMPRAS, COMEX Y SUPPLY",Analista de Compras,Cuyo,2564368.488,3792704.93085
2025-Q1,Automotriz,"COMPRAS, COMEX Y SUPPLY",Analista de Compras,Litoral,2680930.692,3965100.609525
2025-Q1,Automotriz,"COMPRAS, COMEX Y SUPPLY",Analista de Compras,NEA,2404095.4575,3555660.87267187
2025-Q1,Automotriz,"COMPRAS, COMEX Y SUPPLY",Analista de Compras,NOA,2476946.835,3663408.17184375
2025-Q1,Automotriz,"COMPRAS, COMEX Y SUPPLY",Analista de Compras,Patagonia,3642568.875,5387364.95859375
2025-Q1,Banca & Serv Financieros,"COMPRAS, COMEX Y SUPPLY",Analista de Compras,Buenos Aires,2914055.1,4309891.966875
2025-Q1,Banca & Serv Financieros,"COMPRAS, COMEX Y SUPPLY",Analista de Compras,Cuyo,2564368.488,3792704.93085
2025-Q1,Banca & Serv Financieros,"COMPRAS, COMEX Y SUPPLY",Analista de Compras,Litoral,2680930.692,3965100.609525
2025-Q1,Banca & Serv Financieros,"COMPRAS, COMEX Y SUPPLY",Analista de Compras,NEA,2404095.4575,3555660.87267187
2025-Q1,Banca & Serv Financieros,"COMPRAS, COMEX Y SUPPLY",Analista de Compras,NOA,2476946.835,3663408.17184375
2025-Q1,Banca & Serv Financieros,"COMPRAS, COMEX Y SUPPLY",Analista de Compras,Patagonia,3642568.875,5387364.95859375
2025-Q1,Consumo masivo,"COMPRAS, COMEX Y SUPPLY",Analista de Compras,Buenos Aires,2130906.8,2699146.33828125
2025-Q1,Consumo masivo,"COMPRAS, COMEX Y SUPPLY",Analista de Compras,Cuyo,1875197.984,2375248.7776875
2025-Q1,Consumo masivo,"COMPRAS, COMEX Y SUPPLY",Analista de Compras,Litoral,1960434.256,2483214.63121875
2025-Q1,Consumo masivo,"COMPRAS, COMEX Y SUPPLY",Analista de Compras,NEA,1757998.11,2226795.72908203
2025-Q1,Consumo masivo,"COMPRAS, COMEX Y SUPPLY",Analista de Compras,NOA,1811270.78,2294274.38753906
2025-Q1,Consumo masivo,"COMPRAS, COMEX Y SUPPLY",Analista de Compras,Patagonia,2663633.5,3373932.92285156
2025-Q1,"Gas, Petróleo y Minería","COMPRAS, COMEX Y SUPPLY",Analista de Compras,Buenos Aires,2914058.125,4309891.966875
2025-Q1,"Gas, Petróleo y Minería","COMPRAS, COMEX Y SUPPLY",Analista de Compras,Cuyo,2564371.15,3792704.93085
2025-Q1,"Gas, Petróleo y Minería","COMPRAS, COMEX Y SUPPLY",Analista de Compras,Litoral,2680933.475,3965100.609525
2025-Q1,"Gas, Petróleo y Minería","COMPRAS, COMEX Y SUPPLY",Analista de Compras,NEA,2404097.953125,3555660.87267187
2025-Q1,"Gas, Petróleo y Minería","COMPRAS, COMEX Y SUPPLY",Analista de Compras,NOA,2476949.40625,3663408.17184375
2025-Q1,"Gas, Petróleo y Minería","COMPRAS, COMEX Y SUPPLY",Analista de Compras,Patagonia,3642572.65625,5387364.95859375
2025-Q1,IT,"COMPRAS, COMEX Y SUPPLY",Analista de Compras,Buenos Aires,2881996.15,4033056.445
2025-Q1,IT,"COMPRAS, COMEX Y SUPPLY",Analista de Compras,Cuyo,2536156.612,3549089.6716
2025-Q1,IT,"COMPRAS, COMEX Y SUPPLY",Analista de Compras,Litoral,2651436.458,3710411.9294
2025-Q1,IT,"COMPRAS, COMEX Y SUPPLY",Analista de Compras,NEA,2377646.82375,3327271.567125
2025-Q1,IT,"COMPRAS, COMEX Y SUPPLY",Analista de Compras,NOA,2449696.7275,3428097.97825
2025-Q1,IT,"COMPRAS, COMEX Y SUPPLY",Analista de Compras,Patagonia,3602495.1875,5041320.55625
2025-Q1,Lab & Pharma,"COMPRAS, COMEX Y SUPPLY",Analista de Compras,Buenos Aires,2881996.15,4033056.445
2025-Q1,Lab & Pharma,"COMPRAS, COMEX Y SUPPLY",Analista de Compras,Cuyo,2536156.612,3549089.6716
2025-Q1,Lab & Pharma,"COMPRAS, COMEX Y SUPPLY",Analista de Compras,Litoral,2651436.458,3710411.9294
2025-Q1,Lab & Pharma,"COMPRAS, COMEX Y SUPPLY",Analista de Compras,NEA,2377646.82375,3327271.567125
2025-Q1,Lab & Pharma,"COMPRAS, COMEX Y SUPPLY",Analista de Compras,NOA,2449696.7275,3428097.97825
2025-Q1,Lab & Pharma,"COMPRAS, COMEX Y SUPPLY",Analista de Compras,Patagonia,3602495.1875,5041320.55625
2025-Q1,Manufactura,"COMPRAS, COMEX Y SUPPLY",Analista de Compras,Buenos Aires,2216141.2040625,3077973.89453124
2025-Q1,Manufactura,"COMPRAS, COMEX Y SUPPLY",Analista de Compras,Cuyo,1950204.259575,2708617.02718749
2025-Q1,Manufactura,"COMPRAS, COMEX Y SUPPLY",Analista de Compras,Litoral,2038849.9077375,2831735.98296874
2025-Q1,Manufactura,"COMPRAS, COMEX Y SUPPLY",Analista de Compras,NEA,1828316.49335156,2539328.46298827
2025-Q1,Manufactura,"COMPRAS, COMEX Y SUPPLY",Analista de Compras,NOA,1883720.02345313,2616277.81035155
2025-Q1,Manufactura,"COMPRAS, COMEX Y SUPPLY",Analista de Compras,Patagonia,2770176.50507812,3847467.36816405
2025-Q1,Retail & Comercio,"COMPRAS, COMEX Y SUPPLY",Analista de Compras,Buenos Aires,2130906.8,2604440.3
2025-Q1,Retail & Comercio,"COMPRAS, COMEX Y SUPPLY",Analista de Compras,Cuyo,1875197.984,2291907.464
2025-Q1,Retail & Comercio,"COMPRAS, COMEX Y SUPPLY",Analista de Compras,Litoral,1960434.256,2396085.076
2025-Q1,Retail & Comercio,"COMPRAS, COMEX Y SUPPLY",Analista de Compras,NEA,1757998.11,2148663.2475
2025-Q1,Retail & Comercio,"COMPRAS, COMEX Y SUPPLY",Analista de Compras,NOA,1811270.78,2213774.255
2025-Q1,Retail & Comercio,"COMPRAS, COMEX Y SUPPLY",Analista de Compras,Patagonia,2663633.5,3255550.375
2025-Q1,Servicios,"COMPRAS, COMEX Y SUPPLY",Analista de Compras,Buenos Aires,2129600,2699146.33828125
2025-Q1,Servicios,"COMPRAS, COMEX Y SUPPLY",Analista de Compras,Cuyo,1874048,2375248.7776875
2025-Q1,Servicios,"COMPRAS, COMEX Y SUPPLY",Analista de Compras,Litoral,1959232,2483214.63121875
2025-Q1,Servicios,"COMPRAS, COMEX Y SUPPLY",Analista de Compras,NEA,1756920,2226795.72908203
2025-Q1,Servicios,"COMPRAS, COMEX Y SUPPLY",Analista de Compras,NOA,1810160,2294274.38753906
2025-Q1,Servicios,"COMPRAS, COMEX Y SUPPLY",Analista de Compras,Patagonia,2662000,3373932.92285156
2025-Q1,Transporte y logística,"COMPRAS, COMEX Y SUPPLY",Analista de Compras,Buenos Aires,2129600,2699146.33828125
2025-Q1,Transporte y logística,"COMPRAS, COMEX Y SUPPLY",Analista de Compras,Cuyo,1874048,2375248.7776875
2025-Q1,Transporte y logística,"COMPRAS, COMEX Y SUPPLY",Analista de Compras,Litoral,1959232,2483214.63121875
2025-Q1,Transporte y logística,"COMPRAS, COMEX Y SUPPLY",Analista de Compras,NEA,1756920,2226795.72908203
2025-Q1,Transporte y logística,"COMPRAS, COMEX Y SUPPLY",Analista de Compras,NOA,1810160,2294274.38753906
2025-Q1,Transporte y logística,"COMPRAS, COMEX Y SUPPLY",Analista de Compras,Patagonia,2662000,3373932.92285156
2025-Q1,Automotriz,"COMPRAS, COMEX Y SUPPLY","Analista de Planificación y Demanda ",Buenos Aires,2914055.1,4309891.966875
2025-Q1,Automotriz,"COMPRAS, COMEX Y SUPPLY","Analista de Planificación y Demanda ",Cuyo,2564368.488,3792704.93085
2025-Q1,Automotriz,"COMPRAS, COMEX Y SUPPLY","Analista de Planificación y Demanda ",Litoral,2680930.692,3965100.609525
2025-Q1,Automotriz,"COMPRAS, COMEX Y SUPPLY","Analista de Planificación y Demanda ",NEA,2404095.4575,3555660.87267187
2025-Q1,Automotriz,"COMPRAS, COMEX Y SUPPLY","Analista de Planificación y Demanda ",NOA,2476946.835,3663408.17184375
2025-Q1,Automotriz,"COMPRAS, COMEX Y SUPPLY","Analista de Planificación y Demanda ",Patagonia,3642568.875,5387364.95859375
2025-Q1,Banca & Serv Financieros,"COMPRAS, COMEX Y SUPPLY","Analista de Planificación y Demanda ",Buenos Aires,0,0
2025-Q1,Banca & Serv Financieros,"COMPRAS, COMEX Y SUPPLY","Analista de Planificación y Demanda ",Cuyo,0,0
2025-Q1,Banca & Serv Financieros,"COMPRAS, COMEX Y SUPPLY","Analista de Planificación y Demanda ",Litoral,0,0
2025-Q1,Banca & Serv Financieros,"COMPRAS, COMEX Y SUPPLY","Analista de Planificación y Demanda ",NEA,0,0
2025-Q1,Banca & Serv Financieros,"COMPRAS, COMEX Y SUPPLY","Analista de Planificación y Demanda ",NOA,0,0
2025-Q1,Banca & Serv Financieros,"COMPRAS, COMEX Y SUPPLY","Analista de Planificación y Demanda ",Patagonia,0,0
2025-Q1,Consumo masivo,"COMPRAS, COMEX Y SUPPLY","Analista de Planificación y Demanda ",Buenos Aires,2130906.8,2699146.33828125
2025-Q1,Consumo masivo,"COMPRAS, COMEX Y SUPPLY","Analista de Planificación y Demanda ",Cuyo,1875197.984,2375248.7776875
2025-Q1,Consumo masivo,"COMPRAS, COMEX Y SUPPLY","Analista de Planificación y Demanda ",Litoral,1960434.256,2483214.63121875
2025-Q1,Consumo masivo,"COMPRAS, COMEX Y SUPPLY","Analista de Planificación y Demanda ",NEA,1757998.11,2226795.72908203
2025-Q1,Consumo masivo,"COMPRAS, COMEX Y SUPPLY","Analista de Planificación y Demanda ",NOA,1811270.78,2294274.38753906
2025-Q1,Consumo masivo,"COMPRAS, COMEX Y SUPPLY","Analista de Planificación y Demanda ",Patagonia,2663633.5,3373932.92285156
2025-Q1,"Gas, Petróleo y Minería","COMPRAS, COMEX Y SUPPLY","Analista de Planificación y Demanda ",Buenos Aires,2914058.125,4309891.966875
2025-Q1,"Gas, Petróleo y Minería","COMPRAS, COMEX Y SUPPLY","Analista de Planificación y Demanda ",Cuyo,2564371.15,3792704.93085
2025-Q1,"Gas, Petróleo y Minería","COMPRAS, COMEX Y SUPPLY","Analista de Planificación y Demanda ",Litoral,2680933.475,3965100.609525
2025-Q1,"Gas, Petróleo y Minería","COMPRAS, COMEX Y SUPPLY","Analista de Planificación y Demanda ",NEA,2404097.953125,3555660.87267187
2025-Q1,"Gas, Petróleo y Minería","COMPRAS, COMEX Y SUPPLY","Analista de Planificación y Demanda ",NOA,2476949.40625,3663408.17184375
2025-Q1,"Gas, Petróleo y Minería","COMPRAS, COMEX Y SUPPLY","Analista de Planificación y Demanda ",Patagonia,3642572.65625,5387364.95859375
2025-Q1,IT,"COMPRAS, COMEX Y SUPPLY","Analista de Planificación y Demanda ",Buenos Aires,0,0
2025-Q1,IT,"COMPRAS, COMEX Y SUPPLY","Analista de Planificación y Demanda ",Cuyo,0,0
2025-Q1,IT,"COMPRAS, COMEX Y SUPPLY","Analista de Planificación y Demanda ",Litoral,0,0
2025-Q1,IT,"COMPRAS, COMEX Y SUPPLY","Analista de Planificación y Demanda ",NEA,0,0
2025-Q1,IT,"COMPRAS, COMEX Y SUPPLY","Analista de Planificación y Demanda ",NOA,0,0
2025-Q1,IT,"COMPRAS, COMEX Y SUPPLY","Analista de Planificación y Demanda ",Patagonia,0,0
2025-Q1,Lab & Pharma,"COMPRAS, COMEX Y SUPPLY","Analista de Planificación y Demanda ",Buenos Aires,2881996.15,4033056.445
2025-Q1,Lab & Pharma,"COMPRAS, COMEX Y SUPPLY","Analista de Planificación y Demanda ",Cuyo,2536156.612,3549089.6716
2025-Q1,Lab & Pharma,"COMPRAS, COMEX Y SUPPLY","Analista de Planificación y Demanda ",Litoral,2651436.458,3710411.9294
2025-Q1,Lab & Pharma,"COMPRAS, COMEX Y SUPPLY","Analista de Planificación y Demanda ",NEA,2377646.82375,3327271.567125
2025-Q1,Lab & Pharma,"COMPRAS, COMEX Y SUPPLY","Analista de Planificación y Demanda ",NOA,2449696.7275,3428097.97825
2025-Q1,Lab & Pharma,"COMPRAS, COMEX Y SUPPLY","Analista de Planificación y Demanda ",Patagonia,3602495.1875,5041320.55625
2025-Q1,Manufactura,"COMPRAS, COMEX Y SUPPLY","Analista de Planificación y Demanda ",Buenos Aires,2216141.2040625,3077973.89453124
2025-Q1,Manufactura,"COMPRAS, COMEX Y SUPPLY","Analista de Planificación y Demanda ",Cuyo,1950204.259575,2708617.02718749
2025-Q1,Manufactura,"COMPRAS, COMEX Y SUPPLY","Analista de Planificación y Demanda ",Litoral,2038849.9077375,2831735.98296874
2025-Q1,Manufactura,"COMPRAS, COMEX Y SUPPLY","Analista de Planificación y Demanda ",NEA,1828316.49335156,2539328.46298827
2025-Q1,Manufactura,"COMPRAS, COMEX Y SUPPLY","Analista de Planificación y Demanda ",NOA,1883720.02345313,2616277.81035155
2025-Q1,Manufactura,"COMPRAS, COMEX Y SUPPLY","Analista de Planificación y Demanda ",Patagonia,2770176.50507812,3847467.36816405
2025-Q1,Retail & Comercio,"COMPRAS, COMEX Y SUPPLY","Analista de Planificación y Demanda ",Buenos Aires,2130906.8,2604440.3
2025-Q1,Retail & Comercio,"COMPRAS, COMEX Y SUPPLY","Analista de Planificación y Demanda ",Cuyo,1875197.984,2291907.464
2025-Q1,Retail & Comercio,"COMPRAS, COMEX Y SUPPLY","Analista de Planificación y Demanda ",Litoral,1960434.256,2396085.076
2025-Q1,Retail & Comercio,"COMPRAS, COMEX Y SUPPLY","Analista de Planificación y Demanda ",NEA,1757998.11,2148663.2475
2025-Q1,Retail & Comercio,"COMPRAS, COMEX Y SUPPLY","Analista de Planificación y Demanda ",NOA,1811270.78,2213774.255
2025-Q1,Retail & Comercio,"COMPRAS, COMEX Y SUPPLY","Analista de Planificación y Demanda ",Patagonia,2663633.5,3255550.375
2025-Q1,Servicios,"COMPRAS, COMEX Y SUPPLY","Analista de Planificación y Demanda ",Buenos Aires,0,0
2025-Q1,Servicios,"COMPRAS, COMEX Y SUPPLY","Analista de Planificación y Demanda ",Cuyo,0,0
2025-Q1,Servicios,"COMPRAS, COMEX Y SUPPLY","Analista de Planificación y Demanda ",Litoral,0,0
2025-Q1,Servicios,"COMPRAS, COMEX Y SUPPLY","Analista de Planificación y Demanda ",NEA,0,0
2025-Q1,Servicios,"COMPRAS, COMEX Y SUPPLY","Analista de Planificación y Demanda ",NOA,0,0
2025-Q1,Servicios,"COMPRAS, COMEX Y SUPPLY","Analista de Planificación y Demanda ",Patagonia,0,0
2025-Q1,Transporte y logística,"COMPRAS, COMEX Y SUPPLY","Analista de Planificación y Demanda ",Buenos Aires,0,0
2025-Q1,Transporte y logística,"COMPRAS, COMEX Y SUPPLY","Analista de Planificación y Demanda ",Cuyo,0,0
2025-Q1,Transporte y logística,"COMPRAS, COMEX Y SUPPLY","Analista de Planificación y Demanda ",Litoral,0,0
2025-Q1,Transporte y logística,"COMPRAS, COMEX Y SUPPLY","Analista de Planificación y Demanda ",NEA,0,0
2025-Q1,Transporte y logística,"COMPRAS, COMEX Y SUPPLY","Analista de Planificación y Demanda ",NOA,0,0
2025-Q1,Transporte y logística,"COMPRAS, COMEX Y SUPPLY","Analista de Planificación y Demanda ",Patagonia,0,0
2025-Q1,Automotriz,"COMPRAS, COMEX Y SUPPLY",Gerente de Comex,Buenos Aires,7947431.25,11921149.9
2025-Q1,Automotriz,"COMPRAS, COMEX Y SUPPLY",Gerente de Comex,Cuyo,6993739.5,10490611.912
2025-Q1,Automotriz,"COMPRAS, COMEX Y SUPPLY",Gerente de Comex,Litoral,7311636.75,10967457.908
2025-Q1,Automotriz,"COMPRAS, COMEX Y SUPPLY",Gerente de Comex,NEA,6556630.78125,9834948.6675
2025-Q1,Automotriz,"COMPRAS, COMEX Y SUPPLY",Gerente de Comex,NOA,6755316.5625,10132977.415
2025-Q1,Automotriz,"COMPRAS, COMEX Y SUPPLY",Gerente de Comex,Patagonia,9934289.0625,14901437.375
2025-Q1,Banca & Serv Financieros,"COMPRAS, COMEX Y SUPPLY",Gerente de Comex,Buenos Aires,0,0
2025-Q1,Banca & Serv Financieros,"COMPRAS, COMEX Y SUPPLY",Gerente de Comex,Cuyo,0,0
2025-Q1,Banca & Serv Financieros,"COMPRAS, COMEX Y SUPPLY",Gerente de Comex,Litoral,0,0
2025-Q1,Banca & Serv Financieros,"COMPRAS, COMEX Y SUPPLY",Gerente de Comex,NEA,0,0
2025-Q1,Banca & Serv Financieros,"COMPRAS, COMEX Y SUPPLY",Gerente de Comex,NOA,0,0
2025-Q1,Banca & Serv Financieros,"COMPRAS, COMEX Y SUPPLY",Gerente de Comex,Patagonia,0,0
2025-Q1,Consumo masivo,"COMPRAS, COMEX Y SUPPLY",Gerente de Comex,Buenos Aires,4890000,6800000
2025-Q1,Consumo masivo,"COMPRAS, COMEX Y SUPPLY",Gerente de Comex,Cuyo,4303200,5984000
2025-Q1,Consumo masivo,"COMPRAS, COMEX Y SUPPLY",Gerente de Comex,Litoral,4498800,6256000
2025-Q1,Consumo masivo,"COMPRAS, COMEX Y SUPPLY",Gerente de Comex,NEA,4034250,5610000
2025-Q1,Consumo masivo,"COMPRAS, COMEX Y SUPPLY",Gerente de Comex,NOA,4156500,5780000
2025-Q1,Consumo masivo,"COMPRAS, COMEX Y SUPPLY",Gerente de Comex,Patagonia,6112500,8500000
2025-Q1,"Gas, Petróleo y Minería","COMPRAS, COMEX Y SUPPLY",Gerente de Comex,Buenos Aires,7947431.25,11921149.9
2025-Q1,"Gas, Petróleo y Minería","COMPRAS, COMEX Y SUPPLY",Gerente de Comex,Cuyo,6993739.5,10490611.912
2025-Q1,"Gas, Petróleo y Minería","COMPRAS, COMEX Y SUPPLY",Gerente de Comex,Litoral,7311636.75,10967457.908
2025-Q1,"Gas, Petróleo y Minería","COMPRAS, COMEX Y SUPPLY",Gerente de Comex,NEA,6556630.78125,9834948.6675
2025-Q1,"Gas, Petróleo y Minería","COMPRAS, COMEX Y SUPPLY",Gerente de Comex,NOA,6755316.5625,10132977.415
2025-Q1,"Gas, Petróleo y Minería","COMPRAS, COMEX Y SUPPLY",Gerente de Comex,Patagonia,9934289.0625,14901437.375
2025-Q1,IT,"COMPRAS, COMEX Y SUPPLY",Gerente de Comex,Buenos Aires,0,0
2025-Q1,IT,"COMPRAS, COMEX Y SUPPLY",Gerente de Comex,Cuyo,0,0
2025-Q1,IT,"COMPRAS, COMEX Y SUPPLY",Gerente de Comex,Litoral,0,0
2025-Q1,IT,"COMPRAS, COMEX Y SUPPLY",Gerente de Comex,NEA,0,0
2025-Q1,IT,"COMPRAS, COMEX Y SUPPLY",Gerente de Comex,NOA,0,0
2025-Q1,IT,"COMPRAS, COMEX Y SUPPLY",Gerente de Comex,Patagonia,0,0
2025-Q1,Lab & Pharma,"COMPRAS, COMEX Y SUPPLY",Gerente de Comex,Buenos Aires,6622862.4,10596575
2025-Q1,Lab & Pharma,"COMPRAS, COMEX Y SUPPLY",Gerente de Comex,Cuyo,5828118.912,9324986
2025-Q1,Lab & Pharma,"COMPRAS, COMEX Y SUPPLY",Gerente de Comex,Litoral,6093033.408,9748849
2025-Q1,Lab & Pharma,"COMPRAS, COMEX Y SUPPLY",Gerente de Comex,NEA,5463861.48,8742174.375
2025-Q1,Lab & Pharma,"COMPRAS, COMEX Y SUPPLY",Gerente de Comex,NOA,5629433.04,9007088.75
2025-Q1,Lab & Pharma,"COMPRAS, COMEX Y SUPPLY",Gerente de Comex,Patagonia,8278578,13245718.75
2025-Q1,Manufactura,"COMPRAS, COMEX Y SUPPLY",Gerente de Comex,Buenos Aires,5500000,8900000
2025-Q1,Manufactura,"COMPRAS, COMEX Y SUPPLY",Gerente de Comex,Cuyo,4840000,7832000
2025-Q1,Manufactura,"COMPRAS, COMEX Y SUPPLY",Gerente de Comex,Litoral,5060000,8188000
2025-Q1,Manufactura,"COMPRAS, COMEX Y SUPPLY",Gerente de Comex,NEA,4537500,7342500
2025-Q1,Manufactura,"COMPRAS, COMEX Y SUPPLY",Gerente de Comex,NOA,4675000,7565000
2025-Q1,Manufactura,"COMPRAS, COMEX Y SUPPLY",Gerente de Comex,Patagonia,6875000,11125000
2025-Q1,Retail & Comercio,"COMPRAS, COMEX Y SUPPLY",Gerente de Comex,Buenos Aires,5200000,8609718.7
2025-Q1,Retail & Comercio,"COMPRAS, COMEX Y SUPPLY",Gerente de Comex,Cuyo,4576000,7576552.456
2025-Q1,Retail & Comercio,"COMPRAS, COMEX Y SUPPLY",Gerente de Comex,Litoral,4784000,7920941.204
2025-Q1,Retail & Comercio,"COMPRAS, COMEX Y SUPPLY",Gerente de Comex,NEA,4290000,7103017.9275
2025-Q1,Retail & Comercio,"COMPRAS, COMEX Y SUPPLY",Gerente de Comex,NOA,4420000,7318260.895
2025-Q1,Retail & Comercio,"COMPRAS, COMEX Y SUPPLY",Gerente de Comex,Patagonia,6500000,10762148.375
2025-Q1,Servicios,"COMPRAS, COMEX Y SUPPLY",Gerente de Comex,Buenos Aires,5200000,8609718.7
2025-Q1,Servicios,"COMPRAS, COMEX Y SUPPLY",Gerente de Comex,Cuyo,4576000,7576552.456
2025-Q1,Servicios,"COMPRAS, COMEX Y SUPPLY",Gerente de Comex,Litoral,4784000,7920941.204
2025-Q1,Servicios,"COMPRAS, COMEX Y SUPPLY",Gerente de Comex,NEA,4290000,7103017.9275
2025-Q1,Servicios,"COMPRAS, COMEX Y SUPPLY",Gerente de Comex,NOA,4420000,7318260.895
2025-Q1,Servicios,"COMPRAS, COMEX Y SUPPLY",Gerente de Comex,Patagonia,6500000,10762148.375
2025-Q1,Transporte y logística,"COMPRAS, COMEX Y SUPPLY",Gerente de Comex,Buenos Aires,6622862.4,10596575
2025-Q1,Transporte y logística,"COMPRAS, COMEX Y SUPPLY",Gerente de Comex,Cuyo,5828118.912,9324986
2025-Q1,Transporte y logística,"COMPRAS, COMEX Y SUPPLY",Gerente de Comex,Litoral,6093033.408,9748849
2025-Q1,Transporte y logística,"COMPRAS, COMEX Y SUPPLY",Gerente de Comex,NEA,5463861.48,8742174.375
2025-Q1,Transporte y logística,"COMPRAS, COMEX Y SUPPLY",Gerente de Comex,NOA,5629433.04,9007088.75
2025-Q1,Transporte y logística,"COMPRAS, COMEX Y SUPPLY",Gerente de Comex,Patagonia,8278578,13245718.75
2025-Q1,Automotriz,"COMPRAS, COMEX Y SUPPLY",Gerente de Compras,Buenos Aires,8742174.375,13113261.5624999
2025-Q1,Automotriz,"COMPRAS, COMEX Y SUPPLY",Gerente de Compras,Cuyo,7693113.45,11539670.1749999
2025-Q1,Automotriz,"COMPRAS, COMEX Y SUPPLY",Gerente de Compras,Litoral,8042800.425,12064200.6374999
2025-Q1,Automotriz,"COMPRAS, COMEX Y SUPPLY",Gerente de Compras,NEA,7212293.859375,10818440.7890624
2025-Q1,Automotriz,"COMPRAS, COMEX Y SUPPLY",Gerente de Compras,NOA,7430848.21875,11146272.3281249
2025-Q1,Automotriz,"COMPRAS, COMEX Y SUPPLY",Gerente de Compras,Patagonia,10927717.96875,16391576.9531249
2025-Q1,Banca & Serv Financieros,"COMPRAS, COMEX Y SUPPLY",Gerente de Compras,Buenos Aires,8742165.3,13113254
2025-Q1,Banca & Serv Financieros,"COMPRAS, COMEX Y SUPPLY",Gerente de Compras,Cuyo,7693105.464,11539663.52
2025-Q1,Banca & Serv Financieros,"COMPRAS, COMEX Y SUPPLY",Gerente de Compras,Litoral,8042792.076,12064193.68
2025-Q1,Banca & Serv Financieros,"COMPRAS, COMEX Y SUPPLY",Gerente de Compras,NEA,7212286.3725,10818434.55
2025-Q1,Banca & Serv Financieros,"COMPRAS, COMEX Y SUPPLY",Gerente de Compras,NOA,7430840.505,11146265.9
2025-Q1,Banca & Serv Financieros,"COMPRAS, COMEX Y SUPPLY",Gerente de Compras,Patagonia,10927706.625,16391567.5
2025-Q1,Consumo masivo,"COMPRAS, COMEX Y SUPPLY",Gerente de Compras,Buenos Aires,6155828.8,9470688.90625
2025-Q1,Consumo masivo,"COMPRAS, COMEX Y SUPPLY",Gerente de Compras,Cuyo,5417129.344,8334206.2375
2025-Q1,Consumo masivo,"COMPRAS, COMEX Y SUPPLY",Gerente de Compras,Litoral,5663362.496,8713033.79375
2025-Q1,Consumo masivo,"COMPRAS, COMEX Y SUPPLY",Gerente de Compras,NEA,5078558.76,7813318.34765625
2025-Q1,Consumo masivo,"COMPRAS, COMEX Y SUPPLY",Gerente de Compras,NOA,5232454.48,8050085.5703125
2025-Q1,Consumo masivo,"COMPRAS, COMEX Y SUPPLY",Gerente de Compras,Patagonia,7694786,11838361.1328125
2025-Q1,"Gas, Petróleo y Minería","COMPRAS, COMEX Y SUPPLY",Gerente de Compras,Buenos Aires,8742174.375,13113261.5624999
2025-Q1,"Gas, Petróleo y Minería","COMPRAS, COMEX Y SUPPLY",Gerente de Compras,Cuyo,7693113.45,11539670.1749999
2025-Q1,"Gas, Petróleo y Minería","COMPRAS, COMEX Y SUPPLY",Gerente de Compras,Litoral,8042800.425,12064200.6374999
2025-Q1,"Gas, Petróleo y Minería","COMPRAS, COMEX Y SUPPLY",Gerente de Compras,NEA,7212293.859375,10818440.7890624
2025-Q1,"Gas, Petróleo y Minería","COMPRAS, COMEX Y SUPPLY",Gerente de Compras,NOA,7430848.21875,11146272.3281249
2025-Q1,"Gas, Petróleo y Minería","COMPRAS, COMEX Y SUPPLY",Gerente de Compras,Patagonia,10927717.96875,16391576.9531249
2025-Q1,IT,"COMPRAS, COMEX Y SUPPLY",Gerente de Compras,Buenos Aires,7576551.125,12201161.369375
2025-Q1,IT,"COMPRAS, COMEX Y SUPPLY",Gerente de Compras,Cuyo,6667364.99,10737022.00505
2025-Q1,IT,"COMPRAS, COMEX Y SUPPLY",Gerente de Compras,Litoral,6970427.035,11225068.459825
2025-Q1,IT,"COMPRAS, COMEX Y SUPPLY",Gerente de Compras,NEA,6250654.678125,10065958.1297344
2025-Q1,IT,"COMPRAS, COMEX Y SUPPLY",Gerente de Compras,NOA,6440068.45625,10370987.1639687
2025-Q1,IT,"COMPRAS, COMEX Y SUPPLY",Gerente de Compras,Patagonia,9470688.90625,15251451.7117187
2025-Q1,Lab & Pharma,"COMPRAS, COMEX Y SUPPLY",Gerente de Compras,Buenos Aires,7576551.125,12201161.369375
2025-Q1,Lab & Pharma,"COMPRAS, COMEX Y SUPPLY",Gerente de Compras,Cuyo,6667364.99,10737022.00505
2025-Q1,Lab & Pharma,"COMPRAS, COMEX Y SUPPLY",Gerente de Compras,Litoral,6970427.035,11225068.459825
2025-Q1,Lab & Pharma,"COMPRAS, COMEX Y SUPPLY",Gerente de Compras,NEA,6250654.678125,10065958.1297344
2025-Q1,Lab & Pharma,"COMPRAS, COMEX Y SUPPLY",Gerente de Compras,NOA,6440068.45625,10370987.1639687
2025-Q1,Lab & Pharma,"COMPRAS, COMEX Y SUPPLY",Gerente de Compras,Patagonia,9470688.90625,15251451.7117187
2025-Q1,Manufactura,"COMPRAS, COMEX Y SUPPLY",Gerente de Compras,Buenos Aires,6457220,10762147
2025-Q1,Manufactura,"COMPRAS, COMEX Y SUPPLY",Gerente de Compras,Cuyo,5682353.6,9470689.36
2025-Q1,Manufactura,"COMPRAS, COMEX Y SUPPLY",Gerente de Compras,Litoral,5940642.4,9901175.24
2025-Q1,Manufactura,"COMPRAS, COMEX Y SUPPLY",Gerente de Compras,NEA,5327206.5,8878771.275
2025-Q1,Manufactura,"COMPRAS, COMEX Y SUPPLY",Gerente de Compras,NOA,5488637,9147824.95
2025-Q1,Manufactura,"COMPRAS, COMEX Y SUPPLY",Gerente de Compras,Patagonia,8071525,13452683.75
2025-Q1,Retail & Comercio,"COMPRAS, COMEX Y SUPPLY",Gerente de Compras,Buenos Aires,6155828.8,9470688.90625
2025-Q1,Retail & Comercio,"COMPRAS, COMEX Y SUPPLY",Gerente de Compras,Cuyo,5417129.344,8334206.2375
2025-Q1,Retail & Comercio,"COMPRAS, COMEX Y SUPPLY",Gerente de Compras,Litoral,5663362.496,8713033.79375
2025-Q1,Retail & Comercio,"COMPRAS, COMEX Y SUPPLY",Gerente de Compras,NEA,5078558.76,7813318.34765625
2025-Q1,Retail & Comercio,"COMPRAS, COMEX Y SUPPLY",Gerente de Compras,NOA,5232454.48,8050085.5703125
2025-Q1,Retail & Comercio,"COMPRAS, COMEX Y SUPPLY",Gerente de Compras,Patagonia,7694786,11838361.1328125
2025-Q1,Servicios,"COMPRAS, COMEX Y SUPPLY",Gerente de Compras,Buenos Aires,6887760,11091960
2025-Q1,Servicios,"COMPRAS, COMEX Y SUPPLY",Gerente de Compras,Cuyo,6061228.8,9760924.8
2025-Q1,Servicios,"COMPRAS, COMEX Y SUPPLY",Gerente de Compras,Litoral,6336739.2,10204603.2
2025-Q1,Servicios,"COMPRAS, COMEX Y SUPPLY",Gerente de Compras,NEA,5682402,9150867
2025-Q1,Servicios,"COMPRAS, COMEX Y SUPPLY",Gerente de Compras,NOA,5854596,9428166
2025-Q1,Servicios,"COMPRAS, COMEX Y SUPPLY",Gerente de Compras,Patagonia,8609700,13864950
2025-Q1,Transporte y logística,"COMPRAS, COMEX Y SUPPLY",Gerente de Compras,Buenos Aires,6457220,10762147
2025-Q1,Transporte y logística,"COMPRAS, COMEX Y SUPPLY",Gerente de Compras,Cuyo,5682353.6,9470689.36
2025-Q1,Transporte y logística,"COMPRAS, COMEX Y SUPPLY",Gerente de Compras,Litoral,5940642.4,9901175.24
2025-Q1,Transporte y logística,"COMPRAS, COMEX Y SUPPLY",Gerente de Compras,NEA,5327206.5,8878771.275
2025-Q1,Transporte y logística,"COMPRAS, COMEX Y SUPPLY",Gerente de Compras,NOA,5488637,9147824.95
2025-Q1,Transporte y logística,"COMPRAS, COMEX Y SUPPLY",Gerente de Compras,Patagonia,8071525,13452683.75
2025-Q1,Automotriz,"COMPRAS, COMEX Y SUPPLY",Gerente de Supply Chain,Buenos Aires,8742173,13113254
2025-Q1,Automotriz,"COMPRAS, COMEX Y SUPPLY",Gerente de Supply Chain,Cuyo,7693112.24,11539663.52
2025-Q1,Automotriz,"COMPRAS, COMEX Y SUPPLY",Gerente de Supply Chain,Litoral,8042799.16,12064193.68
2025-Q1,Automotriz,"COMPRAS, COMEX Y SUPPLY",Gerente de Supply Chain,NEA,7212292.725,10818434.55
2025-Q1,Automotriz,"COMPRAS, COMEX Y SUPPLY",Gerente de Supply Chain,NOA,7430847.05,11146265.9
2025-Q1,Automotriz,"COMPRAS, COMEX Y SUPPLY",Gerente de Supply Chain,Patagonia,10927716.25,16391567.5
2025-Q1,Banca & Serv Financieros,"COMPRAS, COMEX Y SUPPLY",Gerente de Supply Chain,Buenos Aires,0,0
2025-Q1,Banca & Serv Financieros,"COMPRAS, COMEX Y SUPPLY",Gerente de Supply Chain,Cuyo,0,0
2025-Q1,Banca & Serv Financieros,"COMPRAS, COMEX Y SUPPLY",Gerente de Supply Chain,Litoral,0,0
2025-Q1,Banca & Serv Financieros,"COMPRAS, COMEX Y SUPPLY",Gerente de Supply Chain,NEA,0,0
2025-Q1,Banca & Serv Financieros,"COMPRAS, COMEX Y SUPPLY",Gerente de Supply Chain,NOA,0,0
2025-Q1,Banca & Serv Financieros,"COMPRAS, COMEX Y SUPPLY",Gerente de Supply Chain,Patagonia,0,0
2025-Q1,Consumo masivo,"COMPRAS, COMEX Y SUPPLY",Gerente de Supply Chain,Buenos Aires,7103060,11838360
2025-Q1,Consumo masivo,"COMPRAS, COMEX Y SUPPLY",Gerente de Supply Chain,Cuyo,6250692.8,10417756.8
2025-Q1,Consumo masivo,"COMPRAS, COMEX Y SUPPLY",Gerente de Supply Chain,Litoral,6534815.2,10891291.2
2025-Q1,Consumo masivo,"COMPRAS, COMEX Y SUPPLY",Gerente de Supply Chain,NEA,5860024.5,9766647
2025-Q1,Consumo masivo,"COMPRAS, COMEX Y SUPPLY",Gerente de Supply Chain,NOA,6037601,10062606
2025-Q1,Consumo masivo,"COMPRAS, COMEX Y SUPPLY",Gerente de Supply Chain,Patagonia,8878825,14797950
2025-Q1,"Gas, Petróleo y Minería","COMPRAS, COMEX Y SUPPLY",Gerente de Supply Chain,Buenos Aires,8742140,13113254
2025-Q1,"Gas, Petróleo y Minería","COMPRAS, COMEX Y SUPPLY",Gerente de Supply Chain,Cuyo,7693083.2,11539663.52
2025-Q1,"Gas, Petróleo y Minería","COMPRAS, COMEX Y SUPPLY",Gerente de Supply Chain,Litoral,8042768.8,12064193.68
2025-Q1,"Gas, Petróleo y Minería","COMPRAS, COMEX Y SUPPLY",Gerente de Supply Chain,NEA,7212265.5,10818434.55
2025-Q1,"Gas, Petróleo y Minería","COMPRAS, COMEX Y SUPPLY",Gerente de Supply Chain,NOA,7430819,11146265.9
2025-Q1,"Gas, Petróleo y Minería","COMPRAS, COMEX Y SUPPLY",Gerente de Supply Chain,Patagonia,10927675,16391567.5
2025-Q1,IT,"COMPRAS, COMEX Y SUPPLY",Gerente de Supply Chain,Buenos Aires,7576470,12201161
2025-Q1,IT,"COMPRAS, COMEX Y SUPPLY",Gerente de Supply Chain,Cuyo,6667293.6,10737021.68
2025-Q1,IT,"COMPRAS, COMEX Y SUPPLY",Gerente de Supply Chain,Litoral,6970352.4,11225068.12
2025-Q1,IT,"COMPRAS, COMEX Y SUPPLY",Gerente de Supply Chain,NEA,6250587.75,10065957.825
2025-Q1,IT,"COMPRAS, COMEX Y SUPPLY",Gerente de Supply Chain,NOA,6439999.5,10370986.85
2025-Q1,IT,"COMPRAS, COMEX Y SUPPLY",Gerente de Supply Chain,Patagonia,9470587.5,15251451.25
2025-Q1,Lab & Pharma,"COMPRAS, COMEX Y SUPPLY",Gerente de Supply Chain,Buenos Aires,7577650,12200500
2025-Q1,Lab & Pharma,"COMPRAS, COMEX Y SUPPLY",Gerente de Supply Chain,Cuyo,6668332,10736440
2025-Q1,Lab & Pharma,"COMPRAS, COMEX Y SUPPLY",Gerente de Supply Chain,Litoral,6971438,11224460
2025-Q1,Lab & Pharma,"COMPRAS, COMEX Y SUPPLY",Gerente de Supply Chain,NEA,6251561.25,10065412.5
2025-Q1,Lab & Pharma,"COMPRAS, COMEX Y SUPPLY",Gerente de Supply Chain,NOA,6441002.5,10370425
2025-Q1,Lab & Pharma,"COMPRAS, COMEX Y SUPPLY",Gerente de Supply Chain,Patagonia,9472062.5,15250625
2025-Q1,Manufactura,"COMPRAS, COMEX Y SUPPLY",Gerente de Supply Chain,Buenos Aires,7100000,11840770
2025-Q1,Manufactura,"COMPRAS, COMEX Y SUPPLY",Gerente de Supply Chain,Cuyo,6248000,10419877.6
2025-Q1,Manufactura,"COMPRAS, COMEX Y SUPPLY",Gerente de Supply Chain,Litoral,6532000,10893508.4
2025-Q1,Manufactura,"COMPRAS, COMEX Y SUPPLY",Gerente de Supply Chain,NEA,5857500,9768635.25
2025-Q1,Manufactura,"COMPRAS, COMEX Y SUPPLY",Gerente de Supply Chain,NOA,6035000,10064654.5
2025-Q1,Manufactura,"COMPRAS, COMEX Y SUPPLY",Gerente de Supply Chain,Patagonia,8875000,14800962.5
2025-Q1,Retail & Comercio,"COMPRAS, COMEX Y SUPPLY",Gerente de Supply Chain,Buenos Aires,7103008,11838360
2025-Q1,Retail & Comercio,"COMPRAS, COMEX Y SUPPLY",Gerente de Supply Chain,Cuyo,6250647.04,10417756.8
2025-Q1,Retail & Comercio,"COMPRAS, COMEX Y SUPPLY",Gerente de Supply Chain,Litoral,6534767.36,10891291.2
2025-Q1,Retail & Comercio,"COMPRAS, COMEX Y SUPPLY",Gerente de Supply Chain,NEA,5859981.6,9766647
2025-Q1,Retail & Comercio,"COMPRAS, COMEX Y SUPPLY",Gerente de Supply Chain,NOA,6037556.8,10062606
2025-Q1,Retail & Comercio,"COMPRAS, COMEX Y SUPPLY",Gerente de Supply Chain,Patagonia,8878760,14797950
2025-Q1,Servicios,"COMPRAS, COMEX Y SUPPLY",Gerente de Supply Chain,Buenos Aires,7576470,12201161
2025-Q1,Servicios,"COMPRAS, COMEX Y SUPPLY",Gerente de Supply Chain,Cuyo,6667293.6,10737021.68
2025-Q1,Servicios,"COMPRAS, COMEX Y SUPPLY",Gerente de Supply Chain,Litoral,6970352.4,11225068.12
2025-Q1,Servicios,"COMPRAS, COMEX Y SUPPLY",Gerente de Supply Chain,NEA,6250587.75,10065957.825
2025-Q1,Servicios,"COMPRAS, COMEX Y SUPPLY",Gerente de Supply Chain,NOA,6439999.5,10370986.85
2025-Q1,Servicios,"COMPRAS, COMEX Y SUPPLY",Gerente de Supply Chain,Patagonia,9470587.5,15251451.25
2025-Q1,Transporte y logística,"COMPRAS, COMEX Y SUPPLY",Gerente de Supply Chain,Buenos Aires,7105000,11838354
2025-Q1,Transporte y logística,"COMPRAS, COMEX Y SUPPLY",Gerente de Supply Chain,Cuyo,6252400,10417751.52
2025-Q1,Transporte y logística,"COMPRAS, COMEX Y SUPPLY",Gerente de Supply Chain,Litoral,6536600,10891285.68
2025-Q1,Transporte y logística,"COMPRAS, COMEX Y SUPPLY",Gerente de Supply Chain,NEA,5861625,9766642.05
2025-Q1,Transporte y logística,"COMPRAS, COMEX Y SUPPLY",Gerente de Supply Chain,NOA,6039250,10062600.9
2025-Q1,Transporte y logística,"COMPRAS, COMEX Y SUPPLY",Gerente de Supply Chain,Patagonia,8881250,14797942.5
2025-Q1,Automotriz,"COMPRAS, COMEX Y SUPPLY",Ingeniero de Supply Chain,Buenos Aires,,
2025-Q1,Automotriz,"COMPRAS, COMEX Y SUPPLY",Ingeniero de Supply Chain,Cuyo,,
2025-Q1,Automotriz,"COMPRAS, COMEX Y SUPPLY",Ingeniero de Supply Chain,Litoral,,
2025-Q1,Automotriz,"COMPRAS, COMEX Y SUPPLY",Ingeniero de Supply Chain,NEA,,
2025-Q1,Automotriz,"COMPRAS, COMEX Y SUPPLY",Ingeniero de Supply Chain,NOA,,
2025-Q1,Automotriz,"COMPRAS, COMEX Y SUPPLY",Ingeniero de Supply Chain,Patagonia,,
2025-Q1,Banca & Serv Financieros,"COMPRAS, COMEX Y SUPPLY",Ingeniero de Supply Chain,Buenos Aires,,
2025-Q1,Banca & Serv Financieros,"COMPRAS, COMEX Y SUPPLY",Ingeniero de Supply Chain,Cuyo,,
2025-Q1,Banca & Serv Financieros,"COMPRAS, COMEX Y SUPPLY",Ingeniero de Supply Chain,Litoral,,
2025-Q1,Banca & Serv Financieros,"COMPRAS, COMEX Y SUPPLY",Ingeniero de Supply Chain,NEA,,
2025-Q1,Banca & Serv Financieros,"COMPRAS, COMEX Y SUPPLY",Ingeniero de Supply Chain,NOA,,
2025-Q1,Banca & Serv Financieros,"COMPRAS, COMEX Y SUPPLY",Ingeniero de Supply Chain,Patagonia,,
2025-Q1,Consumo masivo,"COMPRAS, COMEX Y SUPPLY",Ingeniero de Supply Chain,Buenos Aires,,
2025-Q1,Consumo masivo,"COMPRAS, COMEX Y SUPPLY",Ingeniero de Supply Chain,Cuyo,,
2025-Q1,Consumo masivo,"COMPRAS, COMEX Y SUPPLY",Ingeniero de Supply Chain,Litoral,,
2025-Q1,Consumo masivo,"COMPRAS, COMEX Y SUPPLY",Ingeniero de Supply Chain,NEA,,
2025-Q1,Consumo masivo,"COMPRAS, COMEX Y SUPPLY",Ingeniero de Supply Chain,NOA,,
2025-Q1,Consumo masivo,"COMPRAS, COMEX Y SUPPLY",Ingeniero de Supply Chain,Patagonia,,
2025-Q1,"Gas, Petróleo y Minería","COMPRAS, COMEX Y SUPPLY",Ingeniero de Supply Chain,Buenos Aires,,
2025-Q1,"Gas, Petróleo y Minería","COMPRAS, COMEX Y SUPPLY",Ingeniero de Supply Chain,Cuyo,,
2025-Q1,"Gas, Petróleo y Minería","COMPRAS, COMEX Y SUPPLY",Ingeniero de Supply Chain,Litoral,,
2025-Q1,"Gas, Petróleo y Minería","COMPRAS, COMEX Y SUPPLY",Ingeniero de Supply Chain,NEA,,
2025-Q1,"Gas, Petróleo y Minería","COMPRAS, COMEX Y SUPPLY",Ingeniero de Supply Chain,NOA,,
2025-Q1,"Gas, Petróleo y Minería","COMPRAS, COMEX Y SUPPLY",Ingeniero de Supply Chain,Patagonia,,
2025-Q1,IT,"COMPRAS, COMEX Y SUPPLY",Ingeniero de Supply Chain,Buenos Aires,,
2025-Q1,IT,"COMPRAS, COMEX Y SUPPLY",Ingeniero de Supply Chain,Cuyo,,
2025-Q1,IT,"COMPRAS, COMEX Y SUPPLY",Ingeniero de Supply Chain,Litoral,,
2025-Q1,IT,"COMPRAS, COMEX Y SUPPLY",Ingeniero de Supply Chain,NEA,,
2025-Q1,IT,"COMPRAS, COMEX Y SUPPLY",Ingeniero de Supply Chain,NOA,,
2025-Q1,IT,"COMPRAS, COMEX Y SUPPLY",Ingeniero de Supply Chain,Patagonia,,
2025-Q1,Lab & Pharma,"COMPRAS, COMEX Y SUPPLY",Ingeniero de Supply Chain,Buenos Aires,,
2025-Q1,Lab & Pharma,"COMPRAS, COMEX Y SUPPLY",Ingeniero de Supply Chain,Cuyo,,
2025-Q1,Lab & Pharma,"COMPRAS, COMEX Y SUPPLY",Ingeniero de Supply Chain,Litoral,,
2025-Q1,Lab & Pharma,"COMPRAS, COMEX Y SUPPLY",Ingeniero de Supply Chain,NEA,,
2025-Q1,Lab & Pharma,"COMPRAS, COMEX Y SUPPLY",Ingeniero de Supply Chain,NOA,,
2025-Q1,Lab & Pharma,"COMPRAS, COMEX Y SUPPLY",Ingeniero de Supply Chain,Patagonia,,
2025-Q1,Manufactura,"COMPRAS, COMEX Y SUPPLY",Ingeniero de Supply Chain,Buenos Aires,,
2025-Q1,Manufactura,"COMPRAS, COMEX Y SUPPLY",Ingeniero de Supply Chain,Cuyo,,
2025-Q1,Manufactura,"COMPRAS, COMEX Y SUPPLY",Ingeniero de Supply Chain,Litoral,,
2025-Q1,Manufactura,"COMPRAS, COMEX Y SUPPLY",Ingeniero de Supply Chain,NEA,,
2025-Q1,Manufactura,"COMPRAS, COMEX Y SUPPLY",Ingeniero de Supply Chain,NOA,,
2025-Q1,Manufactura,"COMPRAS, COMEX Y SUPPLY",Ingeniero de Supply Chain,Patagonia,,
2025-Q1,Retail & Comercio,"COMPRAS, COMEX Y SUPPLY",Ingeniero de Supply Chain,Buenos Aires,,
2025-Q1,Retail & Comercio,"COMPRAS, COMEX Y SUPPLY",Ingeniero de Supply Chain,Cuyo,,
2025-Q1,Retail & Comercio,"COMPRAS, COMEX Y SUPPLY",Ingeniero de Supply Chain,Litoral,,
2025-Q1,Retail & Comercio,"COMPRAS, COMEX Y SUPPLY",Ingeniero de Supply Chain,NEA,,
2025-Q1,Retail & Comercio,"COMPRAS, COMEX Y SUPPLY",Ingeniero de Supply Chain,NOA,,
2025-Q1,Retail & Comercio,"COMPRAS, COMEX Y SUPPLY",Ingeniero de Supply Chain,Patagonia,,
2025-Q1,Servicios,"COMPRAS, COMEX Y SUPPLY",Ingeniero de Supply Chain,Buenos Aires,,
2025-Q1,Servicios,"COMPRAS, COMEX Y SUPPLY",Ingeniero de Supply Chain,Cuyo,,
2025-Q1,Servicios,"COMPRAS, COMEX Y SUPPLY",Ingeniero de Supply Chain,Litoral,,
2025-Q1,Servicios,"COMPRAS, COMEX Y SUPPLY",Ingeniero de Supply Chain,NEA,,
2025-Q1,Servicios,"COMPRAS, COMEX Y SUPPLY",Ingeniero de Supply Chain,NOA,,
2025-Q1,Servicios,"COMPRAS, COMEX Y SUPPLY",Ingeniero de Supply Chain,Patagonia,,
2025-Q1,Transporte y logística,"COMPRAS, COMEX Y SUPPLY",Ingeniero de Supply Chain,Buenos Aires,,
2025-Q1,Transporte y logística,"COMPRAS, COMEX Y SUPPLY",Ingeniero de Supply Chain,Cuyo,,
2025-Q1,Transporte y logística,"COMPRAS, COMEX Y SUPPLY",Ingeniero de Supply Chain,Litoral,,
2025-Q1,Transporte y logística,"COMPRAS, COMEX Y SUPPLY",Ingeniero de Supply Chain,NEA,,
2025-Q1,Transporte y logística,"COMPRAS, COMEX Y SUPPLY",Ingeniero de Supply Chain,NOA,,
2025-Q1,Transporte y logística,"COMPRAS, COMEX Y SUPPLY",Ingeniero de Supply Chain,Patagonia,,
2025-Q1,Automotriz,"COMPRAS, COMEX Y SUPPLY",Jefe de Comex,Buenos Aires,4220000,6100000
2025-Q1,Automotriz,"COMPRAS, COMEX Y SUPPLY",Jefe de Comex,Cuyo,3713600,5368000
2025-Q1,Automotriz,"COMPRAS, COMEX Y SUPPLY",Jefe de Comex,Litoral,3882400,5612000
2025-Q1,Automotriz,"COMPRAS, COMEX Y SUPPLY",Jefe de Comex,NEA,3481500,5032500
2025-Q1,Automotriz,"COMPRAS, COMEX Y SUPPLY",Jefe de Comex,NOA,3587000,5185000
2025-Q1,Automotriz,"COMPRAS, COMEX Y SUPPLY",Jefe de Comex,Patagonia,5275000,7625000
2025-Q1,Banca & Serv Financieros,"COMPRAS, COMEX Y SUPPLY",Jefe de Comex,Buenos Aires,0,0
2025-Q1,Banca & Serv Financieros,"COMPRAS, COMEX Y SUPPLY",Jefe de Comex,Cuyo,0,0
2025-Q1,Banca & Serv Financieros,"COMPRAS, COMEX Y SUPPLY",Jefe de Comex,Litoral,0,0
2025-Q1,Banca & Serv Financieros,"COMPRAS, COMEX Y SUPPLY",Jefe de Comex,NEA,0,0
2025-Q1,Banca & Serv Financieros,"COMPRAS, COMEX Y SUPPLY",Jefe de Comex,NOA,0,0
2025-Q1,Banca & Serv Financieros,"COMPRAS, COMEX Y SUPPLY",Jefe de Comex,Patagonia,0,0
2025-Q1,Consumo masivo,"COMPRAS, COMEX Y SUPPLY",Jefe de Comex,Buenos Aires,2900000,4200000
2025-Q1,Consumo masivo,"COMPRAS, COMEX Y SUPPLY",Jefe de Comex,Cuyo,2552000,3696000
2025-Q1,Consumo masivo,"COMPRAS, COMEX Y SUPPLY",Jefe de Comex,Litoral,2668000,3864000
2025-Q1,Consumo masivo,"COMPRAS, COMEX Y SUPPLY",Jefe de Comex,NEA,2392500,3465000
2025-Q1,Consumo masivo,"COMPRAS, COMEX Y SUPPLY",Jefe de Comex,NOA,2465000,3570000
2025-Q1,Consumo masivo,"COMPRAS, COMEX Y SUPPLY",Jefe de Comex,Patagonia,3625000,5250000
2025-Q1,"Gas, Petróleo y Minería","COMPRAS, COMEX Y SUPPLY",Jefe de Comex,Buenos Aires,3800000,6075000
2025-Q1,"Gas, Petróleo y Minería","COMPRAS, COMEX Y SUPPLY",Jefe de Comex,Cuyo,3344000,5346000
2025-Q1,"Gas, Petróleo y Minería","COMPRAS, COMEX Y SUPPLY",Jefe de Comex,Litoral,3496000,5589000
2025-Q1,"Gas, Petróleo y Minería","COMPRAS, COMEX Y SUPPLY",Jefe de Comex,NEA,3135000,5011875
2025-Q1,"Gas, Petróleo y Minería","COMPRAS, COMEX Y SUPPLY",Jefe de Comex,NOA,3230000,5163750
2025-Q1,"Gas, Petróleo y Minería","COMPRAS, COMEX Y SUPPLY",Jefe de Comex,Patagonia,4750000,7593750
2025-Q1,IT,"COMPRAS, COMEX Y SUPPLY",Jefe de Comex,Buenos Aires,0,0
2025-Q1,IT,"COMPRAS, COMEX Y SUPPLY",Jefe de Comex,Cuyo,0,0
2025-Q1,IT,"COMPRAS, COMEX Y SUPPLY",Jefe de Comex,Litoral,0,0
2025-Q1,IT,"COMPRAS, COMEX Y SUPPLY",Jefe de Comex,NEA,0,0
2025-Q1,IT,"COMPRAS, COMEX Y SUPPLY",Jefe de Comex,NOA,0,0
2025-Q1,IT,"COMPRAS, COMEX Y SUPPLY",Jefe de Comex,Patagonia,0,0
2025-Q1,Lab & Pharma,"COMPRAS, COMEX Y SUPPLY",Jefe de Comex,Buenos Aires,3944575.04375,5770000
2025-Q1,Lab & Pharma,"COMPRAS, COMEX Y SUPPLY",Jefe de Comex,Cuyo,3471226.0385,5077600
2025-Q1,Lab & Pharma,"COMPRAS, COMEX Y SUPPLY",Jefe de Comex,Litoral,3629009.04025,5308400
2025-Q1,Lab & Pharma,"COMPRAS, COMEX Y SUPPLY",Jefe de Comex,NEA,3254274.41109375,4760250
2025-Q1,Lab & Pharma,"COMPRAS, COMEX Y SUPPLY",Jefe de Comex,NOA,3352888.7871875,4904500
2025-Q1,Lab & Pharma,"COMPRAS, COMEX Y SUPPLY",Jefe de Comex,Patagonia,4930718.8046875,7212500
2025-Q1,Manufactura,"COMPRAS, COMEX Y SUPPLY",Jefe de Comex,Buenos Aires,3120000,4760000
2025-Q1,Manufactura,"COMPRAS, COMEX Y SUPPLY",Jefe de Comex,Cuyo,2745600,4188800
2025-Q1,Manufactura,"COMPRAS, COMEX Y SUPPLY",Jefe de Comex,Litoral,2870400,4379200
2025-Q1,Manufactura,"COMPRAS, COMEX Y SUPPLY",Jefe de Comex,NEA,2574000,3927000
2025-Q1,Manufactura,"COMPRAS, COMEX Y SUPPLY",Jefe de Comex,NOA,2652000,4046000
2025-Q1,Manufactura,"COMPRAS, COMEX Y SUPPLY",Jefe de Comex,Patagonia,3900000,5950000
2025-Q1,Retail & Comercio,"COMPRAS, COMEX Y SUPPLY",Jefe de Comex,Buenos Aires,2780000,3900000
2025-Q1,Retail & Comercio,"COMPRAS, COMEX Y SUPPLY",Jefe de Comex,Cuyo,2446400,3432000
2025-Q1,Retail & Comercio,"COMPRAS, COMEX Y SUPPLY",Jefe de Comex,Litoral,2557600,3588000
2025-Q1,Retail & Comercio,"COMPRAS, COMEX Y SUPPLY",Jefe de Comex,NEA,2293500,3217500
2025-Q1,Retail & Comercio,"COMPRAS, COMEX Y SUPPLY",Jefe de Comex,NOA,2363000,3315000
2025-Q1,Retail & Comercio,"COMPRAS, COMEX Y SUPPLY",Jefe de Comex,Patagonia,3475000,4875000
2025-Q1,Servicios,"COMPRAS, COMEX Y SUPPLY",Jefe de Comex,Buenos Aires,2780000,3900000
2025-Q1,Servicios,"COMPRAS, COMEX Y SUPPLY",Jefe de Comex,Cuyo,2446400,3432000
2025-Q1,Servicios,"COMPRAS, COMEX Y SUPPLY",Jefe de Comex,Litoral,2557600,3588000
2025-Q1,Servicios,"COMPRAS, COMEX Y SUPPLY",Jefe de Comex,NEA,2293500,3217500
2025-Q1,Servicios,"COMPRAS, COMEX Y SUPPLY",Jefe de Comex,NOA,2363000,3315000
2025-Q1,Servicios,"COMPRAS, COMEX Y SUPPLY",Jefe de Comex,Patagonia,3475000,4875000
2025-Q1,Transporte y logística,"COMPRAS, COMEX Y SUPPLY",Jefe de Comex,Buenos Aires,3130000,4490000
2025-Q1,Transporte y logística,"COMPRAS, COMEX Y SUPPLY",Jefe de Comex,Cuyo,2754400,3951200
2025-Q1,Transporte y logística,"COMPRAS, COMEX Y SUPPLY",Jefe de Comex,Litoral,2879600,4130800
2025-Q1,Transporte y logística,"COMPRAS, COMEX Y SUPPLY",Jefe de Comex,NEA,2582250,3704250
2025-Q1,Transporte y logística,"COMPRAS, COMEX Y SUPPLY",Jefe de Comex,NOA,2660500,3816500
2025-Q1,Transporte y logística,"COMPRAS, COMEX Y SUPPLY",Jefe de Comex,Patagonia,3912500,5612500
2025-Q1,Automotriz,"COMPRAS, COMEX Y SUPPLY",Jefe de Compras,Buenos Aires,5828116.25,8159362.75
2025-Q1,Automotriz,"COMPRAS, COMEX Y SUPPLY",Jefe de Compras,Cuyo,5128742.3,7180239.22
2025-Q1,Automotriz,"COMPRAS, COMEX Y SUPPLY",Jefe de Compras,Litoral,5361866.95,7506613.73
2025-Q1,Automotriz,"COMPRAS, COMEX Y SUPPLY",Jefe de Compras,NEA,4808195.90625,6731474.26875
2025-Q1,Automotriz,"COMPRAS, COMEX Y SUPPLY",Jefe de Compras,NOA,4953898.8125,6935458.3375
2025-Q1,Automotriz,"COMPRAS, COMEX Y SUPPLY",Jefe de Compras,Patagonia,7285145.3125,10199203.4375
2025-Q1,Banca & Serv Financieros,"COMPRAS, COMEX Y SUPPLY",Jefe de Compras,Buenos Aires,5828116.25,8159362.75
2025-Q1,Banca & Serv Financieros,"COMPRAS, COMEX Y SUPPLY",Jefe de Compras,Cuyo,5128742.3,7180239.22
2025-Q1,Banca & Serv Financieros,"COMPRAS, COMEX Y SUPPLY",Jefe de Compras,Litoral,5361866.95,7506613.73
2025-Q1,Banca & Serv Financieros,"COMPRAS, COMEX Y SUPPLY",Jefe de Compras,NEA,4808195.90625,6731474.26875
2025-Q1,Banca & Serv Financieros,"COMPRAS, COMEX Y SUPPLY",Jefe de Compras,NOA,4953898.8125,6935458.3375
2025-Q1,Banca & Serv Financieros,"COMPRAS, COMEX Y SUPPLY",Jefe de Compras,Patagonia,7285145.3125,10199203.4375
2025-Q1,Consumo masivo,"COMPRAS, COMEX Y SUPPLY",Jefe de Compras,Buenos Aires,3520000,5208878.8984375
2025-Q1,Consumo masivo,"COMPRAS, COMEX Y SUPPLY",Jefe de Compras,Cuyo,3097600,4583813.430625
2025-Q1,Consumo masivo,"COMPRAS, COMEX Y SUPPLY",Jefe de Compras,Litoral,3238400,4792168.5865625
2025-Q1,Consumo masivo,"COMPRAS, COMEX Y SUPPLY",Jefe de Compras,NEA,2904000,4297325.09121094
2025-Q1,Consumo masivo,"COMPRAS, COMEX Y SUPPLY",Jefe de Compras,NOA,2992000,4427547.06367187
2025-Q1,Consumo masivo,"COMPRAS, COMEX Y SUPPLY",Jefe de Compras,Patagonia,4400000,6511098.62304688
2025-Q1,"Gas, Petróleo y Minería","COMPRAS, COMEX Y SUPPLY",Jefe de Compras,Buenos Aires,5828116.25,8159362.75
2025-Q1,"Gas, Petróleo y Minería","COMPRAS, COMEX Y SUPPLY",Jefe de Compras,Cuyo,5128742.3,7180239.22
2025-Q1,"Gas, Petróleo y Minería","COMPRAS, COMEX Y SUPPLY",Jefe de Compras,Litoral,5361866.95,7506613.73
2025-Q1,"Gas, Petróleo y Minería","COMPRAS, COMEX Y SUPPLY",Jefe de Compras,NEA,4808195.90625,6731474.26875
2025-Q1,"Gas, Petróleo y Minería","COMPRAS, COMEX Y SUPPLY",Jefe de Compras,NOA,4953898.8125,6935458.3375
2025-Q1,"Gas, Petróleo y Minería","COMPRAS, COMEX Y SUPPLY",Jefe de Compras,Patagonia,7285145.3125,10199203.4375
2025-Q1,IT,"COMPRAS, COMEX Y SUPPLY",Jefe de Compras,Buenos Aires,4143790.65375,6174890.15
2025-Q1,IT,"COMPRAS, COMEX Y SUPPLY",Jefe de Compras,Cuyo,3646535.7753,5433903.332
2025-Q1,IT,"COMPRAS, COMEX Y SUPPLY",Jefe de Compras,Litoral,3812287.40145,5680898.938
2025-Q1,IT,"COMPRAS, COMEX Y SUPPLY",Jefe de Compras,NEA,3418627.28934375,5094284.37375
2025-Q1,IT,"COMPRAS, COMEX Y SUPPLY",Jefe de Compras,NOA,3522222.0556875,5248656.6275
2025-Q1,IT,"COMPRAS, COMEX Y SUPPLY",Jefe de Compras,Patagonia,5179738.3171875,7718612.6875
2025-Q1,Lab & Pharma,"COMPRAS, COMEX Y SUPPLY",Jefe de Compras,Buenos Aires,4143790.65375,6174890.15
2025-Q1,Lab & Pharma,"COMPRAS, COMEX Y SUPPLY",Jefe de Compras,Cuyo,3646535.7753,5433903.332
2025-Q1,Lab & Pharma,"COMPRAS, COMEX Y SUPPLY",Jefe de Compras,Litoral,3812287.40145,5680898.938
2025-Q1,Lab & Pharma,"COMPRAS, COMEX Y SUPPLY",Jefe de Compras,NEA,3418627.28934375,5094284.37375
2025-Q1,Lab & Pharma,"COMPRAS, COMEX Y SUPPLY",Jefe de Compras,NOA,3522222.0556875,5248656.6275
2025-Q1,Lab & Pharma,"COMPRAS, COMEX Y SUPPLY",Jefe de Compras,Patagonia,5179738.3171875,7718612.6875
2025-Q1,Manufactura,"COMPRAS, COMEX Y SUPPLY",Jefe de Compras,Buenos Aires,3520000,5208878.8984375
2025-Q1,Manufactura,"COMPRAS, COMEX Y SUPPLY",Jefe de Compras,Cuyo,3097600,4583813.430625
2025-Q1,Manufactura,"COMPRAS, COMEX Y SUPPLY",Jefe de Compras,Litoral,3238400,4792168.5865625
2025-Q1,Manufactura,"COMPRAS, COMEX Y SUPPLY",Jefe de Compras,NEA,2904000,4297325.09121094
2025-Q1,Manufactura,"COMPRAS, COMEX Y SUPPLY",Jefe de Compras,NOA,2992000,4427547.06367187
2025-Q1,Manufactura,"COMPRAS, COMEX Y SUPPLY",Jefe de Compras,Patagonia,4400000,6511098.62304688
2025-Q1,Retail & Comercio,"COMPRAS, COMEX Y SUPPLY",Jefe de Compras,Buenos Aires,3520000,5208878.8984375
2025-Q1,Retail & Comercio,"COMPRAS, COMEX Y SUPPLY",Jefe de Compras,Cuyo,3097600,4583813.430625
2025-Q1,Retail & Comercio,"COMPRAS, COMEX Y SUPPLY",Jefe de Compras,Litoral,3238400,4792168.5865625
2025-Q1,Retail & Comercio,"COMPRAS, COMEX Y SUPPLY",Jefe de Compras,NEA,2904000,4297325.09121094
2025-Q1,Retail & Comercio,"COMPRAS, COMEX Y SUPPLY",Jefe de Compras,NOA,2992000,4427547.06367187
2025-Q1,Retail & Comercio,"COMPRAS, COMEX Y SUPPLY",Jefe de Compras,Patagonia,4400000,6511098.62304688
2025-Q1,Servicios,"COMPRAS, COMEX Y SUPPLY",Jefe de Compras,Buenos Aires,4143790.65375,6174889.166875
2025-Q1,Servicios,"COMPRAS, COMEX Y SUPPLY",Jefe de Compras,Cuyo,3646535.7753,5433902.46685
2025-Q1,Servicios,"COMPRAS, COMEX Y SUPPLY",Jefe de Compras,Litoral,3812287.40145,5680898.033525
2025-Q1,Servicios,"COMPRAS, COMEX Y SUPPLY",Jefe de Compras,NEA,3418627.28934375,5094283.56267187
2025-Q1,Servicios,"COMPRAS, COMEX Y SUPPLY",Jefe de Compras,NOA,3522222.0556875,5248655.79184375
2025-Q1,Servicios,"COMPRAS, COMEX Y SUPPLY",Jefe de Compras,Patagonia,5179738.3171875,7718611.45859375
2025-Q1,Transporte y logística,"COMPRAS, COMEX Y SUPPLY",Jefe de Compras,Buenos Aires,3630000,5208878.8984375
2025-Q1,Transporte y logística,"COMPRAS, COMEX Y SUPPLY",Jefe de Compras,Cuyo,3194400,4583813.430625
2025-Q1,Transporte y logística,"COMPRAS, COMEX Y SUPPLY",Jefe de Compras,Litoral,3339600,4792168.5865625
2025-Q1,Transporte y logística,"COMPRAS, COMEX Y SUPPLY",Jefe de Compras,NEA,2994750,4297325.09121094
2025-Q1,Transporte y logística,"COMPRAS, COMEX Y SUPPLY",Jefe de Compras,NOA,3085500,4427547.06367187
2025-Q1,Transporte y logística,"COMPRAS, COMEX Y SUPPLY",Jefe de Compras,Patagonia,4537500,6511098.62304688
2025-Q1,Automotriz,"COMPRAS, COMEX Y SUPPLY",Jefe de Planificación y Demanda,Buenos Aires,5828116.25,8159362.75
2025-Q1,Automotriz,"COMPRAS, COMEX Y SUPPLY",Jefe de Planificación y Demanda,Cuyo,5128742.3,7180239.22
2025-Q1,Automotriz,"COMPRAS, COMEX Y SUPPLY",Jefe de Planificación y Demanda,Litoral,5361866.95,7506613.73
2025-Q1,Automotriz,"COMPRAS, COMEX Y SUPPLY",Jefe de Planificación y Demanda,NEA,4808195.90625,6731474.26875
2025-Q1,Automotriz,"COMPRAS, COMEX Y SUPPLY",Jefe de Planificación y Demanda,NOA,4953898.8125,6935458.3375
2025-Q1,Automotriz,"COMPRAS, COMEX Y SUPPLY",Jefe de Planificación y Demanda,Patagonia,7285145.3125,10199203.4375
2025-Q1,Banca & Serv Financieros,"COMPRAS, COMEX Y SUPPLY",Jefe de Planificación y Demanda,Buenos Aires,0,0
2025-Q1,Banca & Serv Financieros,"COMPRAS, COMEX Y SUPPLY",Jefe de Planificación y Demanda,Cuyo,0,0
2025-Q1,Banca & Serv Financieros,"COMPRAS, COMEX Y SUPPLY",Jefe de Planificación y Demanda,Litoral,0,0
2025-Q1,Banca & Serv Financieros,"COMPRAS, COMEX Y SUPPLY",Jefe de Planificación y Demanda,NEA,0,0
2025-Q1,Banca & Serv Financieros,"COMPRAS, COMEX Y SUPPLY",Jefe de Planificación y Demanda,NOA,0,0
2025-Q1,Banca & Serv Financieros,"COMPRAS, COMEX Y SUPPLY",Jefe de Planificación y Demanda,Patagonia,0,0
2025-Q1,Consumo masivo,"COMPRAS, COMEX Y SUPPLY",Jefe de Planificación y Demanda,Buenos Aires,3850000,5208878.8984375
2025-Q1,Consumo masivo,"COMPRAS, COMEX Y SUPPLY",Jefe de Planificación y Demanda,Cuyo,3388000,4583813.430625
2025-Q1,Consumo masivo,"COMPRAS, COMEX Y SUPPLY",Jefe de Planificación y Demanda,Litoral,3542000,4792168.5865625
2025-Q1,Consumo masivo,"COMPRAS, COMEX Y SUPPLY",Jefe de Planificación y Demanda,NEA,3176250,4297325.09121094
2025-Q1,Consumo masivo,"COMPRAS, COMEX Y SUPPLY",Jefe de Planificación y Demanda,NOA,3272500,4427547.06367187
2025-Q1,Consumo masivo,"COMPRAS, COMEX Y SUPPLY",Jefe de Planificación y Demanda,Patagonia,4812500,6511098.62304688
2025-Q1,"Gas, Petróleo y Minería","COMPRAS, COMEX Y SUPPLY",Jefe de Planificación y Demanda,Buenos Aires,5828116.25,8159362.75
2025-Q1,"Gas, Petróleo y Minería","COMPRAS, COMEX Y SUPPLY",Jefe de Planificación y Demanda,Cuyo,5128742.3,7180239.22
2025-Q1,"Gas, Petróleo y Minería","COMPRAS, COMEX Y SUPPLY",Jefe de Planificación y Demanda,Litoral,5361866.95,7506613.73
2025-Q1,"Gas, Petróleo y Minería","COMPRAS, COMEX Y SUPPLY",Jefe de Planificación y Demanda,NEA,4808195.90625,6731474.26875
2025-Q1,"Gas, Petróleo y Minería","COMPRAS, COMEX Y SUPPLY",Jefe de Planificación y Demanda,NOA,4953898.8125,6935458.3375
2025-Q1,"Gas, Petróleo y Minería","COMPRAS, COMEX Y SUPPLY",Jefe de Planificación y Demanda,Patagonia,7285145.3125,10199203.4375
2025-Q1,IT,"COMPRAS, COMEX Y SUPPLY",Jefe de Planificación y Demanda,Buenos Aires,0,0
2025-Q1,IT,"COMPRAS, COMEX Y SUPPLY",Jefe de Planificación y Demanda,Cuyo,0,0
2025-Q1,IT,"COMPRAS, COMEX Y SUPPLY",Jefe de Planificación y Demanda,Litoral,0,0
2025-Q1,IT,"COMPRAS, COMEX Y SUPPLY",Jefe de Planificación y Demanda,NEA,0,0
2025-Q1,IT,"COMPRAS, COMEX Y SUPPLY",Jefe de Planificación y Demanda,NOA,0,0
2025-Q1,IT,"COMPRAS, COMEX Y SUPPLY",Jefe de Planificación y Demanda,Patagonia,0,0
2025-Q1,Lab & Pharma,"COMPRAS, COMEX Y SUPPLY",Jefe de Planificación y Demanda,Buenos Aires,4143790.65375,6174890.15
2025-Q1,Lab & Pharma,"COMPRAS, COMEX Y SUPPLY",Jefe de Planificación y Demanda,Cuyo,3646535.7753,5433903.332
2025-Q1,Lab & Pharma,"COMPRAS, COMEX Y SUPPLY",Jefe de Planificación y Demanda,Litoral,3812287.40145,5680898.938
2025-Q1,Lab & Pharma,"COMPRAS, COMEX Y SUPPLY",Jefe de Planificación y Demanda,NEA,3418627.28934375,5094284.37375
2025-Q1,Lab & Pharma,"COMPRAS, COMEX Y SUPPLY",Jefe de Planificación y Demanda,NOA,3522222.0556875,5248656.6275
2025-Q1,Lab & Pharma,"COMPRAS, COMEX Y SUPPLY",Jefe de Planificación y Demanda,Patagonia,5179738.3171875,7718612.6875
2025-Q1,Manufactura,"COMPRAS, COMEX Y SUPPLY",Jefe de Planificación y Demanda,Buenos Aires,3850000,5208878.8984375
2025-Q1,Manufactura,"COMPRAS, COMEX Y SUPPLY",Jefe de Planificación y Demanda,Cuyo,3388000,4583813.430625
2025-Q1,Manufactura,"COMPRAS, COMEX Y SUPPLY",Jefe de Planificación y Demanda,Litoral,3542000,4792168.5865625
2025-Q1,Manufactura,"COMPRAS, COMEX Y SUPPLY",Jefe de Planificación y Demanda,NEA,3176250,4297325.09121094
2025-Q1,Manufactura,"COMPRAS, COMEX Y SUPPLY",Jefe de Planificación y Demanda,NOA,3272500,4427547.06367187
2025-Q1,Manufactura,"COMPRAS, COMEX Y SUPPLY",Jefe de Planificación y Demanda,Patagonia,4812500,6511098.62304688
2025-Q1,Retail & Comercio,"COMPRAS, COMEX Y SUPPLY",Jefe de Planificación y Demanda,Buenos Aires,3850000,5208878.8984375
2025-Q1,Retail & Comercio,"COMPRAS, COMEX Y SUPPLY",Jefe de Planificación y Demanda,Cuyo,3388000,4583813.430625
2025-Q1,Retail & Comercio,"COMPRAS, COMEX Y SUPPLY",Jefe de Planificación y Demanda,Litoral,3542000,4792168.5865625
2025-Q1,Retail & Comercio,"COMPRAS, COMEX Y SUPPLY",Jefe de Planificación y Demanda,NEA,3176250,4297325.09121094
2025-Q1,Retail & Comercio,"COMPRAS, COMEX Y SUPPLY",Jefe de Planificación y Demanda,NOA,3272500,4427547.06367187
2025-Q1,Retail & Comercio,"COMPRAS, COMEX Y SUPPLY",Jefe de Planificación y Demanda,Patagonia,4812500,6511098.62304688
2025-Q1,Servicios,"COMPRAS, COMEX Y SUPPLY",Jefe de Planificación y Demanda,Buenos Aires,0,0
2025-Q1,Servicios,"COMPRAS, COMEX Y SUPPLY",Jefe de Planificación y Demanda,Cuyo,0,0
2025-Q1,Servicios,"COMPRAS, COMEX Y SUPPLY",Jefe de Planificación y Demanda,Litoral,0,0
2025-Q1,Servicios,"COMPRAS, COMEX Y SUPPLY",Jefe de Planificación y Demanda,NEA,0,0
2025-Q1,Servicios,"COMPRAS, COMEX Y SUPPLY",Jefe de Planificación y Demanda,NOA,0,0
2025-Q1,Servicios,"COMPRAS, COMEX Y SUPPLY",Jefe de Planificación y Demanda,Patagonia,0,0
2025-Q1,Transporte y logística,"COMPRAS, COMEX Y SUPPLY",Jefe de Planificación y Demanda,Buenos Aires,0,0
2025-Q1,Transporte y logística,"COMPRAS, COMEX Y SUPPLY",Jefe de Planificación y Demanda,Cuyo,0,0
2025-Q1,Transporte y logística,"COMPRAS, COMEX Y SUPPLY",Jefe de Planificación y Demanda,Litoral,0,0
2025-Q1,Transporte y logística,"COMPRAS, COMEX Y SUPPLY",Jefe de Planificación y Demanda,NEA,0,0
2025-Q1,Transporte y logística,"COMPRAS, COMEX Y SUPPLY",Jefe de Planificación y Demanda,NOA,0,0
2025-Q1,Transporte y logística,"COMPRAS, COMEX Y SUPPLY",Jefe de Planificación y Demanda,Patagonia,0,0
2025-Q1,Automotriz,"COMPRAS, COMEX Y SUPPLY",Jefe de Supply Chain,Buenos Aires,5828116.25,8159362.75
2025-Q1,Automotriz,"COMPRAS, COMEX Y SUPPLY",Jefe de Supply Chain,Cuyo,5128742.3,7180239.22
2025-Q1,Automotriz,"COMPRAS, COMEX Y SUPPLY",Jefe de Supply Chain,Litoral,5361866.95,7506613.73
2025-Q1,Automotriz,"COMPRAS, COMEX Y SUPPLY",Jefe de Supply Chain,NEA,4808195.90625,6731474.26875
2025-Q1,Automotriz,"COMPRAS, COMEX Y SUPPLY",Jefe de Supply Chain,NOA,4953898.8125,6935458.3375
2025-Q1,Automotriz,"COMPRAS, COMEX Y SUPPLY",Jefe de Supply Chain,Patagonia,7285145.3125,10199203.4375
2025-Q1,Banca & Serv Financieros,"COMPRAS, COMEX Y SUPPLY",Jefe de Supply Chain,Buenos Aires,5828116.25,8159362.75
2025-Q1,Banca & Serv Financieros,"COMPRAS, COMEX Y SUPPLY",Jefe de Supply Chain,Cuyo,5128742.3,7180239.22
2025-Q1,Banca & Serv Financieros,"COMPRAS, COMEX Y SUPPLY",Jefe de Supply Chain,Litoral,5361866.95,7506613.73
2025-Q1,Banca & Serv Financieros,"COMPRAS, COMEX Y SUPPLY",Jefe de Supply Chain,NEA,4808195.90625,6731474.26875
2025-Q1,Banca & Serv Financieros,"COMPRAS, COMEX Y SUPPLY",Jefe de Supply Chain,NOA,4953898.8125,6935458.3375
2025-Q1,Banca & Serv Financieros,"COMPRAS, COMEX Y SUPPLY",Jefe de Supply Chain,Patagonia,7285145.3125,10199203.4375
2025-Q1,Consumo masivo,"COMPRAS, COMEX Y SUPPLY",Jefe de Supply Chain,Buenos Aires,3850000,5428878.8984375
2025-Q1,Consumo masivo,"COMPRAS, COMEX Y SUPPLY",Jefe de Supply Chain,Cuyo,3388000,4777413.430625
2025-Q1,Consumo masivo,"COMPRAS, COMEX Y SUPPLY",Jefe de Supply Chain,Litoral,3542000,4994568.5865625
2025-Q1,Consumo masivo,"COMPRAS, COMEX Y SUPPLY",Jefe de Supply Chain,NEA,3176250,4478825.09121094
2025-Q1,Consumo masivo,"COMPRAS, COMEX Y SUPPLY",Jefe de Supply Chain,NOA,3272500,4614547.06367187
2025-Q1,Consumo masivo,"COMPRAS, COMEX Y SUPPLY",Jefe de Supply Chain,Patagonia,4812500,6786098.62304688
2025-Q1,"Gas, Petróleo y Minería","COMPRAS, COMEX Y SUPPLY",Jefe de Supply Chain,Buenos Aires,5828116.25,8159362.75
2025-Q1,"Gas, Petróleo y Minería","COMPRAS, COMEX Y SUPPLY",Jefe de Supply Chain,Cuyo,5128742.3,7180239.22
2025-Q1,"Gas, Petróleo y Minería","COMPRAS, COMEX Y SUPPLY",Jefe de Supply Chain,Litoral,5361866.95,7506613.73
2025-Q1,"Gas, Petróleo y Minería","COMPRAS, COMEX Y SUPPLY",Jefe de Supply Chain,NEA,4808195.90625,6731474.26875
2025-Q1,"Gas, Petróleo y Minería","COMPRAS, COMEX Y SUPPLY",Jefe de Supply Chain,NOA,4953898.8125,6935458.3375
2025-Q1,"Gas, Petróleo y Minería","COMPRAS, COMEX Y SUPPLY",Jefe de Supply Chain,Patagonia,7285145.3125,10199203.4375
2025-Q1,IT,"COMPRAS, COMEX Y SUPPLY",Jefe de Supply Chain,Buenos Aires,4143790.65375,6174890.15
2025-Q1,IT,"COMPRAS, COMEX Y SUPPLY",Jefe de Supply Chain,Cuyo,3646535.7753,5433903.332
2025-Q1,IT,"COMPRAS, COMEX Y SUPPLY",Jefe de Supply Chain,Litoral,3812287.40145,5680898.938
2025-Q1,IT,"COMPRAS, COMEX Y SUPPLY",Jefe de Supply Chain,NEA,3418627.28934375,5094284.37375
2025-Q1,IT,"COMPRAS, COMEX Y SUPPLY",Jefe de Supply Chain,NOA,3522222.0556875,5248656.6275
2025-Q1,IT,"COMPRAS, COMEX Y SUPPLY",Jefe de Supply Chain,Patagonia,5179738.3171875,7718612.6875
2025-Q1,Lab & Pharma,"COMPRAS, COMEX Y SUPPLY",Jefe de Supply Chain,Buenos Aires,4143790.65375,6174890.15
2025-Q1,Lab & Pharma,"COMPRAS, COMEX Y SUPPLY",Jefe de Supply Chain,Cuyo,3646535.7753,5433903.332
2025-Q1,Lab & Pharma,"COMPRAS, COMEX Y SUPPLY",Jefe de Supply Chain,Litoral,3812287.40145,5680898.938
2025-Q1,Lab & Pharma,"COMPRAS, COMEX Y SUPPLY",Jefe de Supply Chain,NEA,3418627.28934375,5094284.37375
2025-Q1,Lab & Pharma,"COMPRAS, COMEX Y SUPPLY",Jefe de Supply Chain,NOA,3522222.0556875,5248656.6275
2025-Q1,Lab & Pharma,"COMPRAS, COMEX Y SUPPLY",Jefe de Supply Chain,Patagonia,5179738.3171875,7718612.6875
2025-Q1,Manufactura,"COMPRAS, COMEX Y SUPPLY",Jefe de Supply Chain,Buenos Aires,3850000,5428878.8984375
2025-Q1,Manufactura,"COMPRAS, COMEX Y SUPPLY",Jefe de Supply Chain,Cuyo,3388000,4777413.430625
2025-Q1,Manufactura,"COMPRAS, COMEX Y SUPPLY",Jefe de Supply Chain,Litoral,3542000,4994568.5865625
2025-Q1,Manufactura,"COMPRAS, COMEX Y SUPPLY",Jefe de Supply Chain,NEA,3176250,4478825.09121094
2025-Q1,Manufactura,"COMPRAS, COMEX Y SUPPLY",Jefe de Supply Chain,NOA,3272500,4614547.06367187
2025-Q1,Manufactura,"COMPRAS, COMEX Y SUPPLY",Jefe de Supply Chain,Patagonia,4812500,6786098.62304688
2025-Q1,Retail & Comercio,"COMPRAS, COMEX Y SUPPLY",Jefe de Supply Chain,Buenos Aires,3850000,5428878.8984375
2025-Q1,Retail & Comercio,"COMPRAS, COMEX Y SUPPLY",Jefe de Supply Chain,Cuyo,3388000,4777413.430625
2025-Q1,Retail & Comercio,"COMPRAS, COMEX Y SUPPLY",Jefe de Supply Chain,Litoral,3542000,4994568.5865625
2025-Q1,Retail & Comercio,"COMPRAS, COMEX Y SUPPLY",Jefe de Supply Chain,NEA,3176250,4478825.09121094
2025-Q1,Retail & Comercio,"COMPRAS, COMEX Y SUPPLY",Jefe de Supply Chain,NOA,3272500,4614547.06367187
2025-Q1,Retail & Comercio,"COMPRAS, COMEX Y SUPPLY",Jefe de Supply Chain,Patagonia,4812500,6786098.62304688
2025-Q1,Servicios,"COMPRAS, COMEX Y SUPPLY",Jefe de Supply Chain,Buenos Aires,4143790.65375,6174889.166875
2025-Q1,Servicios,"COMPRAS, COMEX Y SUPPLY",Jefe de Supply Chain,Cuyo,3646535.7753,5433902.46685
2025-Q1,Servicios,"COMPRAS, COMEX Y SUPPLY",Jefe de Supply Chain,Litoral,3812287.40145,5680898.033525
2025-Q1,Servicios,"COMPRAS, COMEX Y SUPPLY",Jefe de Supply Chain,NEA,3418627.28934375,5094283.56267187
2025-Q1,Servicios,"COMPRAS, COMEX Y SUPPLY",Jefe de Supply Chain,NOA,3522222.0556875,5248655.79184375
2025-Q1,Servicios,"COMPRAS, COMEX Y SUPPLY",Jefe de Supply Chain,Patagonia,5179738.3171875,7718611.45859375
2025-Q1,Transporte y logística,"COMPRAS, COMEX Y SUPPLY",Jefe de Supply Chain,Buenos Aires,3850000,5428878.8984375
2025-Q1,Transporte y logística,"COMPRAS, COMEX Y SUPPLY",Jefe de Supply Chain,Cuyo,3388000,4777413.430625
2025-Q1,Transporte y logística,"COMPRAS, COMEX Y SUPPLY",Jefe de Supply Chain,Litoral,3542000,4994568.5865625
2025-Q1,Transporte y logística,"COMPRAS, COMEX Y SUPPLY",Jefe de Supply Chain,NEA,3176250,4478825.09121094
2025-Q1,Transporte y logística,"COMPRAS, COMEX Y SUPPLY",Jefe de Supply Chain,NOA,3272500,4614547.06367187
2025-Q1,Transporte y logística,"COMPRAS, COMEX Y SUPPLY",Jefe de Supply Chain,Patagonia,4812500,6786098.62304688
2025-Q1,Automotriz,ADMINISTRACION Y FINANZAS,Abogado Corporativo,Buenos Aires,1957992.96,2576980.56
2025-Q1,Automotriz,ADMINISTRACION Y FINANZAS,Abogado Corporativo,Cuyo,1723033.8048,2267742.8928
2025-Q1,Automotriz,ADMINISTRACION Y FINANZAS,Abogado Corporativo,Litoral,1801353.5232,2370822.1152
2025-Q1,Automotriz,ADMINISTRACION Y FINANZAS,Abogado Corporativo,NEA,1615344.192,2126008.962
2025-Q1,Automotriz,ADMINISTRACION Y FINANZAS,Abogado Corporativo,NOA,1664294.016,2190433.476
2025-Q1,Automotriz,ADMINISTRACION Y FINANZAS,Abogado Corporativo,Patagonia,2447491.2,3221225.7
2025-Q1,Banca & Serv Financieros,ADMINISTRACION Y FINANZAS,Abogado Corporativo,Buenos Aires,1946443.268,2898973.24493038
2025-Q1,Banca & Serv Financieros,ADMINISTRACION Y FINANZAS,Abogado Corporativo,Cuyo,1712870.07584,2551096.45553873
2025-Q1,Banca & Serv Financieros,ADMINISTRACION Y FINANZAS,Abogado Corporativo,Litoral,1790727.80656,2667055.38533595
2025-Q1,Banca & Serv Financieros,ADMINISTRACION Y FINANZAS,Abogado Corporativo,NEA,1605815.6961,2391652.92706756
2025-Q1,Banca & Serv Financieros,ADMINISTRACION Y FINANZAS,Abogado Corporativo,NOA,1654476.7778,2464127.25819082
2025-Q1,Banca & Serv Financieros,ADMINISTRACION Y FINANZAS,Abogado Corporativo,Patagonia,2433054.085,3623716.55616297
2025-Q1,Consumo masivo,ADMINISTRACION Y FINANZAS,Abogado Corporativo,Buenos Aires,1957992.96,2576743.4
2025-Q1,Consumo masivo,ADMINISTRACION Y FINANZAS,Abogado Corporativo,Cuyo,1723033.8048,2267534.192
2025-Q1,Consumo masivo,ADMINISTRACION Y FINANZAS,Abogado Corporativo,Litoral,1801353.5232,2370603.928
2025-Q1,Consumo masivo,ADMINISTRACION Y FINANZAS,Abogado Corporativo,NEA,1615344.192,2125813.305
2025-Q1,Consumo masivo,ADMINISTRACION Y FINANZAS,Abogado Corporativo,NOA,1664294.016,2190231.89
2025-Q1,Consumo masivo,ADMINISTRACION Y FINANZAS,Abogado Corporativo,Patagonia,2447491.2,3220929.25
2025-Q1,"Gas, Petróleo y Minería",ADMINISTRACION Y FINANZAS,Abogado Corporativo,Buenos Aires,1957992.96,2576743.4
2025-Q1,"Gas, Petróleo y Minería",ADMINISTRACION Y FINANZAS,Abogado Corporativo,Cuyo,1723033.8048,2267534.192
2025-Q1,"Gas, Petróleo y Minería",ADMINISTRACION Y FINANZAS,Abogado Corporativo,Litoral,1801353.5232,2370603.928
2025-Q1,"Gas, Petróleo y Minería",ADMINISTRACION Y FINANZAS,Abogado Corporativo,NEA,1615344.192,2125813.305
2025-Q1,"Gas, Petróleo y Minería",ADMINISTRACION Y FINANZAS,Abogado Corporativo,NOA,1664294.016,2190231.89
2025-Q1,"Gas, Petróleo y Minería",ADMINISTRACION Y FINANZAS,Abogado Corporativo,Patagonia,2447491.2,3220929.25
2025-Q1,IT,ADMINISTRACION Y FINANZAS,Abogado Corporativo,Buenos Aires,1946372.12,2899103.13
2025-Q1,IT,ADMINISTRACION Y FINANZAS,Abogado Corporativo,Cuyo,1712807.4656,2551210.7544
2025-Q1,IT,ADMINISTRACION Y FINANZAS,Abogado Corporativo,Litoral,1790662.3504,2667174.8796
2025-Q1,IT,ADMINISTRACION Y FINANZAS,Abogado Corporativo,NEA,1605756.999,2391760.08225
2025-Q1,IT,ADMINISTRACION Y FINANZAS,Abogado Corporativo,NOA,1654416.302,2464237.6605
2025-Q1,IT,ADMINISTRACION Y FINANZAS,Abogado Corporativo,Patagonia,2432965.15,3623878.9125
2025-Q1,Lab & Pharma,ADMINISTRACION Y FINANZAS,Abogado Corporativo,Buenos Aires,1946443.268,2899103.13
2025-Q1,Lab & Pharma,ADMINISTRACION Y FINANZAS,Abogado Corporativo,Cuyo,1712870.07584,2551210.7544
2025-Q1,Lab & Pharma,ADMINISTRACION Y FINANZAS,Abogado Corporativo,Litoral,1790727.80656,2667174.8796
2025-Q1,Lab & Pharma,ADMINISTRACION Y FINANZAS,Abogado Corporativo,NEA,1605815.6961,2391760.08225
2025-Q1,Lab & Pharma,ADMINISTRACION Y FINANZAS,Abogado Corporativo,NOA,1654476.7778,2464237.6605
2025-Q1,Lab & Pharma,ADMINISTRACION Y FINANZAS,Abogado Corporativo,Patagonia,2433054.085,3623878.9125
2025-Q1,Manufactura,ADMINISTRACION Y FINANZAS,Abogado Corporativo,Buenos Aires,2108648.5538576,2899043.84
2025-Q1,Manufactura,ADMINISTRACION Y FINANZAS,Abogado Corporativo,Cuyo,1855610.72739469,2551158.5792
2025-Q1,Manufactura,ADMINISTRACION Y FINANZAS,Abogado Corporativo,Litoral,1939956.66954899,2667120.3328
2025-Q1,Manufactura,ADMINISTRACION Y FINANZAS,Abogado Corporativo,NEA,1739635.05693252,2391711.168
2025-Q1,Manufactura,ADMINISTRACION Y FINANZAS,Abogado Corporativo,NOA,1792351.27077896,2464187.264
2025-Q1,Manufactura,ADMINISTRACION Y FINANZAS,Abogado Corporativo,Patagonia,2635810.692322,3623804.8
2025-Q1,Retail & Comercio,ADMINISTRACION Y FINANZAS,Abogado Corporativo,Buenos Aires,1957992.96,2576980.56
2025-Q1,Retail & Comercio,ADMINISTRACION Y FINANZAS,Abogado Corporativo,Cuyo,1723033.8048,2267742.8928
2025-Q1,Retail & Comercio,ADMINISTRACION Y FINANZAS,Abogado Corporativo,Litoral,1801353.5232,2370822.1152
2025-Q1,Retail & Comercio,ADMINISTRACION Y FINANZAS,Abogado Corporativo,NEA,1615344.192,2126008.962
2025-Q1,Retail & Comercio,ADMINISTRACION Y FINANZAS,Abogado Corporativo,NOA,1664294.016,2190433.476
2025-Q1,Retail & Comercio,ADMINISTRACION Y FINANZAS,Abogado Corporativo,Patagonia,2447491.2,3221225.7
2025-Q1,Servicios,ADMINISTRACION Y FINANZAS,Abogado Corporativo,Buenos Aires,1807556.13753694,2415830.34
2025-Q1,Servicios,ADMINISTRACION Y FINANZAS,Abogado Corporativo,Cuyo,1590649.40103251,2125930.6992
2025-Q1,Servicios,ADMINISTRACION Y FINANZAS,Abogado Corporativo,Litoral,1662951.64653398,2222563.9128
2025-Q1,Servicios,ADMINISTRACION Y FINANZAS,Abogado Corporativo,NEA,1491233.81346798,1993060.0305
2025-Q1,Servicios,ADMINISTRACION Y FINANZAS,Abogado Corporativo,NOA,1536422.7169064,2053455.789
2025-Q1,Servicios,ADMINISTRACION Y FINANZAS,Abogado Corporativo,Patagonia,2259445.17192117,3019787.925
2025-Q1,Transporte y logística,ADMINISTRACION Y FINANZAS,Abogado Corporativo,Buenos Aires,1963210.69996242,2582079.5
2025-Q1,Transporte y logística,ADMINISTRACION Y FINANZAS,Abogado Corporativo,Cuyo,1727625.41596693,2272229.96
2025-Q1,Transporte y logística,ADMINISTRACION Y FINANZAS,Abogado Corporativo,Litoral,1806153.84396543,2375513.14
2025-Q1,Transporte y logística,ADMINISTRACION Y FINANZAS,Abogado Corporativo,NEA,1619648.827469,2130215.5875
2025-Q1,Transporte y logística,ADMINISTRACION Y FINANZAS,Abogado Corporativo,NOA,1668729.09496806,2194767.575
2025-Q1,Transporte y logística,ADMINISTRACION Y FINANZAS,Abogado Corporativo,Patagonia,2454013.37495303,3227599.375
2025-Q1,Automotriz,ADMINISTRACION Y FINANZAS,Analista de Administración y finanzas,Buenos Aires,1603104.8,2414506.6
2025-Q1,Automotriz,ADMINISTRACION Y FINANZAS,Analista de Administración y finanzas,Cuyo,1410732.224,2124765.808
2025-Q1,Automotriz,ADMINISTRACION Y FINANZAS,Analista de Administración y finanzas,Litoral,1474856.416,2221346.072
2025-Q1,Automotriz,ADMINISTRACION Y FINANZAS,Analista de Administración y finanzas,NEA,1322561.46,1991967.945
2025-Q1,Automotriz,ADMINISTRACION Y FINANZAS,Analista de Administración y finanzas,NOA,1362639.08,2052330.61
2025-Q1,Automotriz,ADMINISTRACION Y FINANZAS,Analista de Administración y finanzas,Patagonia,2003881,3018133.25
2025-Q1,Banca & Serv Financieros,ADMINISTRACION Y FINANZAS,Analista de Administración y finanzas,Buenos Aires,1717673.70461518,2548744
2025-Q1,Banca & Serv Financieros,ADMINISTRACION Y FINANZAS,Analista de Administración y finanzas,Cuyo,1511552.86006136,2242894.72
2025-Q1,Banca & Serv Financieros,ADMINISTRACION Y FINANZAS,Analista de Administración y finanzas,Litoral,1580259.80824597,2344844.48
2025-Q1,Banca & Serv Financieros,ADMINISTRACION Y FINANZAS,Analista de Administración y finanzas,NEA,1417080.80630752,2102713.8
2025-Q1,Banca & Serv Financieros,ADMINISTRACION Y FINANZAS,Analista de Administración y finanzas,NOA,1460022.6489229,2166432.4
2025-Q1,Banca & Serv Financieros,ADMINISTRACION Y FINANZAS,Analista de Administración y finanzas,Patagonia,2147092.13076897,3185930
2025-Q1,Consumo masivo,ADMINISTRACION Y FINANZAS,Analista de Administración y finanzas,Buenos Aires,1603008,2414506.6
2025-Q1,Consumo masivo,ADMINISTRACION Y FINANZAS,Analista de Administración y finanzas,Cuyo,1410647.04,2124765.808
2025-Q1,Consumo masivo,ADMINISTRACION Y FINANZAS,Analista de Administración y finanzas,Litoral,1474767.36,2221346.072
2025-Q1,Consumo masivo,ADMINISTRACION Y FINANZAS,Analista de Administración y finanzas,NEA,1322481.6,1991967.945
2025-Q1,Consumo masivo,ADMINISTRACION Y FINANZAS,Analista de Administración y finanzas,NOA,1362556.8,2052330.61
2025-Q1,Consumo masivo,ADMINISTRACION Y FINANZAS,Analista de Administración y finanzas,Patagonia,2003760,3018133.25
2025-Q1,"Gas, Petróleo y Minería",ADMINISTRACION Y FINANZAS,Analista de Administración y finanzas,Buenos Aires,1832242.98805572,2682981.6128201
2025-Q1,"Gas, Petróleo y Minería",ADMINISTRACION Y FINANZAS,Analista de Administración y finanzas,Cuyo,1612373.82948903,2361023.81928169
2025-Q1,"Gas, Petróleo y Minería",ADMINISTRACION Y FINANZAS,Analista de Administración y finanzas,Litoral,1685663.54901126,2468343.08379449
2025-Q1,"Gas, Petróleo y Minería",ADMINISTRACION Y FINANZAS,Analista de Administración y finanzas,NEA,1511600.46514597,2213459.83057658
2025-Q1,"Gas, Petróleo y Minería",ADMINISTRACION Y FINANZAS,Analista de Administración y finanzas,NOA,1557406.53984736,2280534.37089708
2025-Q1,"Gas, Petróleo y Minería",ADMINISTRACION Y FINANZAS,Analista de Administración y finanzas,Patagonia,2290303.73506965,3353727.01602513
2025-Q1,IT,ADMINISTRACION Y FINANZAS,Analista de Administración y finanzas,Buenos Aires,1832242.98805572,2682981.6128201
2025-Q1,IT,ADMINISTRACION Y FINANZAS,Analista de Administración y finanzas,Cuyo,1612373.82948903,2361023.81928169
2025-Q1,IT,ADMINISTRACION Y FINANZAS,Analista de Administración y finanzas,Litoral,1685663.54901126,2468343.08379449
2025-Q1,IT,ADMINISTRACION Y FINANZAS,Analista de Administración y finanzas,NEA,1511600.46514597,2213459.83057658
2025-Q1,IT,ADMINISTRACION Y FINANZAS,Analista de Administración y finanzas,NOA,1557406.53984736,2280534.37089708
2025-Q1,IT,ADMINISTRACION Y FINANZAS,Analista de Administración y finanzas,Patagonia,2290303.73506965,3353727.01602513
2025-Q1,Lab & Pharma,ADMINISTRACION Y FINANZAS,Analista de Administración y finanzas,Buenos Aires,1717673.70461518,2548744
2025-Q1,Lab & Pharma,ADMINISTRACION Y FINANZAS,Analista de Administración y finanzas,Cuyo,1511552.86006136,2242894.72
2025-Q1,Lab & Pharma,ADMINISTRACION Y FINANZAS,Analista de Administración y finanzas,Litoral,1580259.80824597,2344844.48
2025-Q1,Lab & Pharma,ADMINISTRACION Y FINANZAS,Analista de Administración y finanzas,NEA,1417080.80630752,2102713.8
2025-Q1,Lab & Pharma,ADMINISTRACION Y FINANZAS,Analista de Administración y finanzas,NOA,1460022.6489229,2166432.4
2025-Q1,Lab & Pharma,ADMINISTRACION Y FINANZAS,Analista de Administración y finanzas,Patagonia,2147092.13076897,3185930
2025-Q1,Manufactura,ADMINISTRACION Y FINANZAS,Analista de Administración y finanzas,Buenos Aires,1832241.77805572,2682993.5
2025-Q1,Manufactura,ADMINISTRACION Y FINANZAS,Analista de Administración y finanzas,Cuyo,1612372.76468903,2361034.28
2025-Q1,Manufactura,ADMINISTRACION Y FINANZAS,Analista de Administración y finanzas,Litoral,1685662.43581126,2468354.02
2025-Q1,Manufactura,ADMINISTRACION Y FINANZAS,Analista de Administración y finanzas,NEA,1511599.46689597,2213469.6375
2025-Q1,Manufactura,ADMINISTRACION Y FINANZAS,Analista de Administración y finanzas,NOA,1557405.51134736,2280544.475
2025-Q1,Manufactura,ADMINISTRACION Y FINANZAS,Analista de Administración y finanzas,Patagonia,2290302.22256965,3353741.875
2025-Q1,Retail & Comercio,ADMINISTRACION Y FINANZAS,Analista de Administración y finanzas,Buenos Aires,1603104.42117465,2280517.78141687
2025-Q1,Retail & Comercio,ADMINISTRACION Y FINANZAS,Analista de Administración y finanzas,Cuyo,1410731.89063369,2006855.64764685
2025-Q1,Retail & Comercio,ADMINISTRACION Y FINANZAS,Analista de Administración y finanzas,Litoral,1474856.06748068,2098076.35890352
2025-Q1,Retail & Comercio,ADMINISTRACION Y FINANZAS,Analista de Administración y finanzas,NEA,1322561.14746909,1881427.16966892
2025-Q1,Retail & Comercio,ADMINISTRACION Y FINANZAS,Analista de Administración y finanzas,NOA,1362638.75799845,1938440.11420434
2025-Q1,Retail & Comercio,ADMINISTRACION Y FINANZAS,Analista de Administración y finanzas,Patagonia,2003880.52646831,2850647.22677109
2025-Q1,Servicios,ADMINISTRACION Y FINANZAS,Analista de Administración y finanzas,Buenos Aires,1603104.42117465,2280517.78141687
2025-Q1,Servicios,ADMINISTRACION Y FINANZAS,Analista de Administración y finanzas,Cuyo,1410731.89063369,2006855.64764685
2025-Q1,Servicios,ADMINISTRACION Y FINANZAS,Analista de Administración y finanzas,Litoral,1474856.06748068,2098076.35890352
2025-Q1,Servicios,ADMINISTRACION Y FINANZAS,Analista de Administración y finanzas,NEA,1322561.14746909,1881427.16966892
2025-Q1,Servicios,ADMINISTRACION Y FINANZAS,Analista de Administración y finanzas,NOA,1362638.75799845,1938440.11420434
2025-Q1,Servicios,ADMINISTRACION Y FINANZAS,Analista de Administración y finanzas,Patagonia,2003880.52646831,2850647.22677109
2025-Q1,Transporte y logística,ADMINISTRACION Y FINANZAS,Analista de Administración y finanzas,Buenos Aires,1711738.6,2544993
2025-Q1,Transporte y logística,ADMINISTRACION Y FINANZAS,Analista de Administración y finanzas,Cuyo,1506329.968,2239593.84
2025-Q1,Transporte y logística,ADMINISTRACION Y FINANZAS,Analista de Administración y finanzas,Litoral,1574799.512,2341393.56
2025-Q1,Transporte y logística,ADMINISTRACION Y FINANZAS,Analista de Administración y finanzas,NEA,1412184.345,2099619.225
2025-Q1,Transporte y logística,ADMINISTRACION Y FINANZAS,Analista de Administración y finanzas,NOA,1454977.81,2163244.05
2025-Q1,Transporte y logística,ADMINISTRACION Y FINANZAS,Analista de Administración y finanzas,Patagonia,2139673.25,3181241.25
2025-Q1,Automotriz,ADMINISTRACION Y FINANZAS,Analista de Auditoría,Buenos Aires,2162356.02114857,3208094.6855958
2025-Q1,Automotriz,ADMINISTRACION Y FINANZAS,Analista de Auditoría,Cuyo,1902873.29861074,2823123.3233243
2025-Q1,Automotriz,ADMINISTRACION Y FINANZAS,Analista de Auditoría,Litoral,1989367.53945668,2951447.11074814
2025-Q1,Automotriz,ADMINISTRACION Y FINANZAS,Analista de Auditoría,NEA,1783943.71744757,2646678.11561653
2025-Q1,Automotriz,ADMINISTRACION Y FINANZAS,Analista de Auditoría,NOA,1838002.61797628,2726880.48275643
2025-Q1,Automotriz,ADMINISTRACION Y FINANZAS,Analista de Auditoría,Patagonia,2702945.02643571,4010118.35699475
2025-Q1,Banca & Serv Financieros,ADMINISTRACION Y FINANZAS,Analista de Auditoría,Buenos Aires,2450779.14309678,3430665.56943422
2025-Q1,Banca & Serv Financieros,ADMINISTRACION Y FINANZAS,Analista de Auditoría,Cuyo,2156685.64592517,3018985.70110211
2025-Q1,Banca & Serv Financieros,ADMINISTRACION Y FINANZAS,Analista de Auditoría,Litoral,2254716.81164904,3156212.32387948
2025-Q1,Banca & Serv Financieros,ADMINISTRACION Y FINANZAS,Analista de Auditoría,NEA,2021892.79305484,2830299.09478323
2025-Q1,Banca & Serv Financieros,ADMINISTRACION Y FINANZAS,Analista de Auditoría,NOA,2083162.27163226,2916065.73401909
2025-Q1,Banca & Serv Financieros,ADMINISTRACION Y FINANZAS,Analista de Auditoría,Patagonia,3063473.92887098,4288331.96179277
2025-Q1,Consumo masivo,ADMINISTRACION Y FINANZAS,Analista de Auditoría,Buenos Aires,2306683.1426174,3386245.75291873
2025-Q1,Consumo masivo,ADMINISTRACION Y FINANZAS,Analista de Auditoría,Cuyo,2029881.16550331,2979896.26256848
2025-Q1,Consumo masivo,ADMINISTRACION Y FINANZAS,Analista de Auditoría,Litoral,2122148.49120801,3115346.09268523
2025-Q1,Consumo masivo,ADMINISTRACION Y FINANZAS,Analista de Auditoría,NEA,1903013.59265935,2793652.74615795
2025-Q1,Consumo masivo,ADMINISTRACION Y FINANZAS,Analista de Auditoría,NOA,1960680.67122479,2878308.88998092
2025-Q1,Consumo masivo,ADMINISTRACION Y FINANZAS,Analista de Auditoría,Patagonia,2883353.92827175,4232807.19114841
2025-Q1,"Gas, Petróleo y Minería",ADMINISTRACION Y FINANZAS,Analista de Auditoría,Buenos Aires,2306683.1426174,3386245.75291873
2025-Q1,"Gas, Petróleo y Minería",ADMINISTRACION Y FINANZAS,Analista de Auditoría,Cuyo,2029881.16550331,2979896.26256848
2025-Q1,"Gas, Petróleo y Minería",ADMINISTRACION Y FINANZAS,Analista de Auditoría,Litoral,2122148.49120801,3115346.09268523
2025-Q1,"Gas, Petróleo y Minería",ADMINISTRACION Y FINANZAS,Analista de Auditoría,NEA,1903013.59265935,2793652.74615795
2025-Q1,"Gas, Petróleo y Minería",ADMINISTRACION Y FINANZAS,Analista de Auditoría,NOA,1960680.67122479,2878308.88998092
2025-Q1,"Gas, Petróleo y Minería",ADMINISTRACION Y FINANZAS,Analista de Auditoría,Patagonia,2883353.92827175,4232807.19114841
2025-Q1,IT,ADMINISTRACION Y FINANZAS,Analista de Auditoría,Buenos Aires,2450782.77309678,3430664.35943422
2025-Q1,IT,ADMINISTRACION Y FINANZAS,Analista de Auditoría,Cuyo,2156688.84032517,3018984.63630211
2025-Q1,IT,ADMINISTRACION Y FINANZAS,Analista de Auditoría,Litoral,2254720.15124904,3156211.21067948
2025-Q1,IT,ADMINISTRACION Y FINANZAS,Analista de Auditoría,NEA,2021895.78780484,2830298.09653323
2025-Q1,IT,ADMINISTRACION Y FINANZAS,Analista de Auditoría,NOA,2083165.35713226,2916064.70551909
2025-Q1,IT,ADMINISTRACION Y FINANZAS,Analista de Auditoría,Patagonia,3063478.46637097,4288330.44929278
2025-Q1,Lab & Pharma,ADMINISTRACION Y FINANZAS,Analista de Auditoría,Buenos Aires,2450782.77309678,3430664.35943422
2025-Q1,Lab & Pharma,ADMINISTRACION Y FINANZAS,Analista de Auditoría,Cuyo,2156688.84032517,3018984.63630211
2025-Q1,Lab & Pharma,ADMINISTRACION Y FINANZAS,Analista de Auditoría,Litoral,2254720.15124904,3156211.21067948
2025-Q1,Lab & Pharma,ADMINISTRACION Y FINANZAS,Analista de Auditoría,NEA,2021895.78780484,2830298.09653323
2025-Q1,Lab & Pharma,ADMINISTRACION Y FINANZAS,Analista de Auditoría,NOA,2083165.35713226,2916064.70551909
2025-Q1,Lab & Pharma,ADMINISTRACION Y FINANZAS,Analista de Auditoría,Patagonia,3063478.46637097,4288330.44929278
2025-Q1,Manufactura,ADMINISTRACION Y FINANZAS,Analista de Auditoría,Buenos Aires,2450782.77309678,3430664.35943422
2025-Q1,Manufactura,ADMINISTRACION Y FINANZAS,Analista de Auditoría,Cuyo,2156688.84032517,3018984.63630211
2025-Q1,Manufactura,ADMINISTRACION Y FINANZAS,Analista de Auditoría,Litoral,2254720.15124904,3156211.21067948
2025-Q1,Manufactura,ADMINISTRACION Y FINANZAS,Analista de Auditoría,NEA,2021895.78780484,2830298.09653323
2025-Q1,Manufactura,ADMINISTRACION Y FINANZAS,Analista de Auditoría,NOA,2083165.35713226,2916064.70551909
2025-Q1,Manufactura,ADMINISTRACION Y FINANZAS,Analista de Auditoría,Patagonia,3063478.46637097,4288330.44929278
2025-Q1,Retail & Comercio,ADMINISTRACION Y FINANZAS,Analista de Auditoría,Buenos Aires,2306684.35261739,3386244.54291873
2025-Q1,Retail & Comercio,ADMINISTRACION Y FINANZAS,Analista de Auditoría,Cuyo,2029882.2303033,2979895.19776848
2025-Q1,Retail & Comercio,ADMINISTRACION Y FINANZAS,Analista de Auditoría,Litoral,2122149.604408,3115344.97948523
2025-Q1,Retail & Comercio,ADMINISTRACION Y FINANZAS,Analista de Auditoría,NEA,1903014.59090935,2793651.74790795
2025-Q1,Retail & Comercio,ADMINISTRACION Y FINANZAS,Analista de Auditoría,NOA,1960681.69972478,2878307.86148092
2025-Q1,Retail & Comercio,ADMINISTRACION Y FINANZAS,Analista de Auditoría,Patagonia,2883355.44077174,4232805.67864841
2025-Q1,Servicios,ADMINISTRACION Y FINANZAS,Analista de Auditoría,Buenos Aires,2162356.02114857,3208094.6855958
2025-Q1,Servicios,ADMINISTRACION Y FINANZAS,Analista de Auditoría,Cuyo,1902873.29861074,2823123.3233243
2025-Q1,Servicios,ADMINISTRACION Y FINANZAS,Analista de Auditoría,Litoral,1989367.53945668,2951447.11074814
2025-Q1,Servicios,ADMINISTRACION Y FINANZAS,Analista de Auditoría,NEA,1783943.71744757,2646678.11561653
2025-Q1,Servicios,ADMINISTRACION Y FINANZAS,Analista de Auditoría,NOA,1838002.61797628,2726880.48275643
2025-Q1,Servicios,ADMINISTRACION Y FINANZAS,Analista de Auditoría,Patagonia,2702945.02643571,4010118.35699475
2025-Q1,Transporte y logística,ADMINISTRACION Y FINANZAS,Analista de Auditoría,Buenos Aires,2312055.79537432,3388340.42359312
2025-Q1,Transporte y logística,ADMINISTRACION Y FINANZAS,Analista de Auditoría,Cuyo,2034609.0999294,2981739.57276195
2025-Q1,Transporte y logística,ADMINISTRACION Y FINANZAS,Analista de Auditoría,Litoral,2127091.33174437,3117273.18970567
2025-Q1,Transporte y logística,ADMINISTRACION Y FINANZAS,Analista de Auditoría,NEA,1907446.03118381,2795380.84946432
2025-Q1,Transporte y logística,ADMINISTRACION Y FINANZAS,Analista de Auditoría,NOA,1965247.42606817,2880089.36005415
2025-Q1,Transporte y logística,ADMINISTRACION Y FINANZAS,Analista de Auditoría,Patagonia,2890069.7442179,4235425.5294914
2025-Q1,Automotriz,ADMINISTRACION Y FINANZAS,Analista de Cobranzas,Buenos Aires,1740464.22374011,2145433.28176051
2025-Q1,Automotriz,ADMINISTRACION Y FINANZAS,Analista de Cobranzas,Cuyo,1531608.5168913,1887981.28794925
2025-Q1,Automotriz,ADMINISTRACION Y FINANZAS,Analista de Cobranzas,Litoral,1601227.0858409,1973798.61921967
2025-Q1,Automotriz,ADMINISTRACION Y FINANZAS,Analista de Cobranzas,NEA,1435882.98458559,1769982.45745242
2025-Q1,Automotriz,ADMINISTRACION Y FINANZAS,Analista de Cobranzas,NOA,1479394.59017909,1823618.28949643
2025-Q1,Automotriz,ADMINISTRACION Y FINANZAS,Analista de Cobranzas,Patagonia,2175580.27967514,2681791.60220064
2025-Q1,Banca & Serv Financieros,ADMINISTRACION Y FINANZAS,Analista de Cobranzas,Buenos Aires,1740464.22374011,2431519.2
2025-Q1,Banca & Serv Financieros,ADMINISTRACION Y FINANZAS,Analista de Cobranzas,Cuyo,1531608.5168913,2139736.896
2025-Q1,Banca & Serv Financieros,ADMINISTRACION Y FINANZAS,Analista de Cobranzas,Litoral,1601227.0858409,2236997.664
2025-Q1,Banca & Serv Financieros,ADMINISTRACION Y FINANZAS,Analista de Cobranzas,NEA,1435882.98458559,2006003.34
2025-Q1,Banca & Serv Financieros,ADMINISTRACION Y FINANZAS,Analista de Cobranzas,NOA,1479394.59017909,2066791.32
2025-Q1,Banca & Serv Financieros,ADMINISTRACION Y FINANZAS,Analista de Cobranzas,Patagonia,2175580.27967514,3039399
2025-Q1,Consumo masivo,ADMINISTRACION Y FINANZAS,Analista de Cobranzas,Buenos Aires,1740464.22374011,2145439.33176052
2025-Q1,Consumo masivo,ADMINISTRACION Y FINANZAS,Analista de Cobranzas,Cuyo,1531608.5168913,1887986.61194926
2025-Q1,Consumo masivo,ADMINISTRACION Y FINANZAS,Analista de Cobranzas,Litoral,1601227.0858409,1973804.18521968
2025-Q1,Consumo masivo,ADMINISTRACION Y FINANZAS,Analista de Cobranzas,NEA,1435882.98458559,1769987.44870243
2025-Q1,Consumo masivo,ADMINISTRACION Y FINANZAS,Analista de Cobranzas,NOA,1479394.59017909,1823623.43199644
2025-Q1,Consumo masivo,ADMINISTRACION Y FINANZAS,Analista de Cobranzas,Patagonia,2175580.27967514,2681799.16470065
2025-Q1,"Gas, Petróleo y Minería",ADMINISTRACION Y FINANZAS,Analista de Cobranzas,Buenos Aires,1740464.22374011,2145439.33176052
2025-Q1,"Gas, Petróleo y Minería",ADMINISTRACION Y FINANZAS,Analista de Cobranzas,Cuyo,1531608.5168913,1887986.61194926
2025-Q1,"Gas, Petróleo y Minería",ADMINISTRACION Y FINANZAS,Analista de Cobranzas,Litoral,1601227.0858409,1973804.18521968
2025-Q1,"Gas, Petróleo y Minería",ADMINISTRACION Y FINANZAS,Analista de Cobranzas,NEA,1435882.98458559,1769987.44870243
2025-Q1,"Gas, Petróleo y Minería",ADMINISTRACION Y FINANZAS,Analista de Cobranzas,NOA,1479394.59017909,1823623.43199644
2025-Q1,"Gas, Petróleo y Minería",ADMINISTRACION Y FINANZAS,Analista de Cobranzas,Patagonia,2175580.27967514,2681799.16470065
2025-Q1,IT,ADMINISTRACION Y FINANZAS,Analista de Cobranzas,Buenos Aires,1740464.22374011,2431519.78381441
2025-Q1,IT,ADMINISTRACION Y FINANZAS,Analista de Cobranzas,Cuyo,1531608.5168913,2139737.40975668
2025-Q1,IT,ADMINISTRACION Y FINANZAS,Analista de Cobranzas,Litoral,1601227.0858409,2236998.20110926
2025-Q1,IT,ADMINISTRACION Y FINANZAS,Analista de Cobranzas,NEA,1435882.98458559,2006003.82164689
2025-Q1,IT,ADMINISTRACION Y FINANZAS,Analista de Cobranzas,NOA,1479394.59017909,2066791.81624225
2025-Q1,IT,ADMINISTRACION Y FINANZAS,Analista de Cobranzas,Patagonia,2175580.27967514,3039399.72976801
2025-Q1,Lab & Pharma,ADMINISTRACION Y FINANZAS,Analista de Cobranzas,Buenos Aires,1885494.6,2431519.78381441
2025-Q1,Lab & Pharma,ADMINISTRACION Y FINANZAS,Analista de Cobranzas,Cuyo,1659235.248,2139737.40975668
2025-Q1,Lab & Pharma,ADMINISTRACION Y FINANZAS,Analista de Cobranzas,Litoral,1734655.032,2236998.20110926
2025-Q1,Lab & Pharma,ADMINISTRACION Y FINANZAS,Analista de Cobranzas,NEA,1555533.045,2006003.82164689
2025-Q1,Lab & Pharma,ADMINISTRACION Y FINANZAS,Analista de Cobranzas,NOA,1602670.41,2066791.81624225
2025-Q1,Lab & Pharma,ADMINISTRACION Y FINANZAS,Analista de Cobranzas,Patagonia,2356868.25,3039399.72976801
2025-Q1,Manufactura,ADMINISTRACION Y FINANZAS,Analista de Cobranzas,Buenos Aires,1740464.22374011,2431519.78381441
2025-Q1,Manufactura,ADMINISTRACION Y FINANZAS,Analista de Cobranzas,Cuyo,1531608.5168913,2139737.40975668
2025-Q1,Manufactura,ADMINISTRACION Y FINANZAS,Analista de Cobranzas,Litoral,1601227.0858409,2236998.20110926
2025-Q1,Manufactura,ADMINISTRACION Y FINANZAS,Analista de Cobranzas,NEA,1435882.98458559,2006003.82164689
2025-Q1,Manufactura,ADMINISTRACION Y FINANZAS,Analista de Cobranzas,NOA,1479394.59017909,2066791.81624225
2025-Q1,Manufactura,ADMINISTRACION Y FINANZAS,Analista de Cobranzas,Patagonia,2175580.27967514,3039399.72976801
2025-Q1,Retail & Comercio,ADMINISTRACION Y FINANZAS,Analista de Cobranzas,Buenos Aires,1740464.22374011,2145433.28176051
2025-Q1,Retail & Comercio,ADMINISTRACION Y FINANZAS,Analista de Cobranzas,Cuyo,1531608.5168913,1887981.28794925
2025-Q1,Retail & Comercio,ADMINISTRACION Y FINANZAS,Analista de Cobranzas,Litoral,1601227.0858409,1973798.61921967
2025-Q1,Retail & Comercio,ADMINISTRACION Y FINANZAS,Analista de Cobranzas,NEA,1435882.98458559,1769982.45745242
2025-Q1,Retail & Comercio,ADMINISTRACION Y FINANZAS,Analista de Cobranzas,NOA,1479394.59017909,1823618.28949643
2025-Q1,Retail & Comercio,ADMINISTRACION Y FINANZAS,Analista de Cobranzas,Patagonia,2175580.27967514,2681791.60220064
2025-Q1,Servicios,ADMINISTRACION Y FINANZAS,Analista de Cobranzas,Buenos Aires,1718151.6,2002380.6
2025-Q1,Servicios,ADMINISTRACION Y FINANZAS,Analista de Cobranzas,Cuyo,1511973.408,1762094.928
2025-Q1,Servicios,ADMINISTRACION Y FINANZAS,Analista de Cobranzas,Litoral,1580699.472,1842190.152
2025-Q1,Servicios,ADMINISTRACION Y FINANZAS,Analista de Cobranzas,NEA,1417475.07,1651963.995
2025-Q1,Servicios,ADMINISTRACION Y FINANZAS,Analista de Cobranzas,NOA,1460428.86,1702023.51
2025-Q1,Servicios,ADMINISTRACION Y FINANZAS,Analista de Cobranzas,Patagonia,2147689.5,2502975.75
2025-Q1,Transporte y logística,ADMINISTRACION Y FINANZAS,Analista de Cobranzas,Buenos Aires,1748316.9,2155772.3
2025-Q1,Transporte y logística,ADMINISTRACION Y FINANZAS,Analista de Cobranzas,Cuyo,1538518.872,1897079.624
2025-Q1,Transporte y logística,ADMINISTRACION Y FINANZAS,Analista de Cobranzas,Litoral,1608451.548,1983310.516
2025-Q1,Transporte y logística,ADMINISTRACION Y FINANZAS,Analista de Cobranzas,NEA,1442361.4425,1778512.1475
2025-Q1,Transporte y logística,ADMINISTRACION Y FINANZAS,Analista de Cobranzas,NOA,1486069.365,1832406.455
2025-Q1,Transporte y logística,ADMINISTRACION Y FINANZAS,Analista de Cobranzas,Patagonia,2185396.125,2694715.375
2025-Q1,Automotriz,ADMINISTRACION Y FINANZAS,Analista de Contabilidad,Buenos Aires,1816210,2390476
2025-Q1,Automotriz,ADMINISTRACION Y FINANZAS,Analista de Contabilidad,Cuyo,1598264.8,2103618.88
2025-Q1,Automotriz,ADMINISTRACION Y FINANZAS,Analista de Contabilidad,Litoral,1670913.2,2199237.92
2025-Q1,Automotriz,ADMINISTRACION Y FINANZAS,Analista de Contabilidad,NEA,1498373.25,1972142.7
2025-Q1,Automotriz,ADMINISTRACION Y FINANZAS,Analista de Contabilidad,NOA,1543778.5,2031904.6
2025-Q1,Automotriz,ADMINISTRACION Y FINANZAS,Analista de Contabilidad,Patagonia,2270262.5,2988095
2025-Q1,Banca & Serv Financieros,ADMINISTRACION Y FINANZAS,Analista de Contabilidad,Buenos Aires,1805562,2689212.9
2025-Q1,Banca & Serv Financieros,ADMINISTRACION Y FINANZAS,Analista de Contabilidad,Cuyo,1588894.56,2366507.352
2025-Q1,Banca & Serv Financieros,ADMINISTRACION Y FINANZAS,Analista de Contabilidad,Litoral,1661117.04,2474075.868
2025-Q1,Banca & Serv Financieros,ADMINISTRACION Y FINANZAS,Analista de Contabilidad,NEA,1489588.65,2218600.6425
2025-Q1,Banca & Serv Financieros,ADMINISTRACION Y FINANZAS,Analista de Contabilidad,NOA,1534727.7,2285830.965
2025-Q1,Banca & Serv Financieros,ADMINISTRACION Y FINANZAS,Analista de Contabilidad,Patagonia,2256952.5,3361516.125
2025-Q1,Consumo masivo,ADMINISTRACION Y FINANZAS,Analista de Contabilidad,Buenos Aires,1816330.97452583,2390476
2025-Q1,Consumo masivo,ADMINISTRACION Y FINANZAS,Analista de Contabilidad,Cuyo,1598371.25758273,2103618.88
2025-Q1,Consumo masivo,ADMINISTRACION Y FINANZAS,Analista de Contabilidad,Litoral,1671024.49656376,2199237.92
2025-Q1,Consumo masivo,ADMINISTRACION Y FINANZAS,Analista de Contabilidad,NEA,1498473.05398381,1972142.7
2025-Q1,Consumo masivo,ADMINISTRACION Y FINANZAS,Analista de Contabilidad,NOA,1543881.32834696,2031904.6
2025-Q1,Consumo masivo,ADMINISTRACION Y FINANZAS,Analista de Contabilidad,Patagonia,2270413.71815729,2988095
2025-Q1,"Gas, Petróleo y Minería",ADMINISTRACION Y FINANZAS,Analista de Contabilidad,Buenos Aires,1816330.97452583,2390476
2025-Q1,"Gas, Petróleo y Minería",ADMINISTRACION Y FINANZAS,Analista de Contabilidad,Cuyo,1598371.25758273,2103618.88
2025-Q1,"Gas, Petróleo y Minería",ADMINISTRACION Y FINANZAS,Analista de Contabilidad,Litoral,1671024.49656376,2199237.92
2025-Q1,"Gas, Petróleo y Minería",ADMINISTRACION Y FINANZAS,Analista de Contabilidad,NEA,1498473.05398381,1972142.7
2025-Q1,"Gas, Petróleo y Minería",ADMINISTRACION Y FINANZAS,Analista de Contabilidad,NOA,1543881.32834696,2031904.6
2025-Q1,"Gas, Petróleo y Minería",ADMINISTRACION Y FINANZAS,Analista de Contabilidad,Patagonia,2270413.71815729,2988095
2025-Q1,IT,ADMINISTRACION Y FINANZAS,Analista de Contabilidad,Buenos Aires,1805609.85872492,2689225
2025-Q1,IT,ADMINISTRACION Y FINANZAS,Analista de Contabilidad,Cuyo,1588936.67567793,2366518
2025-Q1,IT,ADMINISTRACION Y FINANZAS,Analista de Contabilidad,Litoral,1661161.07002693,2474087
2025-Q1,IT,ADMINISTRACION Y FINANZAS,Analista de Contabilidad,NEA,1489628.13344806,2218610.625
2025-Q1,IT,ADMINISTRACION Y FINANZAS,Analista de Contabilidad,NOA,1534768.37991618,2285841.25
2025-Q1,IT,ADMINISTRACION Y FINANZAS,Analista de Contabilidad,Patagonia,2257012.32340615,3361531.25
2025-Q1,Lab & Pharma,ADMINISTRACION Y FINANZAS,Analista de Contabilidad,Buenos Aires,1805609.85872492,2689225
2025-Q1,Lab & Pharma,ADMINISTRACION Y FINANZAS,Analista de Contabilidad,Cuyo,1588936.67567793,2366518
2025-Q1,Lab & Pharma,ADMINISTRACION Y FINANZAS,Analista de Contabilidad,Litoral,1661161.07002693,2474087
2025-Q1,Lab & Pharma,ADMINISTRACION Y FINANZAS,Analista de Contabilidad,NEA,1489628.13344806,2218610.625
2025-Q1,Lab & Pharma,ADMINISTRACION Y FINANZAS,Analista de Contabilidad,NOA,1534768.37991618,2285841.25
2025-Q1,Lab & Pharma,ADMINISTRACION Y FINANZAS,Analista de Contabilidad,Patagonia,2257012.32340615,3361531.25
2025-Q1,Manufactura,ADMINISTRACION Y FINANZAS,Analista de Contabilidad,Buenos Aires,1956073.9,2689225
2025-Q1,Manufactura,ADMINISTRACION Y FINANZAS,Analista de Contabilidad,Cuyo,1721345.032,2366518
2025-Q1,Manufactura,ADMINISTRACION Y FINANZAS,Analista de Contabilidad,Litoral,1799587.988,2474087
2025-Q1,Manufactura,ADMINISTRACION Y FINANZAS,Analista de Contabilidad,NEA,1613760.9675,2218610.625
2025-Q1,Manufactura,ADMINISTRACION Y FINANZAS,Analista de Contabilidad,NOA,1662662.815,2285841.25
2025-Q1,Manufactura,ADMINISTRACION Y FINANZAS,Analista de Contabilidad,Patagonia,2445092.375,3361531.25
2025-Q1,Retail & Comercio,ADMINISTRACION Y FINANZAS,Analista de Contabilidad,Buenos Aires,1816331,2390548.6
2025-Q1,Retail & Comercio,ADMINISTRACION Y FINANZAS,Analista de Contabilidad,Cuyo,1598371.28,2103682.768
2025-Q1,Retail & Comercio,ADMINISTRACION Y FINANZAS,Analista de Contabilidad,Litoral,1671024.52,2199304.712
2025-Q1,Retail & Comercio,ADMINISTRACION Y FINANZAS,Analista de Contabilidad,NEA,1498473.075,1972202.595
2025-Q1,Retail & Comercio,ADMINISTRACION Y FINANZAS,Analista de Contabilidad,NOA,1543881.35,2031966.31
2025-Q1,Retail & Comercio,ADMINISTRACION Y FINANZAS,Analista de Contabilidad,Patagonia,2270413.75,2988185.75
2025-Q1,Servicios,ADMINISTRACION Y FINANZAS,Analista de Contabilidad,Buenos Aires,1676697,2241095.26397006
2025-Q1,Servicios,ADMINISTRACION Y FINANZAS,Analista de Contabilidad,Cuyo,1475493.36,1972163.83229365
2025-Q1,Servicios,ADMINISTRACION Y FINANZAS,Analista de Contabilidad,Litoral,1542561.24,2061807.64285246
2025-Q1,Servicios,ADMINISTRACION Y FINANZAS,Analista de Contabilidad,NEA,1383275.025,1848903.5927753
2025-Q1,Servicios,ADMINISTRACION Y FINANZAS,Analista de Contabilidad,NOA,1425192.45,1904930.97437455
2025-Q1,Servicios,ADMINISTRACION Y FINANZAS,Analista de Contabilidad,Patagonia,2095871.25,2801369.07996257
2025-Q1,Transporte y logística,ADMINISTRACION Y FINANZAS,Analista de Contabilidad,Buenos Aires,1821171,2395292.1993
2025-Q1,Transporte y logística,ADMINISTRACION Y FINANZAS,Analista de Contabilidad,Cuyo,1602630.48,2107857.135384
2025-Q1,Transporte y logística,ADMINISTRACION Y FINANZAS,Analista de Contabilidad,Litoral,1675477.32,2203668.823356
2025-Q1,Transporte y logística,ADMINISTRACION Y FINANZAS,Analista de Contabilidad,NEA,1502466.075,1976116.0644225
2025-Q1,Transporte y logística,ADMINISTRACION Y FINANZAS,Analista de Contabilidad,NOA,1547995.35,2035998.369405
2025-Q1,Transporte y logística,ADMINISTRACION Y FINANZAS,Analista de Contabilidad,Patagonia,2276463.75,2994115.249125
2025-Q1,Automotriz,ADMINISTRACION Y FINANZAS,Analista de Control de Gestión,Buenos Aires,2180662,2921545
2025-Q1,Automotriz,ADMINISTRACION Y FINANZAS,Analista de Control de Gestión,Cuyo,1918982.56,2570959.6
2025-Q1,Automotriz,ADMINISTRACION Y FINANZAS,Analista de Control de Gestión,Litoral,2006209.04,2687821.4
2025-Q1,Automotriz,ADMINISTRACION Y FINANZAS,Analista de Control de Gestión,NEA,1799046.15,2410274.625
2025-Q1,Automotriz,ADMINISTRACION Y FINANZAS,Analista de Control de Gestión,NOA,1853562.7,2483313.25
2025-Q1,Automotriz,ADMINISTRACION Y FINANZAS,Analista de Control de Gestión,Patagonia,2725827.5,3651931.25
2025-Q1,Banca & Serv Financieros,ADMINISTRACION Y FINANZAS,Analista de Control de Gestión,Buenos Aires,2336510,3084048
2025-Q1,Banca & Serv Financieros,ADMINISTRACION Y FINANZAS,Analista de Control de Gestión,Cuyo,2056128.8,2713962.24
2025-Q1,Banca & Serv Financieros,ADMINISTRACION Y FINANZAS,Analista de Control de Gestión,Litoral,2149589.2,2837324.16
2025-Q1,Banca & Serv Financieros,ADMINISTRACION Y FINANZAS,Analista de Control de Gestión,NEA,1927620.75,2544339.6
2025-Q1,Banca & Serv Financieros,ADMINISTRACION Y FINANZAS,Analista de Control de Gestión,NOA,1986033.5,2621440.8
2025-Q1,Banca & Serv Financieros,ADMINISTRACION Y FINANZAS,Analista de Control de Gestión,Patagonia,2920637.5,3855060
2025-Q1,Consumo masivo,ADMINISTRACION Y FINANZAS,Analista de Control de Gestión,Buenos Aires,2180662,2921545
2025-Q1,Consumo masivo,ADMINISTRACION Y FINANZAS,Analista de Control de Gestión,Cuyo,1918982.56,2570959.6
2025-Q1,Consumo masivo,ADMINISTRACION Y FINANZAS,Analista de Control de Gestión,Litoral,2006209.04,2687821.4
2025-Q1,Consumo masivo,ADMINISTRACION Y FINANZAS,Analista de Control de Gestión,NEA,1799046.15,2410274.625
2025-Q1,Consumo masivo,ADMINISTRACION Y FINANZAS,Analista de Control de Gestión,NOA,1853562.7,2483313.25
2025-Q1,Consumo masivo,ADMINISTRACION Y FINANZAS,Analista de Control de Gestión,Patagonia,2725827.5,3651931.25
2025-Q1,"Gas, Petróleo y Minería",ADMINISTRACION Y FINANZAS,Analista de Control de Gestión,Buenos Aires,2336510,3083975.4
2025-Q1,"Gas, Petróleo y Minería",ADMINISTRACION Y FINANZAS,Analista de Control de Gestión,Cuyo,2056128.8,2713898.352
2025-Q1,"Gas, Petróleo y Minería",ADMINISTRACION Y FINANZAS,Analista de Control de Gestión,Litoral,2149589.2,2837257.368
2025-Q1,"Gas, Petróleo y Minería",ADMINISTRACION Y FINANZAS,Analista de Control de Gestión,NEA,1927620.75,2544279.705
2025-Q1,"Gas, Petróleo y Minería",ADMINISTRACION Y FINANZAS,Analista de Control de Gestión,NOA,1986033.5,2621379.09
2025-Q1,"Gas, Petróleo y Minería",ADMINISTRACION Y FINANZAS,Analista de Control de Gestión,Patagonia,2920637.5,3854969.25
2025-Q1,IT,ADMINISTRACION Y FINANZAS,Analista de Control de Gestión,Buenos Aires,2492442.25678835,3246405.8
2025-Q1,IT,ADMINISTRACION Y FINANZAS,Analista de Control de Gestión,Cuyo,2193349.18597375,2856837.104
2025-Q1,IT,ADMINISTRACION Y FINANZAS,Analista de Control de Gestión,Litoral,2293046.87624528,2986693.336
2025-Q1,IT,ADMINISTRACION Y FINANZAS,Analista de Control de Gestión,NEA,2056264.86185039,2678284.785
2025-Q1,IT,ADMINISTRACION Y FINANZAS,Analista de Control de Gestión,NOA,2118575.9182701,2759444.93
2025-Q1,IT,ADMINISTRACION Y FINANZAS,Analista de Control de Gestión,Patagonia,3115552.82098544,4058007.25
2025-Q1,Lab & Pharma,ADMINISTRACION Y FINANZAS,Analista de Control de Gestión,Buenos Aires,2336510,3083927
2025-Q1,Lab & Pharma,ADMINISTRACION Y FINANZAS,Analista de Control de Gestión,Cuyo,2056128.8,2713855.76
2025-Q1,Lab & Pharma,ADMINISTRACION Y FINANZAS,Analista de Control de Gestión,Litoral,2149589.2,2837212.84
2025-Q1,Lab & Pharma,ADMINISTRACION Y FINANZAS,Analista de Control de Gestión,NEA,1927620.75,2544239.775
2025-Q1,Lab & Pharma,ADMINISTRACION Y FINANZAS,Analista de Control de Gestión,NOA,1986033.5,2621337.95
2025-Q1,Lab & Pharma,ADMINISTRACION Y FINANZAS,Analista de Control de Gestión,Patagonia,2920637.5,3854908.75
2025-Q1,Manufactura,ADMINISTRACION Y FINANZAS,Analista de Control de Gestión,Buenos Aires,2492442.25678835,3246405.8
2025-Q1,Manufactura,ADMINISTRACION Y FINANZAS,Analista de Control de Gestión,Cuyo,2193349.18597375,2856837.104
2025-Q1,Manufactura,ADMINISTRACION Y FINANZAS,Analista de Control de Gestión,Litoral,2293046.87624528,2986693.336
2025-Q1,Manufactura,ADMINISTRACION Y FINANZAS,Analista de Control de Gestión,NEA,2056264.86185039,2678284.785
2025-Q1,Manufactura,ADMINISTRACION Y FINANZAS,Analista de Control de Gestión,NOA,2118575.9182701,2759444.93
2025-Q1,Manufactura,ADMINISTRACION Y FINANZAS,Analista de Control de Gestión,Patagonia,3115552.82098544,4058007.25
2025-Q1,Retail & Comercio,ADMINISTRACION Y FINANZAS,Analista de Control de Gestión,Buenos Aires,2180662,2759526
2025-Q1,Retail & Comercio,ADMINISTRACION Y FINANZAS,Analista de Control de Gestión,Cuyo,1918982.56,2428382.88
2025-Q1,Retail & Comercio,ADMINISTRACION Y FINANZAS,Analista de Control de Gestión,Litoral,2006209.04,2538763.92
2025-Q1,Retail & Comercio,ADMINISTRACION Y FINANZAS,Analista de Control de Gestión,NEA,1799046.15,2276608.95
2025-Q1,Retail & Comercio,ADMINISTRACION Y FINANZAS,Analista de Control de Gestión,NOA,1853562.7,2345597.1
2025-Q1,Retail & Comercio,ADMINISTRACION Y FINANZAS,Analista de Control de Gestión,Patagonia,2725827.5,3449407.5
2025-Q1,Servicios,ADMINISTRACION Y FINANZAS,Analista de Control de Gestión,Buenos Aires,2180662,2759526
2025-Q1,Servicios,ADMINISTRACION Y FINANZAS,Analista de Control de Gestión,Cuyo,1918982.56,2428382.88
2025-Q1,Servicios,ADMINISTRACION Y FINANZAS,Analista de Control de Gestión,Litoral,2006209.04,2538763.92
2025-Q1,Servicios,ADMINISTRACION Y FINANZAS,Analista de Control de Gestión,NEA,1799046.15,2276608.95
2025-Q1,Servicios,ADMINISTRACION Y FINANZAS,Analista de Control de Gestión,NOA,1853562.7,2345597.1
2025-Q1,Servicios,ADMINISTRACION Y FINANZAS,Analista de Control de Gestión,Patagonia,2725827.5,3449407.5
2025-Q1,Transporte y logística,ADMINISTRACION Y FINANZAS,Analista de Control de Gestión,Buenos Aires,2328523.42924451,3079450
2025-Q1,Transporte y logística,ADMINISTRACION Y FINANZAS,Analista de Control de Gestión,Cuyo,2049100.61773517,2709916
2025-Q1,Transporte y logística,ADMINISTRACION Y FINANZAS,Analista de Control de Gestión,Litoral,2142241.55490495,2833094
2025-Q1,Transporte y logística,ADMINISTRACION Y FINANZAS,Analista de Control de Gestión,NEA,1921031.82912672,2540546.25
2025-Q1,Transporte y logística,ADMINISTRACION Y FINANZAS,Analista de Control de Gestión,NOA,1979244.91485783,2617532.5
2025-Q1,Transporte y logística,ADMINISTRACION Y FINANZAS,Analista de Control de Gestión,Patagonia,2910654.28655564,3849312.5
2025-Q1,Automotriz,ADMINISTRACION Y FINANZAS,Analista de Impuestos,Buenos Aires,1771863.5,2535252.5
2025-Q1,Automotriz,ADMINISTRACION Y FINANZAS,Analista de Impuestos,Cuyo,1559239.88,2231022.2
2025-Q1,Automotriz,ADMINISTRACION Y FINANZAS,Analista de Impuestos,Litoral,1630114.42,2332432.3
2025-Q1,Automotriz,ADMINISTRACION Y FINANZAS,Analista de Impuestos,NEA,1461787.3875,2091583.3125
2025-Q1,Automotriz,ADMINISTRACION Y FINANZAS,Analista de Impuestos,NOA,1506083.975,2154964.625
2025-Q1,Automotriz,ADMINISTRACION Y FINANZAS,Analista de Impuestos,Patagonia,2214829.375,3169065.625
2025-Q1,Banca & Serv Financieros,ADMINISTRACION Y FINANZAS,Analista de Impuestos,Buenos Aires,1752443,2676157
2025-Q1,Banca & Serv Financieros,ADMINISTRACION Y FINANZAS,Analista de Impuestos,Cuyo,1542149.84,2355018.16
2025-Q1,Banca & Serv Financieros,ADMINISTRACION Y FINANZAS,Analista de Impuestos,Litoral,1612247.56,2462064.44
2025-Q1,Banca & Serv Financieros,ADMINISTRACION Y FINANZAS,Analista de Impuestos,NEA,1445765.475,2207829.525
2025-Q1,Banca & Serv Financieros,ADMINISTRACION Y FINANZAS,Analista de Impuestos,NOA,1489576.55,2274733.45
2025-Q1,Banca & Serv Financieros,ADMINISTRACION Y FINANZAS,Analista de Impuestos,Patagonia,2190553.75,3345196.25
2025-Q1,Consumo masivo,ADMINISTRACION Y FINANZAS,Analista de Impuestos,Buenos Aires,1771440,2535192
2025-Q1,Consumo masivo,ADMINISTRACION Y FINANZAS,Analista de Impuestos,Cuyo,1558867.2,2230968.96
2025-Q1,Consumo masivo,ADMINISTRACION Y FINANZAS,Analista de Impuestos,Litoral,1629724.8,2332376.64
2025-Q1,Consumo masivo,ADMINISTRACION Y FINANZAS,Analista de Impuestos,NEA,1461438,2091533.4
2025-Q1,Consumo masivo,ADMINISTRACION Y FINANZAS,Analista de Impuestos,NOA,1505724,2154913.2
2025-Q1,Consumo masivo,ADMINISTRACION Y FINANZAS,Analista de Impuestos,Patagonia,2214300,3168990
2025-Q1,"Gas, Petróleo y Minería",ADMINISTRACION Y FINANZAS,Analista de Impuestos,Buenos Aires,1752080,2676278
2025-Q1,"Gas, Petróleo y Minería",ADMINISTRACION Y FINANZAS,Analista de Impuestos,Cuyo,1541830.4,2355124.64
2025-Q1,"Gas, Petróleo y Minería",ADMINISTRACION Y FINANZAS,Analista de Impuestos,Litoral,1611913.6,2462175.76
2025-Q1,"Gas, Petróleo y Minería",ADMINISTRACION Y FINANZAS,Analista de Impuestos,NEA,1445466,2207929.35
2025-Q1,"Gas, Petróleo y Minería",ADMINISTRACION Y FINANZAS,Analista de Impuestos,NOA,1489268,2274836.3
2025-Q1,"Gas, Petróleo y Minería",ADMINISTRACION Y FINANZAS,Analista de Impuestos,Patagonia,2190100,3345347.5
2025-Q1,IT,ADMINISTRACION Y FINANZAS,Analista de Impuestos,Buenos Aires,1869329,2817122
2025-Q1,IT,ADMINISTRACION Y FINANZAS,Analista de Impuestos,Cuyo,1645009.52,2479067.36
2025-Q1,IT,ADMINISTRACION Y FINANZAS,Analista de Impuestos,Litoral,1719782.68,2591752.24
2025-Q1,IT,ADMINISTRACION Y FINANZAS,Analista de Impuestos,NEA,1542196.425,2324125.65
2025-Q1,IT,ADMINISTRACION Y FINANZAS,Analista de Impuestos,NOA,1588929.65,2394553.7
2025-Q1,IT,ADMINISTRACION Y FINANZAS,Analista de Impuestos,Patagonia,2336661.25,3521402.5
2025-Q1,Lab & Pharma,ADMINISTRACION Y FINANZAS,Analista de Impuestos,Buenos Aires,1898490,2676157
2025-Q1,Lab & Pharma,ADMINISTRACION Y FINANZAS,Analista de Impuestos,Cuyo,1670671.2,2355018.16
2025-Q1,Lab & Pharma,ADMINISTRACION Y FINANZAS,Analista de Impuestos,Litoral,1746610.8,2462064.44
2025-Q1,Lab & Pharma,ADMINISTRACION Y FINANZAS,Analista de Impuestos,NEA,1566254.25,2207829.525
2025-Q1,Lab & Pharma,ADMINISTRACION Y FINANZAS,Analista de Impuestos,NOA,1613716.5,2274733.45
2025-Q1,Lab & Pharma,ADMINISTRACION Y FINANZAS,Analista de Impuestos,Patagonia,2373112.5,3345196.25
2025-Q1,Manufactura,ADMINISTRACION Y FINANZAS,Analista de Impuestos,Buenos Aires,1869329,2817122
2025-Q1,Manufactura,ADMINISTRACION Y FINANZAS,Analista de Impuestos,Cuyo,1645009.52,2479067.36
2025-Q1,Manufactura,ADMINISTRACION Y FINANZAS,Analista de Impuestos,Litoral,1719782.68,2591752.24
2025-Q1,Manufactura,ADMINISTRACION Y FINANZAS,Analista de Impuestos,NEA,1542196.425,2324125.65
2025-Q1,Manufactura,ADMINISTRACION Y FINANZAS,Analista de Impuestos,NOA,1588929.65,2394553.7
2025-Q1,Manufactura,ADMINISTRACION Y FINANZAS,Analista de Impuestos,Patagonia,2336661.25,3521402.5
2025-Q1,Retail & Comercio,ADMINISTRACION Y FINANZAS,Analista de Impuestos,Buenos Aires,1771924,2394469
2025-Q1,Retail & Comercio,ADMINISTRACION Y FINANZAS,Analista de Impuestos,Cuyo,1559293.12,2107132.72
2025-Q1,Retail & Comercio,ADMINISTRACION Y FINANZAS,Analista de Impuestos,Litoral,1630170.08,2202911.48
2025-Q1,Retail & Comercio,ADMINISTRACION Y FINANZAS,Analista de Impuestos,NEA,1461837.3,1975436.925
2025-Q1,Retail & Comercio,ADMINISTRACION Y FINANZAS,Analista de Impuestos,NOA,1506135.4,2035298.65
2025-Q1,Retail & Comercio,ADMINISTRACION Y FINANZAS,Analista de Impuestos,Patagonia,2214905,2993086.25
2025-Q1,Servicios,ADMINISTRACION Y FINANZAS,Analista de Impuestos,Buenos Aires,1771924,2394469
2025-Q1,Servicios,ADMINISTRACION Y FINANZAS,Analista de Impuestos,Cuyo,1559293.12,2107132.72
2025-Q1,Servicios,ADMINISTRACION Y FINANZAS,Analista de Impuestos,Litoral,1630170.08,2202911.48
2025-Q1,Servicios,ADMINISTRACION Y FINANZAS,Analista de Impuestos,NEA,1461837.3,1975436.925
2025-Q1,Servicios,ADMINISTRACION Y FINANZAS,Analista de Impuestos,NOA,1506135.4,2035298.65
2025-Q1,Servicios,ADMINISTRACION Y FINANZAS,Analista de Impuestos,Patagonia,2214905,2993086.25
2025-Q1,Transporte y logística,ADMINISTRACION Y FINANZAS,Analista de Impuestos,Buenos Aires,1891835,2672164
2025-Q1,Transporte y logística,ADMINISTRACION Y FINANZAS,Analista de Impuestos,Cuyo,1664814.8,2351504.32
2025-Q1,Transporte y logística,ADMINISTRACION Y FINANZAS,Analista de Impuestos,Litoral,1740488.2,2458390.88
2025-Q1,Transporte y logística,ADMINISTRACION Y FINANZAS,Analista de Impuestos,NEA,1560763.875,2204535.3
2025-Q1,Transporte y logística,ADMINISTRACION Y FINANZAS,Analista de Impuestos,NOA,1608059.75,2271339.4
2025-Q1,Transporte y logística,ADMINISTRACION Y FINANZAS,Analista de Impuestos,Patagonia,2364793.75,3340205
2025-Q1,Automotriz,ADMINISTRACION Y FINANZAS,Analista de Tesorería,Buenos Aires,1828068,2414506.6
2025-Q1,Automotriz,ADMINISTRACION Y FINANZAS,Analista de Tesorería,Cuyo,1608699.84,2124765.808
2025-Q1,Automotriz,ADMINISTRACION Y FINANZAS,Analista de Tesorería,Litoral,1681822.56,2221346.072
2025-Q1,Automotriz,ADMINISTRACION Y FINANZAS,Analista de Tesorería,NEA,1508156.1,1991967.945
2025-Q1,Automotriz,ADMINISTRACION Y FINANZAS,Analista de Tesorería,NOA,1553857.8,2052330.61
2025-Q1,Automotriz,ADMINISTRACION Y FINANZAS,Analista de Tesorería,Patagonia,2285085,3018133.25
2025-Q1,Banca & Serv Financieros,ADMINISTRACION Y FINANZAS,Analista de Tesorería,Buenos Aires,1958748,2548744
2025-Q1,Banca & Serv Financieros,ADMINISTRACION Y FINANZAS,Analista de Tesorería,Cuyo,1723698.24,2242894.72
2025-Q1,Banca & Serv Financieros,ADMINISTRACION Y FINANZAS,Analista de Tesorería,Litoral,1802048.16,2344844.48
2025-Q1,Banca & Serv Financieros,ADMINISTRACION Y FINANZAS,Analista de Tesorería,NEA,1615967.1,2102713.8
2025-Q1,Banca & Serv Financieros,ADMINISTRACION Y FINANZAS,Analista de Tesorería,NOA,1664935.8,2166432.4
2025-Q1,Banca & Serv Financieros,ADMINISTRACION Y FINANZAS,Analista de Tesorería,Patagonia,2448435,3185930
2025-Q1,Consumo masivo,ADMINISTRACION Y FINANZAS,Analista de Tesorería,Buenos Aires,1828104.3,2414506.6
2025-Q1,Consumo masivo,ADMINISTRACION Y FINANZAS,Analista de Tesorería,Cuyo,1608731.784,2124765.808
2025-Q1,Consumo masivo,ADMINISTRACION Y FINANZAS,Analista de Tesorería,Litoral,1681855.956,2221346.072
2025-Q1,Consumo masivo,ADMINISTRACION Y FINANZAS,Analista de Tesorería,NEA,1508186.0475,1991967.945
2025-Q1,Consumo masivo,ADMINISTRACION Y FINANZAS,Analista de Tesorería,NOA,1553888.655,2052330.61
2025-Q1,Consumo masivo,ADMINISTRACION Y FINANZAS,Analista de Tesorería,Patagonia,2285130.375,3018133.25
2025-Q1,"Gas, Petróleo y Minería",ADMINISTRACION Y FINANZAS,Analista de Tesorería,Buenos Aires,1958748,2548741.58
2025-Q1,"Gas, Petróleo y Minería",ADMINISTRACION Y FINANZAS,Analista de Tesorería,Cuyo,1723698.24,2242892.5904
2025-Q1,"Gas, Petróleo y Minería",ADMINISTRACION Y FINANZAS,Analista de Tesorería,Litoral,1802048.16,2344842.2536
2025-Q1,"Gas, Petróleo y Minería",ADMINISTRACION Y FINANZAS,Analista de Tesorería,NEA,1615967.1,2102711.8035
2025-Q1,"Gas, Petróleo y Minería",ADMINISTRACION Y FINANZAS,Analista de Tesorería,NOA,1664935.8,2166430.343
2025-Q1,"Gas, Petróleo y Minería",ADMINISTRACION Y FINANZAS,Analista de Tesorería,Patagonia,2448435,3185926.975
2025-Q1,IT,ADMINISTRACION Y FINANZAS,Analista de Tesorería,Buenos Aires,2089403.8,2682933
2025-Q1,IT,ADMINISTRACION Y FINANZAS,Analista de Tesorería,Cuyo,1838675.344,2360981.04
2025-Q1,IT,ADMINISTRACION Y FINANZAS,Analista de Tesorería,Litoral,1922251.496,2468298.36
2025-Q1,IT,ADMINISTRACION Y FINANZAS,Analista de Tesorería,NEA,1723758.135,2213419.725
2025-Q1,IT,ADMINISTRACION Y FINANZAS,Analista de Tesorería,NOA,1775993.23,2280493.05
2025-Q1,IT,ADMINISTRACION Y FINANZAS,Analista de Tesorería,Patagonia,2611754.75,3353666.25
2025-Q1,Lab & Pharma,ADMINISTRACION Y FINANZAS,Analista de Tesorería,Buenos Aires,1958748,2548744
2025-Q1,Lab & Pharma,ADMINISTRACION Y FINANZAS,Analista de Tesorería,Cuyo,1723698.24,2242894.72
2025-Q1,Lab & Pharma,ADMINISTRACION Y FINANZAS,Analista de Tesorería,Litoral,1802048.16,2344844.48
2025-Q1,Lab & Pharma,ADMINISTRACION Y FINANZAS,Analista de Tesorería,NEA,1615967.1,2102713.8
2025-Q1,Lab & Pharma,ADMINISTRACION Y FINANZAS,Analista de Tesorería,NOA,1664935.8,2166432.4
2025-Q1,Lab & Pharma,ADMINISTRACION Y FINANZAS,Analista de Tesorería,Patagonia,2448435,3185930
2025-Q1,Manufactura,ADMINISTRACION Y FINANZAS,Analista de Tesorería,Buenos Aires,1928667.4,2682969.3
2025-Q1,Manufactura,ADMINISTRACION Y FINANZAS,Analista de Tesorería,Cuyo,1697227.312,2361012.984
2025-Q1,Manufactura,ADMINISTRACION Y FINANZAS,Analista de Tesorería,Litoral,1774374.008,2468331.756
2025-Q1,Manufactura,ADMINISTRACION Y FINANZAS,Analista de Tesorería,NEA,1591150.605,2213449.6725
2025-Q1,Manufactura,ADMINISTRACION Y FINANZAS,Analista de Tesorería,NOA,1639367.29,2280523.905
2025-Q1,Manufactura,ADMINISTRACION Y FINANZAS,Analista de Tesorería,Patagonia,2410834.25,3353711.625
2025-Q1,Retail & Comercio,ADMINISTRACION Y FINANZAS,Analista de Tesorería,Buenos Aires,1828104.3,2280517.78141687
2025-Q1,Retail & Comercio,ADMINISTRACION Y FINANZAS,Analista de Tesorería,Cuyo,1608731.784,2006855.64764685
2025-Q1,Retail & Comercio,ADMINISTRACION Y FINANZAS,Analista de Tesorería,Litoral,1681855.956,2098076.35890352
2025-Q1,Retail & Comercio,ADMINISTRACION Y FINANZAS,Analista de Tesorería,NEA,1508186.0475,1881427.16966892
2025-Q1,Retail & Comercio,ADMINISTRACION Y FINANZAS,Analista de Tesorería,NOA,1553888.655,1938440.11420434
2025-Q1,Retail & Comercio,ADMINISTRACION Y FINANZAS,Analista de Tesorería,Patagonia,2285130.375,2850647.22677109
2025-Q1,Servicios,ADMINISTRACION Y FINANZAS,Analista de Tesorería,Buenos Aires,1828068,2280517.78141687
2025-Q1,Servicios,ADMINISTRACION Y FINANZAS,Analista de Tesorería,Cuyo,1608699.84,2006855.64764685
2025-Q1,Servicios,ADMINISTRACION Y FINANZAS,Analista de Tesorería,Litoral,1681822.56,2098076.35890352
2025-Q1,Servicios,ADMINISTRACION Y FINANZAS,Analista de Tesorería,NEA,1508156.1,1881427.16966892
2025-Q1,Servicios,ADMINISTRACION Y FINANZAS,Analista de Tesorería,NOA,1553857.8,1938440.11420434
2025-Q1,Servicios,ADMINISTRACION Y FINANZAS,Analista de Tesorería,Patagonia,2285085,2850647.22677109
2025-Q1,Transporte y logística,ADMINISTRACION Y FINANZAS,Analista de Tesorería,Buenos Aires,1951972,2544993
2025-Q1,Transporte y logística,ADMINISTRACION Y FINANZAS,Analista de Tesorería,Cuyo,1717735.36,2239593.84
2025-Q1,Transporte y logística,ADMINISTRACION Y FINANZAS,Analista de Tesorería,Litoral,1795814.24,2341393.56
2025-Q1,Transporte y logística,ADMINISTRACION Y FINANZAS,Analista de Tesorería,NEA,1610376.9,2099619.225
2025-Q1,Transporte y logística,ADMINISTRACION Y FINANZAS,Analista de Tesorería,NOA,1659176.2,2163244.05
2025-Q1,Transporte y logística,ADMINISTRACION Y FINANZAS,Analista de Tesorería,Patagonia,2439965,3181241.25
2025-Q1,Automotriz,ADMINISTRACION Y FINANZAS,CFO Director de Administración y Finanzas,Buenos Aires,11803627.44,15943839.186
2025-Q1,Automotriz,ADMINISTRACION Y FINANZAS,CFO Director de Administración y Finanzas,Cuyo,10387192.1472,14030578.48368
2025-Q1,Automotriz,ADMINISTRACION Y FINANZAS,CFO Director de Administración y Finanzas,Litoral,10859337.2448,14668332.05112
2025-Q1,Automotriz,ADMINISTRACION Y FINANZAS,CFO Director de Administración y Finanzas,NEA,9737992.638,13153667.32845
2025-Q1,Automotriz,ADMINISTRACION Y FINANZAS,CFO Director de Administración y Finanzas,NOA,10033083.324,13552263.3081
2025-Q1,Automotriz,ADMINISTRACION Y FINANZAS,CFO Director de Administración y Finanzas,Patagonia,14754534.3,19929798.9825
2025-Q1,Banca & Serv Financieros,ADMINISTRACION Y FINANZAS,CFO Director de Administración y Finanzas,Buenos Aires,12349545.2091,16372503.118125
2025-Q1,Banca & Serv Financieros,ADMINISTRACION Y FINANZAS,CFO Director de Administración y Finanzas,Cuyo,10867599.784008,14407802.74395
2025-Q1,Banca & Serv Financieros,ADMINISTRACION Y FINANZAS,CFO Director de Administración y Finanzas,Litoral,11361581.592372,15062702.868675
2025-Q1,Banca & Serv Financieros,ADMINISTRACION Y FINANZAS,CFO Director de Administración y Finanzas,NEA,10188374.7975075,13507315.0724531
2025-Q1,Banca & Serv Financieros,ADMINISTRACION Y FINANZAS,CFO Director de Administración y Finanzas,NOA,10497113.427735,13916627.6504062
2025-Q1,Banca & Serv Financieros,ADMINISTRACION Y FINANZAS,CFO Director de Administración y Finanzas,Patagonia,15436931.511375,20465628.8976562
2025-Q1,Consumo masivo,ADMINISTRACION Y FINANZAS,CFO Director de Administración y Finanzas,Buenos Aires,10977373.5191999,14500184.6877545
2025-Q1,Consumo masivo,ADMINISTRACION Y FINANZAS,CFO Director de Administración y Finanzas,Cuyo,9660088.69689591,12760162.525224
2025-Q1,Consumo masivo,ADMINISTRACION Y FINANZAS,CFO Director de Administración y Finanzas,Litoral,10099183.6376639,13340169.9127341
2025-Q1,Consumo masivo,ADMINISTRACION Y FINANZAS,CFO Director de Administración y Finanzas,NEA,9056333.15333992,11962652.3673975
2025-Q1,Consumo masivo,ADMINISTRACION Y FINANZAS,CFO Director de Administración y Finanzas,NOA,9330767.49131992,12325156.9845913
2025-Q1,Consumo masivo,ADMINISTRACION Y FINANZAS,CFO Director de Administración y Finanzas,Patagonia,13721716.8989999,18125230.8596931
2025-Q1,"Gas, Petróleo y Minería",ADMINISTRACION Y FINANZAS,CFO Director de Administración y Finanzas,Buenos Aires,12349545.2091,16372503.118125
2025-Q1,"Gas, Petróleo y Minería",ADMINISTRACION Y FINANZAS,CFO Director de Administración y Finanzas,Cuyo,10867599.784008,14407802.74395
2025-Q1,"Gas, Petróleo y Minería",ADMINISTRACION Y FINANZAS,CFO Director de Administración y Finanzas,Litoral,11361581.592372,15062702.868675
2025-Q1,"Gas, Petróleo y Minería",ADMINISTRACION Y FINANZAS,CFO Director de Administración y Finanzas,NEA,10188374.7975075,13507315.0724531
2025-Q1,"Gas, Petróleo y Minería",ADMINISTRACION Y FINANZAS,CFO Director de Administración y Finanzas,NOA,10497113.427735,13916627.6504062
2025-Q1,"Gas, Petróleo y Minería",ADMINISTRACION Y FINANZAS,CFO Director de Administración y Finanzas,Patagonia,15436931.511375,20465628.8976562
2025-Q1,IT,ADMINISTRACION Y FINANZAS,CFO Director de Administración y Finanzas,Buenos Aires,12349545.2091,16372503.118125
2025-Q1,IT,ADMINISTRACION Y FINANZAS,CFO Director de Administración y Finanzas,Cuyo,10867599.784008,14407802.74395
2025-Q1,IT,ADMINISTRACION Y FINANZAS,CFO Director de Administración y Finanzas,Litoral,11361581.592372,15062702.868675
2025-Q1,IT,ADMINISTRACION Y FINANZAS,CFO Director de Administración y Finanzas,NEA,10188374.7975075,13507315.0724531
2025-Q1,IT,ADMINISTRACION Y FINANZAS,CFO Director de Administración y Finanzas,NOA,10497113.427735,13916627.6504062
2025-Q1,IT,ADMINISTRACION Y FINANZAS,CFO Director de Administración y Finanzas,Patagonia,15436931.511375,20465628.8976562
2025-Q1,Lab & Pharma,ADMINISTRACION Y FINANZAS,CFO Director de Administración y Finanzas,Buenos Aires,12349545.2091,16372503.118125
2025-Q1,Lab & Pharma,ADMINISTRACION Y FINANZAS,CFO Director de Administración y Finanzas,Cuyo,10867599.784008,14407802.74395
2025-Q1,Lab & Pharma,ADMINISTRACION Y FINANZAS,CFO Director de Administración y Finanzas,Litoral,11361581.592372,15062702.868675
2025-Q1,Lab & Pharma,ADMINISTRACION Y FINANZAS,CFO Director de Administración y Finanzas,NEA,10188374.7975075,13507315.0724531
2025-Q1,Lab & Pharma,ADMINISTRACION Y FINANZAS,CFO Director de Administración y Finanzas,NOA,10497113.427735,13916627.6504062
2025-Q1,Lab & Pharma,ADMINISTRACION Y FINANZAS,CFO Director de Administración y Finanzas,Patagonia,15436931.511375,20465628.8976562
2025-Q1,Manufactura,ADMINISTRACION Y FINANZAS,CFO Director de Administración y Finanzas,Buenos Aires,11803627.44,15943839.186
2025-Q1,Manufactura,ADMINISTRACION Y FINANZAS,CFO Director de Administración y Finanzas,Cuyo,10387192.1472,14030578.48368
2025-Q1,Manufactura,ADMINISTRACION Y FINANZAS,CFO Director de Administración y Finanzas,Litoral,10859337.2448,14668332.05112
2025-Q1,Manufactura,ADMINISTRACION Y FINANZAS,CFO Director de Administración y Finanzas,NEA,9737992.638,13153667.32845
2025-Q1,Manufactura,ADMINISTRACION Y FINANZAS,CFO Director de Administración y Finanzas,NOA,10033083.324,13552263.3081
2025-Q1,Manufactura,ADMINISTRACION Y FINANZAS,CFO Director de Administración y Finanzas,Patagonia,14754534.3,19929798.9825
2025-Q1,Retail & Comercio,ADMINISTRACION Y FINANZAS,CFO Director de Administración y Finanzas,Buenos Aires,10977336.59,14500184.6877545
2025-Q1,Retail & Comercio,ADMINISTRACION Y FINANZAS,CFO Director de Administración y Finanzas,Cuyo,9660056.1992,12760162.525224
2025-Q1,Retail & Comercio,ADMINISTRACION Y FINANZAS,CFO Director de Administración y Finanzas,Litoral,10099149.6628,13340169.9127341
2025-Q1,Retail & Comercio,ADMINISTRACION Y FINANZAS,CFO Director de Administración y Finanzas,NEA,9056302.68675,11962652.3673975
2025-Q1,Retail & Comercio,ADMINISTRACION Y FINANZAS,CFO Director de Administración y Finanzas,NOA,9330736.1015,12325156.9845913
2025-Q1,Retail & Comercio,ADMINISTRACION Y FINANZAS,CFO Director de Administración y Finanzas,Patagonia,13721670.7375,18125230.8596931
2025-Q1,Servicios,ADMINISTRACION Y FINANZAS,CFO Director de Administración y Finanzas,Buenos Aires,10977336.59,14500184.6877545
2025-Q1,Servicios,ADMINISTRACION Y FINANZAS,CFO Director de Administración y Finanzas,Cuyo,9660056.1992,12760162.525224
2025-Q1,Servicios,ADMINISTRACION Y FINANZAS,CFO Director de Administración y Finanzas,Litoral,10099149.6628,13340169.9127341
2025-Q1,Servicios,ADMINISTRACION Y FINANZAS,CFO Director de Administración y Finanzas,NEA,9056302.68675,11962652.3673975
2025-Q1,Servicios,ADMINISTRACION Y FINANZAS,CFO Director de Administración y Finanzas,NOA,9330736.1015,12325156.9845913
2025-Q1,Servicios,ADMINISTRACION Y FINANZAS,CFO Director de Administración y Finanzas,Patagonia,13721670.7375,18125230.8596931
2025-Q1,Transporte y logística,ADMINISTRACION Y FINANZAS,CFO Director de Administración y Finanzas,Buenos Aires,10428469.7605,13775175.4533668
2025-Q1,Transporte y logística,ADMINISTRACION Y FINANZAS,CFO Director de Administración y Finanzas,Cuyo,9177053.38924,12122154.3989628
2025-Q1,Transporte y logística,ADMINISTRACION Y FINANZAS,CFO Director de Administración y Finanzas,Litoral,9594192.17966,12673161.4170975
2025-Q1,Transporte y logística,ADMINISTRACION Y FINANZAS,CFO Director de Administración y Finanzas,NEA,8603487.5524125,11364519.7490276
2025-Q1,Transporte y logística,ADMINISTRACION Y FINANZAS,CFO Director de Administración y Finanzas,NOA,8864199.296425,11708899.1353618
2025-Q1,Transporte y logística,ADMINISTRACION Y FINANZAS,CFO Director de Administración y Finanzas,Patagonia,13035587.200625,17218969.3167085
2025-Q1,Automotriz,ADMINISTRACION Y FINANZAS,Controller,Buenos Aires,4628734,7738555
2025-Q1,Automotriz,ADMINISTRACION Y FINANZAS,Controller,Cuyo,4073285.92,6809928.4
2025-Q1,Automotriz,ADMINISTRACION Y FINANZAS,Controller,Litoral,4258435.28,7119470.6
2025-Q1,Automotriz,ADMINISTRACION Y FINANZAS,Controller,NEA,3818705.55,6384307.875
2025-Q1,Automotriz,ADMINISTRACION Y FINANZAS,Controller,NOA,3934423.9,6577771.75
2025-Q1,Automotriz,ADMINISTRACION Y FINANZAS,Controller,Patagonia,5785917.5,9673193.75
2025-Q1,Banca & Serv Financieros,ADMINISTRACION Y FINANZAS,Controller,Buenos Aires,4356484,7738555
2025-Q1,Banca & Serv Financieros,ADMINISTRACION Y FINANZAS,Controller,Cuyo,3833705.92,6809928.4
2025-Q1,Banca & Serv Financieros,ADMINISTRACION Y FINANZAS,Controller,Litoral,4007965.28,7119470.6
2025-Q1,Banca & Serv Financieros,ADMINISTRACION Y FINANZAS,Controller,NEA,3594099.3,6384307.875
2025-Q1,Banca & Serv Financieros,ADMINISTRACION Y FINANZAS,Controller,NOA,3703011.4,6577771.75
2025-Q1,Banca & Serv Financieros,ADMINISTRACION Y FINANZAS,Controller,Patagonia,5445605,9673193.75
2025-Q1,Consumo masivo,ADMINISTRACION Y FINANZAS,Controller,Buenos Aires,5134635,7738555
2025-Q1,Consumo masivo,ADMINISTRACION Y FINANZAS,Controller,Cuyo,4518478.8,6809928.4
2025-Q1,Consumo masivo,ADMINISTRACION Y FINANZAS,Controller,Litoral,4723864.2,7119470.6
2025-Q1,Consumo masivo,ADMINISTRACION Y FINANZAS,Controller,NEA,4236073.875,6384307.875
2025-Q1,Consumo masivo,ADMINISTRACION Y FINANZAS,Controller,NOA,4364439.75,6577771.75
2025-Q1,Consumo masivo,ADMINISTRACION Y FINANZAS,Controller,Patagonia,6418293.75,9673193.75
2025-Q1,"Gas, Petróleo y Minería",ADMINISTRACION Y FINANZAS,Controller,Buenos Aires,4356605,7738555
2025-Q1,"Gas, Petróleo y Minería",ADMINISTRACION Y FINANZAS,Controller,Cuyo,3833812.4,6809928.4
2025-Q1,"Gas, Petróleo y Minería",ADMINISTRACION Y FINANZAS,Controller,Litoral,4008076.6,7119470.6
2025-Q1,"Gas, Petróleo y Minería",ADMINISTRACION Y FINANZAS,Controller,NEA,3594199.125,6384307.875
2025-Q1,"Gas, Petróleo y Minería",ADMINISTRACION Y FINANZAS,Controller,NOA,3703114.25,6577771.75
2025-Q1,"Gas, Petróleo y Minería",ADMINISTRACION Y FINANZAS,Controller,Patagonia,5445756.25,9673193.75
2025-Q1,IT,ADMINISTRACION Y FINANZAS,Controller,Buenos Aires,4356605,7738627.6
2025-Q1,IT,ADMINISTRACION Y FINANZAS,Controller,Cuyo,3833812.4,6809992.288
2025-Q1,IT,ADMINISTRACION Y FINANZAS,Controller,Litoral,4008076.6,7119537.392
2025-Q1,IT,ADMINISTRACION Y FINANZAS,Controller,NEA,3594199.125,6384367.77
2025-Q1,IT,ADMINISTRACION Y FINANZAS,Controller,NOA,3703114.25,6577833.46
2025-Q1,IT,ADMINISTRACION Y FINANZAS,Controller,Patagonia,5445756.25,9673284.5
2025-Q1,Lab & Pharma,ADMINISTRACION Y FINANZAS,Controller,Buenos Aires,4356605,7739160
2025-Q1,Lab & Pharma,ADMINISTRACION Y FINANZAS,Controller,Cuyo,3833812.4,6810460.8
2025-Q1,Lab & Pharma,ADMINISTRACION Y FINANZAS,Controller,Litoral,4008076.6,7120027.2
2025-Q1,Lab & Pharma,ADMINISTRACION Y FINANZAS,Controller,NEA,3594199.125,6384807
2025-Q1,Lab & Pharma,ADMINISTRACION Y FINANZAS,Controller,NOA,3703114.25,6578286
2025-Q1,Lab & Pharma,ADMINISTRACION Y FINANZAS,Controller,Patagonia,5445756.25,9673950
2025-Q1,Manufactura,ADMINISTRACION Y FINANZAS,Controller,Buenos Aires,4667817,7744605
2025-Q1,Manufactura,ADMINISTRACION Y FINANZAS,Controller,Cuyo,4107678.96,6815252.4
2025-Q1,Manufactura,ADMINISTRACION Y FINANZAS,Controller,Litoral,4294391.64,7125036.6
2025-Q1,Manufactura,ADMINISTRACION Y FINANZAS,Controller,NEA,3850949.025,6389299.125
2025-Q1,Manufactura,ADMINISTRACION Y FINANZAS,Controller,NOA,3967644.45,6582914.25
2025-Q1,Manufactura,ADMINISTRACION Y FINANZAS,Controller,Patagonia,5834771.25,9680756.25
2025-Q1,Retail & Comercio,ADMINISTRACION Y FINANZAS,Controller,Buenos Aires,4356000,7739160
2025-Q1,Retail & Comercio,ADMINISTRACION Y FINANZAS,Controller,Cuyo,3833280,6810460.8
2025-Q1,Retail & Comercio,ADMINISTRACION Y FINANZAS,Controller,Litoral,4007520,7120027.2
2025-Q1,Retail & Comercio,ADMINISTRACION Y FINANZAS,Controller,NEA,3593700,6384807
2025-Q1,Retail & Comercio,ADMINISTRACION Y FINANZAS,Controller,NOA,3702600,6578286
2025-Q1,Retail & Comercio,ADMINISTRACION Y FINANZAS,Controller,Patagonia,5445000,9673950
2025-Q1,Servicios,ADMINISTRACION Y FINANZAS,Controller,Buenos Aires,4356000,7739160
2025-Q1,Servicios,ADMINISTRACION Y FINANZAS,Controller,Cuyo,3833280,6810460.8
2025-Q1,Servicios,ADMINISTRACION Y FINANZAS,Controller,Litoral,4007520,7120027.2
2025-Q1,Servicios,ADMINISTRACION Y FINANZAS,Controller,NEA,3593700,6384807
2025-Q1,Servicios,ADMINISTRACION Y FINANZAS,Controller,NOA,3702600,6578286
2025-Q1,Servicios,ADMINISTRACION Y FINANZAS,Controller,Patagonia,5445000,9673950
2025-Q1,Transporte y logística,ADMINISTRACION Y FINANZAS,Controller,Buenos Aires,4356000,7739160
2025-Q1,Transporte y logística,ADMINISTRACION Y FINANZAS,Controller,Cuyo,3833280,6810460.8
2025-Q1,Transporte y logística,ADMINISTRACION Y FINANZAS,Controller,Litoral,4007520,7120027.2
2025-Q1,Transporte y logística,ADMINISTRACION Y FINANZAS,Controller,NEA,3593700,6384807
2025-Q1,Transporte y logística,ADMINISTRACION Y FINANZAS,Controller,NOA,3702600,6578286
2025-Q1,Transporte y logística,ADMINISTRACION Y FINANZAS,Controller,Patagonia,5445000,9673950
2025-Q1,Automotriz,ADMINISTRACION Y FINANZAS,Gerente de Administración y Finanzas,Buenos Aires,5304718.2080353,10356426.3
2025-Q1,Automotriz,ADMINISTRACION Y FINANZAS,Gerente de Administración y Finanzas,Cuyo,4668152.02307106,9113655.144
2025-Q1,Automotriz,ADMINISTRACION Y FINANZAS,Gerente de Administración y Finanzas,Litoral,4880340.75139248,9527912.196
2025-Q1,Automotriz,ADMINISTRACION Y FINANZAS,Gerente de Administración y Finanzas,NEA,4376392.52162912,8544051.6975
2025-Q1,Automotriz,ADMINISTRACION Y FINANZAS,Gerente de Administración y Finanzas,NOA,4509010.47683,8802962.355
2025-Q1,Automotriz,ADMINISTRACION Y FINANZAS,Gerente de Administración y Finanzas,Patagonia,6630897.76004412,12945532.875
2025-Q1,Banca & Serv Financieros,ADMINISTRACION Y FINANZAS,Gerente de Administración y Finanzas,Buenos Aires,4653176,9031319
2025-Q1,Banca & Serv Financieros,ADMINISTRACION Y FINANZAS,Gerente de Administración y Finanzas,Cuyo,4094794.88,7947560.72
2025-Q1,Banca & Serv Financieros,ADMINISTRACION Y FINANZAS,Gerente de Administración y Finanzas,Litoral,4280921.92,8308813.48
2025-Q1,Banca & Serv Financieros,ADMINISTRACION Y FINANZAS,Gerente de Administración y Finanzas,NEA,3838870.2,7450838.175
2025-Q1,Banca & Serv Financieros,ADMINISTRACION Y FINANZAS,Gerente de Administración y Finanzas,NOA,3955199.6,7676621.15
2025-Q1,Banca & Serv Financieros,ADMINISTRACION Y FINANZAS,Gerente de Administración y Finanzas,Patagonia,5816470,11289148.75
2025-Q1,Consumo masivo,ADMINISTRACION Y FINANZAS,Gerente de Administración y Finanzas,Buenos Aires,4420614,8630325
2025-Q1,Consumo masivo,ADMINISTRACION Y FINANZAS,Gerente de Administración y Finanzas,Cuyo,3890140.32,7594686
2025-Q1,Consumo masivo,ADMINISTRACION Y FINANZAS,Gerente de Administración y Finanzas,Litoral,4066964.88,7939899
2025-Q1,Consumo masivo,ADMINISTRACION Y FINANZAS,Gerente de Administración y Finanzas,NEA,3647006.55,7120018.125
2025-Q1,Consumo masivo,ADMINISTRACION Y FINANZAS,Gerente de Administración y Finanzas,NOA,3757521.9,7335776.25
2025-Q1,Consumo masivo,ADMINISTRACION Y FINANZAS,Gerente de Administración y Finanzas,Patagonia,5525767.5,10787906.25
2025-Q1,"Gas, Petróleo y Minería",ADMINISTRACION Y FINANZAS,Gerente de Administración y Finanzas,Buenos Aires,4885737.50171462,9031379.5
2025-Q1,"Gas, Petróleo y Minería",ADMINISTRACION Y FINANZAS,Gerente de Administración y Finanzas,Cuyo,4299449.00150887,7947613.96
2025-Q1,"Gas, Petróleo y Minería",ADMINISTRACION Y FINANZAS,Gerente de Administración y Finanzas,Litoral,4494878.50157745,8308869.14
2025-Q1,"Gas, Petróleo y Minería",ADMINISTRACION Y FINANZAS,Gerente de Administración y Finanzas,NEA,4030733.43891456,7450888.0875
2025-Q1,"Gas, Petróleo y Minería",ADMINISTRACION Y FINANZAS,Gerente de Administración y Finanzas,NOA,4152876.87645743,7676672.575
2025-Q1,"Gas, Petróleo y Minería",ADMINISTRACION Y FINANZAS,Gerente de Administración y Finanzas,Patagonia,6107171.87714327,11289224.375
2025-Q1,IT,ADMINISTRACION Y FINANZAS,Gerente de Administración y Finanzas,Buenos Aires,4885737.50171462,9031355.35246485
2025-Q1,IT,ADMINISTRACION Y FINANZAS,Gerente de Administración y Finanzas,Cuyo,4299449.00150887,7947592.71016907
2025-Q1,IT,ADMINISTRACION Y FINANZAS,Gerente de Administración y Finanzas,Litoral,4494878.50157745,8308846.92426766
2025-Q1,IT,ADMINISTRACION Y FINANZAS,Gerente de Administración y Finanzas,NEA,4030733.43891456,7450868.1657835
2025-Q1,IT,ADMINISTRACION Y FINANZAS,Gerente de Administración y Finanzas,NOA,4152876.87645743,7676652.04959512
2025-Q1,IT,ADMINISTRACION Y FINANZAS,Gerente de Administración y Finanzas,Patagonia,6107171.87714327,11289194.1905811
2025-Q1,Lab & Pharma,ADMINISTRACION Y FINANZAS,Gerente de Administración y Finanzas,Buenos Aires,4653176,8579747
2025-Q1,Lab & Pharma,ADMINISTRACION Y FINANZAS,Gerente de Administración y Finanzas,Cuyo,4094794.88,7550177.36
2025-Q1,Lab & Pharma,ADMINISTRACION Y FINANZAS,Gerente de Administración y Finanzas,Litoral,4280921.92,7893367.24
2025-Q1,Lab & Pharma,ADMINISTRACION Y FINANZAS,Gerente de Administración y Finanzas,NEA,3838870.2,7078291.275
2025-Q1,Lab & Pharma,ADMINISTRACION Y FINANZAS,Gerente de Administración y Finanzas,NOA,3955199.6,7292784.95
2025-Q1,Lab & Pharma,ADMINISTRACION Y FINANZAS,Gerente de Administración y Finanzas,Patagonia,5816470,10724683.75
2025-Q1,Manufactura,ADMINISTRACION Y FINANZAS,Gerente de Administración y Finanzas,Buenos Aires,5583798.70104642,10837631.2
2025-Q1,Manufactura,ADMINISTRACION Y FINANZAS,Gerente de Administración y Finanzas,Cuyo,4913742.85692085,9537115.456
2025-Q1,Manufactura,ADMINISTRACION Y FINANZAS,Gerente de Administración y Finanzas,Litoral,5137094.80496271,9970620.704
2025-Q1,Manufactura,ADMINISTRACION Y FINANZAS,Gerente de Administración y Finanzas,NEA,4606633.9283633,8941045.74
2025-Q1,Manufactura,ADMINISTRACION Y FINANZAS,Gerente de Administración y Finanzas,NOA,4746228.89588946,9211986.52
2025-Q1,Manufactura,ADMINISTRACION Y FINANZAS,Gerente de Administración y Finanzas,Patagonia,6979748.37630803,13547039
2025-Q1,Retail & Comercio,ADMINISTRACION Y FINANZAS,Gerente de Administración y Finanzas,Buenos Aires,4420602.13669608,8630361.40445703
2025-Q1,Retail & Comercio,ADMINISTRACION Y FINANZAS,Gerente de Administración y Finanzas,Cuyo,3890129.88029255,7594718.03592219
2025-Q1,Retail & Comercio,ADMINISTRACION Y FINANZAS,Gerente de Administración y Finanzas,Litoral,4066953.96576039,7939932.49210047
2025-Q1,Retail & Comercio,ADMINISTRACION Y FINANZAS,Gerente de Administración y Finanzas,NEA,3646996.76277427,7120048.15867705
2025-Q1,Retail & Comercio,ADMINISTRACION Y FINANZAS,Gerente de Administración y Finanzas,NOA,3757511.81619167,7335807.19378848
2025-Q1,Retail & Comercio,ADMINISTRACION Y FINANZAS,Gerente de Administración y Finanzas,Patagonia,5525752.6708701,10787951.7555713
2025-Q1,Servicios,ADMINISTRACION Y FINANZAS,Gerente de Administración y Finanzas,Buenos Aires,4420602.13669608,8630361.40445703
2025-Q1,Servicios,ADMINISTRACION Y FINANZAS,Gerente de Administración y Finanzas,Cuyo,3890129.88029255,7594718.03592219
2025-Q1,Servicios,ADMINISTRACION Y FINANZAS,Gerente de Administración y Finanzas,Litoral,4066953.96576039,7939932.49210047
2025-Q1,Servicios,ADMINISTRACION Y FINANZAS,Gerente de Administración y Finanzas,NEA,3646996.76277427,7120048.15867705
2025-Q1,Servicios,ADMINISTRACION Y FINANZAS,Gerente de Administración y Finanzas,NOA,3757511.81619167,7335807.19378848
2025-Q1,Servicios,ADMINISTRACION Y FINANZAS,Gerente de Administración y Finanzas,Patagonia,5525752.6708701,10787951.7555713
2025-Q1,Transporte y logística,ADMINISTRACION Y FINANZAS,Gerente de Administración y Finanzas,Buenos Aires,4423336.5,8643725.57039062
2025-Q1,Transporte y logística,ADMINISTRACION Y FINANZAS,Gerente de Administración y Finanzas,Cuyo,3892536.12,7606478.50194374
2025-Q1,Transporte y logística,ADMINISTRACION Y FINANZAS,Gerente de Administración y Finanzas,Litoral,4069469.58,7952227.52475937
2025-Q1,Transporte y logística,ADMINISTRACION Y FINANZAS,Gerente de Administración y Finanzas,NEA,3649252.6125,7131073.59557226
2025-Q1,Transporte y logística,ADMINISTRACION Y FINANZAS,Gerente de Administración y Finanzas,NOA,3759836.025,7347166.73483203
2025-Q1,Transporte y logística,ADMINISTRACION Y FINANZAS,Gerente de Administración y Finanzas,Patagonia,5529170.625,10804656.9629883
2025-Q1,Automotriz,ADMINISTRACION Y FINANZAS,Gerente de Auditoría,Buenos Aires,4209795.7,8039845
2025-Q1,Automotriz,ADMINISTRACION Y FINANZAS,Gerente de Auditoría,Cuyo,3704620.216,7075063.6
2025-Q1,Automotriz,ADMINISTRACION Y FINANZAS,Gerente de Auditoría,Litoral,3873012.044,7396657.4
2025-Q1,Automotriz,ADMINISTRACION Y FINANZAS,Gerente de Auditoría,NEA,3473081.4525,6632872.125
2025-Q1,Automotriz,ADMINISTRACION Y FINANZAS,Gerente de Auditoría,NOA,3578326.345,6833868.25
2025-Q1,Automotriz,ADMINISTRACION Y FINANZAS,Gerente de Auditoría,Patagonia,5262244.625,10049806.25
2025-Q1,Banca & Serv Financieros,ADMINISTRACION Y FINANZAS,Gerente de Auditoría,Buenos Aires,4630912,8001609
2025-Q1,Banca & Serv Financieros,ADMINISTRACION Y FINANZAS,Gerente de Auditoría,Cuyo,4075202.56,7041415.92
2025-Q1,Banca & Serv Financieros,ADMINISTRACION Y FINANZAS,Gerente de Auditoría,Litoral,4260439.04,7361480.28
2025-Q1,Banca & Serv Financieros,ADMINISTRACION Y FINANZAS,Gerente de Auditoría,NEA,3820502.4,6601327.425
2025-Q1,Banca & Serv Financieros,ADMINISTRACION Y FINANZAS,Gerente de Auditoría,NOA,3936275.2,6801367.65
2025-Q1,Banca & Serv Financieros,ADMINISTRACION Y FINANZAS,Gerente de Auditoría,Patagonia,5788640,10002011.25
2025-Q1,Consumo masivo,ADMINISTRACION Y FINANZAS,Gerente de Auditoría,Buenos Aires,4209796.11220398,8039845
2025-Q1,Consumo masivo,ADMINISTRACION Y FINANZAS,Gerente de Auditoría,Cuyo,3704620.5787395,7075063.6
2025-Q1,Consumo masivo,ADMINISTRACION Y FINANZAS,Gerente de Auditoría,Litoral,3873012.42322766,7396657.4
2025-Q1,Consumo masivo,ADMINISTRACION Y FINANZAS,Gerente de Auditoría,NEA,3473081.79256828,6632872.125
2025-Q1,Consumo masivo,ADMINISTRACION Y FINANZAS,Gerente de Auditoría,NOA,3578326.69537338,6833868.25
2025-Q1,Consumo masivo,ADMINISTRACION Y FINANZAS,Gerente de Auditoría,Patagonia,5262245.14025497,10049806.25
2025-Q1,"Gas, Petróleo y Minería",ADMINISTRACION Y FINANZAS,Gerente de Auditoría,Buenos Aires,4210800,7369868
2025-Q1,"Gas, Petróleo y Minería",ADMINISTRACION Y FINANZAS,Gerente de Auditoría,Cuyo,3705504,6485483.84
2025-Q1,"Gas, Petróleo y Minería",ADMINISTRACION Y FINANZAS,Gerente de Auditoría,Litoral,3873936,6780278.56
2025-Q1,"Gas, Petróleo y Minería",ADMINISTRACION Y FINANZAS,Gerente de Auditoría,NEA,3473910,6080141.1
2025-Q1,"Gas, Petróleo y Minería",ADMINISTRACION Y FINANZAS,Gerente de Auditoría,NOA,3579180,6264387.8
2025-Q1,"Gas, Petróleo y Minería",ADMINISTRACION Y FINANZAS,Gerente de Auditoría,Patagonia,5263500,9212335
2025-Q1,IT,ADMINISTRACION Y FINANZAS,Gerente de Auditoría,Buenos Aires,4630954.28677456,8001609
2025-Q1,IT,ADMINISTRACION Y FINANZAS,Gerente de Auditoría,Cuyo,4075239.77236161,7041415.92
2025-Q1,IT,ADMINISTRACION Y FINANZAS,Gerente de Auditoría,Litoral,4260477.94383259,7361480.28
2025-Q1,IT,ADMINISTRACION Y FINANZAS,Gerente de Auditoría,NEA,3820537.28658901,6601327.425
2025-Q1,IT,ADMINISTRACION Y FINANZAS,Gerente de Auditoría,NOA,3936311.14375838,6801367.65
2025-Q1,IT,ADMINISTRACION Y FINANZAS,Gerente de Auditoría,Patagonia,5788692.8584682,10002011.25
2025-Q1,Lab & Pharma,ADMINISTRACION Y FINANZAS,Gerente de Auditoría,Buenos Aires,4490310,7791069
2025-Q1,Lab & Pharma,ADMINISTRACION Y FINANZAS,Gerente de Auditoría,Cuyo,3951472.8,6856140.72
2025-Q1,Lab & Pharma,ADMINISTRACION Y FINANZAS,Gerente de Auditoría,Litoral,4131085.2,7167783.48
2025-Q1,Lab & Pharma,ADMINISTRACION Y FINANZAS,Gerente de Auditoría,NEA,3704505.75,6427631.925
2025-Q1,Lab & Pharma,ADMINISTRACION Y FINANZAS,Gerente de Auditoría,NOA,3816763.5,6622408.65
2025-Q1,Lab & Pharma,ADMINISTRACION Y FINANZAS,Gerente de Auditoría,Patagonia,5612887.5,9738836.25
2025-Q1,Manufactura,ADMINISTRACION Y FINANZAS,Gerente de Auditoría,Buenos Aires,4630912,8001609
2025-Q1,Manufactura,ADMINISTRACION Y FINANZAS,Gerente de Auditoría,Cuyo,4075202.56,7041415.92
2025-Q1,Manufactura,ADMINISTRACION Y FINANZAS,Gerente de Auditoría,Litoral,4260439.04,7361480.28
2025-Q1,Manufactura,ADMINISTRACION Y FINANZAS,Gerente de Auditoría,NEA,3820502.4,6601327.425
2025-Q1,Manufactura,ADMINISTRACION Y FINANZAS,Gerente de Auditoría,NOA,3936275.2,6801367.65
2025-Q1,Manufactura,ADMINISTRACION Y FINANZAS,Gerente de Auditoría,Patagonia,5788640,10002011.25
2025-Q1,Retail & Comercio,ADMINISTRACION Y FINANZAS,Gerente de Auditoría,Buenos Aires,4209832,8040450
2025-Q1,Retail & Comercio,ADMINISTRACION Y FINANZAS,Gerente de Auditoría,Cuyo,3704652.16,7075596
2025-Q1,Retail & Comercio,ADMINISTRACION Y FINANZAS,Gerente de Auditoría,Litoral,3873045.44,7397214
2025-Q1,Retail & Comercio,ADMINISTRACION Y FINANZAS,Gerente de Auditoría,NEA,3473111.4,6633371.25
2025-Q1,Retail & Comercio,ADMINISTRACION Y FINANZAS,Gerente de Auditoría,NOA,3578357.2,6834382.5
2025-Q1,Retail & Comercio,ADMINISTRACION Y FINANZAS,Gerente de Auditoría,Patagonia,5262290,10050562.5
2025-Q1,Servicios,ADMINISTRACION Y FINANZAS,Gerente de Auditoría,Buenos Aires,4209590,8040450
2025-Q1,Servicios,ADMINISTRACION Y FINANZAS,Gerente de Auditoría,Cuyo,3704439.2,7075596
2025-Q1,Servicios,ADMINISTRACION Y FINANZAS,Gerente de Auditoría,Litoral,3872822.8,7397214
2025-Q1,Servicios,ADMINISTRACION Y FINANZAS,Gerente de Auditoría,NEA,3472911.75,6633371.25
2025-Q1,Servicios,ADMINISTRACION Y FINANZAS,Gerente de Auditoría,NOA,3578151.5,6834382.5
2025-Q1,Servicios,ADMINISTRACION Y FINANZAS,Gerente de Auditoría,Patagonia,5261987.5,10050562.5
2025-Q1,Transporte y logística,ADMINISTRACION Y FINANZAS,Gerente de Auditoría,Buenos Aires,4210800,8040450
2025-Q1,Transporte y logística,ADMINISTRACION Y FINANZAS,Gerente de Auditoría,Cuyo,3705504,7075596
2025-Q1,Transporte y logística,ADMINISTRACION Y FINANZAS,Gerente de Auditoría,Litoral,3873936,7397214
2025-Q1,Transporte y logística,ADMINISTRACION Y FINANZAS,Gerente de Auditoría,NEA,3473910,6633371.25
2025-Q1,Transporte y logística,ADMINISTRACION Y FINANZAS,Gerente de Auditoría,NOA,3579180,6834382.5
2025-Q1,Transporte y logística,ADMINISTRACION Y FINANZAS,Gerente de Auditoría,Patagonia,5263500,10050562.5
2025-Q1,Automotriz,ADMINISTRACION Y FINANZAS,Gerente de Cobranzas,Buenos Aires,3844472.5,6694845.3
2025-Q1,Automotriz,ADMINISTRACION Y FINANZAS,Gerente de Cobranzas,Cuyo,3383135.8,5891463.864
2025-Q1,Automotriz,ADMINISTRACION Y FINANZAS,Gerente de Cobranzas,Litoral,3536914.7,6159257.676
2025-Q1,Automotriz,ADMINISTRACION Y FINANZAS,Gerente de Cobranzas,NEA,3171689.8125,5523247.3725
2025-Q1,Automotriz,ADMINISTRACION Y FINANZAS,Gerente de Cobranzas,NOA,3267801.625,5690618.505
2025-Q1,Automotriz,ADMINISTRACION Y FINANZAS,Gerente de Cobranzas,Patagonia,4805590.625,8368556.625
2025-Q1,Banca & Serv Financieros,ADMINISTRACION Y FINANZAS,Gerente de Cobranzas,Buenos Aires,4241897,6825827.8
2025-Q1,Banca & Serv Financieros,ADMINISTRACION Y FINANZAS,Gerente de Cobranzas,Cuyo,3732869.36,6006728.464
2025-Q1,Banca & Serv Financieros,ADMINISTRACION Y FINANZAS,Gerente de Cobranzas,Litoral,3902545.24,6279761.576
2025-Q1,Banca & Serv Financieros,ADMINISTRACION Y FINANZAS,Gerente de Cobranzas,NEA,3499565.025,5631307.935
2025-Q1,Banca & Serv Financieros,ADMINISTRACION Y FINANZAS,Gerente de Cobranzas,NOA,3605612.45,5801953.63
2025-Q1,Banca & Serv Financieros,ADMINISTRACION Y FINANZAS,Gerente de Cobranzas,Patagonia,5302371.25,8532284.75
2025-Q1,Consumo masivo,ADMINISTRACION Y FINANZAS,Gerente de Cobranzas,Buenos Aires,3844484.39848448,6694845.3270435
2025-Q1,Consumo masivo,ADMINISTRACION Y FINANZAS,Gerente de Cobranzas,Cuyo,3383146.27066634,5891463.88779828
2025-Q1,Consumo masivo,ADMINISTRACION Y FINANZAS,Gerente de Cobranzas,Litoral,3536925.64660572,6159257.70088002
2025-Q1,Consumo masivo,ADMINISTRACION Y FINANZAS,Gerente de Cobranzas,NEA,3171699.6287497,5523247.39481089
2025-Q1,Consumo masivo,ADMINISTRACION Y FINANZAS,Gerente de Cobranzas,NOA,3267811.73871181,5690618.52798697
2025-Q1,Consumo masivo,ADMINISTRACION Y FINANZAS,Gerente de Cobranzas,Patagonia,4805605.4981056,8368556.65880437
2025-Q1,"Gas, Petróleo y Minería",ADMINISTRACION Y FINANZAS,Gerente de Cobranzas,Buenos Aires,3844484.39848448,6694845.3270435
2025-Q1,"Gas, Petróleo y Minería",ADMINISTRACION Y FINANZAS,Gerente de Cobranzas,Cuyo,3383146.27066634,5891463.88779828
2025-Q1,"Gas, Petróleo y Minería",ADMINISTRACION Y FINANZAS,Gerente de Cobranzas,Litoral,3536925.64660572,6159257.70088002
2025-Q1,"Gas, Petróleo y Minería",ADMINISTRACION Y FINANZAS,Gerente de Cobranzas,NEA,3171699.6287497,5523247.39481089
2025-Q1,"Gas, Petróleo y Minería",ADMINISTRACION Y FINANZAS,Gerente de Cobranzas,NOA,3267811.73871181,5690618.52798697
2025-Q1,"Gas, Petróleo y Minería",ADMINISTRACION Y FINANZAS,Gerente de Cobranzas,Patagonia,4805605.4981056,8368556.65880437
2025-Q1,IT,ADMINISTRACION Y FINANZAS,Gerente de Cobranzas,Buenos Aires,4241897,7123741.57763482
2025-Q1,IT,ADMINISTRACION Y FINANZAS,Gerente de Cobranzas,Cuyo,3732869.36,6268892.58831864
2025-Q1,IT,ADMINISTRACION Y FINANZAS,Gerente de Cobranzas,Litoral,3902545.24,6553842.25142403
2025-Q1,IT,ADMINISTRACION Y FINANZAS,Gerente de Cobranzas,NEA,3499565.025,5877086.80154873
2025-Q1,IT,ADMINISTRACION Y FINANZAS,Gerente de Cobranzas,NOA,3605612.45,6055180.3409896
2025-Q1,IT,ADMINISTRACION Y FINANZAS,Gerente de Cobranzas,Patagonia,5302371.25,8904676.97204353
2025-Q1,Lab & Pharma,ADMINISTRACION Y FINANZAS,Gerente de Cobranzas,Buenos Aires,4109426.04005425,7088247.05424103
2025-Q1,Lab & Pharma,ADMINISTRACION Y FINANZAS,Gerente de Cobranzas,Cuyo,3616294.91524774,6237657.40773211
2025-Q1,Lab & Pharma,ADMINISTRACION Y FINANZAS,Gerente de Cobranzas,Litoral,3780671.95684991,6521187.28990175
2025-Q1,Lab & Pharma,ADMINISTRACION Y FINANZAS,Gerente de Cobranzas,NEA,3390276.48304476,5847803.81974885
2025-Q1,Lab & Pharma,ADMINISTRACION Y FINANZAS,Gerente de Cobranzas,NOA,3493012.13404611,6025009.99610487
2025-Q1,Lab & Pharma,ADMINISTRACION Y FINANZAS,Gerente de Cobranzas,Patagonia,5136782.55006781,8860308.81780129
2025-Q1,Manufactura,ADMINISTRACION Y FINANZAS,Gerente de Cobranzas,Buenos Aires,3845380,6694809
2025-Q1,Manufactura,ADMINISTRACION Y FINANZAS,Gerente de Cobranzas,Cuyo,3383934.4,5891431.92
2025-Q1,Manufactura,ADMINISTRACION Y FINANZAS,Gerente de Cobranzas,Litoral,3537749.6,6159224.28
2025-Q1,Manufactura,ADMINISTRACION Y FINANZAS,Gerente de Cobranzas,NEA,3172438.5,5523217.425
2025-Q1,Manufactura,ADMINISTRACION Y FINANZAS,Gerente de Cobranzas,NOA,3268573,5690587.65
2025-Q1,Manufactura,ADMINISTRACION Y FINANZAS,Gerente de Cobranzas,Patagonia,4806725,8368511.25
2025-Q1,Retail & Comercio,ADMINISTRACION Y FINANZAS,Gerente de Cobranzas,Buenos Aires,3844170,6694845.3270435
2025-Q1,Retail & Comercio,ADMINISTRACION Y FINANZAS,Gerente de Cobranzas,Cuyo,3382869.6,5891463.88779828
2025-Q1,Retail & Comercio,ADMINISTRACION Y FINANZAS,Gerente de Cobranzas,Litoral,3536636.4,6159257.70088002
2025-Q1,Retail & Comercio,ADMINISTRACION Y FINANZAS,Gerente de Cobranzas,NEA,3171440.25,5523247.39481089
2025-Q1,Retail & Comercio,ADMINISTRACION Y FINANZAS,Gerente de Cobranzas,NOA,3267544.5,5690618.52798697
2025-Q1,Retail & Comercio,ADMINISTRACION Y FINANZAS,Gerente de Cobranzas,Patagonia,4805212.5,8368556.65880437
2025-Q1,Servicios,ADMINISTRACION Y FINANZAS,Gerente de Cobranzas,Buenos Aires,3845380,6694845.3270435
2025-Q1,Servicios,ADMINISTRACION Y FINANZAS,Gerente de Cobranzas,Cuyo,3383934.4,5891463.88779828
2025-Q1,Servicios,ADMINISTRACION Y FINANZAS,Gerente de Cobranzas,Litoral,3537749.6,6159257.70088002
2025-Q1,Servicios,ADMINISTRACION Y FINANZAS,Gerente de Cobranzas,NEA,3172438.5,5523247.39481089
2025-Q1,Servicios,ADMINISTRACION Y FINANZAS,Gerente de Cobranzas,NOA,3268573,5690618.52798697
2025-Q1,Servicios,ADMINISTRACION Y FINANZAS,Gerente de Cobranzas,Patagonia,4806725,8368556.65880437
2025-Q1,Transporte y logística,ADMINISTRACION Y FINANZAS,Gerente de Cobranzas,Buenos Aires,3830497,6945363.7
2025-Q1,Transporte y logística,ADMINISTRACION Y FINANZAS,Gerente de Cobranzas,Cuyo,3370837.36,6111920.056
2025-Q1,Transporte y logística,ADMINISTRACION Y FINANZAS,Gerente de Cobranzas,Litoral,3524057.24,6389734.604
2025-Q1,Transporte y logística,ADMINISTRACION Y FINANZAS,Gerente de Cobranzas,NEA,3160160.025,5729925.0525
2025-Q1,Transporte y logística,ADMINISTRACION Y FINANZAS,Gerente de Cobranzas,NOA,3255922.45,5903559.145
2025-Q1,Transporte y logística,ADMINISTRACION Y FINANZAS,Gerente de Cobranzas,Patagonia,4788121.25,8681704.625
2025-Q1,Automotriz,ADMINISTRACION Y FINANZAS,Gerente de Contabilidad,Buenos Aires,4780186.17728459,8212270
2025-Q1,Automotriz,ADMINISTRACION Y FINANZAS,Gerente de Contabilidad,Cuyo,4206563.83601044,7226797.6
2025-Q1,Automotriz,ADMINISTRACION Y FINANZAS,Gerente de Contabilidad,Litoral,4397771.28310182,7555288.4
2025-Q1,Automotriz,ADMINISTRACION Y FINANZAS,Gerente de Contabilidad,NEA,3943653.59625979,6775122.75
2025-Q1,Automotriz,ADMINISTRACION Y FINANZAS,Gerente de Contabilidad,NOA,4063158.2506919,6980429.5
2025-Q1,Automotriz,ADMINISTRACION Y FINANZAS,Gerente de Contabilidad,Patagonia,5975232.72160574,10265337.5
2025-Q1,Banca & Serv Financieros,ADMINISTRACION Y FINANZAS,Gerente de Contabilidad,Buenos Aires,5310986.32983214,8574423
2025-Q1,Banca & Serv Financieros,ADMINISTRACION Y FINANZAS,Gerente de Contabilidad,Cuyo,4673667.97025228,7545492.24
2025-Q1,Banca & Serv Financieros,ADMINISTRACION Y FINANZAS,Gerente de Contabilidad,Litoral,4886107.42344557,7888469.16
2025-Q1,Banca & Serv Financieros,ADMINISTRACION Y FINANZAS,Gerente de Contabilidad,NEA,4381563.72211152,7073898.975
2025-Q1,Banca & Serv Financieros,ADMINISTRACION Y FINANZAS,Gerente de Contabilidad,NOA,4514338.38035732,7288259.55
2025-Q1,Banca & Serv Financieros,ADMINISTRACION Y FINANZAS,Gerente de Contabilidad,Patagonia,6638732.91229018,10718028.75
2025-Q1,Consumo masivo,ADMINISTRACION Y FINANZAS,Gerente de Contabilidad,Buenos Aires,4780189.80728459,8213117
2025-Q1,Consumo masivo,ADMINISTRACION Y FINANZAS,Gerente de Contabilidad,Cuyo,4206567.03041044,7227542.96
2025-Q1,Consumo masivo,ADMINISTRACION Y FINANZAS,Gerente de Contabilidad,Litoral,4397774.62270182,7556067.64
2025-Q1,Consumo masivo,ADMINISTRACION Y FINANZAS,Gerente de Contabilidad,NEA,3943656.59100979,6775821.525
2025-Q1,Consumo masivo,ADMINISTRACION Y FINANZAS,Gerente de Contabilidad,NOA,4063161.3361919,6981149.45
2025-Q1,Consumo masivo,ADMINISTRACION Y FINANZAS,Gerente de Contabilidad,Patagonia,5975237.25910574,10266396.25
2025-Q1,"Gas, Petróleo y Minería",ADMINISTRACION Y FINANZAS,Gerente de Contabilidad,Buenos Aires,4780189.80728459,8213117
2025-Q1,"Gas, Petróleo y Minería",ADMINISTRACION Y FINANZAS,Gerente de Contabilidad,Cuyo,4206567.03041044,7227542.96
2025-Q1,"Gas, Petróleo y Minería",ADMINISTRACION Y FINANZAS,Gerente de Contabilidad,Litoral,4397774.62270182,7556067.64
2025-Q1,"Gas, Petróleo y Minería",ADMINISTRACION Y FINANZAS,Gerente de Contabilidad,NEA,3943656.59100979,6775821.525
2025-Q1,"Gas, Petróleo y Minería",ADMINISTRACION Y FINANZAS,Gerente de Contabilidad,NOA,4063161.3361919,6981149.45
2025-Q1,"Gas, Petróleo y Minería",ADMINISTRACION Y FINANZAS,Gerente de Contabilidad,Patagonia,5975237.25910574,10266396.25
2025-Q1,IT,ADMINISTRACION Y FINANZAS,Gerente de Contabilidad,Buenos Aires,5310986.32983214,8574423
2025-Q1,IT,ADMINISTRACION Y FINANZAS,Gerente de Contabilidad,Cuyo,4673667.97025228,7545492.24
2025-Q1,IT,ADMINISTRACION Y FINANZAS,Gerente de Contabilidad,Litoral,4886107.42344557,7888469.16
2025-Q1,IT,ADMINISTRACION Y FINANZAS,Gerente de Contabilidad,NEA,4381563.72211152,7073898.975
2025-Q1,IT,ADMINISTRACION Y FINANZAS,Gerente de Contabilidad,NOA,4514338.38035732,7288259.55
2025-Q1,IT,ADMINISTRACION Y FINANZAS,Gerente de Contabilidad,Patagonia,6638732.91229018,10718028.75
2025-Q1,Lab & Pharma,ADMINISTRACION Y FINANZAS,Gerente de Contabilidad,Buenos Aires,5133887.11974148,8726277.6051165
2025-Q1,Lab & Pharma,ADMINISTRACION Y FINANZAS,Gerente de Contabilidad,Cuyo,4517820.6653725,7679124.29250252
2025-Q1,Lab & Pharma,ADMINISTRACION Y FINANZAS,Gerente de Contabilidad,Litoral,4723176.15016216,8028175.39670718
2025-Q1,Lab & Pharma,ADMINISTRACION Y FINANZAS,Gerente de Contabilidad,NEA,4235456.87378672,7199179.02422111
2025-Q1,Lab & Pharma,ADMINISTRACION Y FINANZAS,Gerente de Contabilidad,NOA,4363804.05178026,7417335.96434902
2025-Q1,Lab & Pharma,ADMINISTRACION Y FINANZAS,Gerente de Contabilidad,Patagonia,6417358.89967685,10907847.0063956
2025-Q1,Manufactura,ADMINISTRACION Y FINANZAS,Gerente de Contabilidad,Buenos Aires,5310986.32983214,8982798
2025-Q1,Manufactura,ADMINISTRACION Y FINANZAS,Gerente de Contabilidad,Cuyo,4673667.97025228,7904862.24
2025-Q1,Manufactura,ADMINISTRACION Y FINANZAS,Gerente de Contabilidad,Litoral,4886107.42344557,8264174.16
2025-Q1,Manufactura,ADMINISTRACION Y FINANZAS,Gerente de Contabilidad,NEA,4381563.72211152,7410808.35
2025-Q1,Manufactura,ADMINISTRACION Y FINANZAS,Gerente de Contabilidad,NOA,4514338.38035732,7635378.3
2025-Q1,Manufactura,ADMINISTRACION Y FINANZAS,Gerente de Contabilidad,Patagonia,6638732.91229018,11228497.5
2025-Q1,Retail & Comercio,ADMINISTRACION Y FINANZAS,Gerente de Contabilidad,Buenos Aires,4780189.80728459,8213117
2025-Q1,Retail & Comercio,ADMINISTRACION Y FINANZAS,Gerente de Contabilidad,Cuyo,4206567.03041044,7227542.96
2025-Q1,Retail & Comercio,ADMINISTRACION Y FINANZAS,Gerente de Contabilidad,Litoral,4397774.62270182,7556067.64
2025-Q1,Retail & Comercio,ADMINISTRACION Y FINANZAS,Gerente de Contabilidad,NEA,3943656.59100979,6775821.525
2025-Q1,Retail & Comercio,ADMINISTRACION Y FINANZAS,Gerente de Contabilidad,NOA,4063161.3361919,6981149.45
2025-Q1,Retail & Comercio,ADMINISTRACION Y FINANZAS,Gerente de Contabilidad,Patagonia,5975237.25910574,10266396.25
2025-Q1,Servicios,ADMINISTRACION Y FINANZAS,Gerente de Contabilidad,Buenos Aires,4780189.80728459,8213117
2025-Q1,Servicios,ADMINISTRACION Y FINANZAS,Gerente de Contabilidad,Cuyo,4206567.03041044,7227542.96
2025-Q1,Servicios,ADMINISTRACION Y FINANZAS,Gerente de Contabilidad,Litoral,4397774.62270182,7556067.64
2025-Q1,Servicios,ADMINISTRACION Y FINANZAS,Gerente de Contabilidad,NEA,3943656.59100979,6775821.525
2025-Q1,Servicios,ADMINISTRACION Y FINANZAS,Gerente de Contabilidad,NOA,4063161.3361919,6981149.45
2025-Q1,Servicios,ADMINISTRACION Y FINANZAS,Gerente de Contabilidad,Patagonia,5975237.25910574,10266396.25
2025-Q1,Transporte y logística,ADMINISTRACION Y FINANZAS,Gerente de Contabilidad,Buenos Aires,4780189.80728459,8240351.71043906
2025-Q1,Transporte y logística,ADMINISTRACION Y FINANZAS,Gerente de Contabilidad,Cuyo,4206567.03041044,7251509.50518637
2025-Q1,Transporte y logística,ADMINISTRACION Y FINANZAS,Gerente de Contabilidad,Litoral,4397774.62270182,7581123.57360394
2025-Q1,Transporte y logística,ADMINISTRACION Y FINANZAS,Gerente de Contabilidad,NEA,3943656.59100979,6798290.16111222
2025-Q1,Transporte y logística,ADMINISTRACION Y FINANZAS,Gerente de Contabilidad,NOA,4063161.3361919,7004298.9538732
2025-Q1,Transporte y logística,ADMINISTRACION Y FINANZAS,Gerente de Contabilidad,Patagonia,5975237.25910574,10300439.6380488
2025-Q1,Automotriz,ADMINISTRACION Y FINANZAS,Gerente de Control de Gestion,Buenos Aires,4798593.8,7412508.4
2025-Q1,Automotriz,ADMINISTRACION Y FINANZAS,Gerente de Control de Gestion,Cuyo,4222762.544,6523007.392
2025-Q1,Automotriz,ADMINISTRACION Y FINANZAS,Gerente de Control de Gestion,Litoral,4414706.296,6819507.728
2025-Q1,Automotriz,ADMINISTRACION Y FINANZAS,Gerente de Control de Gestion,NEA,3958839.885,6115319.43
2025-Q1,Automotriz,ADMINISTRACION Y FINANZAS,Gerente de Control de Gestion,NOA,4078804.73,6300632.14
2025-Q1,Automotriz,ADMINISTRACION Y FINANZAS,Gerente de Control de Gestion,Patagonia,5998242.25,9265635.5
2025-Q1,Banca & Serv Financieros,ADMINISTRACION Y FINANZAS,Gerente de Control de Gestion,Buenos Aires,5278649.2,7682035.9
2025-Q1,Banca & Serv Financieros,ADMINISTRACION Y FINANZAS,Gerente de Control de Gestion,Cuyo,4645211.296,6760191.592
2025-Q1,Banca & Serv Financieros,ADMINISTRACION Y FINANZAS,Gerente de Control de Gestion,Litoral,4856357.264,7067473.028
2025-Q1,Banca & Serv Financieros,ADMINISTRACION Y FINANZAS,Gerente de Control de Gestion,NEA,4354885.59,6337679.6175
2025-Q1,Banca & Serv Financieros,ADMINISTRACION Y FINANZAS,Gerente de Control de Gestion,NOA,4486851.82,6529730.515
2025-Q1,Banca & Serv Financieros,ADMINISTRACION Y FINANZAS,Gerente de Control de Gestion,Patagonia,6598311.5,9602544.875
2025-Q1,Consumo masivo,ADMINISTRACION Y FINANZAS,Gerente de Control de Gestion,Buenos Aires,4798593.76553638,7412496.11685131
2025-Q1,Consumo masivo,ADMINISTRACION Y FINANZAS,Gerente de Control de Gestion,Cuyo,4222762.51367201,6522996.58282915
2025-Q1,Consumo masivo,ADMINISTRACION Y FINANZAS,Gerente de Control de Gestion,Litoral,4414706.26429347,6819496.42750321
2025-Q1,Consumo masivo,ADMINISTRACION Y FINANZAS,Gerente de Control de Gestion,NEA,3958839.85656751,6115309.29640233
2025-Q1,Consumo masivo,ADMINISTRACION Y FINANZAS,Gerente de Control de Gestion,NOA,4078804.70070592,6300621.69932361
2025-Q1,Consumo masivo,ADMINISTRACION Y FINANZAS,Gerente de Control de Gestion,Patagonia,5998242.20692047,9265620.14606414
2025-Q1,"Gas, Petróleo y Minería",ADMINISTRACION Y FINANZAS,Gerente de Control de Gestion,Buenos Aires,4798593.76553638,7412496.11685131
2025-Q1,"Gas, Petróleo y Minería",ADMINISTRACION Y FINANZAS,Gerente de Control de Gestion,Cuyo,4222762.51367201,6522996.58282915
2025-Q1,"Gas, Petróleo y Minería",ADMINISTRACION Y FINANZAS,Gerente de Control de Gestion,Litoral,4414706.26429347,6819496.42750321
2025-Q1,"Gas, Petróleo y Minería",ADMINISTRACION Y FINANZAS,Gerente de Control de Gestion,NEA,3958839.85656751,6115309.29640233
2025-Q1,"Gas, Petróleo y Minería",ADMINISTRACION Y FINANZAS,Gerente de Control de Gestion,NOA,4078804.70070592,6300621.69932361
2025-Q1,"Gas, Petróleo y Minería",ADMINISTRACION Y FINANZAS,Gerente de Control de Gestion,Patagonia,5998242.20692047,9265620.14606414
2025-Q1,IT,ADMINISTRACION Y FINANZAS,Gerente de Control de Gestion,Buenos Aires,5278649.2,7682035.9
2025-Q1,IT,ADMINISTRACION Y FINANZAS,Gerente de Control de Gestion,Cuyo,4645211.296,6760191.592
2025-Q1,IT,ADMINISTRACION Y FINANZAS,Gerente de Control de Gestion,Litoral,4856357.264,7067473.028
2025-Q1,IT,ADMINISTRACION Y FINANZAS,Gerente de Control de Gestion,NEA,4354885.59,6337679.6175
2025-Q1,IT,ADMINISTRACION Y FINANZAS,Gerente de Control de Gestion,NOA,4486851.82,6529730.515
2025-Q1,IT,ADMINISTRACION Y FINANZAS,Gerente de Control de Gestion,Patagonia,6598311.5,9602544.875
2025-Q1,Lab & Pharma,ADMINISTRACION Y FINANZAS,Gerente de Control de Gestion,Buenos Aires,5118457.3,7836068.9
2025-Q1,Lab & Pharma,ADMINISTRACION Y FINANZAS,Gerente de Control de Gestion,Cuyo,4504242.424,6895740.632
2025-Q1,Lab & Pharma,ADMINISTRACION Y FINANZAS,Gerente de Control de Gestion,Litoral,4708980.716,7209183.388
2025-Q1,Lab & Pharma,ADMINISTRACION Y FINANZAS,Gerente de Control de Gestion,NEA,4222727.2725,6464756.8425
2025-Q1,Lab & Pharma,ADMINISTRACION Y FINANZAS,Gerente de Control de Gestion,NOA,4350688.705,6660658.565
2025-Q1,Lab & Pharma,ADMINISTRACION Y FINANZAS,Gerente de Control de Gestion,Patagonia,6398071.625,9795086.125
2025-Q1,Manufactura,ADMINISTRACION Y FINANZAS,Gerente de Control de Gestion,Buenos Aires,5278649.2,8047849.15
2025-Q1,Manufactura,ADMINISTRACION Y FINANZAS,Gerente de Control de Gestion,Cuyo,4645211.296,7082107.252
2025-Q1,Manufactura,ADMINISTRACION Y FINANZAS,Gerente de Control de Gestion,Litoral,4856357.264,7404021.218
2025-Q1,Manufactura,ADMINISTRACION Y FINANZAS,Gerente de Control de Gestion,NEA,4354885.59,6639475.54875
2025-Q1,Manufactura,ADMINISTRACION Y FINANZAS,Gerente de Control de Gestion,NOA,4486851.82,6840671.7775
2025-Q1,Manufactura,ADMINISTRACION Y FINANZAS,Gerente de Control de Gestion,Patagonia,6598311.5,10059811.4375
2025-Q1,Retail & Comercio,ADMINISTRACION Y FINANZAS,Gerente de Control de Gestion,Buenos Aires,4798593.76553638,7412496.11685131
2025-Q1,Retail & Comercio,ADMINISTRACION Y FINANZAS,Gerente de Control de Gestion,Cuyo,4222762.51367201,6522996.58282915
2025-Q1,Retail & Comercio,ADMINISTRACION Y FINANZAS,Gerente de Control de Gestion,Litoral,4414706.26429347,6819496.42750321
2025-Q1,Retail & Comercio,ADMINISTRACION Y FINANZAS,Gerente de Control de Gestion,NEA,3958839.85656751,6115309.29640233
2025-Q1,Retail & Comercio,ADMINISTRACION Y FINANZAS,Gerente de Control de Gestion,NOA,4078804.70070592,6300621.69932361
2025-Q1,Retail & Comercio,ADMINISTRACION Y FINANZAS,Gerente de Control de Gestion,Patagonia,5998242.20692047,9265620.14606414
2025-Q1,Servicios,ADMINISTRACION Y FINANZAS,Gerente de Control de Gestion,Buenos Aires,4798593.76553638,7412496.11685131
2025-Q1,Servicios,ADMINISTRACION Y FINANZAS,Gerente de Control de Gestion,Cuyo,4222762.51367201,6522996.58282915
2025-Q1,Servicios,ADMINISTRACION Y FINANZAS,Gerente de Control de Gestion,Litoral,4414706.26429347,6819496.42750321
2025-Q1,Servicios,ADMINISTRACION Y FINANZAS,Gerente de Control de Gestion,NEA,3958839.85656751,6115309.29640233
2025-Q1,Servicios,ADMINISTRACION Y FINANZAS,Gerente de Control de Gestion,NOA,4078804.70070592,6300621.69932361
2025-Q1,Servicios,ADMINISTRACION Y FINANZAS,Gerente de Control de Gestion,Patagonia,5998242.20692047,9265620.14606414
2025-Q1,Transporte y logística,ADMINISTRACION Y FINANZAS,Gerente de Control de Gestion,Buenos Aires,4775708.94802008,7416319.9
2025-Q1,Transporte y logística,ADMINISTRACION Y FINANZAS,Gerente de Control de Gestion,Cuyo,4202623.87425767,6526361.512
2025-Q1,Transporte y logística,ADMINISTRACION Y FINANZAS,Gerente de Control de Gestion,Litoral,4393652.23217847,6823014.308
2025-Q1,Transporte y logística,ADMINISTRACION Y FINANZAS,Gerente de Control de Gestion,NEA,3939959.88211657,6118463.9175
2025-Q1,Transporte y logística,ADMINISTRACION Y FINANZAS,Gerente de Control de Gestion,NOA,4059352.60581707,6303871.915
2025-Q1,Transporte y logística,ADMINISTRACION Y FINANZAS,Gerente de Control de Gestion,Patagonia,5969636.1850251,9270399.875
2025-Q1,Automotriz,ADMINISTRACION Y FINANZAS,Gerente de Impuestos,Buenos Aires,4793112.5,6025352.3
2025-Q1,Automotriz,ADMINISTRACION Y FINANZAS,Gerente de Impuestos,Cuyo,4217939,5302310.024
2025-Q1,Automotriz,ADMINISTRACION Y FINANZAS,Gerente de Impuestos,Litoral,4409663.5,5543324.116
2025-Q1,Automotriz,ADMINISTRACION Y FINANZAS,Gerente de Impuestos,NEA,3954317.8125,4970915.6475
2025-Q1,Automotriz,ADMINISTRACION Y FINANZAS,Gerente de Impuestos,NOA,4074145.625,5121549.455
2025-Q1,Automotriz,ADMINISTRACION Y FINANZAS,Gerente de Impuestos,Patagonia,5991390.625,7531690.375
2025-Q1,Banca & Serv Financieros,ADMINISTRACION Y FINANZAS,Gerente de Impuestos,Buenos Aires,5288600.19177493,6911145.13725528
2025-Q1,Banca & Serv Financieros,ADMINISTRACION Y FINANZAS,Gerente de Impuestos,Cuyo,4653968.16876194,6081807.72078465
2025-Q1,Banca & Serv Financieros,ADMINISTRACION Y FINANZAS,Gerente de Impuestos,Litoral,4865512.17643294,6358253.52627486
2025-Q1,Banca & Serv Financieros,ADMINISTRACION Y FINANZAS,Gerente de Impuestos,NEA,4363095.15821432,5701694.73823561
2025-Q1,Banca & Serv Financieros,ADMINISTRACION Y FINANZAS,Gerente de Impuestos,NOA,4495310.16300869,5874473.36666699
2025-Q1,Banca & Serv Financieros,ADMINISTRACION Y FINANZAS,Gerente de Impuestos,Patagonia,6610750.23971866,8638931.4215691
2025-Q1,Consumo masivo,ADMINISTRACION Y FINANZAS,Gerente de Impuestos,Buenos Aires,4793052,6025437
2025-Q1,Consumo masivo,ADMINISTRACION Y FINANZAS,Gerente de Impuestos,Cuyo,4217885.76,5302384.56
2025-Q1,Consumo masivo,ADMINISTRACION Y FINANZAS,Gerente de Impuestos,Litoral,4409607.84,5543402.04
2025-Q1,Consumo masivo,ADMINISTRACION Y FINANZAS,Gerente de Impuestos,NEA,3954267.9,4970985.525
2025-Q1,Consumo masivo,ADMINISTRACION Y FINANZAS,Gerente de Impuestos,NOA,4074094.2,5121621.45
2025-Q1,Consumo masivo,ADMINISTRACION Y FINANZAS,Gerente de Impuestos,Patagonia,5991315,7531796.25
2025-Q1,"Gas, Petróleo y Minería",ADMINISTRACION Y FINANZAS,Gerente de Impuestos,Buenos Aires,4793052,6025437
2025-Q1,"Gas, Petróleo y Minería",ADMINISTRACION Y FINANZAS,Gerente de Impuestos,Cuyo,4217885.76,5302384.56
2025-Q1,"Gas, Petróleo y Minería",ADMINISTRACION Y FINANZAS,Gerente de Impuestos,Litoral,4409607.84,5543402.04
2025-Q1,"Gas, Petróleo y Minería",ADMINISTRACION Y FINANZAS,Gerente de Impuestos,NEA,3954267.9,4970985.525
2025-Q1,"Gas, Petróleo y Minería",ADMINISTRACION Y FINANZAS,Gerente de Impuestos,NOA,4074094.2,5121621.45
2025-Q1,"Gas, Petróleo y Minería",ADMINISTRACION Y FINANZAS,Gerente de Impuestos,Patagonia,5991315,7531796.25
2025-Q1,IT,ADMINISTRACION Y FINANZAS,Gerente de Impuestos,Buenos Aires,5288547,6557080.31784384
2025-Q1,IT,ADMINISTRACION Y FINANZAS,Gerente de Impuestos,Cuyo,4653921.36,5770230.67970258
2025-Q1,IT,ADMINISTRACION Y FINANZAS,Gerente de Impuestos,Litoral,4865463.24,6032513.89241633
2025-Q1,IT,ADMINISTRACION Y FINANZAS,Gerente de Impuestos,NEA,4363051.275,5409591.26222117
2025-Q1,IT,ADMINISTRACION Y FINANZAS,Gerente de Impuestos,NOA,4495264.95,5573518.27016726
2025-Q1,IT,ADMINISTRACION Y FINANZAS,Gerente de Impuestos,Patagonia,6610683.75,8196350.3973048
2025-Q1,Lab & Pharma,ADMINISTRACION Y FINANZAS,Gerente de Impuestos,Buenos Aires,5123440.25696785,6379362
2025-Q1,Lab & Pharma,ADMINISTRACION Y FINANZAS,Gerente de Impuestos,Cuyo,4508627.42613171,5613838.56
2025-Q1,Lab & Pharma,ADMINISTRACION Y FINANZAS,Gerente de Impuestos,Litoral,4713565.03641042,5869013.04
2025-Q1,Lab & Pharma,ADMINISTRACION Y FINANZAS,Gerente de Impuestos,NEA,4226838.21199848,5262973.65
2025-Q1,Lab & Pharma,ADMINISTRACION Y FINANZAS,Gerente de Impuestos,NOA,4354924.21842267,5422457.7
2025-Q1,Lab & Pharma,ADMINISTRACION Y FINANZAS,Gerente de Impuestos,Patagonia,6404300.32120981,7974202.5
2025-Q1,Manufactura,ADMINISTRACION Y FINANZAS,Gerente de Impuestos,Buenos Aires,5288547,6557080.31784384
2025-Q1,Manufactura,ADMINISTRACION Y FINANZAS,Gerente de Impuestos,Cuyo,4653921.36,5770230.67970258
2025-Q1,Manufactura,ADMINISTRACION Y FINANZAS,Gerente de Impuestos,Litoral,4865463.24,6032513.89241633
2025-Q1,Manufactura,ADMINISTRACION Y FINANZAS,Gerente de Impuestos,NEA,4363051.275,5409591.26222117
2025-Q1,Manufactura,ADMINISTRACION Y FINANZAS,Gerente de Impuestos,NOA,4495264.95,5573518.27016726
2025-Q1,Manufactura,ADMINISTRACION Y FINANZAS,Gerente de Impuestos,Patagonia,6610683.75,8196350.3973048
2025-Q1,Retail & Comercio,ADMINISTRACION Y FINANZAS,Gerente de Impuestos,Buenos Aires,4793120.38735369,6025357.52733915
2025-Q1,Retail & Comercio,ADMINISTRACION Y FINANZAS,Gerente de Impuestos,Cuyo,4217945.94087125,5302314.62405845
2025-Q1,Retail & Comercio,ADMINISTRACION Y FINANZAS,Gerente de Impuestos,Litoral,4409670.7563654,5543328.92515202
2025-Q1,Retail & Comercio,ADMINISTRACION Y FINANZAS,Gerente de Impuestos,NEA,3954324.31956679,4970919.9600548
2025-Q1,Retail & Comercio,ADMINISTRACION Y FINANZAS,Gerente de Impuestos,NOA,4074152.32925064,5121553.89823828
2025-Q1,Retail & Comercio,ADMINISTRACION Y FINANZAS,Gerente de Impuestos,Patagonia,5991400.48419211,7531696.90917394
2025-Q1,Servicios,ADMINISTRACION Y FINANZAS,Gerente de Impuestos,Buenos Aires,4792810,6025497.5
2025-Q1,Servicios,ADMINISTRACION Y FINANZAS,Gerente de Impuestos,Cuyo,4217672.8,5302437.8
2025-Q1,Servicios,ADMINISTRACION Y FINANZAS,Gerente de Impuestos,Litoral,4409385.2,5543457.7
2025-Q1,Servicios,ADMINISTRACION Y FINANZAS,Gerente de Impuestos,NEA,3954068.25,4971035.4375
2025-Q1,Servicios,ADMINISTRACION Y FINANZAS,Gerente de Impuestos,NOA,4073888.5,5121672.875
2025-Q1,Servicios,ADMINISTRACION Y FINANZAS,Gerente de Impuestos,Patagonia,5991012.5,7531871.875
2025-Q1,Transporte y logística,ADMINISTRACION Y FINANZAS,Gerente de Impuestos,Buenos Aires,4775628,6005338.9
2025-Q1,Transporte y logística,ADMINISTRACION Y FINANZAS,Gerente de Impuestos,Cuyo,4202552.64,5284698.232
2025-Q1,Transporte y logística,ADMINISTRACION Y FINANZAS,Gerente de Impuestos,Litoral,4393577.76,5524911.788
2025-Q1,Transporte y logística,ADMINISTRACION Y FINANZAS,Gerente de Impuestos,NEA,3939893.1,4954404.5925
2025-Q1,Transporte y logística,ADMINISTRACION Y FINANZAS,Gerente de Impuestos,NOA,4059283.8,5104538.065
2025-Q1,Transporte y logística,ADMINISTRACION Y FINANZAS,Gerente de Impuestos,Patagonia,5969535,7506673.625
2025-Q1,Automotriz,ADMINISTRACION Y FINANZAS,Gerente de Legales,Buenos Aires,4684502.9,7002546.22256918
2025-Q1,Automotriz,ADMINISTRACION Y FINANZAS,Gerente de Legales,Cuyo,4122362.552,6162240.67586088
2025-Q1,Automotriz,ADMINISTRACION Y FINANZAS,Gerente de Legales,Litoral,4309742.668,6442342.52476365
2025-Q1,Automotriz,ADMINISTRACION Y FINANZAS,Gerente de Legales,NEA,3864714.8925,5777100.63361957
2025-Q1,Automotriz,ADMINISTRACION Y FINANZAS,Gerente de Legales,NOA,3981827.465,5952164.2891838
2025-Q1,Automotriz,ADMINISTRACION Y FINANZAS,Gerente de Legales,Patagonia,5855628.625,8753182.77821147
2025-Q1,Banca & Serv Financieros,ADMINISTRACION Y FINANZAS,Gerente de Legales,Buenos Aires,5031209.37734665,7310634.87
2025-Q1,Banca & Serv Financieros,ADMINISTRACION Y FINANZAS,Gerente de Legales,Cuyo,4427464.25206505,6433358.6856
2025-Q1,Banca & Serv Financieros,ADMINISTRACION Y FINANZAS,Gerente de Legales,Litoral,4628712.62715892,6725784.0804
2025-Q1,Banca & Serv Financieros,ADMINISTRACION Y FINANZAS,Gerente de Legales,NEA,4150747.73631099,6031273.76775
2025-Q1,Banca & Serv Financieros,ADMINISTRACION Y FINANZAS,Gerente de Legales,NOA,4276527.97074465,6214039.6395
2025-Q1,Banca & Serv Financieros,ADMINISTRACION Y FINANZAS,Gerente de Legales,Patagonia,6289011.72168331,9138293.5875
2025-Q1,Consumo masivo,ADMINISTRACION Y FINANZAS,Gerente de Legales,Buenos Aires,4684621.48,7002546.22256918
2025-Q1,Consumo masivo,ADMINISTRACION Y FINANZAS,Gerente de Legales,Cuyo,4122466.9024,6162240.67586088
2025-Q1,Consumo masivo,ADMINISTRACION Y FINANZAS,Gerente de Legales,Litoral,4309851.7616,6442342.52476365
2025-Q1,Consumo masivo,ADMINISTRACION Y FINANZAS,Gerente de Legales,NEA,3864812.721,5777100.63361957
2025-Q1,Consumo masivo,ADMINISTRACION Y FINANZAS,Gerente de Legales,NOA,3981928.258,5952164.2891838
2025-Q1,Consumo masivo,ADMINISTRACION Y FINANZAS,Gerente de Legales,Patagonia,5855776.85,8753182.77821147
2025-Q1,"Gas, Petróleo y Minería",ADMINISTRACION Y FINANZAS,Gerente de Legales,Buenos Aires,4684502.9,7002504.74
2025-Q1,"Gas, Petróleo y Minería",ADMINISTRACION Y FINANZAS,Gerente de Legales,Cuyo,4122362.552,6162204.1712
2025-Q1,"Gas, Petróleo y Minería",ADMINISTRACION Y FINANZAS,Gerente de Legales,Litoral,4309742.668,6442304.3608
2025-Q1,"Gas, Petróleo y Minería",ADMINISTRACION Y FINANZAS,Gerente de Legales,NEA,3864714.8925,5777066.4105
2025-Q1,"Gas, Petróleo y Minería",ADMINISTRACION Y FINANZAS,Gerente de Legales,NOA,3981827.465,5952129.029
2025-Q1,"Gas, Petróleo y Minería",ADMINISTRACION Y FINANZAS,Gerente de Legales,Patagonia,5855628.625,8753130.925
2025-Q1,IT,ADMINISTRACION Y FINANZAS,Gerente de Legales,Buenos Aires,5031112.24,7310457
2025-Q1,IT,ADMINISTRACION Y FINANZAS,Gerente de Legales,Cuyo,4427378.7712,6433202.16
2025-Q1,IT,ADMINISTRACION Y FINANZAS,Gerente de Legales,Litoral,4628623.2608,6725620.44
2025-Q1,IT,ADMINISTRACION Y FINANZAS,Gerente de Legales,NEA,4150667.598,6031127.025
2025-Q1,IT,ADMINISTRACION Y FINANZAS,Gerente de Legales,NOA,4276445.404,6213888.45
2025-Q1,IT,ADMINISTRACION Y FINANZAS,Gerente de Legales,Patagonia,6288890.3,9138071.25
2025-Q1,Lab & Pharma,ADMINISTRACION Y FINANZAS,Gerente de Legales,Buenos Aires,5031112.24,7439946.36
2025-Q1,Lab & Pharma,ADMINISTRACION Y FINANZAS,Gerente de Legales,Cuyo,4427378.7712,6547152.7968
2025-Q1,Lab & Pharma,ADMINISTRACION Y FINANZAS,Gerente de Legales,Litoral,4628623.2608,6844750.6512
2025-Q1,Lab & Pharma,ADMINISTRACION Y FINANZAS,Gerente de Legales,NEA,4150667.598,6137955.747
2025-Q1,Lab & Pharma,ADMINISTRACION Y FINANZAS,Gerente de Legales,NOA,4276445.404,6323954.406
2025-Q1,Lab & Pharma,ADMINISTRACION Y FINANZAS,Gerente de Legales,Patagonia,6288890.3,9299932.95
2025-Q1,Manufactura,ADMINISTRACION Y FINANZAS,Gerente de Legales,Buenos Aires,5031112.24,7659082.2
2025-Q1,Manufactura,ADMINISTRACION Y FINANZAS,Gerente de Legales,Cuyo,4427378.7712,6739992.336
2025-Q1,Manufactura,ADMINISTRACION Y FINANZAS,Gerente de Legales,Litoral,4628623.2608,7046355.624
2025-Q1,Manufactura,ADMINISTRACION Y FINANZAS,Gerente de Legales,NEA,4150667.598,6318742.815
2025-Q1,Manufactura,ADMINISTRACION Y FINANZAS,Gerente de Legales,NOA,4276445.404,6510219.87
2025-Q1,Manufactura,ADMINISTRACION Y FINANZAS,Gerente de Legales,Patagonia,6288890.3,9573852.75
2025-Q1,Retail & Comercio,ADMINISTRACION Y FINANZAS,Gerente de Legales,Buenos Aires,4684502.9,7002149
2025-Q1,Retail & Comercio,ADMINISTRACION Y FINANZAS,Gerente de Legales,Cuyo,4122362.552,6161891.12
2025-Q1,Retail & Comercio,ADMINISTRACION Y FINANZAS,Gerente de Legales,Litoral,4309742.668,6441977.08
2025-Q1,Retail & Comercio,ADMINISTRACION Y FINANZAS,Gerente de Legales,NEA,3864714.8925,5776772.925
2025-Q1,Retail & Comercio,ADMINISTRACION Y FINANZAS,Gerente de Legales,NOA,3981827.465,5951826.65
2025-Q1,Retail & Comercio,ADMINISTRACION Y FINANZAS,Gerente de Legales,Patagonia,5855628.625,8752686.25
2025-Q1,Servicios,ADMINISTRACION Y FINANZAS,Gerente de Legales,Buenos Aires,4684502.9,7002504.74
2025-Q1,Servicios,ADMINISTRACION Y FINANZAS,Gerente de Legales,Cuyo,4122362.552,6162204.1712
2025-Q1,Servicios,ADMINISTRACION Y FINANZAS,Gerente de Legales,Litoral,4309742.668,6442304.3608
2025-Q1,Servicios,ADMINISTRACION Y FINANZAS,Gerente de Legales,NEA,3864714.8925,5777066.4105
2025-Q1,Servicios,ADMINISTRACION Y FINANZAS,Gerente de Legales,NOA,3981827.465,5952129.029
2025-Q1,Servicios,ADMINISTRACION Y FINANZAS,Gerente de Legales,Patagonia,5855628.625,8753130.925
2025-Q1,Transporte y logística,ADMINISTRACION Y FINANZAS,Gerente de Legales,Buenos Aires,4679166.8,7025865
2025-Q1,Transporte y logística,ADMINISTRACION Y FINANZAS,Gerente de Legales,Cuyo,4117666.784,6182761.2
2025-Q1,Transporte y logística,ADMINISTRACION Y FINANZAS,Gerente de Legales,Litoral,4304833.456,6463795.8
2025-Q1,Transporte y logística,ADMINISTRACION Y FINANZAS,Gerente de Legales,NEA,3860312.61,5796338.625
2025-Q1,Transporte y logística,ADMINISTRACION Y FINANZAS,Gerente de Legales,NOA,3977291.78,5971985.25
2025-Q1,Transporte y logística,ADMINISTRACION Y FINANZAS,Gerente de Legales,Patagonia,5848958.5,8782331.25
2025-Q1,Automotriz,ADMINISTRACION Y FINANZAS,Gerente de Tesorería,Buenos Aires,4234990.36821121,5639715.48325185
2025-Q1,Automotriz,ADMINISTRACION Y FINANZAS,Gerente de Tesorería,Cuyo,3726791.52402586,4962949.62526163
2025-Q1,Automotriz,ADMINISTRACION Y FINANZAS,Gerente de Tesorería,Litoral,3896191.13875431,5188538.2445917
2025-Q1,Automotriz,ADMINISTRACION Y FINANZAS,Gerente de Tesorería,NEA,3493867.05377425,4652765.27368278
2025-Q1,Automotriz,ADMINISTRACION Y FINANZAS,Gerente de Tesorería,NOA,3599741.81297953,4793758.16076407
2025-Q1,Automotriz,ADMINISTRACION Y FINANZAS,Gerente de Tesorería,Patagonia,5293737.96026401,7049644.35406481
2025-Q1,Banca & Serv Financieros,ADMINISTRACION Y FINANZAS,Gerente de Tesorería,Buenos Aires,4658665.02383943,6123119.66753057
2025-Q1,Banca & Serv Financieros,ADMINISTRACION Y FINANZAS,Gerente de Tesorería,Cuyo,4099625.2209787,5388345.3074269
2025-Q1,Banca & Serv Financieros,ADMINISTRACION Y FINANZAS,Gerente de Tesorería,Litoral,4285971.82193228,5633270.09412812
2025-Q1,Banca & Serv Financieros,ADMINISTRACION Y FINANZAS,Gerente de Tesorería,NEA,3843398.64466753,5051573.72571272
2025-Q1,Banca & Serv Financieros,ADMINISTRACION Y FINANZAS,Gerente de Tesorería,NOA,3959865.27026352,5204651.71740098
2025-Q1,Banca & Serv Financieros,ADMINISTRACION Y FINANZAS,Gerente de Tesorería,Patagonia,5823331.27979929,7653899.58441321
2025-Q1,Consumo masivo,ADMINISTRACION Y FINANZAS,Gerente de Tesorería,Buenos Aires,4234990.36821121,5639689
2025-Q1,Consumo masivo,ADMINISTRACION Y FINANZAS,Gerente de Tesorería,Cuyo,3726791.52402586,4962926.32
2025-Q1,Consumo masivo,ADMINISTRACION Y FINANZAS,Gerente de Tesorería,Litoral,3896191.13875431,5188513.88
2025-Q1,Consumo masivo,ADMINISTRACION Y FINANZAS,Gerente de Tesorería,NEA,3493867.05377425,4652743.425
2025-Q1,Consumo masivo,ADMINISTRACION Y FINANZAS,Gerente de Tesorería,NOA,3599741.81297953,4793735.65
2025-Q1,Consumo masivo,ADMINISTRACION Y FINANZAS,Gerente de Tesorería,Patagonia,5293737.96026401,7049611.25
2025-Q1,"Gas, Petróleo y Minería",ADMINISTRACION Y FINANZAS,Gerente de Tesorería,Buenos Aires,4940822.09693518,5639689
2025-Q1,"Gas, Petróleo y Minería",ADMINISTRACION Y FINANZAS,Gerente de Tesorería,Cuyo,4347923.44530296,4962926.32
2025-Q1,"Gas, Petróleo y Minería",ADMINISTRACION Y FINANZAS,Gerente de Tesorería,Litoral,4545556.32918037,5188513.88
2025-Q1,"Gas, Petróleo y Minería",ADMINISTRACION Y FINANZAS,Gerente de Tesorería,NEA,4076178.22997152,4652743.425
2025-Q1,"Gas, Petróleo y Minería",ADMINISTRACION Y FINANZAS,Gerente de Tesorería,NOA,4199698.7823949,4793735.65
2025-Q1,"Gas, Petróleo y Minería",ADMINISTRACION Y FINANZAS,Gerente de Tesorería,Patagonia,6176027.62116897,7049611.25
2025-Q1,IT,ADMINISTRACION Y FINANZAS,Gerente de Tesorería,Buenos Aires,4922280,6123119.66753057
2025-Q1,IT,ADMINISTRACION Y FINANZAS,Gerente de Tesorería,Cuyo,4331606.4,5388345.3074269
2025-Q1,IT,ADMINISTRACION Y FINANZAS,Gerente de Tesorería,Litoral,4528497.6,5633270.09412812
2025-Q1,IT,ADMINISTRACION Y FINANZAS,Gerente de Tesorería,NEA,4060881,5051573.72571272
2025-Q1,IT,ADMINISTRACION Y FINANZAS,Gerente de Tesorería,NOA,4183938,5204651.71740098
2025-Q1,IT,ADMINISTRACION Y FINANZAS,Gerente de Tesorería,Patagonia,6152850,7653899.58441321
2025-Q1,Lab & Pharma,ADMINISTRACION Y FINANZAS,Gerente de Tesorería,Buenos Aires,4922280,5961984.93943767
2025-Q1,Lab & Pharma,ADMINISTRACION Y FINANZAS,Gerente de Tesorería,Cuyo,4331606.4,5246546.74670515
2025-Q1,Lab & Pharma,ADMINISTRACION Y FINANZAS,Gerente de Tesorería,Litoral,4528497.6,5485026.14428266
2025-Q1,Lab & Pharma,ADMINISTRACION Y FINANZAS,Gerente de Tesorería,NEA,4060881,4918637.57503608
2025-Q1,Lab & Pharma,ADMINISTRACION Y FINANZAS,Gerente de Tesorería,NOA,4183938,5067687.19852202
2025-Q1,Lab & Pharma,ADMINISTRACION Y FINANZAS,Gerente de Tesorería,Patagonia,6152850,7452481.17429709
2025-Q1,Manufactura,ADMINISTRACION Y FINANZAS,Gerente de Tesorería,Buenos Aires,4658665.02383943,6123119.66753057
2025-Q1,Manufactura,ADMINISTRACION Y FINANZAS,Gerente de Tesorería,Cuyo,4099625.2209787,5388345.3074269
2025-Q1,Manufactura,ADMINISTRACION Y FINANZAS,Gerente de Tesorería,Litoral,4285971.82193228,5633270.09412812
2025-Q1,Manufactura,ADMINISTRACION Y FINANZAS,Gerente de Tesorería,NEA,3843398.64466753,5051573.72571272
2025-Q1,Manufactura,ADMINISTRACION Y FINANZAS,Gerente de Tesorería,NOA,3959865.27026352,5204651.71740098
2025-Q1,Manufactura,ADMINISTRACION Y FINANZAS,Gerente de Tesorería,Patagonia,5823331.27979929,7653899.58441321
2025-Q1,Retail & Comercio,ADMINISTRACION Y FINANZAS,Gerente de Tesorería,Buenos Aires,4233790,5639719.25
2025-Q1,Retail & Comercio,ADMINISTRACION Y FINANZAS,Gerente de Tesorería,Cuyo,3725735.2,4962952.94
2025-Q1,Retail & Comercio,ADMINISTRACION Y FINANZAS,Gerente de Tesorería,Litoral,3895086.8,5188541.71
2025-Q1,Retail & Comercio,ADMINISTRACION Y FINANZAS,Gerente de Tesorería,NEA,3492876.75,4652768.38125
2025-Q1,Retail & Comercio,ADMINISTRACION Y FINANZAS,Gerente de Tesorería,NOA,3598721.5,4793761.3625
2025-Q1,Retail & Comercio,ADMINISTRACION Y FINANZAS,Gerente de Tesorería,Patagonia,5292237.5,7049649.0625
2025-Q1,Servicios,ADMINISTRACION Y FINANZAS,Gerente de Tesorería,Buenos Aires,4233790,5639719.25
2025-Q1,Servicios,ADMINISTRACION Y FINANZAS,Gerente de Tesorería,Cuyo,3725735.2,4962952.94
2025-Q1,Servicios,ADMINISTRACION Y FINANZAS,Gerente de Tesorería,Litoral,3895086.8,5188541.71
2025-Q1,Servicios,ADMINISTRACION Y FINANZAS,Gerente de Tesorería,NEA,3492876.75,4652768.38125
2025-Q1,Servicios,ADMINISTRACION Y FINANZAS,Gerente de Tesorería,NOA,3598721.5,4793761.3625
2025-Q1,Servicios,ADMINISTRACION Y FINANZAS,Gerente de Tesorería,Patagonia,5292237.5,7049649.0625
2025-Q1,Transporte y logística,ADMINISTRACION Y FINANZAS,Gerente de Tesorería,Buenos Aires,4214794.48021653,5642624.052351
2025-Q1,Transporte y logística,ADMINISTRACION Y FINANZAS,Gerente de Tesorería,Cuyo,3709019.14259055,4965509.16606888
2025-Q1,Transporte y logística,ADMINISTRACION Y FINANZAS,Gerente de Tesorería,Litoral,3877610.92179921,5191214.12816292
2025-Q1,Transporte y logística,ADMINISTRACION Y FINANZAS,Gerente de Tesorería,NEA,3477205.44617864,4655164.84318957
2025-Q1,Transporte y logística,ADMINISTRACION Y FINANZAS,Gerente de Tesorería,NOA,3582575.30818405,4796230.44449835
2025-Q1,Transporte y logística,ADMINISTRACION Y FINANZAS,Gerente de Tesorería,Patagonia,5268493.10027066,7053280.06543875
2025-Q1,Automotriz,ADMINISTRACION Y FINANZAS,Jefe de Administración y finanzas,Buenos Aires,3507548,4293503.5
2025-Q1,Automotriz,ADMINISTRACION Y FINANZAS,Jefe de Administración y finanzas,Cuyo,3086642.24,3778283.08
2025-Q1,Automotriz,ADMINISTRACION Y FINANZAS,Jefe de Administración y finanzas,Litoral,3226944.16,3950023.22
2025-Q1,Automotriz,ADMINISTRACION Y FINANZAS,Jefe de Administración y finanzas,NEA,2893727.1,3542140.3875
2025-Q1,Automotriz,ADMINISTRACION Y FINANZAS,Jefe de Administración y finanzas,NOA,2981415.8,3649477.975
2025-Q1,Automotriz,ADMINISTRACION Y FINANZAS,Jefe de Administración y finanzas,Patagonia,4384435,5366879.375
2025-Q1,Banca & Serv Financieros,ADMINISTRACION Y FINANZAS,Jefe de Administración y finanzas,Buenos Aires,3986103,4788925.9
2025-Q1,Banca & Serv Financieros,ADMINISTRACION Y FINANZAS,Jefe de Administración y finanzas,Cuyo,3507770.64,4214254.792
2025-Q1,Banca & Serv Financieros,ADMINISTRACION Y FINANZAS,Jefe de Administración y finanzas,Litoral,3667214.76,4405811.828
2025-Q1,Banca & Serv Financieros,ADMINISTRACION Y FINANZAS,Jefe de Administración y finanzas,NEA,3288534.975,3950863.8675
2025-Q1,Banca & Serv Financieros,ADMINISTRACION Y FINANZAS,Jefe de Administración y finanzas,NOA,3388187.55,4070587.015
2025-Q1,Banca & Serv Financieros,ADMINISTRACION Y FINANZAS,Jefe de Administración y finanzas,Patagonia,4982628.75,5986157.375
2025-Q1,Consumo masivo,ADMINISTRACION Y FINANZAS,Jefe de Administración y finanzas,Buenos Aires,3507548,4458366
2025-Q1,Consumo masivo,ADMINISTRACION Y FINANZAS,Jefe de Administración y finanzas,Cuyo,3086642.24,3923362.08
2025-Q1,Consumo masivo,ADMINISTRACION Y FINANZAS,Jefe de Administración y finanzas,Litoral,3226944.16,4101696.72
2025-Q1,Consumo masivo,ADMINISTRACION Y FINANZAS,Jefe de Administración y finanzas,NEA,2893727.1,3678151.95
2025-Q1,Consumo masivo,ADMINISTRACION Y FINANZAS,Jefe de Administración y finanzas,NOA,2981415.8,3789611.1
2025-Q1,Consumo masivo,ADMINISTRACION Y FINANZAS,Jefe de Administración y finanzas,Patagonia,4384435,5572957.5
2025-Q1,"Gas, Petróleo y Minería",ADMINISTRACION Y FINANZAS,Jefe de Administración y finanzas,Buenos Aires,3986115.68686012,4788938
2025-Q1,"Gas, Petróleo y Minería",ADMINISTRACION Y FINANZAS,Jefe de Administración y finanzas,Cuyo,3507781.80443691,4214265.44
2025-Q1,"Gas, Petróleo y Minería",ADMINISTRACION Y FINANZAS,Jefe de Administración y finanzas,Litoral,3667226.43191131,4405822.96
2025-Q1,"Gas, Petróleo y Minería",ADMINISTRACION Y FINANZAS,Jefe de Administración y finanzas,NEA,3288545.4416596,3950873.85
2025-Q1,"Gas, Petróleo y Minería",ADMINISTRACION Y FINANZAS,Jefe de Administración y finanzas,NOA,3388198.3338311,4070597.3
2025-Q1,"Gas, Petróleo y Minería",ADMINISTRACION Y FINANZAS,Jefe de Administración y finanzas,Patagonia,4982644.60857515,5986172.5
2025-Q1,IT,ADMINISTRACION Y FINANZAS,Jefe de Administración y finanzas,Buenos Aires,3986115.68686012,4788926.25472626
2025-Q1,IT,ADMINISTRACION Y FINANZAS,Jefe de Administración y finanzas,Cuyo,3507781.80443691,4214255.10415911
2025-Q1,IT,ADMINISTRACION Y FINANZAS,Jefe de Administración y finanzas,Litoral,3667226.43191131,4405812.15434816
2025-Q1,IT,ADMINISTRACION Y FINANZAS,Jefe de Administración y finanzas,NEA,3288545.4416596,3950864.16014916
2025-Q1,IT,ADMINISTRACION Y FINANZAS,Jefe de Administración y finanzas,NOA,3388198.3338311,4070587.31651732
2025-Q1,IT,ADMINISTRACION Y FINANZAS,Jefe de Administración y finanzas,Patagonia,4982644.60857515,5986157.81840783
2025-Q1,Lab & Pharma,ADMINISTRACION Y FINANZAS,Jefe de Administración y finanzas,Buenos Aires,3826600.8,4623652
2025-Q1,Lab & Pharma,ADMINISTRACION Y FINANZAS,Jefe de Administración y finanzas,Cuyo,3367408.704,4068813.76
2025-Q1,Lab & Pharma,ADMINISTRACION Y FINANZAS,Jefe de Administración y finanzas,Litoral,3520472.736,4253759.84
2025-Q1,Lab & Pharma,ADMINISTRACION Y FINANZAS,Jefe de Administración y finanzas,NEA,3156945.66,3814512.9
2025-Q1,Lab & Pharma,ADMINISTRACION Y FINANZAS,Jefe de Administración y finanzas,NOA,3252610.68,3930104.2
2025-Q1,Lab & Pharma,ADMINISTRACION Y FINANZAS,Jefe de Administración y finanzas,Patagonia,4783251,5779565
2025-Q1,Manufactura,ADMINISTRACION Y FINANZAS,Jefe de Administración y finanzas,Buenos Aires,3986103,4788938
2025-Q1,Manufactura,ADMINISTRACION Y FINANZAS,Jefe de Administración y finanzas,Cuyo,3507770.64,4214265.44
2025-Q1,Manufactura,ADMINISTRACION Y FINANZAS,Jefe de Administración y finanzas,Litoral,3667214.76,4405822.96
2025-Q1,Manufactura,ADMINISTRACION Y FINANZAS,Jefe de Administración y finanzas,NEA,3288534.975,3950873.85
2025-Q1,Manufactura,ADMINISTRACION Y FINANZAS,Jefe de Administración y finanzas,NOA,3388187.55,4070597.3
2025-Q1,Manufactura,ADMINISTRACION Y FINANZAS,Jefe de Administración y finanzas,Patagonia,4982628.75,5986172.5
2025-Q1,Retail & Comercio,ADMINISTRACION Y FINANZAS,Jefe de Administración y finanzas,Buenos Aires,3507548,4293443
2025-Q1,Retail & Comercio,ADMINISTRACION Y FINANZAS,Jefe de Administración y finanzas,Cuyo,3086642.24,3778229.84
2025-Q1,Retail & Comercio,ADMINISTRACION Y FINANZAS,Jefe de Administración y finanzas,Litoral,3226944.16,3949967.56
2025-Q1,Retail & Comercio,ADMINISTRACION Y FINANZAS,Jefe de Administración y finanzas,NEA,2893727.1,3542090.475
2025-Q1,Retail & Comercio,ADMINISTRACION Y FINANZAS,Jefe de Administración y finanzas,NOA,2981415.8,3649426.55
2025-Q1,Retail & Comercio,ADMINISTRACION Y FINANZAS,Jefe de Administración y finanzas,Patagonia,4384435,5366803.75
2025-Q1,Servicios,ADMINISTRACION Y FINANZAS,Jefe de Administración y finanzas,Buenos Aires,3348045.8,4128217.5
2025-Q1,Servicios,ADMINISTRACION Y FINANZAS,Jefe de Administración y finanzas,Cuyo,2946280.304,3632831.4
2025-Q1,Servicios,ADMINISTRACION Y FINANZAS,Jefe de Administración y finanzas,Litoral,3080202.136,3797960.1
2025-Q1,Servicios,ADMINISTRACION Y FINANZAS,Jefe de Administración y finanzas,NEA,2762137.785,3405779.4375
2025-Q1,Servicios,ADMINISTRACION Y FINANZAS,Jefe de Administración y finanzas,NOA,2845838.93,3508984.875
2025-Q1,Servicios,ADMINISTRACION Y FINANZAS,Jefe de Administración y finanzas,Patagonia,4185057.25,5160271.875
2025-Q1,Transporte y logística,ADMINISTRACION Y FINANZAS,Jefe de Administración y finanzas,Buenos Aires,3520374,4311956
2025-Q1,Transporte y logística,ADMINISTRACION Y FINANZAS,Jefe de Administración y finanzas,Cuyo,3097929.12,3794521.28
2025-Q1,Transporte y logística,ADMINISTRACION Y FINANZAS,Jefe de Administración y finanzas,Litoral,3238744.08,3966999.52
2025-Q1,Transporte y logística,ADMINISTRACION Y FINANZAS,Jefe de Administración y finanzas,NEA,2904308.55,3557363.7
2025-Q1,Transporte y logística,ADMINISTRACION Y FINANZAS,Jefe de Administración y finanzas,NOA,2992317.9,3665162.6
2025-Q1,Transporte y logística,ADMINISTRACION Y FINANZAS,Jefe de Administración y finanzas,Patagonia,4400467.5,5389945
2025-Q1,Automotriz,ADMINISTRACION Y FINANZAS,Jefe de Auditoría,Buenos Aires,2673024.96602963,4396629.756599
2025-Q1,Automotriz,ADMINISTRACION Y FINANZAS,Jefe de Auditoría,Cuyo,2352261.97010607,3869034.18580712
2025-Q1,Automotriz,ADMINISTRACION Y FINANZAS,Jefe de Auditoría,Litoral,2459182.96874726,4044899.37607108
2025-Q1,Automotriz,ADMINISTRACION Y FINANZAS,Jefe de Auditoría,NEA,2205245.59697444,3627219.54919417
2025-Q1,Automotriz,ADMINISTRACION Y FINANZAS,Jefe de Auditoría,NOA,2272071.22112519,3737135.29310915
2025-Q1,Automotriz,ADMINISTRACION Y FINANZAS,Jefe de Auditoría,Patagonia,3341281.20753704,5495787.19574875
2025-Q1,Banca & Serv Financieros,ADMINISTRACION Y FINANZAS,Jefe de Auditoría,Buenos Aires,3051970.11035309,4923892.31961991
2025-Q1,Banca & Serv Financieros,ADMINISTRACION Y FINANZAS,Jefe de Auditoría,Cuyo,2685733.69711072,4333025.24126552
2025-Q1,Banca & Serv Financieros,ADMINISTRACION Y FINANZAS,Jefe de Auditoría,Litoral,2807812.50152484,4529980.93405032
2025-Q1,Banca & Serv Financieros,ADMINISTRACION Y FINANZAS,Jefe de Auditoría,NEA,2517875.3410413,4062211.16368643
2025-Q1,Banca & Serv Financieros,ADMINISTRACION Y FINANZAS,Jefe de Auditoría,NOA,2594174.59380013,4185308.47167692
2025-Q1,Banca & Serv Financieros,ADMINISTRACION Y FINANZAS,Jefe de Auditoría,Patagonia,3814962.63794136,6154865.39952489
2025-Q1,Consumo masivo,ADMINISTRACION Y FINANZAS,Jefe de Auditoría,Buenos Aires,2673024.96602963,4572383.94151753
2025-Q1,Consumo masivo,ADMINISTRACION Y FINANZAS,Jefe de Auditoría,Cuyo,2352261.97010607,4023697.86853543
2025-Q1,Consumo masivo,ADMINISTRACION Y FINANZAS,Jefe de Auditoría,Litoral,2459182.96874726,4206593.22619613
2025-Q1,Consumo masivo,ADMINISTRACION Y FINANZAS,Jefe de Auditoría,NEA,2205245.59697444,3772216.75175196
2025-Q1,Consumo masivo,ADMINISTRACION Y FINANZAS,Jefe de Auditoría,NOA,2272071.22112519,3886526.3502899
2025-Q1,Consumo masivo,ADMINISTRACION Y FINANZAS,Jefe de Auditoría,Patagonia,3341281.20753704,5715479.92689691
2025-Q1,"Gas, Petróleo y Minería",ADMINISTRACION Y FINANZAS,Jefe de Auditoría,Buenos Aires,2797615.74263242,4572383.94151753
2025-Q1,"Gas, Petróleo y Minería",ADMINISTRACION Y FINANZAS,Jefe de Auditoría,Cuyo,2461901.85351653,4023697.86853543
2025-Q1,"Gas, Petróleo y Minería",ADMINISTRACION Y FINANZAS,Jefe de Auditoría,Litoral,2573806.48322183,4206593.22619613
2025-Q1,"Gas, Petróleo y Minería",ADMINISTRACION Y FINANZAS,Jefe de Auditoría,NEA,2308032.98767175,3772216.75175196
2025-Q1,"Gas, Petróleo y Minería",ADMINISTRACION Y FINANZAS,Jefe de Auditoría,NOA,2377973.38123756,3886526.3502899
2025-Q1,"Gas, Petróleo y Minería",ADMINISTRACION Y FINANZAS,Jefe de Auditoría,Patagonia,3497019.67829052,5715479.92689691
2025-Q1,IT,ADMINISTRACION Y FINANZAS,Jefe de Auditoría,Buenos Aires,3051971.32035309,4923889.89961991
2025-Q1,IT,ADMINISTRACION Y FINANZAS,Jefe de Auditoría,Cuyo,2685734.76191072,4333023.11166552
2025-Q1,IT,ADMINISTRACION Y FINANZAS,Jefe de Auditoría,Litoral,2807813.61472484,4529978.70765032
2025-Q1,IT,ADMINISTRACION Y FINANZAS,Jefe de Auditoría,NEA,2517876.3392913,4062209.16718643
2025-Q1,IT,ADMINISTRACION Y FINANZAS,Jefe de Auditoría,NOA,2594175.62230013,4185306.41467692
2025-Q1,IT,ADMINISTRACION Y FINANZAS,Jefe de Auditoría,Patagonia,3814964.15044136,6154862.37452489
2025-Q1,Lab & Pharma,ADMINISTRACION Y FINANZAS,Jefe de Auditoría,Buenos Aires,3051971.32035309,4923889.89961991
2025-Q1,Lab & Pharma,ADMINISTRACION Y FINANZAS,Jefe de Auditoría,Cuyo,2685734.76191072,4333023.11166552
2025-Q1,Lab & Pharma,ADMINISTRACION Y FINANZAS,Jefe de Auditoría,Litoral,2807813.61472484,4529978.70765032
2025-Q1,Lab & Pharma,ADMINISTRACION Y FINANZAS,Jefe de Auditoría,NEA,2517876.3392913,4062209.16718643
2025-Q1,Lab & Pharma,ADMINISTRACION Y FINANZAS,Jefe de Auditoría,NOA,2594175.62230013,4185306.41467692
2025-Q1,Lab & Pharma,ADMINISTRACION Y FINANZAS,Jefe de Auditoría,Patagonia,3814964.15044136,6154862.37452489
2025-Q1,Manufactura,ADMINISTRACION Y FINANZAS,Jefe de Auditoría,Buenos Aires,3051971.32035309,4923889.89961991
2025-Q1,Manufactura,ADMINISTRACION Y FINANZAS,Jefe de Auditoría,Cuyo,2685734.76191072,4333023.11166552
2025-Q1,Manufactura,ADMINISTRACION Y FINANZAS,Jefe de Auditoría,Litoral,2807813.61472484,4529978.70765032
2025-Q1,Manufactura,ADMINISTRACION Y FINANZAS,Jefe de Auditoría,NEA,2517876.3392913,4062209.16718643
2025-Q1,Manufactura,ADMINISTRACION Y FINANZAS,Jefe de Auditoría,NOA,2594175.62230013,4185306.41467692
2025-Q1,Manufactura,ADMINISTRACION Y FINANZAS,Jefe de Auditoría,Patagonia,3814964.15044136,6154862.37452489
2025-Q1,Retail & Comercio,ADMINISTRACION Y FINANZAS,Jefe de Auditoría,Buenos Aires,2673024.96602963,4396629.75659901
2025-Q1,Retail & Comercio,ADMINISTRACION Y FINANZAS,Jefe de Auditoría,Cuyo,2352261.97010607,3869034.18580713
2025-Q1,Retail & Comercio,ADMINISTRACION Y FINANZAS,Jefe de Auditoría,Litoral,2459182.96874726,4044899.37607109
2025-Q1,Retail & Comercio,ADMINISTRACION Y FINANZAS,Jefe de Auditoría,NEA,2205245.59697444,3627219.54919418
2025-Q1,Retail & Comercio,ADMINISTRACION Y FINANZAS,Jefe de Auditoría,NOA,2272071.22112519,3737135.29310916
2025-Q1,Retail & Comercio,ADMINISTRACION Y FINANZAS,Jefe de Auditoría,Patagonia,3341281.20753704,5495787.19574876
2025-Q1,Servicios,ADMINISTRACION Y FINANZAS,Jefe de Auditoría,Buenos Aires,2543261.37491175,4220413.05629561
2025-Q1,Servicios,ADMINISTRACION Y FINANZAS,Jefe de Auditoría,Cuyo,2238070.00992234,3713963.48954014
2025-Q1,Servicios,ADMINISTRACION Y FINANZAS,Jefe de Auditoría,Litoral,2339800.46491881,3882780.01179196
2025-Q1,Servicios,ADMINISTRACION Y FINANZAS,Jefe de Auditoría,NEA,2098190.63430219,3481840.77144388
2025-Q1,Servicios,ADMINISTRACION Y FINANZAS,Jefe de Auditoría,NOA,2161772.16867499,3587351.09785127
2025-Q1,Servicios,ADMINISTRACION Y FINANZAS,Jefe de Auditoría,Patagonia,3179076.71863969,5275516.32036951
2025-Q1,Transporte y logística,ADMINISTRACION Y FINANZAS,Jefe de Auditoría,Buenos Aires,2681871.80171625,4393854.68908579
2025-Q1,Transporte y logística,ADMINISTRACION Y FINANZAS,Jefe de Auditoría,Cuyo,2360047.1855103,3866592.1263955
2025-Q1,Transporte y logística,ADMINISTRACION Y FINANZAS,Jefe de Auditoría,Litoral,2467322.05757895,4042346.31395893
2025-Q1,Transporte y logística,ADMINISTRACION Y FINANZAS,Jefe de Auditoría,NEA,2212544.23641591,3624930.11849578
2025-Q1,Transporte y logística,ADMINISTRACION Y FINANZAS,Jefe de Auditoría,NOA,2279591.03145881,3734776.48572292
2025-Q1,Transporte y logística,ADMINISTRACION Y FINANZAS,Jefe de Auditoría,Patagonia,3352339.75214531,5492318.36135724
2025-Q1,Automotriz,ADMINISTRACION Y FINANZAS,Jefe de Cobranzas,Buenos Aires,2812524,4363381
2025-Q1,Automotriz,ADMINISTRACION Y FINANZAS,Jefe de Cobranzas,Cuyo,2475021.12,3839775.28
2025-Q1,Automotriz,ADMINISTRACION Y FINANZAS,Jefe de Cobranzas,Litoral,2587522.08,4014310.52
2025-Q1,Automotriz,ADMINISTRACION Y FINANZAS,Jefe de Cobranzas,NEA,2320332.3,3599789.325
2025-Q1,Automotriz,ADMINISTRACION Y FINANZAS,Jefe de Cobranzas,NOA,2390645.4,3708873.85
2025-Q1,Automotriz,ADMINISTRACION Y FINANZAS,Jefe de Cobranzas,Patagonia,3515655,5454226.25
2025-Q1,Banca & Serv Financieros,ADMINISTRACION Y FINANZAS,Jefe de Cobranzas,Buenos Aires,2822064.83229528,4759656
2025-Q1,Banca & Serv Financieros,ADMINISTRACION Y FINANZAS,Jefe de Cobranzas,Cuyo,2483417.05241985,4188497.28
2025-Q1,Banca & Serv Financieros,ADMINISTRACION Y FINANZAS,Jefe de Cobranzas,Litoral,2596299.64571166,4378883.52
2025-Q1,Banca & Serv Financieros,ADMINISTRACION Y FINANZAS,Jefe de Cobranzas,NEA,2328203.48664361,3926716.2
2025-Q1,Banca & Serv Financieros,ADMINISTRACION Y FINANZAS,Jefe de Cobranzas,NOA,2398755.10745099,4045707.6
2025-Q1,Banca & Serv Financieros,ADMINISTRACION Y FINANZAS,Jefe de Cobranzas,Patagonia,3527581.0403691,5949570
2025-Q1,Consumo masivo,ADMINISTRACION Y FINANZAS,Jefe de Cobranzas,Buenos Aires,2680997,4561518.5
2025-Q1,Consumo masivo,ADMINISTRACION Y FINANZAS,Jefe de Cobranzas,Cuyo,2359277.36,4014136.28
2025-Q1,Consumo masivo,ADMINISTRACION Y FINANZAS,Jefe de Cobranzas,Litoral,2466517.24,4196597.02
2025-Q1,Consumo masivo,ADMINISTRACION Y FINANZAS,Jefe de Cobranzas,NEA,2211822.525,3763252.7625
2025-Q1,Consumo masivo,ADMINISTRACION Y FINANZAS,Jefe de Cobranzas,NOA,2278847.45,3877290.725
2025-Q1,Consumo masivo,ADMINISTRACION Y FINANZAS,Jefe de Cobranzas,Patagonia,3351246.25,5701898.125
2025-Q1,"Gas, Petróleo y Minería",ADMINISTRACION Y FINANZAS,Jefe de Cobranzas,Buenos Aires,2812584.5,4363260
2025-Q1,"Gas, Petróleo y Minería",ADMINISTRACION Y FINANZAS,Jefe de Cobranzas,Cuyo,2475074.36,3839668.8
2025-Q1,"Gas, Petróleo y Minería",ADMINISTRACION Y FINANZAS,Jefe de Cobranzas,Litoral,2587577.74,4014199.2
2025-Q1,"Gas, Petróleo y Minería",ADMINISTRACION Y FINANZAS,Jefe de Cobranzas,NEA,2320382.2125,3599689.5
2025-Q1,"Gas, Petróleo y Minería",ADMINISTRACION Y FINANZAS,Jefe de Cobranzas,NOA,2390696.825,3708771
2025-Q1,"Gas, Petróleo y Minería",ADMINISTRACION Y FINANZAS,Jefe de Cobranzas,Patagonia,3515730.625,5454075
2025-Q1,IT,ADMINISTRACION Y FINANZAS,Jefe de Cobranzas,Buenos Aires,2963290,4958313.8
2025-Q1,IT,ADMINISTRACION Y FINANZAS,Jefe de Cobranzas,Cuyo,2607695.2,4363316.144
2025-Q1,IT,ADMINISTRACION Y FINANZAS,Jefe de Cobranzas,Litoral,2726226.8,4561648.696
2025-Q1,IT,ADMINISTRACION Y FINANZAS,Jefe de Cobranzas,NEA,2444714.25,4090608.885
2025-Q1,IT,ADMINISTRACION Y FINANZAS,Jefe de Cobranzas,NOA,2518796.5,4214566.73
2025-Q1,IT,ADMINISTRACION Y FINANZAS,Jefe de Cobranzas,Patagonia,3704112.5,6197892.25
2025-Q1,Lab & Pharma,ADMINISTRACION Y FINANZAS,Jefe de Cobranzas,Buenos Aires,2822064.83229528,4759656
2025-Q1,Lab & Pharma,ADMINISTRACION Y FINANZAS,Jefe de Cobranzas,Cuyo,2483417.05241985,4188497.28
2025-Q1,Lab & Pharma,ADMINISTRACION Y FINANZAS,Jefe de Cobranzas,Litoral,2596299.64571166,4378883.52
2025-Q1,Lab & Pharma,ADMINISTRACION Y FINANZAS,Jefe de Cobranzas,NEA,2328203.48664361,3926716.2
2025-Q1,Lab & Pharma,ADMINISTRACION Y FINANZAS,Jefe de Cobranzas,NOA,2398755.10745099,4045707.6
2025-Q1,Lab & Pharma,ADMINISTRACION Y FINANZAS,Jefe de Cobranzas,Patagonia,3527581.0403691,5949570
2025-Q1,Manufactura,ADMINISTRACION Y FINANZAS,Jefe de Cobranzas,Buenos Aires,3104255,5156475.5
2025-Q1,Manufactura,ADMINISTRACION Y FINANZAS,Jefe de Cobranzas,Cuyo,2731744.4,4537698.44
2025-Q1,Manufactura,ADMINISTRACION Y FINANZAS,Jefe de Cobranzas,Litoral,2855914.6,4743957.46
2025-Q1,Manufactura,ADMINISTRACION Y FINANZAS,Jefe de Cobranzas,NEA,2561010.375,4254092.2875
2025-Q1,Manufactura,ADMINISTRACION Y FINANZAS,Jefe de Cobranzas,NOA,2638616.75,4383004.175
2025-Q1,Manufactura,ADMINISTRACION Y FINANZAS,Jefe de Cobranzas,Patagonia,3880318.75,6445594.375
2025-Q1,Retail & Comercio,ADMINISTRACION Y FINANZAS,Jefe de Cobranzas,Buenos Aires,2681081.7,4561518.5
2025-Q1,Retail & Comercio,ADMINISTRACION Y FINANZAS,Jefe de Cobranzas,Cuyo,2359351.896,4014136.28
2025-Q1,Retail & Comercio,ADMINISTRACION Y FINANZAS,Jefe de Cobranzas,Litoral,2466595.164,4196597.02
2025-Q1,Retail & Comercio,ADMINISTRACION Y FINANZAS,Jefe de Cobranzas,NEA,2211892.4025,3763252.7625
2025-Q1,Retail & Comercio,ADMINISTRACION Y FINANZAS,Jefe de Cobranzas,NOA,2278919.445,3877290.725
2025-Q1,Retail & Comercio,ADMINISTRACION Y FINANZAS,Jefe de Cobranzas,Patagonia,3351352.125,5701898.125
2025-Q1,Servicios,ADMINISTRACION Y FINANZAS,Jefe de Cobranzas,Buenos Aires,2812584.5,4363381
2025-Q1,Servicios,ADMINISTRACION Y FINANZAS,Jefe de Cobranzas,Cuyo,2475074.36,3839775.28
2025-Q1,Servicios,ADMINISTRACION Y FINANZAS,Jefe de Cobranzas,Litoral,2587577.74,4014310.52
2025-Q1,Servicios,ADMINISTRACION Y FINANZAS,Jefe de Cobranzas,NEA,2320382.2125,3599789.325
2025-Q1,Servicios,ADMINISTRACION Y FINANZAS,Jefe de Cobranzas,NOA,2390696.825,3708873.85
2025-Q1,Servicios,ADMINISTRACION Y FINANZAS,Jefe de Cobranzas,Patagonia,3515730.625,5454226.25
2025-Q1,Transporte y logística,ADMINISTRACION Y FINANZAS,Jefe de Cobranzas,Buenos Aires,2682727.26321599,4548027
2025-Q1,Transporte y logística,ADMINISTRACION Y FINANZAS,Jefe de Cobranzas,Cuyo,2360799.99163007,4002263.76
2025-Q1,Transporte y logística,ADMINISTRACION Y FINANZAS,Jefe de Cobranzas,Litoral,2468109.08215871,4184184.84
2025-Q1,Transporte y logística,ADMINISTRACION Y FINANZAS,Jefe de Cobranzas,NEA,2213249.99215319,3752122.275
2025-Q1,Transporte y logística,ADMINISTRACION Y FINANZAS,Jefe de Cobranzas,NOA,2280318.17373359,3865822.95
2025-Q1,Transporte y logística,ADMINISTRACION Y FINANZAS,Jefe de Cobranzas,Patagonia,3353409.07901999,5685033.75
2025-Q1,Automotriz,ADMINISTRACION Y FINANZAS,Jefe de Contabilidad,Buenos Aires,3590449.15353231,4260717.11648626
2025-Q1,Automotriz,ADMINISTRACION Y FINANZAS,Jefe de Contabilidad,Cuyo,3159595.25510843,3749431.06250791
2025-Q1,Automotriz,ADMINISTRACION Y FINANZAS,Jefe de Contabilidad,Litoral,3303213.22124973,3919859.74716736
2025-Q1,Automotriz,ADMINISTRACION Y FINANZAS,Jefe de Contabilidad,NEA,2962120.55166416,3515091.62110116
2025-Q1,Automotriz,ADMINISTRACION Y FINANZAS,Jefe de Contabilidad,NOA,3051881.78050246,3621609.54901332
2025-Q1,Automotriz,ADMINISTRACION Y FINANZAS,Jefe de Contabilidad,Patagonia,4488061.44191539,5325896.39560782
2025-Q1,Banca & Serv Financieros,ADMINISTRACION Y FINANZAS,Jefe de Contabilidad,Buenos Aires,4128790.33268522,4793419.04673371
2025-Q1,Banca & Serv Financieros,ADMINISTRACION Y FINANZAS,Jefe de Contabilidad,Cuyo,3633335.49276299,4218208.76112567
2025-Q1,Banca & Serv Financieros,ADMINISTRACION Y FINANZAS,Jefe de Contabilidad,Litoral,3798487.1060704,4409945.52299501
2025-Q1,Banca & Serv Financieros,ADMINISTRACION Y FINANZAS,Jefe de Contabilidad,NEA,3406252.02446531,3954570.71355531
2025-Q1,Banca & Serv Financieros,ADMINISTRACION Y FINANZAS,Jefe de Contabilidad,NOA,3509471.78278244,4074406.18972365
2025-Q1,Banca & Serv Financieros,ADMINISTRACION Y FINANZAS,Jefe de Contabilidad,Patagonia,5160987.91585653,5991773.80841714
2025-Q1,Consumo masivo,ADMINISTRACION Y FINANZAS,Jefe de Contabilidad,Buenos Aires,3590445.52353231,4438134.70703073
2025-Q1,Consumo masivo,ADMINISTRACION Y FINANZAS,Jefe de Contabilidad,Cuyo,3159592.06070843,3905558.54218704
2025-Q1,Consumo masivo,ADMINISTRACION Y FINANZAS,Jefe de Contabilidad,Litoral,3303209.88164973,4083083.93046827
2025-Q1,Consumo masivo,ADMINISTRACION Y FINANZAS,Jefe de Contabilidad,NEA,2962117.55691416,3661461.13330035
2025-Q1,Consumo masivo,ADMINISTRACION Y FINANZAS,Jefe de Contabilidad,NOA,3051878.69500246,3772414.50097612
2025-Q1,Consumo masivo,ADMINISTRACION Y FINANZAS,Jefe de Contabilidad,Patagonia,4488056.90441539,5547668.38378841
2025-Q1,"Gas, Petróleo y Minería",ADMINISTRACION Y FINANZAS,Jefe de Contabilidad,Buenos Aires,3590445.52353231,4438134.70703073
2025-Q1,"Gas, Petróleo y Minería",ADMINISTRACION Y FINANZAS,Jefe de Contabilidad,Cuyo,3159592.06070843,3905558.54218704
2025-Q1,"Gas, Petróleo y Minería",ADMINISTRACION Y FINANZAS,Jefe de Contabilidad,Litoral,3303209.88164973,4083083.93046827
2025-Q1,"Gas, Petróleo y Minería",ADMINISTRACION Y FINANZAS,Jefe de Contabilidad,NEA,2962117.55691416,3661461.13330035
2025-Q1,"Gas, Petróleo y Minería",ADMINISTRACION Y FINANZAS,Jefe de Contabilidad,NOA,3051878.69500246,3772414.50097612
2025-Q1,"Gas, Petróleo y Minería",ADMINISTRACION Y FINANZAS,Jefe de Contabilidad,Patagonia,4488056.90441539,5547668.38378841
2025-Q1,IT,ADMINISTRACION Y FINANZAS,Jefe de Contabilidad,Buenos Aires,4128790.33268522,4793419.04673371
2025-Q1,IT,ADMINISTRACION Y FINANZAS,Jefe de Contabilidad,Cuyo,3633335.49276299,4218208.76112567
2025-Q1,IT,ADMINISTRACION Y FINANZAS,Jefe de Contabilidad,Litoral,3798487.1060704,4409945.52299501
2025-Q1,IT,ADMINISTRACION Y FINANZAS,Jefe de Contabilidad,NEA,3406252.02446531,3954570.71355531
2025-Q1,IT,ADMINISTRACION Y FINANZAS,Jefe de Contabilidad,NOA,3509471.78278244,4074406.18972365
2025-Q1,IT,ADMINISTRACION Y FINANZAS,Jefe de Contabilidad,Patagonia,5160987.91585653,5991773.80841714
2025-Q1,Lab & Pharma,ADMINISTRACION Y FINANZAS,Jefe de Contabilidad,Buenos Aires,3949343.27296758,4616001.45618923
2025-Q1,Lab & Pharma,ADMINISTRACION Y FINANZAS,Jefe de Contabilidad,Cuyo,3475422.08021147,4062081.28144652
2025-Q1,Lab & Pharma,ADMINISTRACION Y FINANZAS,Jefe de Contabilidad,Litoral,3633395.81113017,4246721.33969409
2025-Q1,Lab & Pharma,ADMINISTRACION Y FINANZAS,Jefe de Contabilidad,NEA,3258208.20019825,3808201.20135611
2025-Q1,Lab & Pharma,ADMINISTRACION Y FINANZAS,Jefe de Contabilidad,NOA,3356941.78202244,3923601.23776085
2025-Q1,Lab & Pharma,ADMINISTRACION Y FINANZAS,Jefe de Contabilidad,Patagonia,4936679.09120947,5770001.82023654
2025-Q1,Manufactura,ADMINISTRACION Y FINANZAS,Jefe de Contabilidad,Buenos Aires,4128790.33268522,4793419.04673371
2025-Q1,Manufactura,ADMINISTRACION Y FINANZAS,Jefe de Contabilidad,Cuyo,3633335.49276299,4218208.76112567
2025-Q1,Manufactura,ADMINISTRACION Y FINANZAS,Jefe de Contabilidad,Litoral,3798487.1060704,4409945.52299501
2025-Q1,Manufactura,ADMINISTRACION Y FINANZAS,Jefe de Contabilidad,NEA,3406252.02446531,3954570.71355531
2025-Q1,Manufactura,ADMINISTRACION Y FINANZAS,Jefe de Contabilidad,NOA,3509471.78278244,4074406.18972365
2025-Q1,Manufactura,ADMINISTRACION Y FINANZAS,Jefe de Contabilidad,Patagonia,5160987.91585653,5991773.80841714
2025-Q1,Retail & Comercio,ADMINISTRACION Y FINANZAS,Jefe de Contabilidad,Buenos Aires,3590449.15353231,4438134.70703073
2025-Q1,Retail & Comercio,ADMINISTRACION Y FINANZAS,Jefe de Contabilidad,Cuyo,3159595.25510843,3905558.54218704
2025-Q1,Retail & Comercio,ADMINISTRACION Y FINANZAS,Jefe de Contabilidad,Litoral,3303213.22124973,4083083.93046827
2025-Q1,Retail & Comercio,ADMINISTRACION Y FINANZAS,Jefe de Contabilidad,NEA,2962120.55166416,3661461.13330035
2025-Q1,Retail & Comercio,ADMINISTRACION Y FINANZAS,Jefe de Contabilidad,NOA,3051881.78050246,3772414.50097612
2025-Q1,Retail & Comercio,ADMINISTRACION Y FINANZAS,Jefe de Contabilidad,Patagonia,4488061.44191539,5547668.38378841
2025-Q1,Servicios,ADMINISTRACION Y FINANZAS,Jefe de Contabilidad,Buenos Aires,3411002.09381468,4083299.52759484
2025-Q1,Servicios,ADMINISTRACION Y FINANZAS,Jefe de Contabilidad,Cuyo,3001681.84255692,3593303.58428346
2025-Q1,Servicios,ADMINISTRACION Y FINANZAS,Jefe de Contabilidad,Litoral,3138121.92630951,3756635.56538725
2025-Q1,Servicios,ADMINISTRACION Y FINANZAS,Jefe de Contabilidad,NEA,2814076.72739711,3368722.11026574
2025-Q1,Servicios,ADMINISTRACION Y FINANZAS,Jefe de Contabilidad,NOA,2899351.77974248,3470804.59845561
2025-Q1,Servicios,ADMINISTRACION Y FINANZAS,Jefe de Contabilidad,Patagonia,4263752.61726835,5104124.40949355
2025-Q1,Transporte y logística,ADMINISTRACION Y FINANZAS,Jefe de Contabilidad,Buenos Aires,3581401.40258745,4267005.33708241
2025-Q1,Transporte y logística,ADMINISTRACION Y FINANZAS,Jefe de Contabilidad,Cuyo,3151633.23427696,3754964.69663252
2025-Q1,Transporte y logística,ADMINISTRACION Y FINANZAS,Jefe de Contabilidad,Litoral,3294889.29038045,3925644.91011582
2025-Q1,Transporte y logística,ADMINISTRACION Y FINANZAS,Jefe de Contabilidad,NEA,2954656.15713465,3520279.40309299
2025-Q1,Transporte y logística,ADMINISTRACION Y FINANZAS,Jefe de Contabilidad,NOA,3044191.19219933,3626954.53652005
2025-Q1,Transporte y logística,ADMINISTRACION Y FINANZAS,Jefe de Contabilidad,Patagonia,4476751.75323431,5333756.67135301
2025-Q1,Automotriz,ADMINISTRACION Y FINANZAS,Jefe de control de gestión,Buenos Aires,4011271,4807935
2025-Q1,Automotriz,ADMINISTRACION Y FINANZAS,Jefe de control de gestión,Cuyo,3529918.48,4230982.8
2025-Q1,Automotriz,ADMINISTRACION Y FINANZAS,Jefe de control de gestión,Litoral,3690369.32,4423300.2
2025-Q1,Automotriz,ADMINISTRACION Y FINANZAS,Jefe de control de gestión,NEA,3309298.575,3966546.375
2025-Q1,Automotriz,ADMINISTRACION Y FINANZAS,Jefe de control de gestión,NOA,3409580.35,4086744.75
2025-Q1,Automotriz,ADMINISTRACION Y FINANZAS,Jefe de control de gestión,Patagonia,5014088.75,6009918.75
2025-Q1,Banca & Serv Financieros,ADMINISTRACION Y FINANZAS,Jefe de control de gestión,Buenos Aires,4433440,5226135.09974877
2025-Q1,Banca & Serv Financieros,ADMINISTRACION Y FINANZAS,Jefe de control de gestión,Cuyo,3901427.2,4598998.88777892
2025-Q1,Banca & Serv Financieros,ADMINISTRACION Y FINANZAS,Jefe de control de gestión,Litoral,4078764.8,4808044.29176887
2025-Q1,Banca & Serv Financieros,ADMINISTRACION Y FINANZAS,Jefe de control de gestión,NEA,3657588,4311561.45729273
2025-Q1,Banca & Serv Financieros,ADMINISTRACION Y FINANZAS,Jefe de control de gestión,NOA,3768424,4442214.83478645
2025-Q1,Banca & Serv Financieros,ADMINISTRACION Y FINANZAS,Jefe de control de gestión,Patagonia,5541800,6532668.87468596
2025-Q1,Consumo masivo,ADMINISTRACION Y FINANZAS,Jefe de control de gestión,Buenos Aires,4011271.05021538,4807946.78560037
2025-Q1,Consumo masivo,ADMINISTRACION Y FINANZAS,Jefe de control de gestión,Cuyo,3529918.52418953,4230993.17132833
2025-Q1,Consumo masivo,ADMINISTRACION Y FINANZAS,Jefe de control de gestión,Litoral,3690369.36619815,4423311.04275234
2025-Q1,Consumo masivo,ADMINISTRACION Y FINANZAS,Jefe de control de gestión,NEA,3309298.61642769,3966556.0981203
2025-Q1,Consumo masivo,ADMINISTRACION Y FINANZAS,Jefe de control de gestión,NOA,3409580.39268307,4086754.76776031
2025-Q1,Consumo masivo,ADMINISTRACION Y FINANZAS,Jefe de control de gestión,Patagonia,5014088.81276922,6009933.48200046
2025-Q1,"Gas, Petróleo y Minería",ADMINISTRACION Y FINANZAS,Jefe de control de gestión,Buenos Aires,4011271.05021538,4807946.78560037
2025-Q1,"Gas, Petróleo y Minería",ADMINISTRACION Y FINANZAS,Jefe de control de gestión,Cuyo,3529918.52418953,4230993.17132833
2025-Q1,"Gas, Petróleo y Minería",ADMINISTRACION Y FINANZAS,Jefe de control de gestión,Litoral,3690369.36619815,4423311.04275234
2025-Q1,"Gas, Petróleo y Minería",ADMINISTRACION Y FINANZAS,Jefe de control de gestión,NEA,3309298.61642769,3966556.0981203
2025-Q1,"Gas, Petróleo y Minería",ADMINISTRACION Y FINANZAS,Jefe de control de gestión,NOA,3409580.39268307,4086754.76776031
2025-Q1,"Gas, Petróleo y Minería",ADMINISTRACION Y FINANZAS,Jefe de control de gestión,Patagonia,5014088.81276922,6009933.48200046
2025-Q1,IT,ADMINISTRACION Y FINANZAS,Jefe de control de gestión,Buenos Aires,4644343,5435441
2025-Q1,IT,ADMINISTRACION Y FINANZAS,Jefe de control de gestión,Cuyo,4087021.84,4783188.08
2025-Q1,IT,ADMINISTRACION Y FINANZAS,Jefe de control de gestión,Litoral,4272795.56,5000605.72
2025-Q1,IT,ADMINISTRACION Y FINANZAS,Jefe de control de gestión,NEA,3831582.975,4484238.825
2025-Q1,IT,ADMINISTRACION Y FINANZAS,Jefe de control de gestión,NOA,3947691.55,4620124.85
2025-Q1,IT,ADMINISTRACION Y FINANZAS,Jefe de control de gestión,Patagonia,5805428.75,6794301.25
2025-Q1,Lab & Pharma,ADMINISTRACION Y FINANZAS,Jefe de control de gestión,Buenos Aires,4433440,5226135.09974877
2025-Q1,Lab & Pharma,ADMINISTRACION Y FINANZAS,Jefe de control de gestión,Cuyo,3901427.2,4598998.88777892
2025-Q1,Lab & Pharma,ADMINISTRACION Y FINANZAS,Jefe de control de gestión,Litoral,4078764.8,4808044.29176887
2025-Q1,Lab & Pharma,ADMINISTRACION Y FINANZAS,Jefe de control de gestión,NEA,3657588,4311561.45729273
2025-Q1,Lab & Pharma,ADMINISTRACION Y FINANZAS,Jefe de control de gestión,NOA,3768424,4442214.83478645
2025-Q1,Lab & Pharma,ADMINISTRACION Y FINANZAS,Jefe de control de gestión,Patagonia,5541800,6532668.87468596
2025-Q1,Manufactura,ADMINISTRACION Y FINANZAS,Jefe de control de gestión,Buenos Aires,4644343,5435441
2025-Q1,Manufactura,ADMINISTRACION Y FINANZAS,Jefe de control de gestión,Cuyo,4087021.84,4783188.08
2025-Q1,Manufactura,ADMINISTRACION Y FINANZAS,Jefe de control de gestión,Litoral,4272795.56,5000605.72
2025-Q1,Manufactura,ADMINISTRACION Y FINANZAS,Jefe de control de gestión,NEA,3831582.975,4484238.825
2025-Q1,Manufactura,ADMINISTRACION Y FINANZAS,Jefe de control de gestión,NOA,3947691.55,4620124.85
2025-Q1,Manufactura,ADMINISTRACION Y FINANZAS,Jefe de control de gestión,Patagonia,5805428.75,6794301.25
2025-Q1,Retail & Comercio,ADMINISTRACION Y FINANZAS,Jefe de control de gestión,Buenos Aires,4011271,4807935
2025-Q1,Retail & Comercio,ADMINISTRACION Y FINANZAS,Jefe de control de gestión,Cuyo,3529918.48,4230982.8
2025-Q1,Retail & Comercio,ADMINISTRACION Y FINANZAS,Jefe de control de gestión,Litoral,3690369.32,4423300.2
2025-Q1,Retail & Comercio,ADMINISTRACION Y FINANZAS,Jefe de control de gestión,NEA,3309298.575,3966546.375
2025-Q1,Retail & Comercio,ADMINISTRACION Y FINANZAS,Jefe de control de gestión,NOA,3409580.35,4086744.75
2025-Q1,Retail & Comercio,ADMINISTRACION Y FINANZAS,Jefe de control de gestión,Patagonia,5014088.75,6009918.75
2025-Q1,Servicios,ADMINISTRACION Y FINANZAS,Jefe de control de gestión,Buenos Aires,3799957.10390211,4796440
2025-Q1,Servicios,ADMINISTRACION Y FINANZAS,Jefe de control de gestión,Cuyo,3343962.25143386,4220867.2
2025-Q1,Servicios,ADMINISTRACION Y FINANZAS,Jefe de control de gestión,Litoral,3495960.53558994,4412724.8
2025-Q1,Servicios,ADMINISTRACION Y FINANZAS,Jefe de control de gestión,NEA,3134964.61071924,3957063
2025-Q1,Servicios,ADMINISTRACION Y FINANZAS,Jefe de control de gestión,NOA,3229963.53831679,4076974
2025-Q1,Servicios,ADMINISTRACION Y FINANZAS,Jefe de control de gestión,Patagonia,4749946.37987764,5995550
2025-Q1,Transporte y logística,ADMINISTRACION Y FINANZAS,Jefe de control de gestión,Buenos Aires,3991064,4796440
2025-Q1,Transporte y logística,ADMINISTRACION Y FINANZAS,Jefe de control de gestión,Cuyo,3512136.32,4220867.2
2025-Q1,Transporte y logística,ADMINISTRACION Y FINANZAS,Jefe de control de gestión,Litoral,3671778.88,4412724.8
2025-Q1,Transporte y logística,ADMINISTRACION Y FINANZAS,Jefe de control de gestión,NEA,3292627.8,3957063
2025-Q1,Transporte y logística,ADMINISTRACION Y FINANZAS,Jefe de control de gestión,NOA,3392404.4,4076974
2025-Q1,Transporte y logística,ADMINISTRACION Y FINANZAS,Jefe de control de gestión,Patagonia,4988830,5995550
2025-Q1,Automotriz,ADMINISTRACION Y FINANZAS,Jefe de Impuestos,Buenos Aires,3849373,4453768
2025-Q1,Automotriz,ADMINISTRACION Y FINANZAS,Jefe de Impuestos,Cuyo,3387448.24,3919315.84
2025-Q1,Automotriz,ADMINISTRACION Y FINANZAS,Jefe de Impuestos,Litoral,3541423.16,4097466.56
2025-Q1,Automotriz,ADMINISTRACION Y FINANZAS,Jefe de Impuestos,NEA,3175732.725,3674358.6
2025-Q1,Automotriz,ADMINISTRACION Y FINANZAS,Jefe de Impuestos,NOA,3271967.05,3785702.8
2025-Q1,Automotriz,ADMINISTRACION Y FINANZAS,Jefe de Impuestos,Patagonia,4811716.25,5567210
2025-Q1,Banca & Serv Financieros,ADMINISTRACION Y FINANZAS,Jefe de Impuestos,Buenos Aires,4254360,4840000
2025-Q1,Banca & Serv Financieros,ADMINISTRACION Y FINANZAS,Jefe de Impuestos,Cuyo,3743836.8,4259200
2025-Q1,Banca & Serv Financieros,ADMINISTRACION Y FINANZAS,Jefe de Impuestos,Litoral,3914011.2,4452800
2025-Q1,Banca & Serv Financieros,ADMINISTRACION Y FINANZAS,Jefe de Impuestos,NEA,3509847,3993000
2025-Q1,Banca & Serv Financieros,ADMINISTRACION Y FINANZAS,Jefe de Impuestos,NOA,3616206,4114000
2025-Q1,Banca & Serv Financieros,ADMINISTRACION Y FINANZAS,Jefe de Impuestos,Patagonia,5317950,6050000
2025-Q1,Consumo masivo,ADMINISTRACION Y FINANZAS,Jefe de Impuestos,Buenos Aires,4052290,4647610
2025-Q1,Consumo masivo,ADMINISTRACION Y FINANZAS,Jefe de Impuestos,Cuyo,3566015.2,4089896.8
2025-Q1,Consumo masivo,ADMINISTRACION Y FINANZAS,Jefe de Impuestos,Litoral,3728106.8,4275801.2
2025-Q1,Consumo masivo,ADMINISTRACION Y FINANZAS,Jefe de Impuestos,NEA,3343139.25,3834278.25
2025-Q1,Consumo masivo,ADMINISTRACION Y FINANZAS,Jefe de Impuestos,NOA,3444446.5,3950468.5
2025-Q1,Consumo masivo,ADMINISTRACION Y FINANZAS,Jefe de Impuestos,Patagonia,5065362.5,5809512.5
2025-Q1,"Gas, Petróleo y Minería",ADMINISTRACION Y FINANZAS,Jefe de Impuestos,Buenos Aires,3849373,4453768
2025-Q1,"Gas, Petróleo y Minería",ADMINISTRACION Y FINANZAS,Jefe de Impuestos,Cuyo,3387448.24,3919315.84
2025-Q1,"Gas, Petróleo y Minería",ADMINISTRACION Y FINANZAS,Jefe de Impuestos,Litoral,3541423.16,4097466.56
2025-Q1,"Gas, Petróleo y Minería",ADMINISTRACION Y FINANZAS,Jefe de Impuestos,NEA,3175732.725,3674358.6
2025-Q1,"Gas, Petróleo y Minería",ADMINISTRACION Y FINANZAS,Jefe de Impuestos,NOA,3271967.05,3785702.8
2025-Q1,"Gas, Petróleo y Minería",ADMINISTRACION Y FINANZAS,Jefe de Impuestos,Patagonia,4811716.25,5567210
2025-Q1,IT,ADMINISTRACION Y FINANZAS,Jefe de Impuestos,Buenos Aires,4456793,5034852.41238021
2025-Q1,IT,ADMINISTRACION Y FINANZAS,Jefe de Impuestos,Cuyo,3921977.84,4430670.12289459
2025-Q1,IT,ADMINISTRACION Y FINANZAS,Jefe de Impuestos,Litoral,4100249.56,4632064.21938979
2025-Q1,IT,ADMINISTRACION Y FINANZAS,Jefe de Impuestos,NEA,3676854.225,4153753.24021367
2025-Q1,IT,ADMINISTRACION Y FINANZAS,Jefe de Impuestos,NOA,3788274.05,4279624.55052318
2025-Q1,IT,ADMINISTRACION Y FINANZAS,Jefe de Impuestos,Patagonia,5570991.25,6293565.51547526
2025-Q1,Lab & Pharma,ADMINISTRACION Y FINANZAS,Jefe de Impuestos,Buenos Aires,4255570,4841210
2025-Q1,Lab & Pharma,ADMINISTRACION Y FINANZAS,Jefe de Impuestos,Cuyo,3744901.6,4260264.8
2025-Q1,Lab & Pharma,ADMINISTRACION Y FINANZAS,Jefe de Impuestos,Litoral,3915124.4,4453913.2
2025-Q1,Lab & Pharma,ADMINISTRACION Y FINANZAS,Jefe de Impuestos,NEA,3510845.25,3993998.25
2025-Q1,Lab & Pharma,ADMINISTRACION Y FINANZAS,Jefe de Impuestos,NOA,3617234.5,4115028.5
2025-Q1,Lab & Pharma,ADMINISTRACION Y FINANZAS,Jefe de Impuestos,Patagonia,5319462.5,6051512.5
2025-Q1,Manufactura,ADMINISTRACION Y FINANZAS,Jefe de Impuestos,Buenos Aires,4456793,5034852.41238021
2025-Q1,Manufactura,ADMINISTRACION Y FINANZAS,Jefe de Impuestos,Cuyo,3921977.84,4430670.12289459
2025-Q1,Manufactura,ADMINISTRACION Y FINANZAS,Jefe de Impuestos,Litoral,4100249.56,4632064.21938979
2025-Q1,Manufactura,ADMINISTRACION Y FINANZAS,Jefe de Impuestos,NEA,3676854.225,4153753.24021367
2025-Q1,Manufactura,ADMINISTRACION Y FINANZAS,Jefe de Impuestos,NOA,3788274.05,4279624.55052318
2025-Q1,Manufactura,ADMINISTRACION Y FINANZAS,Jefe de Impuestos,Patagonia,5570991.25,6293565.51547526
2025-Q1,Retail & Comercio,ADMINISTRACION Y FINANZAS,Jefe de Impuestos,Buenos Aires,4051745.5,4647489
2025-Q1,Retail & Comercio,ADMINISTRACION Y FINANZAS,Jefe de Impuestos,Cuyo,3565536.04,4089790.32
2025-Q1,Retail & Comercio,ADMINISTRACION Y FINANZAS,Jefe de Impuestos,Litoral,3727605.86,4275689.88
2025-Q1,Retail & Comercio,ADMINISTRACION Y FINANZAS,Jefe de Impuestos,NEA,3342690.0375,3834178.425
2025-Q1,Retail & Comercio,ADMINISTRACION Y FINANZAS,Jefe de Impuestos,NOA,3443983.675,3950365.65
2025-Q1,Retail & Comercio,ADMINISTRACION Y FINANZAS,Jefe de Impuestos,Patagonia,5064681.875,5809361.25
2025-Q1,Servicios,ADMINISTRACION Y FINANZAS,Jefe de Impuestos,Buenos Aires,3849397.2,4453647
2025-Q1,Servicios,ADMINISTRACION Y FINANZAS,Jefe de Impuestos,Cuyo,3387469.536,3919209.36
2025-Q1,Servicios,ADMINISTRACION Y FINANZAS,Jefe de Impuestos,Litoral,3541445.424,4097355.24
2025-Q1,Servicios,ADMINISTRACION Y FINANZAS,Jefe de Impuestos,NEA,3175752.69,3674258.775
2025-Q1,Servicios,ADMINISTRACION Y FINANZAS,Jefe de Impuestos,NOA,3271987.62,3785599.95
2025-Q1,Servicios,ADMINISTRACION Y FINANZAS,Jefe de Impuestos,Patagonia,4811746.5,5567058.75
2025-Q1,Transporte y logística,ADMINISTRACION Y FINANZAS,Jefe de Impuestos,Buenos Aires,4071408,4658379
2025-Q1,Transporte y logística,ADMINISTRACION Y FINANZAS,Jefe de Impuestos,Cuyo,3582839.04,4099373.52
2025-Q1,Transporte y logística,ADMINISTRACION Y FINANZAS,Jefe de Impuestos,Litoral,3745695.36,4285708.68
2025-Q1,Transporte y logística,ADMINISTRACION Y FINANZAS,Jefe de Impuestos,NEA,3358911.6,3843162.675
2025-Q1,Transporte y logística,ADMINISTRACION Y FINANZAS,Jefe de Impuestos,NOA,3460696.8,3959622.15
2025-Q1,Transporte y logística,ADMINISTRACION Y FINANZAS,Jefe de Impuestos,Patagonia,5089260,5822973.75
2025-Q1,Automotriz,ADMINISTRACION Y FINANZAS,Jefe de Legales,Buenos Aires,3518624.34,4175498.25
2025-Q1,Automotriz,ADMINISTRACION Y FINANZAS,Jefe de Legales,Cuyo,3096389.4192,3674438.46
2025-Q1,Automotriz,ADMINISTRACION Y FINANZAS,Jefe de Legales,Litoral,3237134.3928,3841458.39
2025-Q1,Automotriz,ADMINISTRACION Y FINANZAS,Jefe de Legales,NEA,2902865.0805,3444786.05625
2025-Q1,Automotriz,ADMINISTRACION Y FINANZAS,Jefe de Legales,NOA,2990830.689,3549173.5125
2025-Q1,Automotriz,ADMINISTRACION Y FINANZAS,Jefe de Legales,Patagonia,4398280.425,5219372.8125
2025-Q1,Banca & Serv Financieros,ADMINISTRACION Y FINANZAS,Jefe de Legales,Buenos Aires,3870356.40750823,4697546.7
2025-Q1,Banca & Serv Financieros,ADMINISTRACION Y FINANZAS,Jefe de Legales,Cuyo,3405913.63860724,4133841.096
2025-Q1,Banca & Serv Financieros,ADMINISTRACION Y FINANZAS,Jefe de Legales,Litoral,3560727.89490757,4321742.964
2025-Q1,Banca & Serv Financieros,ADMINISTRACION Y FINANZAS,Jefe de Legales,NEA,3193044.03619429,3875476.0275
2025-Q1,Banca & Serv Financieros,ADMINISTRACION Y FINANZAS,Jefe de Legales,NOA,3289802.946382,3992914.695
2025-Q1,Banca & Serv Financieros,ADMINISTRACION Y FINANZAS,Jefe de Legales,Patagonia,4837945.50938529,5871933.375
2025-Q1,Consumo masivo,ADMINISTRACION Y FINANZAS,Jefe de Legales,Buenos Aires,3518624.34,4349372.01289012
2025-Q1,Consumo masivo,ADMINISTRACION Y FINANZAS,Jefe de Legales,Cuyo,3096389.4192,3827447.37134331
2025-Q1,Consumo masivo,ADMINISTRACION Y FINANZAS,Jefe de Legales,Litoral,3237134.3928,4001422.25185891
2025-Q1,Consumo masivo,ADMINISTRACION Y FINANZAS,Jefe de Legales,NEA,2902865.0805,3588231.91063435
2025-Q1,Consumo masivo,ADMINISTRACION Y FINANZAS,Jefe de Legales,NOA,2990830.689,3696966.2109566
2025-Q1,Consumo masivo,ADMINISTRACION Y FINANZAS,Jefe de Legales,Patagonia,4398280.425,5436715.01611265
2025-Q1,"Gas, Petróleo y Minería",ADMINISTRACION Y FINANZAS,Jefe de Legales,Buenos Aires,3518624.34,4349372.01289012
2025-Q1,"Gas, Petróleo y Minería",ADMINISTRACION Y FINANZAS,Jefe de Legales,Cuyo,3096389.4192,3827447.37134331
2025-Q1,"Gas, Petróleo y Minería",ADMINISTRACION Y FINANZAS,Jefe de Legales,Litoral,3237134.3928,4001422.25185891
2025-Q1,"Gas, Petróleo y Minería",ADMINISTRACION Y FINANZAS,Jefe de Legales,NEA,2902865.0805,3588231.91063435
2025-Q1,"Gas, Petróleo y Minería",ADMINISTRACION Y FINANZAS,Jefe de Legales,NOA,2990830.689,3696966.2109566
2025-Q1,"Gas, Petróleo y Minería",ADMINISTRACION Y FINANZAS,Jefe de Legales,Patagonia,4398280.425,5436715.01611265
2025-Q1,IT,ADMINISTRACION Y FINANZAS,Jefe de Legales,Buenos Aires,4046186.76,4697546.7
2025-Q1,IT,ADMINISTRACION Y FINANZAS,Jefe de Legales,Cuyo,3560644.3488,4133841.096
2025-Q1,IT,ADMINISTRACION Y FINANZAS,Jefe de Legales,Litoral,3722491.8192,4321742.964
2025-Q1,IT,ADMINISTRACION Y FINANZAS,Jefe de Legales,NEA,3338104.077,3875476.0275
2025-Q1,IT,ADMINISTRACION Y FINANZAS,Jefe de Legales,NOA,3439258.746,3992914.695
2025-Q1,IT,ADMINISTRACION Y FINANZAS,Jefe de Legales,Patagonia,5057733.45,5871933.375
2025-Q1,Lab & Pharma,ADMINISTRACION Y FINANZAS,Jefe de Legales,Buenos Aires,3870356.40750823,4523708.42
2025-Q1,Lab & Pharma,ADMINISTRACION Y FINANZAS,Jefe de Legales,Cuyo,3405913.63860724,3980863.4096
2025-Q1,Lab & Pharma,ADMINISTRACION Y FINANZAS,Jefe de Legales,Litoral,3560727.89490757,4161811.7464
2025-Q1,Lab & Pharma,ADMINISTRACION Y FINANZAS,Jefe de Legales,NEA,3193044.03619429,3732059.4465
2025-Q1,Lab & Pharma,ADMINISTRACION Y FINANZAS,Jefe de Legales,NOA,3289802.946382,3845152.157
2025-Q1,Lab & Pharma,ADMINISTRACION Y FINANZAS,Jefe de Legales,Patagonia,4837945.50938529,5654635.525
2025-Q1,Manufactura,ADMINISTRACION Y FINANZAS,Jefe de Legales,Buenos Aires,3870356.40750823,4697546.7
2025-Q1,Manufactura,ADMINISTRACION Y FINANZAS,Jefe de Legales,Cuyo,3405913.63860724,4133841.096
2025-Q1,Manufactura,ADMINISTRACION Y FINANZAS,Jefe de Legales,Litoral,3560727.89490757,4321742.964
2025-Q1,Manufactura,ADMINISTRACION Y FINANZAS,Jefe de Legales,NEA,3193044.03619429,3875476.0275
2025-Q1,Manufactura,ADMINISTRACION Y FINANZAS,Jefe de Legales,NOA,3289802.946382,3992914.695
2025-Q1,Manufactura,ADMINISTRACION Y FINANZAS,Jefe de Legales,Patagonia,4837945.50938529,5871933.375
2025-Q1,Retail & Comercio,ADMINISTRACION Y FINANZAS,Jefe de Legales,Buenos Aires,3870356.40750823,4523672.846
2025-Q1,Retail & Comercio,ADMINISTRACION Y FINANZAS,Jefe de Legales,Cuyo,3405913.63860724,3980832.10448
2025-Q1,Retail & Comercio,ADMINISTRACION Y FINANZAS,Jefe de Legales,Litoral,3560727.89490757,4161779.01832
2025-Q1,Retail & Comercio,ADMINISTRACION Y FINANZAS,Jefe de Legales,NEA,3193044.03619429,3732030.09795
2025-Q1,Retail & Comercio,ADMINISTRACION Y FINANZAS,Jefe de Legales,NOA,3289802.946382,3845121.9191
2025-Q1,Retail & Comercio,ADMINISTRACION Y FINANZAS,Jefe de Legales,Patagonia,4837945.50938529,5654591.0575
2025-Q1,Servicios,ADMINISTRACION Y FINANZAS,Jefe de Legales,Buenos Aires,3342782.05193838,4001636.254
2025-Q1,Servicios,ADMINISTRACION Y FINANZAS,Jefe de Legales,Cuyo,2941648.20570577,3521439.90352
2025-Q1,Servicios,ADMINISTRACION Y FINANZAS,Jefe de Legales,Litoral,3075359.48778331,3681505.35368
2025-Q1,Servicios,ADMINISTRACION Y FINANZAS,Jefe de Legales,NEA,2757795.19284916,3301349.90955
2025-Q1,Servicios,ADMINISTRACION Y FINANZAS,Jefe de Legales,NOA,2841364.74414762,3401390.8159
2025-Q1,Servicios,ADMINISTRACION Y FINANZAS,Jefe de Legales,Patagonia,4178477.56492298,5002045.3175
2025-Q1,Transporte y logística,ADMINISTRACION Y FINANZAS,Jefe de Legales,Buenos Aires,3509730.84,4181664.41
2025-Q1,Transporte y logística,ADMINISTRACION Y FINANZAS,Jefe de Legales,Cuyo,3088563.1392,3679864.6808
2025-Q1,Transporte y logística,ADMINISTRACION Y FINANZAS,Jefe de Legales,Litoral,3228952.3728,3847131.2572
2025-Q1,Transporte y logística,ADMINISTRACION Y FINANZAS,Jefe de Legales,NEA,2895527.943,3449873.13825
2025-Q1,Transporte y logística,ADMINISTRACION Y FINANZAS,Jefe de Legales,NOA,2983271.214,3554414.7485
2025-Q1,Transporte y logística,ADMINISTRACION Y FINANZAS,Jefe de Legales,Patagonia,4387163.55,5227080.5125
2025-Q1,Automotriz,ADMINISTRACION Y FINANZAS,Jefe de Tesorería,Buenos Aires,3266879,4062792.8
2025-Q1,Automotriz,ADMINISTRACION Y FINANZAS,Jefe de Tesorería,Cuyo,2874853.52,3575257.664
2025-Q1,Automotriz,ADMINISTRACION Y FINANZAS,Jefe de Tesorería,Litoral,3005528.68,3737769.376
2025-Q1,Automotriz,ADMINISTRACION Y FINANZAS,Jefe de Tesorería,NEA,2695175.175,3351804.06
2025-Q1,Automotriz,ADMINISTRACION Y FINANZAS,Jefe de Tesorería,NOA,2776847.15,3453373.88
2025-Q1,Automotriz,ADMINISTRACION Y FINANZAS,Jefe de Tesorería,Patagonia,4083598.75,5078491
2025-Q1,Banca & Serv Financieros,ADMINISTRACION Y FINANZAS,Jefe de Tesorería,Buenos Aires,3756808,4570750.8
2025-Q1,Banca & Serv Financieros,ADMINISTRACION Y FINANZAS,Jefe de Tesorería,Cuyo,3305991.04,4022260.704
2025-Q1,Banca & Serv Financieros,ADMINISTRACION Y FINANZAS,Jefe de Tesorería,Litoral,3456263.36,4205090.736
2025-Q1,Banca & Serv Financieros,ADMINISTRACION Y FINANZAS,Jefe de Tesorería,NEA,3099366.6,3770869.41
2025-Q1,Banca & Serv Financieros,ADMINISTRACION Y FINANZAS,Jefe de Tesorería,NOA,3193286.8,3885138.18
2025-Q1,Banca & Serv Financieros,ADMINISTRACION Y FINANZAS,Jefe de Tesorería,Patagonia,4696010,5713438.5
2025-Q1,Consumo masivo,ADMINISTRACION Y FINANZAS,Jefe de Tesorería,Buenos Aires,3266879,4231975
2025-Q1,Consumo masivo,ADMINISTRACION Y FINANZAS,Jefe de Tesorería,Cuyo,2874853.52,3724138
2025-Q1,Consumo masivo,ADMINISTRACION Y FINANZAS,Jefe de Tesorería,Litoral,3005528.68,3893417
2025-Q1,Consumo masivo,ADMINISTRACION Y FINANZAS,Jefe de Tesorería,NEA,2695175.175,3491379.375
2025-Q1,Consumo masivo,ADMINISTRACION Y FINANZAS,Jefe de Tesorería,NOA,2776847.15,3597178.75
2025-Q1,Consumo masivo,ADMINISTRACION Y FINANZAS,Jefe de Tesorería,Patagonia,4083598.75,5289968.75
2025-Q1,"Gas, Petróleo y Minería",ADMINISTRACION Y FINANZAS,Jefe de Tesorería,Buenos Aires,3265790,4232580
2025-Q1,"Gas, Petróleo y Minería",ADMINISTRACION Y FINANZAS,Jefe de Tesorería,Cuyo,2873895.2,3724670.4
2025-Q1,"Gas, Petróleo y Minería",ADMINISTRACION Y FINANZAS,Jefe de Tesorería,Litoral,3004526.8,3893973.6
2025-Q1,"Gas, Petróleo y Minería",ADMINISTRACION Y FINANZAS,Jefe de Tesorería,NEA,2694276.75,3491878.5
2025-Q1,"Gas, Petróleo y Minería",ADMINISTRACION Y FINANZAS,Jefe de Tesorería,NOA,2775921.5,3597693
2025-Q1,"Gas, Petróleo y Minería",ADMINISTRACION Y FINANZAS,Jefe de Tesorería,Patagonia,4082237.5,5290725
2025-Q1,IT,ADMINISTRACION Y FINANZAS,Jefe de Tesorería,Buenos Aires,3756808,4570750.8
2025-Q1,IT,ADMINISTRACION Y FINANZAS,Jefe de Tesorería,Cuyo,3305991.04,4022260.704
2025-Q1,IT,ADMINISTRACION Y FINANZAS,Jefe de Tesorería,Litoral,3456263.36,4205090.736
2025-Q1,IT,ADMINISTRACION Y FINANZAS,Jefe de Tesorería,NEA,3099366.6,3770869.41
2025-Q1,IT,ADMINISTRACION Y FINANZAS,Jefe de Tesorería,NOA,3193286.8,3885138.18
2025-Q1,IT,ADMINISTRACION Y FINANZAS,Jefe de Tesorería,Patagonia,4696010,5713438.5
2025-Q1,Lab & Pharma,ADMINISTRACION Y FINANZAS,Jefe de Tesorería,Buenos Aires,3593458,4401617
2025-Q1,Lab & Pharma,ADMINISTRACION Y FINANZAS,Jefe de Tesorería,Cuyo,3162243.04,3873422.96
2025-Q1,Lab & Pharma,ADMINISTRACION Y FINANZAS,Jefe de Tesorería,Litoral,3305981.36,4049487.64
2025-Q1,Lab & Pharma,ADMINISTRACION Y FINANZAS,Jefe de Tesorería,NEA,2964602.85,3631334.025
2025-Q1,Lab & Pharma,ADMINISTRACION Y FINANZAS,Jefe de Tesorería,NOA,3054439.3,3741374.45
2025-Q1,Lab & Pharma,ADMINISTRACION Y FINANZAS,Jefe de Tesorería,Patagonia,4491822.5,5502021.25
2025-Q1,Manufactura,ADMINISTRACION Y FINANZAS,Jefe de Tesorería,Buenos Aires,3756808,4570775
2025-Q1,Manufactura,ADMINISTRACION Y FINANZAS,Jefe de Tesorería,Cuyo,3305991.04,4022282
2025-Q1,Manufactura,ADMINISTRACION Y FINANZAS,Jefe de Tesorería,Litoral,3456263.36,4205113
2025-Q1,Manufactura,ADMINISTRACION Y FINANZAS,Jefe de Tesorería,NEA,3099366.6,3770889.375
2025-Q1,Manufactura,ADMINISTRACION Y FINANZAS,Jefe de Tesorería,NOA,3193286.8,3885158.75
2025-Q1,Manufactura,ADMINISTRACION Y FINANZAS,Jefe de Tesorería,Patagonia,4696010,5713468.75
2025-Q1,Retail & Comercio,ADMINISTRACION Y FINANZAS,Jefe de Tesorería,Buenos Aires,3266975.8,4231975
2025-Q1,Retail & Comercio,ADMINISTRACION Y FINANZAS,Jefe de Tesorería,Cuyo,2874938.704,3724138
2025-Q1,Retail & Comercio,ADMINISTRACION Y FINANZAS,Jefe de Tesorería,Litoral,3005617.736,3893417
2025-Q1,Retail & Comercio,ADMINISTRACION Y FINANZAS,Jefe de Tesorería,NEA,2695255.035,3491379.375
2025-Q1,Retail & Comercio,ADMINISTRACION Y FINANZAS,Jefe de Tesorería,NOA,2776929.43,3597178.75
2025-Q1,Retail & Comercio,ADMINISTRACION Y FINANZAS,Jefe de Tesorería,Patagonia,4083719.75,5289968.75
2025-Q1,Servicios,ADMINISTRACION Y FINANZAS,Jefe de Tesorería,Buenos Aires,3103650,3893622.7
2025-Q1,Servicios,ADMINISTRACION Y FINANZAS,Jefe de Tesorería,Cuyo,2731212,3426387.976
2025-Q1,Servicios,ADMINISTRACION Y FINANZAS,Jefe de Tesorería,Litoral,2855358,3582132.884
2025-Q1,Servicios,ADMINISTRACION Y FINANZAS,Jefe de Tesorería,NEA,2560511.25,3212238.7275
2025-Q1,Servicios,ADMINISTRACION Y FINANZAS,Jefe de Tesorería,NOA,2638102.5,3309579.295
2025-Q1,Servicios,ADMINISTRACION Y FINANZAS,Jefe de Tesorería,Patagonia,3879562.5,4867028.375
2025-Q1,Transporte y logística,ADMINISTRACION Y FINANZAS,Jefe de Tesorería,Buenos Aires,3258772,4068746
2025-Q1,Transporte y logística,ADMINISTRACION Y FINANZAS,Jefe de Tesorería,Cuyo,2867719.36,3580496.48
2025-Q1,Transporte y logística,ADMINISTRACION Y FINANZAS,Jefe de Tesorería,Litoral,2998070.24,3743246.32
2025-Q1,Transporte y logística,ADMINISTRACION Y FINANZAS,Jefe de Tesorería,NEA,2688486.9,3356715.45
2025-Q1,Transporte y logística,ADMINISTRACION Y FINANZAS,Jefe de Tesorería,NOA,2769956.2,3458434.1
2025-Q1,Transporte y logística,ADMINISTRACION Y FINANZAS,Jefe de Tesorería,Patagonia,4073465,5085932.5
2025-Q1,Automotriz,MARKETING Y COMERCIAL,Analista de BI Marketing,Buenos Aires,,
2025-Q1,Automotriz,MARKETING Y COMERCIAL,Analista de BI Marketing,Cuyo,,
2025-Q1,Automotriz,MARKETING Y COMERCIAL,Analista de BI Marketing,Litoral,,
2025-Q1,Automotriz,MARKETING Y COMERCIAL,Analista de BI Marketing,NEA,,
2025-Q1,Automotriz,MARKETING Y COMERCIAL,Analista de BI Marketing,NOA,,
2025-Q1,Automotriz,MARKETING Y COMERCIAL,Analista de BI Marketing,Patagonia,,
2025-Q1,Banca & Serv Financieros,MARKETING Y COMERCIAL,Analista de BI Marketing,Buenos Aires,,
2025-Q1,Banca & Serv Financieros,MARKETING Y COMERCIAL,Analista de BI Marketing,Cuyo,,
2025-Q1,Banca & Serv Financieros,MARKETING Y COMERCIAL,Analista de BI Marketing,Litoral,,
2025-Q1,Banca & Serv Financieros,MARKETING Y COMERCIAL,Analista de BI Marketing,NEA,,
2025-Q1,Banca & Serv Financieros,MARKETING Y COMERCIAL,Analista de BI Marketing,NOA,,
2025-Q1,Banca & Serv Financieros,MARKETING Y COMERCIAL,Analista de BI Marketing,Patagonia,,
2025-Q1,Consumo masivo,MARKETING Y COMERCIAL,Analista de BI Marketing,Buenos Aires,,
2025-Q1,Consumo masivo,MARKETING Y COMERCIAL,Analista de BI Marketing,Cuyo,,
2025-Q1,Consumo masivo,MARKETING Y COMERCIAL,Analista de BI Marketing,Litoral,,
2025-Q1,Consumo masivo,MARKETING Y COMERCIAL,Analista de BI Marketing,NEA,,
2025-Q1,Consumo masivo,MARKETING Y COMERCIAL,Analista de BI Marketing,NOA,,
2025-Q1,Consumo masivo,MARKETING Y COMERCIAL,Analista de BI Marketing,Patagonia,,
2025-Q1,"Gas, Petróleo y Minería",MARKETING Y COMERCIAL,Analista de BI Marketing,Buenos Aires,,
2025-Q1,"Gas, Petróleo y Minería",MARKETING Y COMERCIAL,Analista de BI Marketing,Cuyo,,
2025-Q1,"Gas, Petróleo y Minería",MARKETING Y COMERCIAL,Analista de BI Marketing,Litoral,,
2025-Q1,"Gas, Petróleo y Minería",MARKETING Y COMERCIAL,Analista de BI Marketing,NEA,,
2025-Q1,"Gas, Petróleo y Minería",MARKETING Y COMERCIAL,Analista de BI Marketing,NOA,,
2025-Q1,"Gas, Petróleo y Minería",MARKETING Y COMERCIAL,Analista de BI Marketing,Patagonia,,
2025-Q1,IT,MARKETING Y COMERCIAL,Analista de BI Marketing,Buenos Aires,,
2025-Q1,IT,MARKETING Y COMERCIAL,Analista de BI Marketing,Cuyo,,
2025-Q1,IT,MARKETING Y COMERCIAL,Analista de BI Marketing,Litoral,,
2025-Q1,IT,MARKETING Y COMERCIAL,Analista de BI Marketing,NEA,,
2025-Q1,IT,MARKETING Y COMERCIAL,Analista de BI Marketing,NOA,,
2025-Q1,IT,MARKETING Y COMERCIAL,Analista de BI Marketing,Patagonia,,
2025-Q1,Lab & Pharma,MARKETING Y COMERCIAL,Analista de BI Marketing,Buenos Aires,,
2025-Q1,Lab & Pharma,MARKETING Y COMERCIAL,Analista de BI Marketing,Cuyo,,
2025-Q1,Lab & Pharma,MARKETING Y COMERCIAL,Analista de BI Marketing,Litoral,,
2025-Q1,Lab & Pharma,MARKETING Y COMERCIAL,Analista de BI Marketing,NEA,,
2025-Q1,Lab & Pharma,MARKETING Y COMERCIAL,Analista de BI Marketing,NOA,,
2025-Q1,Lab & Pharma,MARKETING Y COMERCIAL,Analista de BI Marketing,Patagonia,,
2025-Q1,Manufactura,MARKETING Y COMERCIAL,Analista de BI Marketing,Buenos Aires,,
2025-Q1,Manufactura,MARKETING Y COMERCIAL,Analista de BI Marketing,Cuyo,,
2025-Q1,Manufactura,MARKETING Y COMERCIAL,Analista de BI Marketing,Litoral,,
2025-Q1,Manufactura,MARKETING Y COMERCIAL,Analista de BI Marketing,NEA,,
2025-Q1,Manufactura,MARKETING Y COMERCIAL,Analista de BI Marketing,NOA,,
2025-Q1,Manufactura,MARKETING Y COMERCIAL,Analista de BI Marketing,Patagonia,,
2025-Q1,Retail & Comercio,MARKETING Y COMERCIAL,Analista de BI Marketing,Buenos Aires,,
2025-Q1,Retail & Comercio,MARKETING Y COMERCIAL,Analista de BI Marketing,Cuyo,,
2025-Q1,Retail & Comercio,MARKETING Y COMERCIAL,Analista de BI Marketing,Litoral,,
2025-Q1,Retail & Comercio,MARKETING Y COMERCIAL,Analista de BI Marketing,NEA,,
2025-Q1,Retail & Comercio,MARKETING Y COMERCIAL,Analista de BI Marketing,NOA,,
2025-Q1,Retail & Comercio,MARKETING Y COMERCIAL,Analista de BI Marketing,Patagonia,,
2025-Q1,Servicios,MARKETING Y COMERCIAL,Analista de BI Marketing,Buenos Aires,,
2025-Q1,Servicios,MARKETING Y COMERCIAL,Analista de BI Marketing,Cuyo,,
2025-Q1,Servicios,MARKETING Y COMERCIAL,Analista de BI Marketing,Litoral,,
2025-Q1,Servicios,MARKETING Y COMERCIAL,Analista de BI Marketing,NEA,,
2025-Q1,Servicios,MARKETING Y COMERCIAL,Analista de BI Marketing,NOA,,
2025-Q1,Servicios,MARKETING Y COMERCIAL,Analista de BI Marketing,Patagonia,,
2025-Q1,Transporte y logística,MARKETING Y COMERCIAL,Analista de BI Marketing,Buenos Aires,,
2025-Q1,Transporte y logística,MARKETING Y COMERCIAL,Analista de BI Marketing,Cuyo,,
2025-Q1,Transporte y logística,MARKETING Y COMERCIAL,Analista de BI Marketing,Litoral,,
2025-Q1,Transporte y logística,MARKETING Y COMERCIAL,Analista de BI Marketing,NEA,,
2025-Q1,Transporte y logística,MARKETING Y COMERCIAL,Analista de BI Marketing,NOA,,
2025-Q1,Transporte y logística,MARKETING Y COMERCIAL,Analista de BI Marketing,Patagonia,,
2025-Q1,Automotriz,MARKETING Y COMERCIAL,Analista de Comunicaciones,Buenos Aires,2186466.63855469,2951729.96204883
2025-Q1,Automotriz,MARKETING Y COMERCIAL,Analista de Comunicaciones,Cuyo,1924090.64192813,2597522.36660297
2025-Q1,Automotriz,MARKETING Y COMERCIAL,Analista de Comunicaciones,Litoral,1880361.30915703,2538487.76736199
2025-Q1,Automotriz,MARKETING Y COMERCIAL,Analista de Comunicaciones,NEA,1803834.97680762,2435177.21869028
2025-Q1,Automotriz,MARKETING Y COMERCIAL,Analista de Comunicaciones,NOA,1858496.64277149,2508970.46774151
2025-Q1,Automotriz,MARKETING Y COMERCIAL,Analista de Comunicaciones,Patagonia,2733083.29819336,3689662.45256104
2025-Q1,Banca & Serv Financieros,MARKETING Y COMERCIAL,Analista de Comunicaciones,Buenos Aires,2186470,2951734.5
2025-Q1,Banca & Serv Financieros,MARKETING Y COMERCIAL,Analista de Comunicaciones,Cuyo,1924093.6,2597526.36
2025-Q1,Banca & Serv Financieros,MARKETING Y COMERCIAL,Analista de Comunicaciones,Litoral,1880364.2,2538491.67
2025-Q1,Banca & Serv Financieros,MARKETING Y COMERCIAL,Analista de Comunicaciones,NEA,1803837.75,2435180.9625
2025-Q1,Banca & Serv Financieros,MARKETING Y COMERCIAL,Analista de Comunicaciones,NOA,1858499.5,2508974.325
2025-Q1,Banca & Serv Financieros,MARKETING Y COMERCIAL,Analista de Comunicaciones,Patagonia,2733087.5,3689668.125
2025-Q1,Consumo masivo,MARKETING Y COMERCIAL,Analista de Comunicaciones,Buenos Aires,2100000,2835000
2025-Q1,Consumo masivo,MARKETING Y COMERCIAL,Analista de Comunicaciones,Cuyo,1848000,2494800
2025-Q1,Consumo masivo,MARKETING Y COMERCIAL,Analista de Comunicaciones,Litoral,1806000,2438100
2025-Q1,Consumo masivo,MARKETING Y COMERCIAL,Analista de Comunicaciones,NEA,1732500,2338875
2025-Q1,Consumo masivo,MARKETING Y COMERCIAL,Analista de Comunicaciones,NOA,1785000,2409750
2025-Q1,Consumo masivo,MARKETING Y COMERCIAL,Analista de Comunicaciones,Patagonia,2625000,3543750
2025-Q1,"Gas, Petróleo y Minería",MARKETING Y COMERCIAL,Analista de Comunicaciones,Buenos Aires,2157909.1875,2913177.403125
2025-Q1,"Gas, Petróleo y Minería",MARKETING Y COMERCIAL,Analista de Comunicaciones,Cuyo,1898960.085,2563596.11475
2025-Q1,"Gas, Petróleo y Minería",MARKETING Y COMERCIAL,Analista de Comunicaciones,Litoral,1855801.90125,2505332.5666875
2025-Q1,"Gas, Petróleo y Minería",MARKETING Y COMERCIAL,Analista de Comunicaciones,NEA,1780275.0796875,2403371.35757812
2025-Q1,"Gas, Petróleo y Minería",MARKETING Y COMERCIAL,Analista de Comunicaciones,NOA,1834222.809375,2476200.79265625
2025-Q1,"Gas, Petróleo y Minería",MARKETING Y COMERCIAL,Analista de Comunicaciones,Patagonia,2697386.484375,3641471.75390625
2025-Q1,IT,MARKETING Y COMERCIAL,Analista de Comunicaciones,Buenos Aires,2186470.26855468,2951734.86254882
2025-Q1,IT,MARKETING Y COMERCIAL,Analista de Comunicaciones,Cuyo,1924093.83632812,2597526.67904296
2025-Q1,IT,MARKETING Y COMERCIAL,Analista de Comunicaciones,Litoral,1880364.43095702,2538491.98179199
2025-Q1,IT,MARKETING Y COMERCIAL,Analista de Comunicaciones,NEA,1803837.97155761,2435181.26160278
2025-Q1,IT,MARKETING Y COMERCIAL,Analista de Comunicaciones,NOA,1858499.72827148,2508974.6331665
2025-Q1,IT,MARKETING Y COMERCIAL,Analista de Comunicaciones,Patagonia,2733087.83569335,3689668.57818603
2025-Q1,Lab & Pharma,MARKETING Y COMERCIAL,Analista de Comunicaciones,Buenos Aires,2059634.5,2780506.575
2025-Q1,Lab & Pharma,MARKETING Y COMERCIAL,Analista de Comunicaciones,Cuyo,1812478.36,2446845.786
2025-Q1,Lab & Pharma,MARKETING Y COMERCIAL,Analista de Comunicaciones,Litoral,1771285.67,2391235.6545
2025-Q1,Lab & Pharma,MARKETING Y COMERCIAL,Analista de Comunicaciones,NEA,1699198.4625,2293917.924375
2025-Q1,Lab & Pharma,MARKETING Y COMERCIAL,Analista de Comunicaciones,NOA,1750689.325,2363430.58875
2025-Q1,Lab & Pharma,MARKETING Y COMERCIAL,Analista de Comunicaciones,Patagonia,2574543.125,3475633.21875
2025-Q1,Manufactura,MARKETING Y COMERCIAL,Analista de Comunicaciones,Buenos Aires,2100000,2835000
2025-Q1,Manufactura,MARKETING Y COMERCIAL,Analista de Comunicaciones,Cuyo,1848000,2494800
2025-Q1,Manufactura,MARKETING Y COMERCIAL,Analista de Comunicaciones,Litoral,1806000,2438100
2025-Q1,Manufactura,MARKETING Y COMERCIAL,Analista de Comunicaciones,NEA,1732500,2338875
2025-Q1,Manufactura,MARKETING Y COMERCIAL,Analista de Comunicaciones,NOA,1785000,2409750
2025-Q1,Manufactura,MARKETING Y COMERCIAL,Analista de Comunicaciones,Patagonia,2625000,3543750
2025-Q1,Retail & Comercio,MARKETING Y COMERCIAL,Analista de Comunicaciones,Buenos Aires,2100020,2834000
2025-Q1,Retail & Comercio,MARKETING Y COMERCIAL,Analista de Comunicaciones,Cuyo,1848017.6,2493920
2025-Q1,Retail & Comercio,MARKETING Y COMERCIAL,Analista de Comunicaciones,Litoral,1806017.2,2437240
2025-Q1,Retail & Comercio,MARKETING Y COMERCIAL,Analista de Comunicaciones,NEA,1732516.5,2338050
2025-Q1,Retail & Comercio,MARKETING Y COMERCIAL,Analista de Comunicaciones,NOA,1785017,2408900
2025-Q1,Retail & Comercio,MARKETING Y COMERCIAL,Analista de Comunicaciones,Patagonia,2625025,3542500
2025-Q1,Servicios,MARKETING Y COMERCIAL,Analista de Comunicaciones,Buenos Aires,2100900,2836240
2025-Q1,Servicios,MARKETING Y COMERCIAL,Analista de Comunicaciones,Cuyo,1848792,2495891.2
2025-Q1,Servicios,MARKETING Y COMERCIAL,Analista de Comunicaciones,Litoral,1806774,2439166.4
2025-Q1,Servicios,MARKETING Y COMERCIAL,Analista de Comunicaciones,NEA,1733242.5,2339898
2025-Q1,Servicios,MARKETING Y COMERCIAL,Analista de Comunicaciones,NOA,1785765,2410804
2025-Q1,Servicios,MARKETING Y COMERCIAL,Analista de Comunicaciones,Patagonia,2626125,3545300
2025-Q1,Transporte y logística,MARKETING Y COMERCIAL,Analista de Comunicaciones,Buenos Aires,2100005,2835888
2025-Q1,Transporte y logística,MARKETING Y COMERCIAL,Analista de Comunicaciones,Cuyo,1848004.4,2495581.44
2025-Q1,Transporte y logística,MARKETING Y COMERCIAL,Analista de Comunicaciones,Litoral,1806004.3,2438863.68
2025-Q1,Transporte y logística,MARKETING Y COMERCIAL,Analista de Comunicaciones,NEA,1732504.125,2339607.6
2025-Q1,Transporte y logística,MARKETING Y COMERCIAL,Analista de Comunicaciones,NOA,1785004.25,2410504.8
2025-Q1,Transporte y logística,MARKETING Y COMERCIAL,Analista de Comunicaciones,Patagonia,2625006.25,3544860
2025-Q1,Automotriz,MARKETING Y COMERCIAL,Analista de Marketing,Buenos Aires,2166433.05997567,2856750.24466803
2025-Q1,Automotriz,MARKETING Y COMERCIAL,Analista de Marketing,Cuyo,1906461.09277859,2513940.21530787
2025-Q1,Automotriz,MARKETING Y COMERCIAL,Analista de Marketing,Litoral,1863132.43157908,2456805.21041451
2025-Q1,Automotriz,MARKETING Y COMERCIAL,Analista de Marketing,NEA,1787307.27447993,2356818.95185112
2025-Q1,Automotriz,MARKETING Y COMERCIAL,Analista de Marketing,NOA,1841468.10097932,2428237.70796783
2025-Q1,Automotriz,MARKETING Y COMERCIAL,Analista de Marketing,Patagonia,2708041.32496959,3570937.80583504
2025-Q1,Banca & Serv Financieros,MARKETING Y COMERCIAL,Analista de Marketing,Buenos Aires,2188418.30835475,2986543.0823329
2025-Q1,Banca & Serv Financieros,MARKETING Y COMERCIAL,Analista de Marketing,Cuyo,1925808.11135218,2628157.91245295
2025-Q1,Banca & Serv Financieros,MARKETING Y COMERCIAL,Analista de Marketing,Litoral,1882039.74518508,2568427.05080629
2025-Q1,Banca & Serv Financieros,MARKETING Y COMERCIAL,Analista de Marketing,NEA,1805445.10439267,2463898.04292464
2025-Q1,Banca & Serv Financieros,MARKETING Y COMERCIAL,Analista de Marketing,NOA,1860155.56210154,2538561.61998296
2025-Q1,Banca & Serv Financieros,MARKETING Y COMERCIAL,Analista de Marketing,Patagonia,2735522.88544344,3733178.85291612
2025-Q1,Consumo masivo,MARKETING Y COMERCIAL,Analista de Marketing,Buenos Aires,2135348.42842703,3235424.78637503
2025-Q1,Consumo masivo,MARKETING Y COMERCIAL,Analista de Marketing,Cuyo,1879106.61701579,2847173.81201003
2025-Q1,Consumo masivo,MARKETING Y COMERCIAL,Analista de Marketing,Litoral,1836399.64844725,2782465.31628253
2025-Q1,Consumo masivo,MARKETING Y COMERCIAL,Analista de Marketing,NEA,1761662.4534523,2669225.4487594
2025-Q1,Consumo masivo,MARKETING Y COMERCIAL,Analista de Marketing,NOA,1815046.16416298,2750111.06841878
2025-Q1,Consumo masivo,MARKETING Y COMERCIAL,Analista de Marketing,Patagonia,2669185.53553379,4044280.98296879
2025-Q1,"Gas, Petróleo y Minería",MARKETING Y COMERCIAL,Analista de Marketing,Buenos Aires,2341331.4684375,2874320.96875
2025-Q1,"Gas, Petróleo y Minería",MARKETING Y COMERCIAL,Analista de Marketing,Cuyo,2060371.692225,2529402.4525
2025-Q1,"Gas, Petróleo y Minería",MARKETING Y COMERCIAL,Analista de Marketing,Litoral,2013545.06285625,2471916.033125
2025-Q1,"Gas, Petróleo y Minería",MARKETING Y COMERCIAL,Analista de Marketing,NEA,1931598.46146094,2371314.79921875
2025-Q1,"Gas, Petróleo y Minería",MARKETING Y COMERCIAL,Analista de Marketing,NOA,1990131.74817187,2443172.8234375
2025-Q1,"Gas, Petróleo y Minería",MARKETING Y COMERCIAL,Analista de Marketing,Patagonia,2926664.33554687,3592901.2109375
2025-Q1,IT,MARKETING Y COMERCIAL,Analista de Marketing,Buenos Aires,2354413.94188949,2856750.24466803
2025-Q1,IT,MARKETING Y COMERCIAL,Analista de Marketing,Cuyo,2071884.26886275,2513940.21530787
2025-Q1,IT,MARKETING Y COMERCIAL,Analista de Marketing,Litoral,2024795.99002496,2456805.21041451
2025-Q1,IT,MARKETING Y COMERCIAL,Analista de Marketing,NEA,1942391.50205883,2356818.95185112
2025-Q1,IT,MARKETING Y COMERCIAL,Analista de Marketing,NOA,2001251.85060607,2428237.70796783
2025-Q1,IT,MARKETING Y COMERCIAL,Analista de Marketing,Patagonia,2943017.42736186,3570937.80583504
2025-Q1,Lab & Pharma,MARKETING Y COMERCIAL,Analista de Marketing,Buenos Aires,2115598.1,2849170.66027343
2025-Q1,Lab & Pharma,MARKETING Y COMERCIAL,Analista de Marketing,Cuyo,1861726.328,2507270.18104062
2025-Q1,Lab & Pharma,MARKETING Y COMERCIAL,Analista de Marketing,Litoral,1819414.366,2450286.76783515
2025-Q1,Lab & Pharma,MARKETING Y COMERCIAL,Analista de Marketing,NEA,1745368.4325,2350565.79472558
2025-Q1,Lab & Pharma,MARKETING Y COMERCIAL,Analista de Marketing,NOA,1798258.385,2421795.06123242
2025-Q1,Lab & Pharma,MARKETING Y COMERCIAL,Analista de Marketing,Patagonia,2644497.625,3561463.32534179
2025-Q1,Manufactura,MARKETING Y COMERCIAL,Analista de Marketing,Buenos Aires,2047083.05997567,2856750.24466803
2025-Q1,Manufactura,MARKETING Y COMERCIAL,Analista de Marketing,Cuyo,1801433.09277859,2513940.21530787
2025-Q1,Manufactura,MARKETING Y COMERCIAL,Analista de Marketing,Litoral,1760491.43157908,2456805.21041451
2025-Q1,Manufactura,MARKETING Y COMERCIAL,Analista de Marketing,NEA,1688843.52447993,2356818.95185112
2025-Q1,Manufactura,MARKETING Y COMERCIAL,Analista de Marketing,NOA,1740020.60097932,2428237.70796783
2025-Q1,Manufactura,MARKETING Y COMERCIAL,Analista de Marketing,Patagonia,2558853.82496959,3570937.80583504
2025-Q1,Retail & Comercio,MARKETING Y COMERCIAL,Analista de Marketing,Buenos Aires,2135171.5,3235424.78637503
2025-Q1,Retail & Comercio,MARKETING Y COMERCIAL,Analista de Marketing,Cuyo,1878950.92,2847173.81201003
2025-Q1,Retail & Comercio,MARKETING Y COMERCIAL,Analista de Marketing,Litoral,1836247.49,2782465.31628253
2025-Q1,Retail & Comercio,MARKETING Y COMERCIAL,Analista de Marketing,NEA,1761516.4875,2669225.4487594
2025-Q1,Retail & Comercio,MARKETING Y COMERCIAL,Analista de Marketing,NOA,1814895.775,2750111.06841878
2025-Q1,Retail & Comercio,MARKETING Y COMERCIAL,Analista de Marketing,Patagonia,2668964.375,4044280.98296879
2025-Q1,Servicios,MARKETING Y COMERCIAL,Analista de Marketing,Buenos Aires,2136365,2987736.5823329
2025-Q1,Servicios,MARKETING Y COMERCIAL,Analista de Marketing,Cuyo,1880001.2,2629208.19245295
2025-Q1,Servicios,MARKETING Y COMERCIAL,Analista de Marketing,Litoral,1837273.9,2569453.46080629
2025-Q1,Servicios,MARKETING Y COMERCIAL,Analista de Marketing,NEA,1762501.125,2464882.68042464
2025-Q1,Servicios,MARKETING Y COMERCIAL,Analista de Marketing,NOA,1815910.25,2539576.09498296
2025-Q1,Servicios,MARKETING Y COMERCIAL,Analista de Marketing,Patagonia,2670456.25,3734670.72791612
2025-Q1,Transporte y logística,MARKETING Y COMERCIAL,Analista de Marketing,Buenos Aires,2135348.42842703,2986733.75
2025-Q1,Transporte y logística,MARKETING Y COMERCIAL,Analista de Marketing,Cuyo,1879106.61701579,2628325.7
2025-Q1,Transporte y logística,MARKETING Y COMERCIAL,Analista de Marketing,Litoral,1836399.64844725,2568591.025
2025-Q1,Transporte y logística,MARKETING Y COMERCIAL,Analista de Marketing,NEA,1761662.4534523,2464055.34375
2025-Q1,Transporte y logística,MARKETING Y COMERCIAL,Analista de Marketing,NOA,1815046.16416298,2538723.6875
2025-Q1,Transporte y logística,MARKETING Y COMERCIAL,Analista de Marketing,Patagonia,2669185.53553379,3733417.1875
2025-Q1,Automotriz,MARKETING Y COMERCIAL,Analista de Marketing Digital,Buenos Aires,2321528.22423819,3217500
2025-Q1,Automotriz,MARKETING Y COMERCIAL,Analista de Marketing Digital,Cuyo,2042944.83732961,2831400
2025-Q1,Automotriz,MARKETING Y COMERCIAL,Analista de Marketing Digital,Litoral,1996514.27284484,2767050
2025-Q1,Automotriz,MARKETING Y COMERCIAL,Analista de Marketing Digital,NEA,1915260.78499651,2654437.5
2025-Q1,Automotriz,MARKETING Y COMERCIAL,Analista de Marketing Digital,NOA,1973298.99060246,2734875
2025-Q1,Automotriz,MARKETING Y COMERCIAL,Analista de Marketing Digital,Patagonia,2901910.28029774,4021875
2025-Q1,Banca & Serv Financieros,MARKETING Y COMERCIAL,Analista de Marketing Digital,Buenos Aires,2321524.1424375,3214420
2025-Q1,Banca & Serv Financieros,MARKETING Y COMERCIAL,Analista de Marketing Digital,Cuyo,2042941.245345,2828689.6
2025-Q1,Banca & Serv Financieros,MARKETING Y COMERCIAL,Analista de Marketing Digital,Litoral,1996510.76249625,2764401.2
2025-Q1,Banca & Serv Financieros,MARKETING Y COMERCIAL,Analista de Marketing Digital,NEA,1915257.41751094,2651896.5
2025-Q1,Banca & Serv Financieros,MARKETING Y COMERCIAL,Analista de Marketing Digital,NOA,1973295.52107188,2732257
2025-Q1,Banca & Serv Financieros,MARKETING Y COMERCIAL,Analista de Marketing Digital,Patagonia,2901905.17804687,4018025
2025-Q1,Consumo masivo,MARKETING Y COMERCIAL,Analista de Marketing Digital,Buenos Aires,2244990.3795,3035839.2631875
2025-Q1,Consumo masivo,MARKETING Y COMERCIAL,Analista de Marketing Digital,Cuyo,1975591.53396,2671538.551605
2025-Q1,Consumo masivo,MARKETING Y COMERCIAL,Analista de Marketing Digital,Litoral,1930691.72637,2610821.76634125
2025-Q1,Consumo masivo,MARKETING Y COMERCIAL,Analista de Marketing Digital,NEA,1852117.0630875,2504567.39212969
2025-Q1,Consumo masivo,MARKETING Y COMERCIAL,Analista de Marketing Digital,NOA,1908241.822575,2580463.37370938
2025-Q1,Consumo masivo,MARKETING Y COMERCIAL,Analista de Marketing Digital,Patagonia,2806237.974375,3794799.07898438
2025-Q1,"Gas, Petróleo y Minería",MARKETING Y COMERCIAL,Analista de Marketing Digital,Buenos Aires,2449080.414,3214418.043375
2025-Q1,"Gas, Petróleo y Minería",MARKETING Y COMERCIAL,Analista de Marketing Digital,Cuyo,2155190.76432,2828687.87817
2025-Q1,"Gas, Petróleo y Minería",MARKETING Y COMERCIAL,Analista de Marketing Digital,Litoral,2106209.15604,2764399.5173025
2025-Q1,"Gas, Petróleo y Minería",MARKETING Y COMERCIAL,Analista de Marketing Digital,NEA,2020491.34155,2651894.88578437
2025-Q1,"Gas, Petróleo y Minería",MARKETING Y COMERCIAL,Analista de Marketing Digital,NOA,2081718.3519,2732255.33686875
2025-Q1,"Gas, Petróleo y Minería",MARKETING Y COMERCIAL,Analista de Marketing Digital,Patagonia,3061350.5175,4018022.55421875
2025-Q1,IT,MARKETING Y COMERCIAL,Analista de Marketing Digital,Buenos Aires,2326626.3933,3212000
2025-Q1,IT,MARKETING Y COMERCIAL,Analista de Marketing Digital,Cuyo,2047431.226104,2826560
2025-Q1,IT,MARKETING Y COMERCIAL,Analista de Marketing Digital,Litoral,2000898.698238,2762320
2025-Q1,IT,MARKETING Y COMERCIAL,Analista de Marketing Digital,NEA,1919466.7744725,2649900
2025-Q1,IT,MARKETING Y COMERCIAL,Analista de Marketing Digital,NOA,1977632.434305,2730200
2025-Q1,IT,MARKETING Y COMERCIAL,Analista de Marketing Digital,Patagonia,2908282.991625,4015000
2025-Q1,Lab & Pharma,MARKETING Y COMERCIAL,Analista de Marketing Digital,Buenos Aires,2449080.414,3215300
2025-Q1,Lab & Pharma,MARKETING Y COMERCIAL,Analista de Marketing Digital,Cuyo,2155190.76432,2829464
2025-Q1,Lab & Pharma,MARKETING Y COMERCIAL,Analista de Marketing Digital,Litoral,2106209.15604,2765158
2025-Q1,Lab & Pharma,MARKETING Y COMERCIAL,Analista de Marketing Digital,NEA,2020491.34155,2652622.5
2025-Q1,Lab & Pharma,MARKETING Y COMERCIAL,Analista de Marketing Digital,NOA,2081718.3519,2733005
2025-Q1,Lab & Pharma,MARKETING Y COMERCIAL,Analista de Marketing Digital,Patagonia,3061350.5175,4019125
2025-Q1,Manufactura,MARKETING Y COMERCIAL,Analista de Marketing Digital,Buenos Aires,2244994.7355,3035846.8861875
2025-Q1,Manufactura,MARKETING Y COMERCIAL,Analista de Marketing Digital,Cuyo,1975595.36724,2671545.259845
2025-Q1,Manufactura,MARKETING Y COMERCIAL,Analista de Marketing Digital,Litoral,1930695.47253,2610828.32212125
2025-Q1,Manufactura,MARKETING Y COMERCIAL,Analista de Marketing Digital,NEA,1852120.6567875,2504573.68110469
2025-Q1,Manufactura,MARKETING Y COMERCIAL,Analista de Marketing Digital,NOA,1908245.525175,2580469.85325937
2025-Q1,Manufactura,MARKETING Y COMERCIAL,Analista de Marketing Digital,Patagonia,2806243.419375,3794808.60773437
2025-Q1,Retail & Comercio,MARKETING Y COMERCIAL,Analista de Marketing Digital,Buenos Aires,2244980.2155,3035010
2025-Q1,Retail & Comercio,MARKETING Y COMERCIAL,Analista de Marketing Digital,Cuyo,1975582.58964,2670808.8
2025-Q1,Retail & Comercio,MARKETING Y COMERCIAL,Analista de Marketing Digital,Litoral,1930682.98533,2610108.6
2025-Q1,Retail & Comercio,MARKETING Y COMERCIAL,Analista de Marketing Digital,NEA,1852108.6777875,2503883.25
2025-Q1,Retail & Comercio,MARKETING Y COMERCIAL,Analista de Marketing Digital,NOA,1908233.183175,2579758.5
2025-Q1,Retail & Comercio,MARKETING Y COMERCIAL,Analista de Marketing Digital,Patagonia,2806225.269375,3793762.5
2025-Q1,Servicios,MARKETING Y COMERCIAL,Analista de Marketing Digital,Buenos Aires,2244000,3035780
2025-Q1,Servicios,MARKETING Y COMERCIAL,Analista de Marketing Digital,Cuyo,1974720,2671486.4
2025-Q1,Servicios,MARKETING Y COMERCIAL,Analista de Marketing Digital,Litoral,1929840,2610770.8
2025-Q1,Servicios,MARKETING Y COMERCIAL,Analista de Marketing Digital,NEA,1851300,2504518.5
2025-Q1,Servicios,MARKETING Y COMERCIAL,Analista de Marketing Digital,NOA,1907400,2580413
2025-Q1,Servicios,MARKETING Y COMERCIAL,Analista de Marketing Digital,Patagonia,2805000,3794725
2025-Q1,Transporte y logística,MARKETING Y COMERCIAL,Analista de Marketing Digital,Buenos Aires,2245100,3036000
2025-Q1,Transporte y logística,MARKETING Y COMERCIAL,Analista de Marketing Digital,Cuyo,1975688,2671680
2025-Q1,Transporte y logística,MARKETING Y COMERCIAL,Analista de Marketing Digital,Litoral,1930786,2610960
2025-Q1,Transporte y logística,MARKETING Y COMERCIAL,Analista de Marketing Digital,NEA,1852207.5,2504700
2025-Q1,Transporte y logística,MARKETING Y COMERCIAL,Analista de Marketing Digital,NOA,1908335,2580600
2025-Q1,Transporte y logística,MARKETING Y COMERCIAL,Analista de Marketing Digital,Patagonia,2806375,3795000
2025-Q1,Automotriz,MARKETING Y COMERCIAL,Business Developer Manager,Buenos Aires,3178972.49999999,5034469.495
2025-Q1,Automotriz,MARKETING Y COMERCIAL,Business Developer Manager,Cuyo,2797495.79999999,4430333.1556
2025-Q1,Automotriz,MARKETING Y COMERCIAL,Business Developer Manager,Litoral,2733916.34999999,4329643.7657
2025-Q1,Automotriz,MARKETING Y COMERCIAL,Business Developer Manager,NEA,2622652.31249999,4153437.333375
2025-Q1,Automotriz,MARKETING Y COMERCIAL,Business Developer Manager,NOA,2702126.62499999,4279299.07075
2025-Q1,Automotriz,MARKETING Y COMERCIAL,Business Developer Manager,Patagonia,3973715.62499999,6293086.86875
2025-Q1,Banca & Serv Financieros,MARKETING Y COMERCIAL,Business Developer Manager,Buenos Aires,3179550,5033380
2025-Q1,Banca & Serv Financieros,MARKETING Y COMERCIAL,Business Developer Manager,Cuyo,2798004,4429374.4
2025-Q1,Banca & Serv Financieros,MARKETING Y COMERCIAL,Business Developer Manager,Litoral,2734413,4328706.8
2025-Q1,Banca & Serv Financieros,MARKETING Y COMERCIAL,Business Developer Manager,NEA,2623128.75,4152538.5
2025-Q1,Banca & Serv Financieros,MARKETING Y COMERCIAL,Business Developer Manager,NOA,2702617.5,4278373
2025-Q1,Banca & Serv Financieros,MARKETING Y COMERCIAL,Business Developer Manager,Patagonia,3974437.5,6291725
2025-Q1,Consumo masivo,MARKETING Y COMERCIAL,Business Developer Manager,Buenos Aires,3013408.96305625,4304300
2025-Q1,Consumo masivo,MARKETING Y COMERCIAL,Business Developer Manager,Cuyo,2651799.8874895,3787784
2025-Q1,Consumo masivo,MARKETING Y COMERCIAL,Business Developer Manager,Litoral,2591531.70822837,3701698
2025-Q1,Consumo masivo,MARKETING Y COMERCIAL,Business Developer Manager,NEA,2486062.39452141,3551047.5
2025-Q1,Consumo masivo,MARKETING Y COMERCIAL,Business Developer Manager,NOA,2561397.61859781,3658655
2025-Q1,Consumo masivo,MARKETING Y COMERCIAL,Business Developer Manager,Patagonia,3766761.20382031,5380375
2025-Q1,"Gas, Petróleo y Minería",MARKETING Y COMERCIAL,Business Developer Manager,Buenos Aires,3178972.49999999,4304877.43118125
2025-Q1,"Gas, Petróleo y Minería",MARKETING Y COMERCIAL,Business Developer Manager,Cuyo,2797495.79999999,3788292.1394395
2025-Q1,"Gas, Petróleo y Minería",MARKETING Y COMERCIAL,Business Developer Manager,Litoral,2733916.34999999,3702194.59081588
2025-Q1,"Gas, Petróleo y Minería",MARKETING Y COMERCIAL,Business Developer Manager,NEA,2622652.31249999,3551523.88072453
2025-Q1,"Gas, Petróleo y Minería",MARKETING Y COMERCIAL,Business Developer Manager,NOA,2702126.62499999,3659145.81650406
2025-Q1,"Gas, Petróleo y Minería",MARKETING Y COMERCIAL,Business Developer Manager,Patagonia,3973715.62499999,5381096.78897656
2025-Q1,IT,MARKETING Y COMERCIAL,Business Developer Manager,Buenos Aires,3179000,4305400
2025-Q1,IT,MARKETING Y COMERCIAL,Business Developer Manager,Cuyo,2797520,3788752
2025-Q1,IT,MARKETING Y COMERCIAL,Business Developer Manager,Litoral,2733940,3702644
2025-Q1,IT,MARKETING Y COMERCIAL,Business Developer Manager,NEA,2622675,3551955
2025-Q1,IT,MARKETING Y COMERCIAL,Business Developer Manager,NOA,2702150,3659590
2025-Q1,IT,MARKETING Y COMERCIAL,Business Developer Manager,Patagonia,3973750,5381750
2025-Q1,Lab & Pharma,MARKETING Y COMERCIAL,Business Developer Manager,Buenos Aires,3178972.49999999,4306775
2025-Q1,Lab & Pharma,MARKETING Y COMERCIAL,Business Developer Manager,Cuyo,2797495.79999999,3789962
2025-Q1,Lab & Pharma,MARKETING Y COMERCIAL,Business Developer Manager,Litoral,2733916.34999999,3703826.5
2025-Q1,Lab & Pharma,MARKETING Y COMERCIAL,Business Developer Manager,NEA,2622652.31249999,3553089.375
2025-Q1,Lab & Pharma,MARKETING Y COMERCIAL,Business Developer Manager,NOA,2702126.62499999,3660758.75
2025-Q1,Lab & Pharma,MARKETING Y COMERCIAL,Business Developer Manager,Patagonia,3973715.62499999,5383468.75
2025-Q1,Manufactura,MARKETING Y COMERCIAL,Business Developer Manager,Buenos Aires,3015100,4304874.4886125
2025-Q1,Manufactura,MARKETING Y COMERCIAL,Business Developer Manager,Cuyo,2653288,3788289.549979
2025-Q1,Manufactura,MARKETING Y COMERCIAL,Business Developer Manager,Litoral,2592986,3702192.06020675
2025-Q1,Manufactura,MARKETING Y COMERCIAL,Business Developer Manager,NEA,2487457.5,3551521.45310531
2025-Q1,Manufactura,MARKETING Y COMERCIAL,Business Developer Manager,NOA,2562835,3659143.31532062
2025-Q1,Manufactura,MARKETING Y COMERCIAL,Business Developer Manager,Patagonia,3768875,5381093.11076562
2025-Q1,Retail & Comercio,MARKETING Y COMERCIAL,Business Developer Manager,Buenos Aires,3013422.208775,4305400
2025-Q1,Retail & Comercio,MARKETING Y COMERCIAL,Business Developer Manager,Cuyo,2651811.543722,3788752
2025-Q1,Retail & Comercio,MARKETING Y COMERCIAL,Business Developer Manager,Litoral,2591543.0995465,3702644
2025-Q1,Retail & Comercio,MARKETING Y COMERCIAL,Business Developer Manager,NEA,2486073.32223938,3551955
2025-Q1,Retail & Comercio,MARKETING Y COMERCIAL,Business Developer Manager,NOA,2561408.87745875,3659590
2025-Q1,Retail & Comercio,MARKETING Y COMERCIAL,Business Developer Manager,Patagonia,3766777.76096875,5381750
2025-Q1,Servicios,MARKETING Y COMERCIAL,Business Developer Manager,Buenos Aires,3014000,4307082.43604375
2025-Q1,Servicios,MARKETING Y COMERCIAL,Business Developer Manager,Cuyo,2652320,3790232.5437185
2025-Q1,Servicios,MARKETING Y COMERCIAL,Business Developer Manager,Litoral,2592040,3704090.89499762
2025-Q1,Servicios,MARKETING Y COMERCIAL,Business Developer Manager,NEA,2486550,3553343.00973609
2025-Q1,Servicios,MARKETING Y COMERCIAL,Business Developer Manager,NOA,2561900,3661020.07063719
2025-Q1,Servicios,MARKETING Y COMERCIAL,Business Developer Manager,Patagonia,3767500,5383853.04505469
2025-Q1,Transporte y logística,MARKETING Y COMERCIAL,Business Developer Manager,Buenos Aires,3013427.5070625,4304885.0851875
2025-Q1,Transporte y logística,MARKETING Y COMERCIAL,Business Developer Manager,Cuyo,2651816.206215,3788298.874965
2025-Q1,Transporte y logística,MARKETING Y COMERCIAL,Business Developer Manager,Litoral,2591547.65607375,3702201.17326125
2025-Q1,Transporte y logística,MARKETING Y COMERCIAL,Business Developer Manager,NEA,2486077.69332656,3551530.19527969
2025-Q1,Transporte y logística,MARKETING Y COMERCIAL,Business Developer Manager,NOA,2561413.38100312,3659152.32240938
2025-Q1,Transporte y logística,MARKETING Y COMERCIAL,Business Developer Manager,Patagonia,3766784.38382812,5381106.35648438
2025-Q1,Automotriz,MARKETING Y COMERCIAL,Community Manager,Buenos Aires,2224797.88156159,3122575.05945
2025-Q1,Automotriz,MARKETING Y COMERCIAL,Community Manager,Cuyo,1957822.1357742,2747866.052316
2025-Q1,Automotriz,MARKETING Y COMERCIAL,Community Manager,Litoral,1913326.17814297,2685414.551127
2025-Q1,Automotriz,MARKETING Y COMERCIAL,Community Manager,NEA,1835458.25228831,2576124.42404625
2025-Q1,Automotriz,MARKETING Y COMERCIAL,Community Manager,NOA,1891078.19932735,2654188.8005325
2025-Q1,Automotriz,MARKETING Y COMERCIAL,Community Manager,Patagonia,2780997.35195199,3903218.8243125
2025-Q1,Banca & Serv Financieros,MARKETING Y COMERCIAL,Community Manager,Buenos Aires,2224793.96983593,3122575.05945
2025-Q1,Banca & Serv Financieros,MARKETING Y COMERCIAL,Community Manager,Cuyo,1957818.69345562,2747866.052316
2025-Q1,Banca & Serv Financieros,MARKETING Y COMERCIAL,Community Manager,Litoral,1913322.8140589,2685414.551127
2025-Q1,Banca & Serv Financieros,MARKETING Y COMERCIAL,Community Manager,NEA,1835455.02511464,2576124.42404625
2025-Q1,Banca & Serv Financieros,MARKETING Y COMERCIAL,Community Manager,NOA,1891074.87436054,2654188.8005325
2025-Q1,Banca & Serv Financieros,MARKETING Y COMERCIAL,Community Manager,Patagonia,2780992.46229491,3903218.8243125
2025-Q1,Consumo masivo,MARKETING Y COMERCIAL,Community Manager,Buenos Aires,2151449.1136875,2949100.998525
2025-Q1,Consumo masivo,MARKETING Y COMERCIAL,Community Manager,Cuyo,1893275.220045,2595208.878702
2025-Q1,Consumo masivo,MARKETING Y COMERCIAL,Community Manager,Litoral,1850246.23777125,2536226.8587315
2025-Q1,Consumo masivo,MARKETING Y COMERCIAL,Community Manager,NEA,1774945.51879219,2433008.32378312
2025-Q1,Consumo masivo,MARKETING Y COMERCIAL,Community Manager,NOA,1828731.74663437,2506735.84874625
2025-Q1,Consumo masivo,MARKETING Y COMERCIAL,Community Manager,Patagonia,2689311.39210937,3686376.24815625
2025-Q1,"Gas, Petróleo y Minería",MARKETING Y COMERCIAL,Community Manager,Buenos Aires,2347035.39675,3121690
2025-Q1,"Gas, Petróleo y Minería",MARKETING Y COMERCIAL,Community Manager,Cuyo,2065391.14914,2747087.2
2025-Q1,"Gas, Petróleo y Minería",MARKETING Y COMERCIAL,Community Manager,Litoral,2018450.441205,2684653.4
2025-Q1,"Gas, Petróleo y Minería",MARKETING Y COMERCIAL,Community Manager,NEA,1936304.20231875,2575394.25
2025-Q1,"Gas, Petróleo y Minería",MARKETING Y COMERCIAL,Community Manager,NOA,1994980.0872375,2653436.5
2025-Q1,"Gas, Petróleo y Minería",MARKETING Y COMERCIAL,Community Manager,Patagonia,2933794.2459375,3902112.5
2025-Q1,IT,MARKETING Y COMERCIAL,Community Manager,Buenos Aires,2229683.6269125,3122570
2025-Q1,IT,MARKETING Y COMERCIAL,Community Manager,Cuyo,1962121.591683,2747861.6
2025-Q1,IT,MARKETING Y COMERCIAL,Community Manager,Litoral,1917527.91914475,2685410.2
2025-Q1,IT,MARKETING Y COMERCIAL,Community Manager,NEA,1839488.99220281,2576120.25
2025-Q1,IT,MARKETING Y COMERCIAL,Community Manager,NOA,1895231.08287562,2654184.5
2025-Q1,IT,MARKETING Y COMERCIAL,Community Manager,Patagonia,2787104.53364062,3903212.5
2025-Q1,Lab & Pharma,MARKETING Y COMERCIAL,Community Manager,Buenos Aires,2347035.39675,3122900
2025-Q1,Lab & Pharma,MARKETING Y COMERCIAL,Community Manager,Cuyo,2065391.14914,2748152
2025-Q1,Lab & Pharma,MARKETING Y COMERCIAL,Community Manager,Litoral,2018450.441205,2685694
2025-Q1,Lab & Pharma,MARKETING Y COMERCIAL,Community Manager,NEA,1936304.20231875,2576392.5
2025-Q1,Lab & Pharma,MARKETING Y COMERCIAL,Community Manager,NOA,1994980.0872375,2654465
2025-Q1,Lab & Pharma,MARKETING Y COMERCIAL,Community Manager,Patagonia,2933794.2459375,3903625
2025-Q1,Manufactura,MARKETING Y COMERCIAL,Community Manager,Buenos Aires,2151453.2881875,2949108.403725
2025-Q1,Manufactura,MARKETING Y COMERCIAL,Community Manager,Cuyo,1893278.893605,2595215.395278
2025-Q1,Manufactura,MARKETING Y COMERCIAL,Community Manager,Litoral,1850249.82784125,2536233.2272035
2025-Q1,Manufactura,MARKETING Y COMERCIAL,Community Manager,NEA,1774948.96275469,2433014.43307312
2025-Q1,Manufactura,MARKETING Y COMERCIAL,Community Manager,NOA,1828735.29495937,2506742.14316625
2025-Q1,Manufactura,MARKETING Y COMERCIAL,Community Manager,Patagonia,2689316.61023438,3686385.50465625
2025-Q1,Retail & Comercio,MARKETING Y COMERCIAL,Community Manager,Buenos Aires,2152700,2949096.061725
2025-Q1,Retail & Comercio,MARKETING Y COMERCIAL,Community Manager,Cuyo,1894376,2595204.534318
2025-Q1,Retail & Comercio,MARKETING Y COMERCIAL,Community Manager,Litoral,1851322,2536222.6130835
2025-Q1,Retail & Comercio,MARKETING Y COMERCIAL,Community Manager,NEA,1775977.5,2433004.25092312
2025-Q1,Retail & Comercio,MARKETING Y COMERCIAL,Community Manager,NOA,1829795,2506731.65246625
2025-Q1,Retail & Comercio,MARKETING Y COMERCIAL,Community Manager,Patagonia,2690875,3686370.07715625
2025-Q1,Servicios,MARKETING Y COMERCIAL,Community Manager,Buenos Aires,2150500,2775300
2025-Q1,Servicios,MARKETING Y COMERCIAL,Community Manager,Cuyo,1892440,2442264
2025-Q1,Servicios,MARKETING Y COMERCIAL,Community Manager,Litoral,1849430,2386758
2025-Q1,Servicios,MARKETING Y COMERCIAL,Community Manager,NEA,1774162.5,2289622.5
2025-Q1,Servicios,MARKETING Y COMERCIAL,Community Manager,NOA,1827925,2359005
2025-Q1,Servicios,MARKETING Y COMERCIAL,Community Manager,Patagonia,2688125,3469125
2025-Q1,Transporte y logística,MARKETING Y COMERCIAL,Community Manager,Buenos Aires,2152370,2775629.406
2025-Q1,Transporte y logística,MARKETING Y COMERCIAL,Community Manager,Cuyo,1894085.6,2442553.87728
2025-Q1,Transporte y logística,MARKETING Y COMERCIAL,Community Manager,Litoral,1851038.2,2387041.28916
2025-Q1,Transporte y logística,MARKETING Y COMERCIAL,Community Manager,NEA,1775705.25,2289894.25995
2025-Q1,Transporte y logística,MARKETING Y COMERCIAL,Community Manager,NOA,1829514.5,2359284.9951
2025-Q1,Transporte y logística,MARKETING Y COMERCIAL,Community Manager,Patagonia,2690462.5,3469536.7575
2025-Q1,Automotriz,MARKETING Y COMERCIAL,Director de marketing,Buenos Aires,10328174.01,13950859.28775
2025-Q1,Automotriz,MARKETING Y COMERCIAL,Director de marketing,Cuyo,9088793.1288,12276756.17322
2025-Q1,Automotriz,MARKETING Y COMERCIAL,Director de marketing,Litoral,8882229.6486,11997738.987465
2025-Q1,Automotriz,MARKETING Y COMERCIAL,Director de marketing,NEA,8520743.55825,11509458.9123937
2025-Q1,Automotriz,MARKETING Y COMERCIAL,Director de marketing,NOA,8778947.9085,11858230.3945875
2025-Q1,Automotriz,MARKETING Y COMERCIAL,Director de marketing,Patagonia,12910217.5125,17438574.1096875
2025-Q1,Banca & Serv Financieros,MARKETING Y COMERCIAL,Director de marketing,Buenos Aires,10805852.0579625,14325806.0715
2025-Q1,Banca & Serv Financieros,MARKETING Y COMERCIAL,Director de marketing,Cuyo,9509149.811007,12606709.34292
2025-Q1,Banca & Serv Financieros,MARKETING Y COMERCIAL,Director de marketing,Litoral,9293032.76984775,12320193.22149
2025-Q1,Banca & Serv Financieros,MARKETING Y COMERCIAL,Director de marketing,NEA,8914827.94781906,11818790.0089875
2025-Q1,Banca & Serv Financieros,MARKETING Y COMERCIAL,Director de marketing,NOA,9184974.24926812,12176935.160775
2025-Q1,Banca & Serv Financieros,MARKETING Y COMERCIAL,Director de marketing,Patagonia,13507315.0724531,17907257.589375
2025-Q1,Consumo masivo,MARKETING Y COMERCIAL,Director de marketing,Buenos Aires,9605201.8293,12687661.6017852
2025-Q1,Consumo masivo,MARKETING Y COMERCIAL,Director de marketing,Cuyo,8452577.609784,11165142.209571
2025-Q1,Consumo masivo,MARKETING Y COMERCIAL,Director de marketing,Litoral,8260473.573198,10911388.9775353
2025-Q1,Consumo masivo,MARKETING Y COMERCIAL,Director de marketing,NEA,7924291.5091725,10467320.8214728
2025-Q1,Consumo masivo,MARKETING Y COMERCIAL,Director de marketing,NOA,8164421.554905,10784512.3615174
2025-Q1,Consumo masivo,MARKETING Y COMERCIAL,Director de marketing,Patagonia,12006502.286625,15859577.0022315
2025-Q1,"Gas, Petróleo y Minería",MARKETING Y COMERCIAL,Director de marketing,Buenos Aires,10805852.0579625,14325806.0715
2025-Q1,"Gas, Petróleo y Minería",MARKETING Y COMERCIAL,Director de marketing,Cuyo,9509149.811007,12606709.34292
2025-Q1,"Gas, Petróleo y Minería",MARKETING Y COMERCIAL,Director de marketing,Litoral,9293032.76984775,12320193.22149
2025-Q1,"Gas, Petróleo y Minería",MARKETING Y COMERCIAL,Director de marketing,NEA,8914827.94781906,11818790.0089875
2025-Q1,"Gas, Petróleo y Minería",MARKETING Y COMERCIAL,Director de marketing,NOA,9184974.24926812,12176935.160775
2025-Q1,"Gas, Petróleo y Minería",MARKETING Y COMERCIAL,Director de marketing,Patagonia,13507315.0724531,17907257.589375
2025-Q1,IT,MARKETING Y COMERCIAL,Director de marketing,Buenos Aires,10805852.0579625,14325806.0715
2025-Q1,IT,MARKETING Y COMERCIAL,Director de marketing,Cuyo,9509149.811007,12606709.34292
2025-Q1,IT,MARKETING Y COMERCIAL,Director de marketing,Litoral,9293032.76984775,12320193.22149
2025-Q1,IT,MARKETING Y COMERCIAL,Director de marketing,NEA,8914827.94781906,11818790.0089875
2025-Q1,IT,MARKETING Y COMERCIAL,Director de marketing,NOA,9184974.24926812,12176935.160775
2025-Q1,IT,MARKETING Y COMERCIAL,Director de marketing,Patagonia,13507315.0724531,17907257.589375
2025-Q1,Lab & Pharma,MARKETING Y COMERCIAL,Director de marketing,Buenos Aires,10805852.0579625,14325806.0715
2025-Q1,Lab & Pharma,MARKETING Y COMERCIAL,Director de marketing,Cuyo,9509149.811007,12606709.34292
2025-Q1,Lab & Pharma,MARKETING Y COMERCIAL,Director de marketing,Litoral,9293032.76984775,12320193.22149
2025-Q1,Lab & Pharma,MARKETING Y COMERCIAL,Director de marketing,NEA,8914827.94781906,11818790.0089875
2025-Q1,Lab & Pharma,MARKETING Y COMERCIAL,Director de marketing,NOA,9184974.24926812,12176935.160775
2025-Q1,Lab & Pharma,MARKETING Y COMERCIAL,Director de marketing,Patagonia,13507315.0724531,17907257.589375
2025-Q1,Manufactura,MARKETING Y COMERCIAL,Director de marketing,Buenos Aires,10328174.01,13950859.28775
2025-Q1,Manufactura,MARKETING Y COMERCIAL,Director de marketing,Cuyo,9088793.1288,12276756.17322
2025-Q1,Manufactura,MARKETING Y COMERCIAL,Director de marketing,Litoral,8882229.6486,11997738.987465
2025-Q1,Manufactura,MARKETING Y COMERCIAL,Director de marketing,NEA,8520743.55825,11509458.9123937
2025-Q1,Manufactura,MARKETING Y COMERCIAL,Director de marketing,NOA,8778947.9085,11858230.3945875
2025-Q1,Manufactura,MARKETING Y COMERCIAL,Director de marketing,Patagonia,12910217.5125,17438574.1096875
2025-Q1,Retail & Comercio,MARKETING Y COMERCIAL,Director de marketing,Buenos Aires,9605146.4355,12687672.921
2025-Q1,Retail & Comercio,MARKETING Y COMERCIAL,Director de marketing,Cuyo,8452528.86324,11165152.17048
2025-Q1,Retail & Comercio,MARKETING Y COMERCIAL,Director de marketing,Litoral,8260425.93453,10911398.71206
2025-Q1,Retail & Comercio,MARKETING Y COMERCIAL,Director de marketing,NEA,7924245.8092875,10467330.159825
2025-Q1,Retail & Comercio,MARKETING Y COMERCIAL,Director de marketing,NOA,8164374.470175,10784521.98285
2025-Q1,Retail & Comercio,MARKETING Y COMERCIAL,Director de marketing,Patagonia,12006433.044375,15859591.15125
2025-Q1,Servicios,MARKETING Y COMERCIAL,Director de marketing,Buenos Aires,9605146.4355,12687672.921
2025-Q1,Servicios,MARKETING Y COMERCIAL,Director de marketing,Cuyo,8452528.86324,11165152.17048
2025-Q1,Servicios,MARKETING Y COMERCIAL,Director de marketing,Litoral,8260425.93453,10911398.71206
2025-Q1,Servicios,MARKETING Y COMERCIAL,Director de marketing,NEA,7924245.8092875,10467330.159825
2025-Q1,Servicios,MARKETING Y COMERCIAL,Director de marketing,NOA,8164374.470175,10784521.98285
2025-Q1,Servicios,MARKETING Y COMERCIAL,Director de marketing,Patagonia,12006433.044375,15859591.15125
2025-Q1,Transporte y logística,MARKETING Y COMERCIAL,Director de marketing,Buenos Aires,9124889.113725,12053289.27495
2025-Q1,Transporte y logística,MARKETING Y COMERCIAL,Director de marketing,Cuyo,8029902.420078,10606894.561956
2025-Q1,Transporte y logística,MARKETING Y COMERCIAL,Director de marketing,Litoral,7847404.6378035,10365828.776457
2025-Q1,Transporte y logística,MARKETING Y COMERCIAL,Director de marketing,NEA,7528033.51882312,9943963.65183375
2025-Q1,Transporte y logística,MARKETING Y COMERCIAL,Director de marketing,NOA,7756155.74666625,10245295.8837075
2025-Q1,Transporte y logística,MARKETING Y COMERCIAL,Director de marketing,Patagonia,11406111.3921562,15066611.5936875
2025-Q1,Automotriz,MARKETING Y COMERCIAL,Gerente de Comunicaciones,Buenos Aires,3586000,5669690.71631875
2025-Q1,Automotriz,MARKETING Y COMERCIAL,Gerente de Comunicaciones,Cuyo,3155680,4989327.8303605
2025-Q1,Automotriz,MARKETING Y COMERCIAL,Gerente de Comunicaciones,Litoral,3083960,4875934.01603412
2025-Q1,Automotriz,MARKETING Y COMERCIAL,Gerente de Comunicaciones,NEA,2958450,4677494.84096297
2025-Q1,Automotriz,MARKETING Y COMERCIAL,Gerente de Comunicaciones,NOA,3048100,4819237.10887094
2025-Q1,Automotriz,MARKETING Y COMERCIAL,Gerente de Comunicaciones,Patagonia,4482500,7087113.39539844
2025-Q1,Banca & Serv Financieros,MARKETING Y COMERCIAL,Gerente de Comunicaciones,Buenos Aires,3580541.5162,5668610
2025-Q1,Banca & Serv Financieros,MARKETING Y COMERCIAL,Gerente de Comunicaciones,Cuyo,3150876.534256,4988376.8
2025-Q1,Banca & Serv Financieros,MARKETING Y COMERCIAL,Gerente de Comunicaciones,Litoral,3079265.703932,4875004.6
2025-Q1,Banca & Serv Financieros,MARKETING Y COMERCIAL,Gerente de Comunicaciones,NEA,2953946.750865,4676603.25
2025-Q1,Banca & Serv Financieros,MARKETING Y COMERCIAL,Gerente de Comunicaciones,NOA,3043460.28877,4818318.5
2025-Q1,Banca & Serv Financieros,MARKETING Y COMERCIAL,Gerente de Comunicaciones,Patagonia,4475676.89525,7085762.5
2025-Q1,Consumo masivo,MARKETING Y COMERCIAL,Gerente de Comunicaciones,Buenos Aires,3779218.14001875,5669689.50631875
2025-Q1,Consumo masivo,MARKETING Y COMERCIAL,Gerente de Comunicaciones,Cuyo,3325711.9632165,4989326.7655605
2025-Q1,Consumo masivo,MARKETING Y COMERCIAL,Gerente de Comunicaciones,Litoral,3250127.60041612,4875932.97543412
2025-Q1,Consumo masivo,MARKETING Y COMERCIAL,Gerente de Comunicaciones,NEA,3117854.96551547,4677493.84271297
2025-Q1,Consumo masivo,MARKETING Y COMERCIAL,Gerente de Comunicaciones,NOA,3212335.41901594,4819236.08037094
2025-Q1,Consumo masivo,MARKETING Y COMERCIAL,Gerente de Comunicaciones,Patagonia,4724022.67502344,7087111.88289844
2025-Q1,"Gas, Petróleo y Minería",MARKETING Y COMERCIAL,Gerente de Comunicaciones,Buenos Aires,3973715.625,6357944.99999999
2025-Q1,"Gas, Petróleo y Minería",MARKETING Y COMERCIAL,Gerente de Comunicaciones,Cuyo,3496869.75,5594991.59999999
2025-Q1,"Gas, Petróleo y Minería",MARKETING Y COMERCIAL,Gerente de Comunicaciones,Litoral,3417395.4375,5467832.69999999
2025-Q1,"Gas, Petróleo y Minería",MARKETING Y COMERCIAL,Gerente de Comunicaciones,NEA,3278315.390625,5245304.62499999
2025-Q1,"Gas, Petróleo y Minería",MARKETING Y COMERCIAL,Gerente de Comunicaciones,NOA,3377658.28125,5404253.24999999
2025-Q1,"Gas, Petróleo y Minería",MARKETING Y COMERCIAL,Gerente de Comunicaciones,Patagonia,4967144.53125,7947431.24999999
2025-Q1,IT,MARKETING Y COMERCIAL,Gerente de Comunicaciones,Buenos Aires,3580547.5662,5669689.50631875
2025-Q1,IT,MARKETING Y COMERCIAL,Gerente de Comunicaciones,Cuyo,3150881.858256,4989326.7655605
2025-Q1,IT,MARKETING Y COMERCIAL,Gerente de Comunicaciones,Litoral,3079270.906932,4875932.97543412
2025-Q1,IT,MARKETING Y COMERCIAL,Gerente de Comunicaciones,NEA,2953951.742115,4677493.84271297
2025-Q1,IT,MARKETING Y COMERCIAL,Gerente de Comunicaciones,NOA,3043465.43127,4819236.08037094
2025-Q1,IT,MARKETING Y COMERCIAL,Gerente de Comunicaciones,Patagonia,4475684.45775,7087111.88289844
2025-Q1,Lab & Pharma,MARKETING Y COMERCIAL,Gerente de Comunicaciones,Buenos Aires,3580500,4735344.453125
2025-Q1,Lab & Pharma,MARKETING Y COMERCIAL,Gerente de Comunicaciones,Cuyo,3150840,4167103.11875
2025-Q1,Lab & Pharma,MARKETING Y COMERCIAL,Gerente de Comunicaciones,Litoral,3079230,4072396.2296875
2025-Q1,Lab & Pharma,MARKETING Y COMERCIAL,Gerente de Comunicaciones,NEA,2953912.5,3906659.17382813
2025-Q1,Lab & Pharma,MARKETING Y COMERCIAL,Gerente de Comunicaciones,NOA,3043425,4025042.78515625
2025-Q1,Lab & Pharma,MARKETING Y COMERCIAL,Gerente de Comunicaciones,Patagonia,4475625,5919180.56640625
2025-Q1,Manufactura,MARKETING Y COMERCIAL,Gerente de Comunicaciones,Buenos Aires,3779218.14001875,5669689.50631875
2025-Q1,Manufactura,MARKETING Y COMERCIAL,Gerente de Comunicaciones,Cuyo,3325711.9632165,4989326.7655605
2025-Q1,Manufactura,MARKETING Y COMERCIAL,Gerente de Comunicaciones,Litoral,3250127.60041612,4875932.97543412
2025-Q1,Manufactura,MARKETING Y COMERCIAL,Gerente de Comunicaciones,NEA,3117854.96551547,4677493.84271297
2025-Q1,Manufactura,MARKETING Y COMERCIAL,Gerente de Comunicaciones,NOA,3212335.41901594,4819236.08037094
2025-Q1,Manufactura,MARKETING Y COMERCIAL,Gerente de Comunicaciones,Patagonia,4724022.67502344,7087111.88289844
2025-Q1,Retail & Comercio,MARKETING Y COMERCIAL,Gerente de Comunicaciones,Buenos Aires,3582700,4490608.60606875
2025-Q1,Retail & Comercio,MARKETING Y COMERCIAL,Gerente de Comunicaciones,Cuyo,3152776,3951735.5733405
2025-Q1,Retail & Comercio,MARKETING Y COMERCIAL,Gerente de Comunicaciones,Litoral,3081122,3861923.40121912
2025-Q1,Retail & Comercio,MARKETING Y COMERCIAL,Gerente de Comunicaciones,NEA,2955727.5,3704752.10000672
2025-Q1,Retail & Comercio,MARKETING Y COMERCIAL,Gerente de Comunicaciones,NOA,3045295,3817017.31515844
2025-Q1,Retail & Comercio,MARKETING Y COMERCIAL,Gerente de Comunicaciones,Patagonia,4478375,5613260.75758594
2025-Q1,Servicios,MARKETING Y COMERCIAL,Gerente de Comunicaciones,Buenos Aires,3917100,4535551.3297875
2025-Q1,Servicios,MARKETING Y COMERCIAL,Gerente de Comunicaciones,Cuyo,3447048,3991285.170213
2025-Q1,Servicios,MARKETING Y COMERCIAL,Gerente de Comunicaciones,Litoral,3368706,3900574.14361725
2025-Q1,Servicios,MARKETING Y COMERCIAL,Gerente de Comunicaciones,NEA,3231607.5,3741829.84707469
2025-Q1,Servicios,MARKETING Y COMERCIAL,Gerente de Comunicaciones,NOA,3329535,3855218.63031938
2025-Q1,Servicios,MARKETING Y COMERCIAL,Gerente de Comunicaciones,Patagonia,4896375,5669439.16223438
2025-Q1,Transporte y logística,MARKETING Y COMERCIAL,Gerente de Comunicaciones,Buenos Aires,3910535.4662,4706900
2025-Q1,Transporte y logística,MARKETING Y COMERCIAL,Gerente de Comunicaciones,Cuyo,3441271.210256,4142072
2025-Q1,Transporte y logística,MARKETING Y COMERCIAL,Gerente de Comunicaciones,Litoral,3363060.500932,4047934
2025-Q1,Transporte y logística,MARKETING Y COMERCIAL,Gerente de Comunicaciones,NEA,3226191.759615,3883192.5
2025-Q1,Transporte y logística,MARKETING Y COMERCIAL,Gerente de Comunicaciones,NOA,3323955.14627,4000865
2025-Q1,Transporte y logística,MARKETING Y COMERCIAL,Gerente de Comunicaciones,Patagonia,4888169.33275,5883625
2025-Q1,Automotriz,MARKETING Y COMERCIAL,Gerente de Marketing,Buenos Aires,3973975.2410875,7330821.8490375
2025-Q1,Automotriz,MARKETING Y COMERCIAL,Gerente de Marketing,Cuyo,3497098.212157,6451123.227153
2025-Q1,Automotriz,MARKETING Y COMERCIAL,Gerente de Marketing,Litoral,3417618.70733525,6304506.79017225
2025-Q1,Automotriz,MARKETING Y COMERCIAL,Gerente de Marketing,NEA,3278529.57389719,6047928.02545594
2025-Q1,Automotriz,MARKETING Y COMERCIAL,Gerente de Marketing,NOA,3377878.95492437,6231198.57168187
2025-Q1,Automotriz,MARKETING Y COMERCIAL,Gerente de Marketing,Patagonia,4967469.05135938,9163527.31129687
2025-Q1,Banca & Serv Financieros,MARKETING Y COMERCIAL,Gerente de Marketing,Buenos Aires,3763414.27560656,5233044.61686875
2025-Q1,Banca & Serv Financieros,MARKETING Y COMERCIAL,Gerente de Marketing,Cuyo,3311804.56253377,4605079.2628445
2025-Q1,Banca & Serv Financieros,MARKETING Y COMERCIAL,Gerente de Marketing,Litoral,3236536.27702164,4500418.37050712
2025-Q1,Banca & Serv Financieros,MARKETING Y COMERCIAL,Gerente de Marketing,NEA,3104816.77737541,4317261.80891672
2025-Q1,Banca & Serv Financieros,MARKETING Y COMERCIAL,Gerente de Marketing,NOA,3198902.13426558,4448087.92433844
2025-Q1,Banca & Serv Financieros,MARKETING Y COMERCIAL,Gerente de Marketing,Patagonia,4704267.8445082,6541305.77108594
2025-Q1,Consumo masivo,MARKETING Y COMERCIAL,Gerente de Marketing,Buenos Aires,4005878.87926875,5233032
2025-Q1,Consumo masivo,MARKETING Y COMERCIAL,Gerente de Marketing,Cuyo,3525173.4137565,4605068.16
2025-Q1,Consumo masivo,MARKETING Y COMERCIAL,Gerente de Marketing,Litoral,3445055.83617113,4500407.52
2025-Q1,Consumo masivo,MARKETING Y COMERCIAL,Gerente de Marketing,NEA,3304850.07539672,4317251.4
2025-Q1,Consumo masivo,MARKETING Y COMERCIAL,Gerente de Marketing,NOA,3404997.04737844,4448077.2
2025-Q1,Consumo masivo,MARKETING Y COMERCIAL,Gerente de Marketing,Patagonia,5007348.59908594,6541290
2025-Q1,"Gas, Petróleo y Minería",MARKETING Y COMERCIAL,Gerente de Marketing,Buenos Aires,3973715.625,5828116.25
2025-Q1,"Gas, Petróleo y Minería",MARKETING Y COMERCIAL,Gerente de Marketing,Cuyo,3496869.75,5128742.3
2025-Q1,"Gas, Petróleo y Minería",MARKETING Y COMERCIAL,Gerente de Marketing,Litoral,3417395.4375,5012179.975
2025-Q1,"Gas, Petróleo y Minería",MARKETING Y COMERCIAL,Gerente de Marketing,NEA,3278315.390625,4808195.90625
2025-Q1,"Gas, Petróleo y Minería",MARKETING Y COMERCIAL,Gerente de Marketing,NOA,3377658.28125,4953898.8125
2025-Q1,"Gas, Petróleo y Minería",MARKETING Y COMERCIAL,Gerente de Marketing,Patagonia,4967144.53125,7285145.3125
2025-Q1,IT,MARKETING Y COMERCIAL,Gerente de Marketing,Buenos Aires,3584204.07200625,7330821.8490375
2025-Q1,IT,MARKETING Y COMERCIAL,Gerente de Marketing,Cuyo,3154099.5833655,6451123.227153
2025-Q1,IT,MARKETING Y COMERCIAL,Gerente de Marketing,Litoral,3082415.50192537,6304506.79017225
2025-Q1,IT,MARKETING Y COMERCIAL,Gerente de Marketing,NEA,2956968.35940516,6047928.02545594
2025-Q1,IT,MARKETING Y COMERCIAL,Gerente de Marketing,NOA,3046573.46120531,6231198.57168187
2025-Q1,IT,MARKETING Y COMERCIAL,Gerente de Marketing,Patagonia,4480255.09000781,9163527.31129687
2025-Q1,Lab & Pharma,MARKETING Y COMERCIAL,Gerente de Marketing,Buenos Aires,3584204.07200625,6026802.03124999
2025-Q1,Lab & Pharma,MARKETING Y COMERCIAL,Gerente de Marketing,Cuyo,3154099.5833655,5303585.78749999
2025-Q1,Lab & Pharma,MARKETING Y COMERCIAL,Gerente de Marketing,Litoral,3082415.50192537,5183049.74687499
2025-Q1,Lab & Pharma,MARKETING Y COMERCIAL,Gerente de Marketing,NEA,2956968.35940516,4972111.67578124
2025-Q1,Lab & Pharma,MARKETING Y COMERCIAL,Gerente de Marketing,NOA,3046573.46120531,5122781.72656249
2025-Q1,Lab & Pharma,MARKETING Y COMERCIAL,Gerente de Marketing,Patagonia,4480255.09000781,7533502.53906249
2025-Q1,Manufactura,MARKETING Y COMERCIAL,Gerente de Marketing,Buenos Aires,3795044.12478125,5708780.27149375
2025-Q1,Manufactura,MARKETING Y COMERCIAL,Gerente de Marketing,Cuyo,3339638.8298075,5023726.6389145
2025-Q1,Manufactura,MARKETING Y COMERCIAL,Gerente de Marketing,Litoral,3263737.94731187,4909551.03348462
2025-Q1,Manufactura,MARKETING Y COMERCIAL,Gerente de Marketing,NEA,3130911.40294453,4709743.72398234
2025-Q1,Manufactura,MARKETING Y COMERCIAL,Gerente de Marketing,NOA,3225787.50606406,4852463.23076969
2025-Q1,Manufactura,MARKETING Y COMERCIAL,Gerente de Marketing,Patagonia,4743805.15597656,7135975.33936719
2025-Q1,Retail & Comercio,MARKETING Y COMERCIAL,Gerente de Marketing,Buenos Aires,3784000,5494223.4700375
2025-Q1,Retail & Comercio,MARKETING Y COMERCIAL,Gerente de Marketing,Cuyo,3329920,4834916.653633
2025-Q1,Retail & Comercio,MARKETING Y COMERCIAL,Gerente de Marketing,Litoral,3254240,4725032.18423225
2025-Q1,Retail & Comercio,MARKETING Y COMERCIAL,Gerente de Marketing,NEA,3121800,4532734.36278094
2025-Q1,Retail & Comercio,MARKETING Y COMERCIAL,Gerente de Marketing,NOA,3216400,4670089.94953188
2025-Q1,Retail & Comercio,MARKETING Y COMERCIAL,Gerente de Marketing,Patagonia,4730000,6867779.33754688
2025-Q1,Servicios,MARKETING Y COMERCIAL,Gerente de Marketing,Buenos Aires,3785302.18359562,5087487.18438124
2025-Q1,Servicios,MARKETING Y COMERCIAL,Gerente de Marketing,Cuyo,3331065.92156415,4476988.72225549
2025-Q1,Servicios,MARKETING Y COMERCIAL,Gerente de Marketing,Litoral,3255359.87789223,4375238.97856787
2025-Q1,Servicios,MARKETING Y COMERCIAL,Gerente de Marketing,NEA,3122874.30146639,4197176.92711452
2025-Q1,Servicios,MARKETING Y COMERCIAL,Gerente de Marketing,NOA,3217506.85605628,4324364.10672405
2025-Q1,Servicios,MARKETING Y COMERCIAL,Gerente de Marketing,Patagonia,4731627.72949453,6359358.98047655
2025-Q1,Transporte y logística,MARKETING Y COMERCIAL,Gerente de Marketing,Buenos Aires,3786200,4735344.453125
2025-Q1,Transporte y logística,MARKETING Y COMERCIAL,Gerente de Marketing,Cuyo,3331856,4167103.11875
2025-Q1,Transporte y logística,MARKETING Y COMERCIAL,Gerente de Marketing,Litoral,3256132,4072396.2296875
2025-Q1,Transporte y logística,MARKETING Y COMERCIAL,Gerente de Marketing,NEA,3123615,3906659.17382813
2025-Q1,Transporte y logística,MARKETING Y COMERCIAL,Gerente de Marketing,NOA,3218270,4025042.78515625
2025-Q1,Transporte y logística,MARKETING Y COMERCIAL,Gerente de Marketing,Patagonia,4732750,5919180.56640625
2025-Q1,Automotriz,MARKETING Y COMERCIAL,Jefe de Comunicaciones,Buenos Aires,2559484.53943875,4613473.24405
2025-Q1,Automotriz,MARKETING Y COMERCIAL,Jefe de Comunicaciones,Cuyo,2252346.3947061,4059856.454764
2025-Q1,Automotriz,MARKETING Y COMERCIAL,Jefe de Comunicaciones,Litoral,2201156.70391733,3967586.989883
2025-Q1,Automotriz,MARKETING Y COMERCIAL,Jefe de Comunicaciones,NEA,2111574.74503697,3806115.42634125
2025-Q1,Automotriz,MARKETING Y COMERCIAL,Jefe de Comunicaciones,NOA,2175561.85852294,3921452.2574425
2025-Q1,Automotriz,MARKETING Y COMERCIAL,Jefe de Comunicaciones,Patagonia,3199355.67429844,5766841.5550625
2025-Q1,Banca & Serv Financieros,MARKETING Y COMERCIAL,Jefe de Comunicaciones,Buenos Aires,2753343.501975,4377737.7483125
2025-Q1,Banca & Serv Financieros,MARKETING Y COMERCIAL,Jefe de Comunicaciones,Cuyo,2422942.281738,3852409.218515
2025-Q1,Banca & Serv Financieros,MARKETING Y COMERCIAL,Jefe de Comunicaciones,Litoral,2367875.4116985,3764854.46354875
2025-Q1,Banca & Serv Financieros,MARKETING Y COMERCIAL,Jefe de Comunicaciones,NEA,2271508.38912937,3611633.64235781
2025-Q1,Banca & Serv Financieros,MARKETING Y COMERCIAL,Jefe de Comunicaciones,NOA,2340341.97667875,3721077.08606563
2025-Q1,Banca & Serv Financieros,MARKETING Y COMERCIAL,Jefe de Comunicaciones,Patagonia,3441679.37746875,5472172.18539063
2025-Q1,Consumo masivo,MARKETING Y COMERCIAL,Jefe de Comunicaciones,Buenos Aires,2754400,4378000
2025-Q1,Consumo masivo,MARKETING Y COMERCIAL,Jefe de Comunicaciones,Cuyo,2423872,3852640
2025-Q1,Consumo masivo,MARKETING Y COMERCIAL,Jefe de Comunicaciones,Litoral,2368784,3765080
2025-Q1,Consumo masivo,MARKETING Y COMERCIAL,Jefe de Comunicaciones,NEA,2272380,3611850
2025-Q1,Consumo masivo,MARKETING Y COMERCIAL,Jefe de Comunicaciones,NOA,2341240,3721300
2025-Q1,Consumo masivo,MARKETING Y COMERCIAL,Jefe de Comunicaciones,Patagonia,3443000,5472500
2025-Q1,"Gas, Petróleo y Minería",MARKETING Y COMERCIAL,Jefe de Comunicaciones,Buenos Aires,2793043,4768458.75
2025-Q1,"Gas, Petróleo y Minería",MARKETING Y COMERCIAL,Jefe de Comunicaciones,Cuyo,2457877.84,4196243.7
2025-Q1,"Gas, Petróleo y Minería",MARKETING Y COMERCIAL,Jefe de Comunicaciones,Litoral,2402016.98,4100874.525
2025-Q1,"Gas, Petróleo y Minería",MARKETING Y COMERCIAL,Jefe de Comunicaciones,NEA,2304260.475,3933978.46875
2025-Q1,"Gas, Petróleo y Minería",MARKETING Y COMERCIAL,Jefe de Comunicaciones,NOA,2374086.55,4053189.9375
2025-Q1,"Gas, Petróleo y Minería",MARKETING Y COMERCIAL,Jefe de Comunicaciones,Patagonia,3491303.75,5960573.4375
2025-Q1,IT,MARKETING Y COMERCIAL,Jefe de Comunicaciones,Buenos Aires,2698262.49,4377736.5383125
2025-Q1,IT,MARKETING Y COMERCIAL,Jefe de Comunicaciones,Cuyo,2374470.9912,3852408.153715
2025-Q1,IT,MARKETING Y COMERCIAL,Jefe de Comunicaciones,Litoral,2320505.7414,3764853.42294875
2025-Q1,IT,MARKETING Y COMERCIAL,Jefe de Comunicaciones,NEA,2226066.55425,3611632.64410781
2025-Q1,IT,MARKETING Y COMERCIAL,Jefe de Comunicaciones,NOA,2293523.1165,3721076.05756563
2025-Q1,IT,MARKETING Y COMERCIAL,Jefe de Comunicaciones,Patagonia,3372828.1125,5472170.67289063
2025-Q1,Lab & Pharma,MARKETING Y COMERCIAL,Jefe de Comunicaciones,Buenos Aires,2536159.395,3796789.9105125
2025-Q1,Lab & Pharma,MARKETING Y COMERCIAL,Jefe de Comunicaciones,Cuyo,2231820.2676,3341175.121251
2025-Q1,Lab & Pharma,MARKETING Y COMERCIAL,Jefe de Comunicaciones,Litoral,2181097.0797,3265239.32304075
2025-Q1,Lab & Pharma,MARKETING Y COMERCIAL,Jefe de Comunicaciones,NEA,2092331.500875,3132351.67617281
2025-Q1,Lab & Pharma,MARKETING Y COMERCIAL,Jefe de Comunicaciones,NOA,2155735.48575,3227271.42393562
2025-Q1,Lab & Pharma,MARKETING Y COMERCIAL,Jefe de Comunicaciones,Patagonia,3170199.24375,4745987.38814063
2025-Q1,Manufactura,MARKETING Y COMERCIAL,Jefe de Comunicaciones,Buenos Aires,2891010.045,4377736.5383125
2025-Q1,Manufactura,MARKETING Y COMERCIAL,Jefe de Comunicaciones,Cuyo,2544088.8396,3852408.153715
2025-Q1,Manufactura,MARKETING Y COMERCIAL,Jefe de Comunicaciones,Litoral,2486268.6387,3764853.42294875
2025-Q1,Manufactura,MARKETING Y COMERCIAL,Jefe de Comunicaciones,NEA,2385083.287125,3611632.64410781
2025-Q1,Manufactura,MARKETING Y COMERCIAL,Jefe de Comunicaciones,NOA,2457358.53825,3721076.05756563
2025-Q1,Manufactura,MARKETING Y COMERCIAL,Jefe de Comunicaciones,Patagonia,3613762.55625,5472170.67289063
2025-Q1,Retail & Comercio,MARKETING Y COMERCIAL,Jefe de Comunicaciones,Buenos Aires,2477475,4031102.9
2025-Q1,Retail & Comercio,MARKETING Y COMERCIAL,Jefe de Comunicaciones,Cuyo,2180178,3547370.552
2025-Q1,Retail & Comercio,MARKETING Y COMERCIAL,Jefe de Comunicaciones,Litoral,2130628.5,3466748.494
2025-Q1,Retail & Comercio,MARKETING Y COMERCIAL,Jefe de Comunicaciones,NEA,2043916.875,3325659.8925
2025-Q1,Retail & Comercio,MARKETING Y COMERCIAL,Jefe de Comunicaciones,NOA,2105853.75,3426437.465
2025-Q1,Retail & Comercio,MARKETING Y COMERCIAL,Jefe de Comunicaciones,Patagonia,3096843.75,5038878.625
2025-Q1,Servicios,MARKETING Y COMERCIAL,Jefe de Comunicaciones,Buenos Aires,2477200,3852200
2025-Q1,Servicios,MARKETING Y COMERCIAL,Jefe de Comunicaciones,Cuyo,2179936,3389936
2025-Q1,Servicios,MARKETING Y COMERCIAL,Jefe de Comunicaciones,Litoral,2130392,3312892
2025-Q1,Servicios,MARKETING Y COMERCIAL,Jefe de Comunicaciones,NEA,2043690,3178065
2025-Q1,Servicios,MARKETING Y COMERCIAL,Jefe de Comunicaciones,NOA,2105620,3274370
2025-Q1,Servicios,MARKETING Y COMERCIAL,Jefe de Comunicaciones,Patagonia,3096500,4815250
2025-Q1,Transporte y logística,MARKETING Y COMERCIAL,Jefe de Comunicaciones,Buenos Aires,2478300,3852579.43874375
2025-Q1,Transporte y logística,MARKETING Y COMERCIAL,Jefe de Comunicaciones,Cuyo,2180904,3390269.9060945
2025-Q1,Transporte y logística,MARKETING Y COMERCIAL,Jefe de Comunicaciones,Litoral,2131338,3313218.31731963
2025-Q1,Transporte y logística,MARKETING Y COMERCIAL,Jefe de Comunicaciones,NEA,2044597.5,3178378.03696359
2025-Q1,Transporte y logística,MARKETING Y COMERCIAL,Jefe de Comunicaciones,NOA,2106555,3274692.52293219
2025-Q1,Transporte y logística,MARKETING Y COMERCIAL,Jefe de Comunicaciones,Patagonia,3097875,4815724.29842969
2025-Q1,Automotriz,MARKETING Y COMERCIAL,Jefe de Marketing,Buenos Aires,2704169.11483125,4377736.5383125
2025-Q1,Automotriz,MARKETING Y COMERCIAL,Jefe de Marketing,Cuyo,2379668.8210515,3852408.153715
2025-Q1,Automotriz,MARKETING Y COMERCIAL,Jefe de Marketing,Litoral,2325585.43875488,3764853.42294875
2025-Q1,Automotriz,MARKETING Y COMERCIAL,Jefe de Marketing,NEA,2230939.51973578,3611632.64410781
2025-Q1,Automotriz,MARKETING Y COMERCIAL,Jefe de Marketing,NOA,2298543.74760656,3721076.05756563
2025-Q1,Automotriz,MARKETING Y COMERCIAL,Jefe de Marketing,Patagonia,3380211.39353906,5472170.67289063
2025-Q1,Banca & Serv Financieros,MARKETING Y COMERCIAL,Jefe de Marketing,Buenos Aires,2843875.3404875,4613365.66405
2025-Q1,Banca & Serv Financieros,MARKETING Y COMERCIAL,Jefe de Marketing,Cuyo,2502610.299629,4059761.784364
2025-Q1,Banca & Serv Financieros,MARKETING Y COMERCIAL,Jefe de Marketing,Litoral,2445732.79281925,3967494.471083
2025-Q1,Banca & Serv Financieros,MARKETING Y COMERCIAL,Jefe de Marketing,NEA,2346197.15590219,3806026.67284125
2025-Q1,Banca & Serv Financieros,MARKETING Y COMERCIAL,Jefe de Marketing,NOA,2417294.03941438,3921360.8144425
2025-Q1,Banca & Serv Financieros,MARKETING Y COMERCIAL,Jefe de Marketing,Patagonia,3554844.17560938,5766707.0800625
2025-Q1,Consumo masivo,MARKETING Y COMERCIAL,Jefe de Marketing,Buenos Aires,2842400,4613400
2025-Q1,Consumo masivo,MARKETING Y COMERCIAL,Jefe de Marketing,Cuyo,2501312,4059792
2025-Q1,Consumo masivo,MARKETING Y COMERCIAL,Jefe de Marketing,Litoral,2444464,3967524
2025-Q1,Consumo masivo,MARKETING Y COMERCIAL,Jefe de Marketing,NEA,2344980,3806055
2025-Q1,Consumo masivo,MARKETING Y COMERCIAL,Jefe de Marketing,NOA,2416040,3921390
2025-Q1,Consumo masivo,MARKETING Y COMERCIAL,Jefe de Marketing,Patagonia,3553000,5766750
2025-Q1,"Gas, Petróleo y Minería",MARKETING Y COMERCIAL,Jefe de Marketing,Buenos Aires,2914058.125,4768458.75
2025-Q1,"Gas, Petróleo y Minería",MARKETING Y COMERCIAL,Jefe de Marketing,Cuyo,2564371.15,4196243.7
2025-Q1,"Gas, Petróleo y Minería",MARKETING Y COMERCIAL,Jefe de Marketing,Litoral,2506089.9875,4100874.525
2025-Q1,"Gas, Petróleo y Minería",MARKETING Y COMERCIAL,Jefe de Marketing,NEA,2404097.953125,3933978.46875
2025-Q1,"Gas, Petróleo y Minería",MARKETING Y COMERCIAL,Jefe de Marketing,NOA,2476949.40625,4053189.9375
2025-Q1,"Gas, Petróleo y Minería",MARKETING Y COMERCIAL,Jefe de Marketing,Patagonia,3642572.65625,5960573.4375
2025-Q1,IT,MARKETING Y COMERCIAL,Jefe de Marketing,Buenos Aires,2843871.7104875,4613473.24405
2025-Q1,IT,MARKETING Y COMERCIAL,Jefe de Marketing,Cuyo,2502607.105229,4059856.454764
2025-Q1,IT,MARKETING Y COMERCIAL,Jefe de Marketing,Litoral,2445729.67101925,3967586.989883
2025-Q1,IT,MARKETING Y COMERCIAL,Jefe de Marketing,NEA,2346194.16115219,3806115.42634125
2025-Q1,IT,MARKETING Y COMERCIAL,Jefe de Marketing,NOA,2417290.95391437,3921452.2574425
2025-Q1,IT,MARKETING Y COMERCIAL,Jefe de Marketing,Patagonia,3554839.63810937,5766841.5550625
2025-Q1,Lab & Pharma,MARKETING Y COMERCIAL,Jefe de Marketing,Buenos Aires,2710210,4084698.8532625
2025-Q1,Lab & Pharma,MARKETING Y COMERCIAL,Jefe de Marketing,Cuyo,2384984.8,3594534.990871
2025-Q1,Lab & Pharma,MARKETING Y COMERCIAL,Jefe de Marketing,Litoral,2330780.6,3512841.01380575
2025-Q1,Lab & Pharma,MARKETING Y COMERCIAL,Jefe de Marketing,NEA,2235923.25,3369876.55394156
2025-Q1,Lab & Pharma,MARKETING Y COMERCIAL,Jefe de Marketing,NOA,2303678.5,3471994.02527312
2025-Q1,Lab & Pharma,MARKETING Y COMERCIAL,Jefe de Marketing,Patagonia,3387762.5,5105873.56657812
2025-Q1,Manufactura,MARKETING Y COMERCIAL,Jefe de Marketing,Buenos Aires,2843871.7104875,4613473.24405
2025-Q1,Manufactura,MARKETING Y COMERCIAL,Jefe de Marketing,Cuyo,2502607.105229,4059856.454764
2025-Q1,Manufactura,MARKETING Y COMERCIAL,Jefe de Marketing,Litoral,2445729.67101925,3967586.989883
2025-Q1,Manufactura,MARKETING Y COMERCIAL,Jefe de Marketing,NEA,2346194.16115219,3806115.42634125
2025-Q1,Manufactura,MARKETING Y COMERCIAL,Jefe de Marketing,NOA,2417290.95391437,3921452.2574425
2025-Q1,Manufactura,MARKETING Y COMERCIAL,Jefe de Marketing,Patagonia,3554839.63810937,5766841.5550625
2025-Q1,Retail & Comercio,MARKETING Y COMERCIAL,Jefe de Marketing,Buenos Aires,2735000,4051579.78792875
2025-Q1,Retail & Comercio,MARKETING Y COMERCIAL,Jefe de Marketing,Cuyo,2406800,3565390.2133773
2025-Q1,Retail & Comercio,MARKETING Y COMERCIAL,Jefe de Marketing,Litoral,2352100,3484358.61761872
2025-Q1,Retail & Comercio,MARKETING Y COMERCIAL,Jefe de Marketing,NEA,2256375,3342553.32504122
2025-Q1,Retail & Comercio,MARKETING Y COMERCIAL,Jefe de Marketing,NOA,2324750,3443842.81973944
2025-Q1,Retail & Comercio,MARKETING Y COMERCIAL,Jefe de Marketing,Patagonia,3418750,5064474.73491094
2025-Q1,Servicios,MARKETING Y COMERCIAL,Jefe de Marketing,Buenos Aires,2735323,4052455
2025-Q1,Servicios,MARKETING Y COMERCIAL,Jefe de Marketing,Cuyo,2407084.24,3566160.4
2025-Q1,Servicios,MARKETING Y COMERCIAL,Jefe de Marketing,Litoral,2352377.78,3485111.3
2025-Q1,Servicios,MARKETING Y COMERCIAL,Jefe de Marketing,NEA,2256641.475,3343275.375
2025-Q1,Servicios,MARKETING Y COMERCIAL,Jefe de Marketing,NOA,2325024.55,3444586.75
2025-Q1,Servicios,MARKETING Y COMERCIAL,Jefe de Marketing,Patagonia,3419153.75,5065568.75
2025-Q1,Transporte y logística,MARKETING Y COMERCIAL,Jefe de Marketing,Buenos Aires,2735018.64585812,4426923.45523312
2025-Q1,Transporte y logística,MARKETING Y COMERCIAL,Jefe de Marketing,Cuyo,2406816.40835515,3895692.64060515
2025-Q1,Transporte y logística,MARKETING Y COMERCIAL,Jefe de Marketing,Litoral,2352116.03543798,3807154.17150048
2025-Q1,Transporte y logística,MARKETING Y COMERCIAL,Jefe de Marketing,NEA,2256390.38283295,3652211.85056732
2025-Q1,Transporte y logística,MARKETING Y COMERCIAL,Jefe de Marketing,NOA,2324765.8489794,3762884.93694815
2025-Q1,Transporte y logística,MARKETING Y COMERCIAL,Jefe de Marketing,Patagonia,3418773.30732265,5533654.3190414
2025-Q1,Automotriz,MARKETING Y COMERCIAL,Responsable de E commerce,Buenos Aires,2733761.13984665,3616084.3977225
2025-Q1,Automotriz,MARKETING Y COMERCIAL,Responsable de E commerce,Cuyo,2405709.80306505,3182154.2699958
2025-Q1,Automotriz,MARKETING Y COMERCIAL,Responsable de E commerce,Litoral,2351034.58026812,3109832.58204135
2025-Q1,Automotriz,MARKETING Y COMERCIAL,Responsable de E commerce,NEA,2255352.94037349,2983269.62812106
2025-Q1,Automotriz,MARKETING Y COMERCIAL,Responsable de E commerce,NOA,2323696.96886965,3073671.73806412
2025-Q1,Automotriz,MARKETING Y COMERCIAL,Responsable de E commerce,Patagonia,3417201.42480831,4520105.49715312
2025-Q1,Banca & Serv Financieros,MARKETING Y COMERCIAL,Responsable de E commerce,Buenos Aires,2733760.30451832,3616075.960695
2025-Q1,Banca & Serv Financieros,MARKETING Y COMERCIAL,Responsable de E commerce,Cuyo,2405709.06797612,3182146.8454116
2025-Q1,Banca & Serv Financieros,MARKETING Y COMERCIAL,Responsable de E commerce,Litoral,2351033.86188576,3109825.3261977
2025-Q1,Banca & Serv Financieros,MARKETING Y COMERCIAL,Responsable de E commerce,NEA,2255352.25122761,2983262.66757337
2025-Q1,Banca & Serv Financieros,MARKETING Y COMERCIAL,Responsable de E commerce,NOA,2323696.25884057,3073664.56659075
2025-Q1,Banca & Serv Financieros,MARKETING Y COMERCIAL,Responsable de E commerce,Patagonia,3417200.3806479,4520094.95086875
2025-Q1,Consumo masivo,MARKETING Y COMERCIAL,Responsable de E commerce,Buenos Aires,2733760.30451832,3616075.960695
2025-Q1,Consumo masivo,MARKETING Y COMERCIAL,Responsable de E commerce,Cuyo,2405709.06797612,3182146.8454116
2025-Q1,Consumo masivo,MARKETING Y COMERCIAL,Responsable de E commerce,Litoral,2351033.86188576,3109825.3261977
2025-Q1,Consumo masivo,MARKETING Y COMERCIAL,Responsable de E commerce,NEA,2255352.25122761,2983262.66757337
2025-Q1,Consumo masivo,MARKETING Y COMERCIAL,Responsable de E commerce,NOA,2323696.25884057,3073664.56659075
2025-Q1,Consumo masivo,MARKETING Y COMERCIAL,Responsable de E commerce,Patagonia,3417200.3806479,4520094.95086875
2025-Q1,"Gas, Petróleo y Minería",MARKETING Y COMERCIAL,Responsable de E commerce,Buenos Aires,2956313.745,3616090.480695
2025-Q1,"Gas, Petróleo y Minería",MARKETING Y COMERCIAL,Responsable de E commerce,Cuyo,2601556.0956,3182159.6230116
2025-Q1,"Gas, Petróleo y Minería",MARKETING Y COMERCIAL,Responsable de E commerce,Litoral,2542429.8207,3109837.8133977
2025-Q1,"Gas, Petróleo y Minería",MARKETING Y COMERCIAL,Responsable de E commerce,NEA,2438958.839625,2983274.64657337
2025-Q1,"Gas, Petróleo y Minería",MARKETING Y COMERCIAL,Responsable de E commerce,NOA,2512866.68325,3073676.90859075
2025-Q1,"Gas, Petróleo y Minería",MARKETING Y COMERCIAL,Responsable de E commerce,Patagonia,3695392.18125,4520113.10086875
2025-Q1,IT,MARKETING Y COMERCIAL,Responsable de E commerce,Buenos Aires,2766469.0284,4100000
2025-Q1,IT,MARKETING Y COMERCIAL,Responsable de E commerce,Cuyo,2434492.744992,3608000
2025-Q1,IT,MARKETING Y COMERCIAL,Responsable de E commerce,Litoral,2379163.364424,3526000
2025-Q1,IT,MARKETING Y COMERCIAL,Responsable de E commerce,NEA,2282336.94843,3382500
2025-Q1,IT,MARKETING Y COMERCIAL,Responsable de E commerce,NOA,2351498.67414,3485000
2025-Q1,IT,MARKETING Y COMERCIAL,Responsable de E commerce,Patagonia,3458086.2855,5125000
2025-Q1,Lab & Pharma,MARKETING Y COMERCIAL,Responsable de E commerce,Buenos Aires,2733800,4101900
2025-Q1,Lab & Pharma,MARKETING Y COMERCIAL,Responsable de E commerce,Cuyo,2405744,3609672
2025-Q1,Lab & Pharma,MARKETING Y COMERCIAL,Responsable de E commerce,Litoral,2351068,3527634
2025-Q1,Lab & Pharma,MARKETING Y COMERCIAL,Responsable de E commerce,NEA,2255385,3384067.5
2025-Q1,Lab & Pharma,MARKETING Y COMERCIAL,Responsable de E commerce,NOA,2323730,3486615
2025-Q1,Lab & Pharma,MARKETING Y COMERCIAL,Responsable de E commerce,Patagonia,3417250,5127375
2025-Q1,Manufactura,MARKETING Y COMERCIAL,Responsable de E commerce,Buenos Aires,2733775.55051832,3616090.480695
2025-Q1,Manufactura,MARKETING Y COMERCIAL,Responsable de E commerce,Cuyo,2405722.48445612,3182159.6230116
2025-Q1,Manufactura,MARKETING Y COMERCIAL,Responsable de E commerce,Litoral,2351046.97344575,3109837.8133977
2025-Q1,Manufactura,MARKETING Y COMERCIAL,Responsable de E commerce,NEA,2255364.82917761,2983274.64657337
2025-Q1,Manufactura,MARKETING Y COMERCIAL,Responsable de E commerce,NOA,2323709.21794057,3073676.90859075
2025-Q1,Manufactura,MARKETING Y COMERCIAL,Responsable de E commerce,Patagonia,3417219.4381479,4520113.10086875
2025-Q1,Retail & Comercio,MARKETING Y COMERCIAL,Responsable de E commerce,Buenos Aires,2733800.30451832,3616000
2025-Q1,Retail & Comercio,MARKETING Y COMERCIAL,Responsable de E commerce,Cuyo,2405744.26797612,3182080
2025-Q1,Retail & Comercio,MARKETING Y COMERCIAL,Responsable de E commerce,Litoral,2351068.26188576,3109760
2025-Q1,Retail & Comercio,MARKETING Y COMERCIAL,Responsable de E commerce,NEA,2255385.25122761,2983200
2025-Q1,Retail & Comercio,MARKETING Y COMERCIAL,Responsable de E commerce,NOA,2323730.25884057,3073600
2025-Q1,Retail & Comercio,MARKETING Y COMERCIAL,Responsable de E commerce,Patagonia,3417250.3806479,4520000
2025-Q1,Servicios,MARKETING Y COMERCIAL,Responsable de E commerce,Buenos Aires,2733920.30451832,3615093.960695
2025-Q1,Servicios,MARKETING Y COMERCIAL,Responsable de E commerce,Cuyo,2405849.86797612,3181282.6854116
2025-Q1,Servicios,MARKETING Y COMERCIAL,Responsable de E commerce,Litoral,2351171.46188576,3108980.8061977
2025-Q1,Servicios,MARKETING Y COMERCIAL,Responsable de E commerce,NEA,2255484.25122761,2982452.51757337
2025-Q1,Servicios,MARKETING Y COMERCIAL,Responsable de E commerce,NOA,2323832.25884057,3072829.86659075
2025-Q1,Servicios,MARKETING Y COMERCIAL,Responsable de E commerce,Patagonia,3417400.3806479,4518867.45086875
2025-Q1,Transporte y logística,MARKETING Y COMERCIAL,Responsable de E commerce,Buenos Aires,2733500.30451832,3614088.960695
2025-Q1,Transporte y logística,MARKETING Y COMERCIAL,Responsable de E commerce,Cuyo,2405480.26797612,3180398.2854116
2025-Q1,Transporte y logística,MARKETING Y COMERCIAL,Responsable de E commerce,Litoral,2350810.26188576,3108116.5061977
2025-Q1,Transporte y logística,MARKETING Y COMERCIAL,Responsable de E commerce,NEA,2255137.75122761,2981623.39257337
2025-Q1,Transporte y logística,MARKETING Y COMERCIAL,Responsable de E commerce,NOA,2323475.25884057,3071975.61659075
2025-Q1,Transporte y logística,MARKETING Y COMERCIAL,Responsable de E commerce,Patagonia,3416875.3806479,4517611.20086875
2025-Q1,Automotriz,LOGISTICA,Gerente de Logística,Buenos Aires,7947431.25,11921149.9
2025-Q1,Automotriz,LOGISTICA,Gerente de Logística,Cuyo,6993739.5,10490611.912
2025-Q1,Automotriz,LOGISTICA,Gerente de Logística,Litoral,7311636.75,10967457.908
2025-Q1,Automotriz,LOGISTICA,Gerente de Logística,NEA,6556630.78125,9834948.6675
2025-Q1,Automotriz,LOGISTICA,Gerente de Logística,NOA,6755316.5625,10132977.415
2025-Q1,Automotriz,LOGISTICA,Gerente de Logística,Patagonia,9934289.0625,14901437.375
2025-Q1,Banca & Servicios financieros,LOGISTICA,Gerente de Logística,Buenos Aires,0,0
2025-Q1,Banca & Servicios financieros,LOGISTICA,Gerente de Logística,Cuyo,0,0
2025-Q1,Banca & Servicios financieros,LOGISTICA,Gerente de Logística,Litoral,0,0
2025-Q1,Banca & Servicios financieros,LOGISTICA,Gerente de Logística,NEA,0,0
2025-Q1,Banca & Servicios financieros,LOGISTICA,Gerente de Logística,NOA,0,0
2025-Q1,Banca & Servicios financieros,LOGISTICA,Gerente de Logística,Patagonia,0,0
2025-Q1,Consumo masivo,LOGISTICA,Gerente de Logística,Buenos Aires,4890000,6800000
2025-Q1,Consumo masivo,LOGISTICA,Gerente de Logística,Cuyo,4303200,5984000
2025-Q1,Consumo masivo,LOGISTICA,Gerente de Logística,Litoral,4498800,6256000
2025-Q1,Consumo masivo,LOGISTICA,Gerente de Logística,NEA,4034250,5610000
2025-Q1,Consumo masivo,LOGISTICA,Gerente de Logística,NOA,4156500,5780000
2025-Q1,Consumo masivo,LOGISTICA,Gerente de Logística,Patagonia,6112500,8500000
2025-Q1,"Gas, Petróleo y Minería",LOGISTICA,Gerente de Logística,Buenos Aires,7947431.25,11921149.9
2025-Q1,"Gas, Petróleo y Minería",LOGISTICA,Gerente de Logística,Cuyo,6993739.5,10490611.912
2025-Q1,"Gas, Petróleo y Minería",LOGISTICA,Gerente de Logística,Litoral,7311636.75,10967457.908
2025-Q1,"Gas, Petróleo y Minería",LOGISTICA,Gerente de Logística,NEA,6556630.78125,9834948.6675
2025-Q1,"Gas, Petróleo y Minería",LOGISTICA,Gerente de Logística,NOA,6755316.5625,10132977.415
2025-Q1,"Gas, Petróleo y Minería",LOGISTICA,Gerente de Logística,Patagonia,9934289.0625,14901437.375
2025-Q1,IT,LOGISTICA,Gerente de Logística,Buenos Aires,0,0
2025-Q1,IT,LOGISTICA,Gerente de Logística,Cuyo,0,0
2025-Q1,IT,LOGISTICA,Gerente de Logística,Litoral,0,0
2025-Q1,IT,LOGISTICA,Gerente de Logística,NEA,0,0
2025-Q1,IT,LOGISTICA,Gerente de Logística,NOA,0,0
2025-Q1,IT,LOGISTICA,Gerente de Logística,Patagonia,0,0
2025-Q1,Lab & Pharma,LOGISTICA,Gerente de Logística,Buenos Aires,6622862.4,10596575
2025-Q1,Lab & Pharma,LOGISTICA,Gerente de Logística,Cuyo,5828118.912,9324986
2025-Q1,Lab & Pharma,LOGISTICA,Gerente de Logística,Litoral,6093033.408,9748849
2025-Q1,Lab & Pharma,LOGISTICA,Gerente de Logística,NEA,5463861.48,8742174.375
2025-Q1,Lab & Pharma,LOGISTICA,Gerente de Logística,NOA,5629433.04,9007088.75
2025-Q1,Lab & Pharma,LOGISTICA,Gerente de Logística,Patagonia,8278578,13245718.75
2025-Q1,Manufactura,LOGISTICA,Gerente de Logística,Buenos Aires,5500000,8900000
2025-Q1,Manufactura,LOGISTICA,Gerente de Logística,Cuyo,4840000,7832000
2025-Q1,Manufactura,LOGISTICA,Gerente de Logística,Litoral,5060000,8188000
2025-Q1,Manufactura,LOGISTICA,Gerente de Logística,NEA,4537500,7342500
2025-Q1,Manufactura,LOGISTICA,Gerente de Logística,NOA,4675000,7565000
2025-Q1,Manufactura,LOGISTICA,Gerente de Logística,Patagonia,6875000,11125000
2025-Q1,Retail & Comercio,LOGISTICA,Gerente de Logística,Buenos Aires,5200000,8609718.7
2025-Q1,Retail & Comercio,LOGISTICA,Gerente de Logística,Cuyo,4576000,7576552.456
2025-Q1,Retail & Comercio,LOGISTICA,Gerente de Logística,Litoral,4784000,7920941.204
2025-Q1,Retail & Comercio,LOGISTICA,Gerente de Logística,NEA,4290000,7103017.9275
2025-Q1,Retail & Comercio,LOGISTICA,Gerente de Logística,NOA,4420000,7318260.895
2025-Q1,Retail & Comercio,LOGISTICA,Gerente de Logística,Patagonia,6500000,10762148.375
2025-Q1,Servicios,LOGISTICA,Gerente de Logística,Buenos Aires,5200000,8609700
2025-Q1,Servicios,LOGISTICA,Gerente de Logística,Cuyo,4576000,7576536
2025-Q1,Servicios,LOGISTICA,Gerente de Logística,Litoral,4784000,7920924
2025-Q1,Servicios,LOGISTICA,Gerente de Logística,NEA,4290000,7103002.5
2025-Q1,Servicios,LOGISTICA,Gerente de Logística,NOA,4420000,7318245
2025-Q1,Servicios,LOGISTICA,Gerente de Logística,Patagonia,6500000,10762125
2025-Q1,Transporte y logística,LOGISTICA,Gerente de Logística,Buenos Aires,6622862.4,10596575
2025-Q1,Transporte y logística,LOGISTICA,Gerente de Logística,Cuyo,5828118.912,9324986
2025-Q1,Transporte y logística,LOGISTICA,Gerente de Logística,Litoral,6093033.408,9748849
2025-Q1,Transporte y logística,LOGISTICA,Gerente de Logística,NEA,5463861.48,8742174.375
2025-Q1,Transporte y logística,LOGISTICA,Gerente de Logística,NOA,5629433.04,9007088.75
2025-Q1,Transporte y logística,LOGISTICA,Gerente de Logística,Patagonia,8278578,13245718.75
2025-Q1,Automotriz,LOGISTICA,Ingeniero de Logística,Buenos Aires,2649143.75,3918083.60625
2025-Q1,Automotriz,LOGISTICA,Ingeniero de Logística,Cuyo,2331246.5,3447913.5735
2025-Q1,Automotriz,LOGISTICA,Ingeniero de Logística,Litoral,2437212.25,3604636.91775
2025-Q1,Automotriz,LOGISTICA,Ingeniero de Logística,NEA,2185543.59375,3232418.97515625
2025-Q1,Automotriz,LOGISTICA,Ingeniero de Logística,NOA,2251772.1875,3330371.0653125
2025-Q1,Automotriz,LOGISTICA,Ingeniero de Logística,Patagonia,3311429.6875,4897604.5078125
2025-Q1,Banca & Servicios financieros,LOGISTICA,Ingeniero de Logística,Buenos Aires,0,0
2025-Q1,Banca & Servicios financieros,LOGISTICA,Ingeniero de Logística,Cuyo,0,0
2025-Q1,Banca & Servicios financieros,LOGISTICA,Ingeniero de Logística,Litoral,0,0
2025-Q1,Banca & Servicios financieros,LOGISTICA,Ingeniero de Logística,NEA,0,0
2025-Q1,Banca & Servicios financieros,LOGISTICA,Ingeniero de Logística,NOA,0,0
2025-Q1,Banca & Servicios financieros,LOGISTICA,Ingeniero de Logística,Patagonia,0,0
2025-Q1,Consumo masivo,LOGISTICA,Ingeniero de Logística,Buenos Aires,1850000,2660000
2025-Q1,Consumo masivo,LOGISTICA,Ingeniero de Logística,Cuyo,1628000,2340800
2025-Q1,Consumo masivo,LOGISTICA,Ingeniero de Logística,Litoral,1702000,2447200
2025-Q1,Consumo masivo,LOGISTICA,Ingeniero de Logística,NEA,1526250,2194500
2025-Q1,Consumo masivo,LOGISTICA,Ingeniero de Logística,NOA,1572500,2261000
2025-Q1,Consumo masivo,LOGISTICA,Ingeniero de Logística,Patagonia,2312500,3325000
2025-Q1,"Gas, Petróleo y Minería",LOGISTICA,Ingeniero de Logística,Buenos Aires,2649143.75,3918088.9
2025-Q1,"Gas, Petróleo y Minería",LOGISTICA,Ingeniero de Logística,Cuyo,2331246.5,3447918.232
2025-Q1,"Gas, Petróleo y Minería",LOGISTICA,Ingeniero de Logística,Litoral,2437212.25,3604641.788
2025-Q1,"Gas, Petróleo y Minería",LOGISTICA,Ingeniero de Logística,NEA,2185543.59375,3232423.3425
2025-Q1,"Gas, Petróleo y Minería",LOGISTICA,Ingeniero de Logística,NOA,2251772.1875,3330375.565
2025-Q1,"Gas, Petróleo y Minería",LOGISTICA,Ingeniero de Logística,Patagonia,3311429.6875,4897611.125
2025-Q1,IT,LOGISTICA,Ingeniero de Logística,Buenos Aires,0,0
2025-Q1,IT,LOGISTICA,Ingeniero de Logística,Cuyo,0,0
2025-Q1,IT,LOGISTICA,Ingeniero de Logística,Litoral,0,0
2025-Q1,IT,LOGISTICA,Ingeniero de Logística,NEA,0,0
2025-Q1,IT,LOGISTICA,Ingeniero de Logística,NOA,0,0
2025-Q1,IT,LOGISTICA,Ingeniero de Logística,Patagonia,0,0
2025-Q1,Lab & Pharma,LOGISTICA,Ingeniero de Logística,Buenos Aires,2119315,3178972.49999999
2025-Q1,Lab & Pharma,LOGISTICA,Ingeniero de Logística,Cuyo,1864997.2,2797495.79999999
2025-Q1,Lab & Pharma,LOGISTICA,Ingeniero de Logística,Litoral,1949769.8,2924654.69999999
2025-Q1,Lab & Pharma,LOGISTICA,Ingeniero de Logística,NEA,1748434.875,2622652.31249999
2025-Q1,Lab & Pharma,LOGISTICA,Ingeniero de Logística,NOA,1801417.75,2702126.62499999
2025-Q1,Lab & Pharma,LOGISTICA,Ingeniero de Logística,Patagonia,2649143.75,3973715.62499999
2025-Q1,Manufactura,LOGISTICA,Ingeniero de Logística,Buenos Aires,1790000,2890000
2025-Q1,Manufactura,LOGISTICA,Ingeniero de Logística,Cuyo,1575200,2543200
2025-Q1,Manufactura,LOGISTICA,Ingeniero de Logística,Litoral,1646800,2658800
2025-Q1,Manufactura,LOGISTICA,Ingeniero de Logística,NEA,1476750,2384250
2025-Q1,Manufactura,LOGISTICA,Ingeniero de Logística,NOA,1521500,2456500
2025-Q1,Manufactura,LOGISTICA,Ingeniero de Logística,Patagonia,2237500,3612500
2025-Q1,Retail & Comercio,LOGISTICA,Ingeniero de Logística,Buenos Aires,1650000,2470000
2025-Q1,Retail & Comercio,LOGISTICA,Ingeniero de Logística,Cuyo,1452000,2173600
2025-Q1,Retail & Comercio,LOGISTICA,Ingeniero de Logística,Litoral,1518000,2272400
2025-Q1,Retail & Comercio,LOGISTICA,Ingeniero de Logística,NEA,1361250,2037750
2025-Q1,Retail & Comercio,LOGISTICA,Ingeniero de Logística,NOA,1402500,2099500
2025-Q1,Retail & Comercio,LOGISTICA,Ingeniero de Logística,Patagonia,2062500,3087500
2025-Q1,Servicios,LOGISTICA,Ingeniero de Logística,Buenos Aires,1650000,2500000
2025-Q1,Servicios,LOGISTICA,Ingeniero de Logística,Cuyo,1452000,2200000
2025-Q1,Servicios,LOGISTICA,Ingeniero de Logística,Litoral,1518000,2300000
2025-Q1,Servicios,LOGISTICA,Ingeniero de Logística,NEA,1361250,2062500
2025-Q1,Servicios,LOGISTICA,Ingeniero de Logística,NOA,1402500,2125000
2025-Q1,Servicios,LOGISTICA,Ingeniero de Logística,Patagonia,2062500,3125000
2025-Q1,Transporte y logística,LOGISTICA,Ingeniero de Logística,Buenos Aires,1870000,2700000
2025-Q1,Transporte y logística,LOGISTICA,Ingeniero de Logística,Cuyo,1645600,2376000
2025-Q1,Transporte y logística,LOGISTICA,Ingeniero de Logística,Litoral,1720400,2484000
2025-Q1,Transporte y logística,LOGISTICA,Ingeniero de Logística,NEA,1542750,2227500
2025-Q1,Transporte y logística,LOGISTICA,Ingeniero de Logística,NOA,1589500,2295000
2025-Q1,Transporte y logística,LOGISTICA,Ingeniero de Logística,Patagonia,2337500,3375000
2025-Q1,Automotriz,LOGISTICA,Jefe de Logística,Buenos Aires,4220000,6100000
2025-Q1,Automotriz,LOGISTICA,Jefe de Logística,Cuyo,3713600,5368000
2025-Q1,Automotriz,LOGISTICA,Jefe de Logística,Litoral,3882400,5612000
2025-Q1,Automotriz,LOGISTICA,Jefe de Logística,NEA,3481500,5032500
2025-Q1,Automotriz,LOGISTICA,Jefe de Logística,NOA,3587000,5185000
2025-Q1,Automotriz,LOGISTICA,Jefe de Logística,Patagonia,5275000,7625000
2025-Q1,Banca & Servicios financieros,LOGISTICA,Jefe de Logística,Buenos Aires,0,0
2025-Q1,Banca & Servicios financieros,LOGISTICA,Jefe de Logística,Cuyo,0,0
2025-Q1,Banca & Servicios financieros,LOGISTICA,Jefe de Logística,Litoral,0,0
2025-Q1,Banca & Servicios financieros,LOGISTICA,Jefe de Logística,NEA,0,0
2025-Q1,Banca & Servicios financieros,LOGISTICA,Jefe de Logística,NOA,0,0
2025-Q1,Banca & Servicios financieros,LOGISTICA,Jefe de Logística,Patagonia,0,0
2025-Q1,Consumo masivo,LOGISTICA,Jefe de Logística,Buenos Aires,2900000,4200000
2025-Q1,Consumo masivo,LOGISTICA,Jefe de Logística,Cuyo,2552000,3696000
2025-Q1,Consumo masivo,LOGISTICA,Jefe de Logística,Litoral,2668000,3864000
2025-Q1,Consumo masivo,LOGISTICA,Jefe de Logística,NEA,2392500,3465000
2025-Q1,Consumo masivo,LOGISTICA,Jefe de Logística,NOA,2465000,3570000
2025-Q1,Consumo masivo,LOGISTICA,Jefe de Logística,Patagonia,3625000,5250000
2025-Q1,"Gas, Petróleo y Minería",LOGISTICA,Jefe de Logística,Buenos Aires,3800000,6075000
2025-Q1,"Gas, Petróleo y Minería",LOGISTICA,Jefe de Logística,Cuyo,3344000,5346000
2025-Q1,"Gas, Petróleo y Minería",LOGISTICA,Jefe de Logística,Litoral,3496000,5589000
2025-Q1,"Gas, Petróleo y Minería",LOGISTICA,Jefe de Logística,NEA,3135000,5011875
2025-Q1,"Gas, Petróleo y Minería",LOGISTICA,Jefe de Logística,NOA,3230000,5163750
2025-Q1,"Gas, Petróleo y Minería",LOGISTICA,Jefe de Logística,Patagonia,4750000,7593750
2025-Q1,IT,LOGISTICA,Jefe de Logística,Buenos Aires,0,0
2025-Q1,IT,LOGISTICA,Jefe de Logística,Cuyo,0,0
2025-Q1,IT,LOGISTICA,Jefe de Logística,Litoral,0,0
2025-Q1,IT,LOGISTICA,Jefe de Logística,NEA,0,0
2025-Q1,IT,LOGISTICA,Jefe de Logística,NOA,0,0
2025-Q1,IT,LOGISTICA,Jefe de Logística,Patagonia,0,0
2025-Q1,Lab & Pharma,LOGISTICA,Jefe de Logística,Buenos Aires,3944575.04375,5770000
2025-Q1,Lab & Pharma,LOGISTICA,Jefe de Logística,Cuyo,3471226.0385,5077600
2025-Q1,Lab & Pharma,LOGISTICA,Jefe de Logística,Litoral,3629009.04025,5308400
2025-Q1,Lab & Pharma,LOGISTICA,Jefe de Logística,NEA,3254274.41109375,4760250
2025-Q1,Lab & Pharma,LOGISTICA,Jefe de Logística,NOA,3352888.7871875,4904500
2025-Q1,Lab & Pharma,LOGISTICA,Jefe de Logística,Patagonia,4930718.8046875,7212500
2025-Q1,Manufactura,LOGISTICA,Jefe de Logística,Buenos Aires,3120000,4760000
2025-Q1,Manufactura,LOGISTICA,Jefe de Logística,Cuyo,2745600,4188800
2025-Q1,Manufactura,LOGISTICA,Jefe de Logística,Litoral,2870400,4379200
2025-Q1,Manufactura,LOGISTICA,Jefe de Logística,NEA,2574000,3927000
2025-Q1,Manufactura,LOGISTICA,Jefe de Logística,NOA,2652000,4046000
2025-Q1,Manufactura,LOGISTICA,Jefe de Logística,Patagonia,3900000,5950000
2025-Q1,Retail & Comercio,LOGISTICA,Jefe de Logística,Buenos Aires,2780000,3900000
2025-Q1,Retail & Comercio,LOGISTICA,Jefe de Logística,Cuyo,2446400,3432000
2025-Q1,Retail & Comercio,LOGISTICA,Jefe de Logística,Litoral,2557600,3588000
2025-Q1,Retail & Comercio,LOGISTICA,Jefe de Logística,NEA,2293500,3217500
2025-Q1,Retail & Comercio,LOGISTICA,Jefe de Logística,NOA,2363000,3315000
2025-Q1,Retail & Comercio,LOGISTICA,Jefe de Logística,Patagonia,3475000,4875000
2025-Q1,Servicios,LOGISTICA,Jefe de Logística,Buenos Aires,2780000,3900000
2025-Q1,Servicios,LOGISTICA,Jefe de Logística,Cuyo,2446400,3432000
2025-Q1,Servicios,LOGISTICA,Jefe de Logística,Litoral,2557600,3588000
2025-Q1,Servicios,LOGISTICA,Jefe de Logística,NEA,2293500,3217500
2025-Q1,Servicios,LOGISTICA,Jefe de Logística,NOA,2363000,3315000
2025-Q1,Servicios,LOGISTICA,Jefe de Logística,Patagonia,3475000,4875000
2025-Q1,Transporte y logística,LOGISTICA,Jefe de Logística,Buenos Aires,3130000,4490000
2025-Q1,Transporte y logística,LOGISTICA,Jefe de Logística,Cuyo,2754400,3951200
2025-Q1,Transporte y logística,LOGISTICA,Jefe de Logística,Litoral,2879600,4130800
2025-Q1,Transporte y logística,LOGISTICA,Jefe de Logística,NEA,2582250,3704250
2025-Q1,Transporte y logística,LOGISTICA,Jefe de Logística,NOA,2660500,3816500
2025-Q1,Transporte y logística,LOGISTICA,Jefe de Logística,Patagonia,3912500,5612500
2025-Q1,Healthcare,HEALTHCARE,Analista de Asuntos Regulatorios,Buenos Aires,2480500,2879800
2025-Q1,Healthcare,HEALTHCARE,Analista de Asuntos Regulatorios,Cuyo,2108425,2447830
2025-Q1,Healthcare,HEALTHCARE,Analista de Asuntos Regulatorios,NEA,2232450,2591820
2025-Q1,Healthcare,HEALTHCARE,Analista de Asuntos Regulatorios,NOA,1984400,2303840
2025-Q1,Healthcare,HEALTHCARE,Analista de Asuntos Regulatorios,Patagonia,2976600,3455760
2025-Q1,Healthcare,HEALTHCARE,Analista de control de calidad FQ,Buenos Aires,2480500,2879800
2025-Q1,Healthcare,HEALTHCARE,Analista de control de calidad FQ,Cuyo,2108425,2447830
2025-Q1,Healthcare,HEALTHCARE,Analista de control de calidad FQ,NEA,2232450,2591820
2025-Q1,Healthcare,HEALTHCARE,Analista de control de calidad FQ,NOA,1984400,2303840
2025-Q1,Healthcare,HEALTHCARE,Analista de control de calidad FQ,Patagonia,2976600,3455760
2025-Q1,Healthcare,HEALTHCARE,Analista de Microbiología,Buenos Aires,2480500,2879800
2025-Q1,Healthcare,HEALTHCARE,Analista de Microbiología,Cuyo,2108425,2447830
2025-Q1,Healthcare,HEALTHCARE,Analista de Microbiología,NEA,2232450,2591820
2025-Q1,Healthcare,HEALTHCARE,Analista de Microbiología,NOA,1984400,2303840
2025-Q1,Healthcare,HEALTHCARE,Analista de Microbiología,Patagonia,2976600,3455760
2025-Q1,Healthcare,HEALTHCARE,Analista de Procesos QA,Buenos Aires,2800000,3388000
2025-Q1,Healthcare,HEALTHCARE,Analista de Procesos QA,Cuyo,2380000,2879800
2025-Q1,Healthcare,HEALTHCARE,Analista de Procesos QA,NEA,2520000,3049200
2025-Q1,Healthcare,HEALTHCARE,Analista de Procesos QA,NOA,2240000,2710400
2025-Q1,Healthcare,HEALTHCARE,Analista de Procesos QA,Patagonia,3360000,4065600
2025-Q1,Healthcare,HEALTHCARE,Analista de Validaciones Analíticas,Buenos Aires,2800000,3418249.99999999
2025-Q1,Healthcare,HEALTHCARE,Analista de Validaciones Analíticas,Cuyo,2380000,2905512.49999999
2025-Q1,Healthcare,HEALTHCARE,Analista de Validaciones Analíticas,NEA,2520000,3076424.99999999
2025-Q1,Healthcare,HEALTHCARE,Analista de Validaciones Analíticas,NOA,2240000,2734599.99999999
2025-Q1,Healthcare,HEALTHCARE,Analista de Validaciones Analíticas,Patagonia,3360000,4101899.99999999
2025-Q1,Healthcare,HEALTHCARE,Analista Desarrollo Galénico,Buenos Aires,2480500,2879800
2025-Q1,Healthcare,HEALTHCARE,Analista Desarrollo Galénico,Cuyo,2108425,2447830
2025-Q1,Healthcare,HEALTHCARE,Analista Desarrollo Galénico,NEA,2232450,2591820
2025-Q1,Healthcare,HEALTHCARE,Analista Desarrollo Galénico,NOA,1984400,2303840
2025-Q1,Healthcare,HEALTHCARE,Analista Desarrollo Galénico,Patagonia,2976600,3455760
2025-Q1,Healthcare,HEALTHCARE,Analista Sr. de equipamiento médico,Buenos Aires,1512500,2480500
2025-Q1,Healthcare,HEALTHCARE,Analista Sr. de equipamiento médico,Cuyo,1285625,2108425
2025-Q1,Healthcare,HEALTHCARE,Analista Sr. de equipamiento médico,NEA,1361250,2232450
2025-Q1,Healthcare,HEALTHCARE,Analista Sr. de equipamiento médico,NOA,1210000,1984400
2025-Q1,Healthcare,HEALTHCARE,Analista Sr. de equipamiento médico,Patagonia,1815000,2976600
2025-Q1,Healthcare,HEALTHCARE,APM,Buenos Aires,2299000,3267000
2025-Q1,Healthcare,HEALTHCARE,APM,Cuyo,1954150,2776950
2025-Q1,Healthcare,HEALTHCARE,APM,NEA,2069100,2940300
2025-Q1,Healthcare,HEALTHCARE,APM,NOA,1839200,2613600
2025-Q1,Healthcare,HEALTHCARE,APM,Patagonia,2758800,3920400
2025-Q1,Healthcare,HEALTHCARE,Auxiliar Quirófano,Buenos Aires,1059597,1307405
2025-Q1,Healthcare,HEALTHCARE,Auxiliar Quirófano,Cuyo,900657.45,1111294.25
2025-Q1,Healthcare,HEALTHCARE,Auxiliar Quirófano,NEA,953637.3,1176664.5
2025-Q1,Healthcare,HEALTHCARE,Auxiliar Quirófano,NOA,847677.6,1045924
2025-Q1,Healthcare,HEALTHCARE,Auxiliar Quirófano,Patagonia,1271516.4,1568886
2025-Q1,Healthcare,HEALTHCARE,Bioingeniero,Buenos Aires,1800000,3242800
2025-Q1,Healthcare,HEALTHCARE,Bioingeniero,Cuyo,1530000,2756380
2025-Q1,Healthcare,HEALTHCARE,Bioingeniero,NEA,1620000,2918520
2025-Q1,Healthcare,HEALTHCARE,Bioingeniero,NOA,1440000,2594240
2025-Q1,Healthcare,HEALTHCARE,Bioingeniero,Patagonia,2160000,3891360
2025-Q1,Healthcare,HEALTHCARE,Business Unit Implantes,Buenos Aires,,
2025-Q1,Healthcare,HEALTHCARE,Business Unit Implantes,Cuyo,,
2025-Q1,Healthcare,HEALTHCARE,Business Unit Implantes,NEA,,
2025-Q1,Healthcare,HEALTHCARE,Business Unit Implantes,NOA,,
2025-Q1,Healthcare,HEALTHCARE,Business Unit Implantes,Patagonia,,
2025-Q1,Healthcare,HEALTHCARE,Codificador Quirúrgico,Buenos Aires,1162205,1645600
2025-Q1,Healthcare,HEALTHCARE,Codificador Quirúrgico,Cuyo,987874.25,1398760
2025-Q1,Healthcare,HEALTHCARE,Codificador Quirúrgico,NEA,1045984.5,1481040
2025-Q1,Healthcare,HEALTHCARE,Codificador Quirúrgico,NOA,929764,1316480
2025-Q1,Healthcare,HEALTHCARE,Codificador Quirúrgico,Patagonia,1394646,1974720
2025-Q1,Healthcare,HEALTHCARE,Compliance Manager,Buenos Aires,2662000,3509000
2025-Q1,Healthcare,HEALTHCARE,Compliance Manager,Cuyo,2262700,2982650
2025-Q1,Healthcare,HEALTHCARE,Compliance Manager,NEA,2395800,3158100
2025-Q1,Healthcare,HEALTHCARE,Compliance Manager,NOA,2129600,2807200
2025-Q1,Healthcare,HEALTHCARE,Compliance Manager,Patagonia,3194400,4210800
2025-Q1,Healthcare,HEALTHCARE,Coordinador de Enfermeria,Buenos Aires,2117500,2541000
2025-Q1,Healthcare,HEALTHCARE,Coordinador de Enfermeria,Cuyo,1799875,2159850
2025-Q1,Healthcare,HEALTHCARE,Coordinador de Enfermeria,NEA,1905750,2286900
2025-Q1,Healthcare,HEALTHCARE,Coordinador de Enfermeria,NOA,1694000,2032800
2025-Q1,Healthcare,HEALTHCARE,Coordinador de Enfermeria,Patagonia,2541000,3049200
2025-Q1,Healthcare,HEALTHCARE,Coordinador médico de planta,Buenos Aires,2050950,3593700
2025-Q1,Healthcare,HEALTHCARE,Coordinador médico de planta,Cuyo,1743307.5,3054645
2025-Q1,Healthcare,HEALTHCARE,Coordinador médico de planta,NEA,1845855,3234330
2025-Q1,Healthcare,HEALTHCARE,Coordinador médico de planta,NOA,1640760,2874960
2025-Q1,Healthcare,HEALTHCARE,Coordinador médico de planta,Patagonia,2461140,4312440
2025-Q1,Healthcare,HEALTHCARE,Coordinador/a de Materia Prima,Buenos Aires,3146000,5203000
2025-Q1,Healthcare,HEALTHCARE,Coordinador/a de Materia Prima,Cuyo,2674100,4422550
2025-Q1,Healthcare,HEALTHCARE,Coordinador/a de Materia Prima,NEA,2831400,4682700
2025-Q1,Healthcare,HEALTHCARE,Coordinador/a de Materia Prima,NOA,2516800,4162400
2025-Q1,Healthcare,HEALTHCARE,Coordinador/a de Materia Prima,Patagonia,3775200,6243600
2025-Q1,Healthcare,HEALTHCARE,Director Médico,Buenos Aires,4356000,6146800
2025-Q1,Healthcare,HEALTHCARE,Director Médico,Cuyo,3702600,5224780
2025-Q1,Healthcare,HEALTHCARE,Director Médico,NEA,3920400,5532120
2025-Q1,Healthcare,HEALTHCARE,Director Médico,NOA,3484800,4917440
2025-Q1,Healthcare,HEALTHCARE,Director Médico,Patagonia,5227200,7376160
2025-Q1,Healthcare,HEALTHCARE,Director Técnico,Buenos Aires,2800000,3872000
2025-Q1,Healthcare,HEALTHCARE,Director Técnico,Cuyo,2380000,3291200
2025-Q1,Healthcare,HEALTHCARE,Director Técnico,NEA,2520000,3484800
2025-Q1,Healthcare,HEALTHCARE,Director Técnico,NOA,2240000,3097600
2025-Q1,Healthcare,HEALTHCARE,Director Técnico,Patagonia,3360000,4646400
2025-Q1,Healthcare,HEALTHCARE,Director/a de Aesculap,Buenos Aires,,
2025-Q1,Healthcare,HEALTHCARE,Director/a de Aesculap,Cuyo,,
2025-Q1,Healthcare,HEALTHCARE,Director/a de Aesculap,NEA,,
2025-Q1,Healthcare,HEALTHCARE,Director/a de Aesculap,NOA,,
2025-Q1,Healthcare,HEALTHCARE,Director/a de Aesculap,Patagonia,,
2025-Q1,Healthcare,HEALTHCARE,Enfermero profesional,Buenos Aires,1059657.5,1294700
2025-Q1,Healthcare,HEALTHCARE,Enfermero profesional,Cuyo,900708.875,1100495
2025-Q1,Healthcare,HEALTHCARE,Enfermero profesional,NEA,953691.75,1165230
2025-Q1,Healthcare,HEALTHCARE,Enfermero profesional,NOA,847726,1035760
2025-Q1,Healthcare,HEALTHCARE,Enfermero profesional,Patagonia,1271589,1553640
2025-Q1,Healthcare,HEALTHCARE,Especialista de contenido médico,Buenos Aires,2601500,3267000
2025-Q1,Healthcare,HEALTHCARE,Especialista de contenido médico,Cuyo,2211275,2776950
2025-Q1,Healthcare,HEALTHCARE,Especialista de contenido médico,NEA,2341350,2940300
2025-Q1,Healthcare,HEALTHCARE,Especialista de contenido médico,NOA,2081200,2613600
2025-Q1,Healthcare,HEALTHCARE,Especialista de contenido médico,Patagonia,3121800,3920400
2025-Q1,Healthcare,HEALTHCARE,Farmacéutico Auxiliar,Buenos Aires,1452000,2359500
2025-Q1,Healthcare,HEALTHCARE,Farmacéutico Auxiliar,Cuyo,1234200,2005575
2025-Q1,Healthcare,HEALTHCARE,Farmacéutico Auxiliar,NEA,1306800,2123550
2025-Q1,Healthcare,HEALTHCARE,Farmacéutico Auxiliar,NOA,1161600,1887600
2025-Q1,Healthcare,HEALTHCARE,Farmacéutico Auxiliar,Patagonia,1742400,2831400
2025-Q1,Healthcare,HEALTHCARE,Gerente de investigación clínica,Buenos Aires,3835700,7381000
2025-Q1,Healthcare,HEALTHCARE,Gerente de investigación clínica,Cuyo,3260345,6273850
2025-Q1,Healthcare,HEALTHCARE,Gerente de investigación clínica,NEA,3452130,6642900
2025-Q1,Healthcare,HEALTHCARE,Gerente de investigación clínica,NOA,3068560,5904800
2025-Q1,Healthcare,HEALTHCARE,Gerente de investigación clínica,Patagonia,4602840,8857200
2025-Q1,Healthcare,HEALTHCARE,Gerente de Prestaciones Médicas,Buenos Aires,3835700,7381000
2025-Q1,Healthcare,HEALTHCARE,Gerente de Prestaciones Médicas,Cuyo,3260345,6273850
2025-Q1,Healthcare,HEALTHCARE,Gerente de Prestaciones Médicas,NEA,3452130,6642900
2025-Q1,Healthcare,HEALTHCARE,Gerente de Prestaciones Médicas,NOA,3068560,5904800
2025-Q1,Healthcare,HEALTHCARE,Gerente de Prestaciones Médicas,Patagonia,4602840,8857200
2025-Q1,Healthcare,HEALTHCARE,Gerente Especialista en Medicina Diagnóstica,Buenos Aires,3557400,6152849.99999999
2025-Q1,Healthcare,HEALTHCARE,Gerente Especialista en Medicina Diagnóstica,Cuyo,3023790,5229922.49999999
2025-Q1,Healthcare,HEALTHCARE,Gerente Especialista en Medicina Diagnóstica,NEA,3201660,5537564.99999999
2025-Q1,Healthcare,HEALTHCARE,Gerente Especialista en Medicina Diagnóstica,NOA,2845920,4922279.99999999
2025-Q1,Healthcare,HEALTHCARE,Gerente Especialista en Medicina Diagnóstica,Patagonia,4268880,7383419.99999999
2025-Q1,Healthcare,HEALTHCARE,Instrumentador Quirúrgico,Buenos Aires,3557400,6152849.99999999
2025-Q1,Healthcare,HEALTHCARE,Instrumentador Quirúrgico,Cuyo,3023790,5229922.49999999
2025-Q1,Healthcare,HEALTHCARE,Instrumentador Quirúrgico,NEA,3201660,5537564.99999999
2025-Q1,Healthcare,HEALTHCARE,Instrumentador Quirúrgico,NOA,2845920,4922279.99999999
2025-Q1,Healthcare,HEALTHCARE,Instrumentador Quirúrgico,Patagonia,4268880,7383419.99999999
2025-Q1,Healthcare,HEALTHCARE,Jefe de Contrataciones Médicas,Buenos Aires,2456300,3242800
2025-Q1,Healthcare,HEALTHCARE,Jefe de Contrataciones Médicas,Cuyo,2087855,2756380
2025-Q1,Healthcare,HEALTHCARE,Jefe de Contrataciones Médicas,NEA,2210670,2918520
2025-Q1,Healthcare,HEALTHCARE,Jefe de Contrataciones Médicas,NOA,1965040,2594240
2025-Q1,Healthcare,HEALTHCARE,Jefe de Contrataciones Médicas,Patagonia,2947560,3891360
2025-Q1,Healthcare,HEALTHCARE,Jefe de Intrumentación quirúrgica,Buenos Aires,1778700,2666235
2025-Q1,Healthcare,HEALTHCARE,Jefe de Intrumentación quirúrgica,Cuyo,1511895,2266299.75
2025-Q1,Healthcare,HEALTHCARE,Jefe de Intrumentación quirúrgica,NEA,1600830,2399611.5
2025-Q1,Healthcare,HEALTHCARE,Jefe de Intrumentación quirúrgica,NOA,1422960,2132988
2025-Q1,Healthcare,HEALTHCARE,Jefe de Intrumentación quirúrgica,Patagonia,2134440,3199482
2025-Q1,Healthcare,HEALTHCARE,Jefe Médico Laboral,Buenos Aires,3267000,4295500
2025-Q1,Healthcare,HEALTHCARE,Jefe Médico Laboral,Cuyo,2776950,3651175
2025-Q1,Healthcare,HEALTHCARE,Jefe Médico Laboral,NEA,2940300,3865950
2025-Q1,Healthcare,HEALTHCARE,Jefe Médico Laboral,NOA,2613600,3436400
2025-Q1,Healthcare,HEALTHCARE,Jefe Médico Laboral,Patagonia,3920400,5154600
2025-Q1,Healthcare,HEALTHCARE,Médico Auditor,Buenos Aires,2456300,3418249.99999999
2025-Q1,Healthcare,HEALTHCARE,Médico Auditor,Cuyo,2087855,2905512.49999999
2025-Q1,Healthcare,HEALTHCARE,Médico Auditor,NEA,2210670,3076424.99999999
2025-Q1,Healthcare,HEALTHCARE,Médico Auditor,NOA,1965040,2734599.99999999
2025-Q1,Healthcare,HEALTHCARE,Médico Auditor,Patagonia,2947560,4101899.99999999
2025-Q1,Healthcare,HEALTHCARE,Médico especialista,Buenos Aires,2178000,3388000
2025-Q1,Healthcare,HEALTHCARE,Médico especialista,Cuyo,1851300,2879800
2025-Q1,Healthcare,HEALTHCARE,Médico especialista,NEA,1960200,3049200
2025-Q1,Healthcare,HEALTHCARE,Médico especialista,NOA,1742400,2710400
2025-Q1,Healthcare,HEALTHCARE,Médico especialista,Patagonia,2613600,4065600
2025-Q1,Healthcare,HEALTHCARE,Odontólogo,Buenos Aires,1500400,2050950
2025-Q1,Healthcare,HEALTHCARE,Odontólogo,Cuyo,1275340,1743307.5
2025-Q1,Healthcare,HEALTHCARE,Odontólogo,NEA,1350360,1845855
2025-Q1,Healthcare,HEALTHCARE,Odontólogo,NOA,1200320,1640760
2025-Q1,Healthcare,HEALTHCARE,Odontólogo,Patagonia,1800480,2461140
2025-Q1,Healthcare,HEALTHCARE,Preparador de Egresos Farmacia,Buenos Aires,1198952.12751875,1875500
2025-Q1,Healthcare,HEALTHCARE,Preparador de Egresos Farmacia,Cuyo,1019109.30839094,1594175
2025-Q1,Healthcare,HEALTHCARE,Preparador de Egresos Farmacia,NEA,1079056.91476688,1687950
2025-Q1,Healthcare,HEALTHCARE,Preparador de Egresos Farmacia,NOA,959161.702015,1500400
2025-Q1,Healthcare,HEALTHCARE,Preparador de Egresos Farmacia,Patagonia,1438742.5530225,2250600
2025-Q1,Healthcare,HEALTHCARE,Product Manager Quirúrgico,Buenos Aires,2044900,4235000
2025-Q1,Healthcare,HEALTHCARE,Product Manager Quirúrgico,Cuyo,1738165,3599750
2025-Q1,Healthcare,HEALTHCARE,Product Manager Quirúrgico,NEA,1840410,3811500
2025-Q1,Healthcare,HEALTHCARE,Product Manager Quirúrgico,NOA,1635920,3388000
2025-Q1,Healthcare,HEALTHCARE,Product Manager Quirúrgico,Patagonia,2453880,5082000
2025-Q1,Healthcare,HEALTHCARE,Supervisor de Enfermeria,Buenos Aires,1754500,2359500
2025-Q1,Healthcare,HEALTHCARE,Supervisor de Enfermeria,Cuyo,1491325,2005575
2025-Q1,Healthcare,HEALTHCARE,Supervisor de Enfermeria,NEA,1579050,2123550
2025-Q1,Healthcare,HEALTHCARE,Supervisor de Enfermeria,NOA,1403600,1887600
2025-Q1,Healthcare,HEALTHCARE,Supervisor de Enfermeria,Patagonia,2105400,2831400
2025-Q1,Healthcare,HEALTHCARE,Supervisor de produccion Farmaceutica,Buenos Aires,2783000,3327500
2025-Q1,Healthcare,HEALTHCARE,Supervisor de produccion Farmaceutica,Cuyo,2365550,2828375
2025-Q1,Healthcare,HEALTHCARE,Supervisor de produccion Farmaceutica,NEA,2504700,2994750
2025-Q1,Healthcare,HEALTHCARE,Supervisor de produccion Farmaceutica,NOA,2226400,2662000
2025-Q1,Healthcare,HEALTHCARE,Supervisor de produccion Farmaceutica,Patagonia,3339600,3993000
2025-Q1,Healthcare,HEALTHCARE,Técnico de Laboratorio,Buenos Aires,1028500,1318900
2025-Q1,Healthcare,HEALTHCARE,Técnico de Laboratorio,Cuyo,874225,1121065
2025-Q1,Healthcare,HEALTHCARE,Técnico de Laboratorio,NEA,925650,1187010
2025-Q1,Healthcare,HEALTHCARE,Técnico de Laboratorio,NOA,822800,1055120
2025-Q1,Healthcare,HEALTHCARE,Técnico de Laboratorio,Patagonia,1234200,1582680
2025-Q1,Healthcare,HEALTHCARE,Técnico Farmacia,Buenos Aires,1197900,1512500
2025-Q1,Healthcare,HEALTHCARE,Técnico Farmacia,Cuyo,1018215,1285625
2025-Q1,Healthcare,HEALTHCARE,Técnico Farmacia,NEA,1078110,1361250
2025-Q1,Healthcare,HEALTHCARE,Técnico Farmacia,NOA,958320,1210000
2025-Q1,Healthcare,HEALTHCARE,Técnico Farmacia,Patagonia,1437480,1815000
2025-Q1,Automotriz,MANTENIMIENTO,Gerente de mantenimiento,Buenos Aires,7788482.625,11921146.875
2025-Q1,Automotriz,MANTENIMIENTO,Gerente de mantenimiento,Cuyo,6853864.71,10490609.25
2025-Q1,Automotriz,MANTENIMIENTO,Gerente de mantenimiento,Litoral,7009634.3625,10729032.1875
2025-Q1,Automotriz,MANTENIMIENTO,Gerente de mantenimiento,NEA,6425498.165625,9834946.171875
2025-Q1,Automotriz,MANTENIMIENTO,Gerente de mantenimiento,NOA,6620210.23125,10132974.84375
2025-Q1,Automotriz,MANTENIMIENTO,Gerente de mantenimiento,Patagonia,9735603.28125,14901433.59375
2025-Q1,Banca & Serv Financieros,MANTENIMIENTO,Gerente de mantenimiento,Buenos Aires,7311636.75,9801831.875
2025-Q1,Banca & Serv Financieros,MANTENIMIENTO,Gerente de mantenimiento,Cuyo,6434240.34,8625612.05
2025-Q1,Banca & Serv Financieros,MANTENIMIENTO,Gerente de mantenimiento,Litoral,6580473.075,8821648.6875
2025-Q1,Banca & Serv Financieros,MANTENIMIENTO,Gerente de mantenimiento,NEA,6032100.31875,8086511.296875
2025-Q1,Banca & Serv Financieros,MANTENIMIENTO,Gerente de mantenimiento,NOA,6214891.2375,8331557.09375
2025-Q1,Banca & Serv Financieros,MANTENIMIENTO,Gerente de mantenimiento,Patagonia,9139545.9375,12252289.84375
2025-Q1,Consumo masivo,MANTENIMIENTO,Gerente de mantenimiento,Buenos Aires,7311636.75,8179231.328125
2025-Q1,Consumo masivo,MANTENIMIENTO,Gerente de mantenimiento,Cuyo,6434240.34,7197723.56875
2025-Q1,Consumo masivo,MANTENIMIENTO,Gerente de mantenimiento,Litoral,6580473.075,7361308.1953125
2025-Q1,Consumo masivo,MANTENIMIENTO,Gerente de mantenimiento,NEA,6032100.31875,6747865.84570313
2025-Q1,Consumo masivo,MANTENIMIENTO,Gerente de mantenimiento,NOA,6214891.2375,6952346.62890625
2025-Q1,Consumo masivo,MANTENIMIENTO,Gerente de mantenimiento,Patagonia,9139545.9375,10224039.1601563
2025-Q1,"Gas, Petróleo y Minería",MANTENIMIENTO,Gerente de mantenimiento,Buenos Aires,8545625,11921146.875
2025-Q1,"Gas, Petróleo y Minería",MANTENIMIENTO,Gerente de mantenimiento,Cuyo,7520150,10490609.25
2025-Q1,"Gas, Petróleo y Minería",MANTENIMIENTO,Gerente de mantenimiento,Litoral,7691062.5,10729032.1875
2025-Q1,"Gas, Petróleo y Minería",MANTENIMIENTO,Gerente de mantenimiento,NEA,7050140.625,9834946.171875
2025-Q1,"Gas, Petróleo y Minería",MANTENIMIENTO,Gerente de mantenimiento,NOA,7263781.25,10132974.84375
2025-Q1,"Gas, Petróleo y Minería",MANTENIMIENTO,Gerente de mantenimiento,Patagonia,10682031.25,14901433.59375
2025-Q1,IT,MANTENIMIENTO,Gerente de mantenimiento,Buenos Aires,0,0
2025-Q1,IT,MANTENIMIENTO,Gerente de mantenimiento,Cuyo,0,0
2025-Q1,IT,MANTENIMIENTO,Gerente de mantenimiento,Litoral,0,0
2025-Q1,IT,MANTENIMIENTO,Gerente de mantenimiento,NEA,0,0
2025-Q1,IT,MANTENIMIENTO,Gerente de mantenimiento,NOA,0,0
2025-Q1,IT,MANTENIMIENTO,Gerente de mantenimiento,Patagonia,0,0
2025-Q1,Lab & Pharma,MANTENIMIENTO,Gerente de mantenimiento,Buenos Aires,7788482.625,10729032.1875
2025-Q1,Lab & Pharma,MANTENIMIENTO,Gerente de mantenimiento,Cuyo,6853864.71,9441548.325
2025-Q1,Lab & Pharma,MANTENIMIENTO,Gerente de mantenimiento,Litoral,7009634.3625,9656128.96875
2025-Q1,Lab & Pharma,MANTENIMIENTO,Gerente de mantenimiento,NEA,6425498.165625,8851451.5546875
2025-Q1,Lab & Pharma,MANTENIMIENTO,Gerente de mantenimiento,NOA,6620210.23125,9119677.359375
2025-Q1,Lab & Pharma,MANTENIMIENTO,Gerente de mantenimiento,Patagonia,9735603.28125,13411290.234375
2025-Q1,Manufactura,MANTENIMIENTO,Gerente de mantenimiento,Buenos Aires,6292000,10043000
2025-Q1,Manufactura,MANTENIMIENTO,Gerente de mantenimiento,Cuyo,5536960,8837840
2025-Q1,Manufactura,MANTENIMIENTO,Gerente de mantenimiento,Litoral,5662800,9038700
2025-Q1,Manufactura,MANTENIMIENTO,Gerente de mantenimiento,NEA,5190900,8285475
2025-Q1,Manufactura,MANTENIMIENTO,Gerente de mantenimiento,NOA,5348200,8536550
2025-Q1,Manufactura,MANTENIMIENTO,Gerente de mantenimiento,Patagonia,7865000,12553750
2025-Q1,Retail & Comercio,MANTENIMIENTO,Gerente de mantenimiento,Buenos Aires,5298287.5,7784397.6453375
2025-Q1,Retail & Comercio,MANTENIMIENTO,Gerente de mantenimiento,Cuyo,4662493,6850269.927897
2025-Q1,Retail & Comercio,MANTENIMIENTO,Gerente de mantenimiento,Litoral,4768458.75,7005957.88080375
2025-Q1,Retail & Comercio,MANTENIMIENTO,Gerente de mantenimiento,NEA,4371087.1875,6422128.05740344
2025-Q1,Retail & Comercio,MANTENIMIENTO,Gerente de mantenimiento,NOA,4503544.375,6616737.99853687
2025-Q1,Retail & Comercio,MANTENIMIENTO,Gerente de mantenimiento,Patagonia,6622859.375,9730497.05667187
2025-Q1,Servicios,MANTENIMIENTO,Gerente de mantenimiento,Buenos Aires,5298287.5,8394481.48
2025-Q1,Servicios,MANTENIMIENTO,Gerente de mantenimiento,Cuyo,4662493,7387143.7024
2025-Q1,Servicios,MANTENIMIENTO,Gerente de mantenimiento,Litoral,4768458.75,7555033.332
2025-Q1,Servicios,MANTENIMIENTO,Gerente de mantenimiento,NEA,4371087.1875,6925447.221
2025-Q1,Servicios,MANTENIMIENTO,Gerente de mantenimiento,NOA,4503544.375,7135309.258
2025-Q1,Servicios,MANTENIMIENTO,Gerente de mantenimiento,Patagonia,6622859.375,10493101.85
2025-Q1,Transporte y logística,MANTENIMIENTO,Gerente de mantenimiento,Buenos Aires,6993739.5,8179231.328125
2025-Q1,Transporte y logística,MANTENIMIENTO,Gerente de mantenimiento,Cuyo,6154490.76,7197723.56875
2025-Q1,Transporte y logística,MANTENIMIENTO,Gerente de mantenimiento,Litoral,6294365.55,7361308.1953125
2025-Q1,Transporte y logística,MANTENIMIENTO,Gerente de mantenimiento,NEA,5769835.0875,6747865.84570313
2025-Q1,Transporte y logística,MANTENIMIENTO,Gerente de mantenimiento,NOA,5944678.575,6952346.62890625
2025-Q1,Transporte y logística,MANTENIMIENTO,Gerente de mantenimiento,Patagonia,8742174.375,10224039.1601563
2025-Q1,Automotriz,MANTENIMIENTO,Ingeniero de mantenimiento,Buenos Aires,3930987.5,5127375
2025-Q1,Automotriz,MANTENIMIENTO,Ingeniero de mantenimiento,Cuyo,3459269,4512090
2025-Q1,Automotriz,MANTENIMIENTO,Ingeniero de mantenimiento,Litoral,3537888.75,4614637.5
2025-Q1,Automotriz,MANTENIMIENTO,Ingeniero de mantenimiento,NEA,3243064.6875,4230084.375
2025-Q1,Automotriz,MANTENIMIENTO,Ingeniero de mantenimiento,NOA,3341339.375,4358268.75
2025-Q1,Automotriz,MANTENIMIENTO,Ingeniero de mantenimiento,Patagonia,4913734.375,6409218.75
2025-Q1,Banca & Serv Financieros,MANTENIMIENTO,Ingeniero de mantenimiento,Buenos Aires,2392775,2905512.5
2025-Q1,Banca & Serv Financieros,MANTENIMIENTO,Ingeniero de mantenimiento,Cuyo,2105642,2556851
2025-Q1,Banca & Serv Financieros,MANTENIMIENTO,Ingeniero de mantenimiento,Litoral,2153497.5,2614961.25
2025-Q1,Banca & Serv Financieros,MANTENIMIENTO,Ingeniero de mantenimiento,NEA,1974039.375,2397047.8125
2025-Q1,Banca & Serv Financieros,MANTENIMIENTO,Ingeniero de mantenimiento,NOA,2033858.75,2469685.625
2025-Q1,Banca & Serv Financieros,MANTENIMIENTO,Ingeniero de mantenimiento,Patagonia,2990968.75,3631890.625
2025-Q1,Consumo masivo,MANTENIMIENTO,Ingeniero de mantenimiento,Buenos Aires,2563687.5,2914058.125
2025-Q1,Consumo masivo,MANTENIMIENTO,Ingeniero de mantenimiento,Cuyo,2256045,2564371.15
2025-Q1,Consumo masivo,MANTENIMIENTO,Ingeniero de mantenimiento,Litoral,2307318.75,2622652.3125
2025-Q1,Consumo masivo,MANTENIMIENTO,Ingeniero de mantenimiento,NEA,2115042.1875,2404097.953125
2025-Q1,Consumo masivo,MANTENIMIENTO,Ingeniero de mantenimiento,NOA,2179134.375,2476949.40625
2025-Q1,Consumo masivo,MANTENIMIENTO,Ingeniero de mantenimiento,Patagonia,3204609.375,3642572.65625
2025-Q1,"Gas, Petróleo y Minería",MANTENIMIENTO,Ingeniero de mantenimiento,Buenos Aires,3930987.5,5127375
2025-Q1,"Gas, Petróleo y Minería",MANTENIMIENTO,Ingeniero de mantenimiento,Cuyo,3459269,4512090
2025-Q1,"Gas, Petróleo y Minería",MANTENIMIENTO,Ingeniero de mantenimiento,Litoral,3537888.75,4614637.5
2025-Q1,"Gas, Petróleo y Minería",MANTENIMIENTO,Ingeniero de mantenimiento,NEA,3243064.6875,4230084.375
2025-Q1,"Gas, Petróleo y Minería",MANTENIMIENTO,Ingeniero de mantenimiento,NOA,3341339.375,4358268.75
2025-Q1,"Gas, Petróleo y Minería",MANTENIMIENTO,Ingeniero de mantenimiento,Patagonia,4913734.375,6409218.75
2025-Q1,IT,MANTENIMIENTO,Ingeniero de mantenimiento,Buenos Aires,0,0
2025-Q1,IT,MANTENIMIENTO,Ingeniero de mantenimiento,Cuyo,0,0
2025-Q1,IT,MANTENIMIENTO,Ingeniero de mantenimiento,Litoral,0,0
2025-Q1,IT,MANTENIMIENTO,Ingeniero de mantenimiento,NEA,0,0
2025-Q1,IT,MANTENIMIENTO,Ingeniero de mantenimiento,NOA,0,0
2025-Q1,IT,MANTENIMIENTO,Ingeniero de mantenimiento,Patagonia,0,0
2025-Q1,Lab & Pharma,MANTENIMIENTO,Ingeniero de mantenimiento,Buenos Aires,2734600,4101900
2025-Q1,Lab & Pharma,MANTENIMIENTO,Ingeniero de mantenimiento,Cuyo,2406448,3609672
2025-Q1,Lab & Pharma,MANTENIMIENTO,Ingeniero de mantenimiento,Litoral,2461140,3691710
2025-Q1,Lab & Pharma,MANTENIMIENTO,Ingeniero de mantenimiento,NEA,2256045,3384067.5
2025-Q1,Lab & Pharma,MANTENIMIENTO,Ingeniero de mantenimiento,NOA,2324410,3486615
2025-Q1,Lab & Pharma,MANTENIMIENTO,Ingeniero de mantenimiento,Patagonia,3418250,5127375
2025-Q1,Manufactura,MANTENIMIENTO,Ingeniero de mantenimiento,Buenos Aires,2563687.5,3418249.99999999
2025-Q1,Manufactura,MANTENIMIENTO,Ingeniero de mantenimiento,Cuyo,2256045,3008059.99999999
2025-Q1,Manufactura,MANTENIMIENTO,Ingeniero de mantenimiento,Litoral,2307318.75,3076424.99999999
2025-Q1,Manufactura,MANTENIMIENTO,Ingeniero de mantenimiento,NEA,2115042.1875,2820056.24999999
2025-Q1,Manufactura,MANTENIMIENTO,Ingeniero de mantenimiento,NOA,2179134.375,2905512.49999999
2025-Q1,Manufactura,MANTENIMIENTO,Ingeniero de mantenimiento,Patagonia,3204609.375,4272812.49999999
2025-Q1,Retail & Comercio,MANTENIMIENTO,Ingeniero de mantenimiento,Buenos Aires,2516686.5625,3178972.49999999
2025-Q1,Retail & Comercio,MANTENIMIENTO,Ingeniero de mantenimiento,Cuyo,2214684.175,2797495.79999999
2025-Q1,Retail & Comercio,MANTENIMIENTO,Ingeniero de mantenimiento,Litoral,2265017.90625,2861075.24999999
2025-Q1,Retail & Comercio,MANTENIMIENTO,Ingeniero de mantenimiento,NEA,2076266.4140625,2622652.31249999
2025-Q1,Retail & Comercio,MANTENIMIENTO,Ingeniero de mantenimiento,NOA,2139183.578125,2702126.62499999
2025-Q1,Retail & Comercio,MANTENIMIENTO,Ingeniero de mantenimiento,Patagonia,3145858.203125,3973715.62499999
2025-Q1,Servicios,MANTENIMIENTO,Ingeniero de mantenimiento,Buenos Aires,2914058.125,3659129.8046875
2025-Q1,Servicios,MANTENIMIENTO,Ingeniero de mantenimiento,Cuyo,2564371.15,3220034.228125
2025-Q1,Servicios,MANTENIMIENTO,Ingeniero de mantenimiento,Litoral,2622652.3125,3293216.82421875
2025-Q1,Servicios,MANTENIMIENTO,Ingeniero de mantenimiento,NEA,2404097.953125,3018782.08886719
2025-Q1,Servicios,MANTENIMIENTO,Ingeniero de mantenimiento,NOA,2476949.40625,3110260.33398438
2025-Q1,Servicios,MANTENIMIENTO,Ingeniero de mantenimiento,Patagonia,3642572.65625,4573912.25585938
2025-Q1,Transporte y logística,MANTENIMIENTO,Ingeniero de mantenimiento,Buenos Aires,2649143.75,3443886.87499999
2025-Q1,Transporte y logística,MANTENIMIENTO,Ingeniero de mantenimiento,Cuyo,2331246.5,3030620.44999999
2025-Q1,Transporte y logística,MANTENIMIENTO,Ingeniero de mantenimiento,Litoral,2384229.375,3099498.18749999
2025-Q1,Transporte y logística,MANTENIMIENTO,Ingeniero de mantenimiento,NEA,2185543.59375,2841206.67187499
2025-Q1,Transporte y logística,MANTENIMIENTO,Ingeniero de mantenimiento,NOA,2251772.1875,2927303.84374999
2025-Q1,Transporte y logística,MANTENIMIENTO,Ingeniero de mantenimiento,Patagonia,3311429.6875,4304858.59374999
2025-Q1,Automotriz,MANTENIMIENTO,Jefe de mantenimiento,Buenos Aires,5981937.49999999,7691062.5
2025-Q1,Automotriz,MANTENIMIENTO,Jefe de mantenimiento,Cuyo,5264104.99999999,6768135
2025-Q1,Automotriz,MANTENIMIENTO,Jefe de mantenimiento,Litoral,5383743.74999999,6921956.25
2025-Q1,Automotriz,MANTENIMIENTO,Jefe de mantenimiento,NEA,4935098.43749999,6345126.5625
2025-Q1,Automotriz,MANTENIMIENTO,Jefe de mantenimiento,NOA,5084646.87499999,6537403.125
2025-Q1,Automotriz,MANTENIMIENTO,Jefe de mantenimiento,Patagonia,7477421.87499999,9613828.125
2025-Q1,Banca & Serv Financieros,MANTENIMIENTO,Jefe de mantenimiento,Buenos Aires,3443886.87499999,5563201.875
2025-Q1,Banca & Serv Financieros,MANTENIMIENTO,Jefe de mantenimiento,Cuyo,3030620.44999999,4895617.65
2025-Q1,Banca & Serv Financieros,MANTENIMIENTO,Jefe de mantenimiento,Litoral,3099498.18749999,5006881.6875
2025-Q1,Banca & Serv Financieros,MANTENIMIENTO,Jefe de mantenimiento,NEA,2841206.67187499,4589641.546875
2025-Q1,Banca & Serv Financieros,MANTENIMIENTO,Jefe de mantenimiento,NOA,2927303.84374999,4728721.59375
2025-Q1,Banca & Serv Financieros,MANTENIMIENTO,Jefe de mantenimiento,Patagonia,4304858.59374999,6954002.34375
2025-Q1,Consumo masivo,MANTENIMIENTO,Jefe de mantenimiento,Buenos Aires,3418249.99999999,4950587.3828125
2025-Q1,Consumo masivo,MANTENIMIENTO,Jefe de mantenimiento,Cuyo,3008059.99999999,4356516.896875
2025-Q1,Consumo masivo,MANTENIMIENTO,Jefe de mantenimiento,Litoral,3076424.99999999,4455528.64453125
2025-Q1,Consumo masivo,MANTENIMIENTO,Jefe de mantenimiento,NEA,2820056.24999999,4084234.59082031
2025-Q1,Consumo masivo,MANTENIMIENTO,Jefe de mantenimiento,NOA,2905512.49999999,4207999.27539063
2025-Q1,Consumo masivo,MANTENIMIENTO,Jefe de mantenimiento,Patagonia,4272812.49999999,6188234.22851563
2025-Q1,"Gas, Petróleo y Minería",MANTENIMIENTO,Jefe de mantenimiento,Buenos Aires,5981937.49999999,7691062.5
2025-Q1,"Gas, Petróleo y Minería",MANTENIMIENTO,Jefe de mantenimiento,Cuyo,5264104.99999999,6768135
2025-Q1,"Gas, Petróleo y Minería",MANTENIMIENTO,Jefe de mantenimiento,Litoral,5383743.74999999,6921956.25
2025-Q1,"Gas, Petróleo y Minería",MANTENIMIENTO,Jefe de mantenimiento,NEA,4935098.43749999,6345126.5625
2025-Q1,"Gas, Petróleo y Minería",MANTENIMIENTO,Jefe de mantenimiento,NOA,5084646.87499999,6537403.125
2025-Q1,"Gas, Petróleo y Minería",MANTENIMIENTO,Jefe de mantenimiento,Patagonia,7477421.87499999,9613828.125
2025-Q1,IT,MANTENIMIENTO,Jefe de mantenimiento,Buenos Aires,0,0
2025-Q1,IT,MANTENIMIENTO,Jefe de mantenimiento,Cuyo,0,0
2025-Q1,IT,MANTENIMIENTO,Jefe de mantenimiento,Litoral,0,0
2025-Q1,IT,MANTENIMIENTO,Jefe de mantenimiento,NEA,0,0
2025-Q1,IT,MANTENIMIENTO,Jefe de mantenimiento,NOA,0,0
2025-Q1,IT,MANTENIMIENTO,Jefe de mantenimiento,Patagonia,0,0
2025-Q1,Lab & Pharma,MANTENIMIENTO,Jefe de mantenimiento,Buenos Aires,4614637.5,6702333.68749999
2025-Q1,Lab & Pharma,MANTENIMIENTO,Jefe de mantenimiento,Cuyo,4060881,5898053.64499999
2025-Q1,Lab & Pharma,MANTENIMIENTO,Jefe de mantenimiento,Litoral,4153173.75,6032100.31874999
2025-Q1,Lab & Pharma,MANTENIMIENTO,Jefe de mantenimiento,NEA,3807075.9375,5529425.29218749
2025-Q1,Lab & Pharma,MANTENIMIENTO,Jefe de mantenimiento,NOA,3922441.875,5696983.63437499
2025-Q1,Lab & Pharma,MANTENIMIENTO,Jefe de mantenimiento,Patagonia,5768296.875,8377917.10937499
2025-Q1,Manufactura,MANTENIMIENTO,Jefe de mantenimiento,Buenos Aires,3760075,5127375
2025-Q1,Manufactura,MANTENIMIENTO,Jefe de mantenimiento,Cuyo,3308866,4512090
2025-Q1,Manufactura,MANTENIMIENTO,Jefe de mantenimiento,Litoral,3384067.5,4614637.5
2025-Q1,Manufactura,MANTENIMIENTO,Jefe de mantenimiento,NEA,3102061.875,4230084.375
2025-Q1,Manufactura,MANTENIMIENTO,Jefe de mantenimiento,NOA,3196063.75,4358268.75
2025-Q1,Manufactura,MANTENIMIENTO,Jefe de mantenimiento,Patagonia,4700093.75,6409218.75
2025-Q1,Retail & Comercio,MANTENIMIENTO,Jefe de mantenimiento,Buenos Aires,3443781,4304853.3
2025-Q1,Retail & Comercio,MANTENIMIENTO,Jefe de mantenimiento,Cuyo,3030527.28,3788270.904
2025-Q1,Retail & Comercio,MANTENIMIENTO,Jefe de mantenimiento,Litoral,3099402.9,3874367.97
2025-Q1,Retail & Comercio,MANTENIMIENTO,Jefe de mantenimiento,NEA,2841119.325,3551503.9725
2025-Q1,Retail & Comercio,MANTENIMIENTO,Jefe de mantenimiento,NOA,2927213.85,3659125.305
2025-Q1,Retail & Comercio,MANTENIMIENTO,Jefe de mantenimiento,Patagonia,4304726.25,5381066.625
2025-Q1,Servicios,MANTENIMIENTO,Jefe de mantenimiento,Buenos Aires,3445211.446875,4950581.9
2025-Q1,Servicios,MANTENIMIENTO,Jefe de mantenimiento,Cuyo,3031786.07325,4356512.072
2025-Q1,Servicios,MANTENIMIENTO,Jefe de mantenimiento,Litoral,3100690.3021875,4455523.71
2025-Q1,Servicios,MANTENIMIENTO,Jefe de mantenimiento,NEA,2842299.44367187,4084230.0675
2025-Q1,Servicios,MANTENIMIENTO,Jefe de mantenimiento,NOA,2928429.72984375,4207994.615
2025-Q1,Servicios,MANTENIMIENTO,Jefe de mantenimiento,Patagonia,4306514.30859375,6188227.375
2025-Q1,Transporte y logística,MANTENIMIENTO,Jefe de mantenimiento,Buenos Aires,3311407,4950581.9
2025-Q1,Transporte y logística,MANTENIMIENTO,Jefe de mantenimiento,Cuyo,2914038.16,4356512.072
2025-Q1,Transporte y logística,MANTENIMIENTO,Jefe de mantenimiento,Litoral,2980266.3,4455523.71
2025-Q1,Transporte y logística,MANTENIMIENTO,Jefe de mantenimiento,NEA,2731910.775,4084230.0675
2025-Q1,Transporte y logística,MANTENIMIENTO,Jefe de mantenimiento,NOA,2814695.95,4207994.615
2025-Q1,Transporte y logística,MANTENIMIENTO,Jefe de mantenimiento,Patagonia,4139258.75,6188227.375
2025-Q1,Automotriz,PRODUCCIÓN,Director de Operaciones,Buenos Aires,10033083.324,13552263.3081
2025-Q1,Automotriz,PRODUCCIÓN,Director de Operaciones,Cuyo,8829113.32512,11925991.711128
2025-Q1,Automotriz,PRODUCCIÓN,Director de Operaciones,Litoral,9029774.9916,12197036.97729
2025-Q1,Automotriz,PRODUCCIÓN,Director de Operaciones,NEA,8277293.7423,11180617.2291825
2025-Q1,Automotriz,PRODUCCIÓN,Director de Operaciones,NOA,8528120.8254,11519423.811885
2025-Q1,Automotriz,PRODUCCIÓN,Director de Operaciones,Patagonia,12541354.155,16940329.135125
2025-Q1,Banca & Serv Financieros,PRODUCCIÓN,Director de Operaciones,Buenos Aires,10497113.4277349,13916497.3266
2025-Q1,Banca & Serv Financieros,PRODUCCIÓN,Director de Operaciones,Cuyo,9237459.81640671,12246517.647408
2025-Q1,Banca & Serv Financieros,PRODUCCIÓN,Director de Operaciones,Litoral,9447402.08496141,12524847.59394
2025-Q1,Banca & Serv Financieros,PRODUCCIÓN,Director de Operaciones,NEA,8660118.57788129,11481110.294445
2025-Q1,Banca & Serv Financieros,PRODUCCIÓN,Director de Operaciones,NOA,8922546.41357467,11829022.72761
2025-Q1,Banca & Serv Financieros,PRODUCCIÓN,Director de Operaciones,Patagonia,13121391.7846686,17395621.65825
2025-Q1,Consumo masivo,PRODUCCIÓN,Director de Operaciones,Buenos Aires,9330767.49132,12325156.9845913
2025-Q1,Consumo masivo,PRODUCCIÓN,Director de Operaciones,Cuyo,8211075.3923616,10846138.1464403
2025-Q1,Consumo masivo,PRODUCCIÓN,Director de Operaciones,Litoral,8397690.742188,11092641.2861322
2025-Q1,Consumo masivo,PRODUCCIÓN,Director de Operaciones,NEA,7697883.180339,10168254.5122878
2025-Q1,Consumo masivo,PRODUCCIÓN,Director de Operaciones,NOA,7931152.367622,10476383.4369026
2025-Q1,Consumo masivo,PRODUCCIÓN,Director de Operaciones,Patagonia,11663459.36415,15406446.2307391
2025-Q1,"Gas, Petróleo y Minería",PRODUCCIÓN,Director de Operaciones,Buenos Aires,10497113.4277349,13916497.3266
2025-Q1,"Gas, Petróleo y Minería",PRODUCCIÓN,Director de Operaciones,Cuyo,9237459.81640671,12246517.647408
2025-Q1,"Gas, Petróleo y Minería",PRODUCCIÓN,Director de Operaciones,Litoral,9447402.08496141,12524847.59394
2025-Q1,"Gas, Petróleo y Minería",PRODUCCIÓN,Director de Operaciones,NEA,8660118.57788129,11481110.294445
2025-Q1,"Gas, Petróleo y Minería",PRODUCCIÓN,Director de Operaciones,NOA,8922546.41357467,11829022.72761
2025-Q1,"Gas, Petróleo y Minería",PRODUCCIÓN,Director de Operaciones,Patagonia,13121391.7846686,17395621.65825
2025-Q1,IT,PRODUCCIÓN,Director de Operaciones,Buenos Aires,10497113.4277349,13916497.3266
2025-Q1,IT,PRODUCCIÓN,Director de Operaciones,Cuyo,9237459.81640671,12246517.647408
2025-Q1,IT,PRODUCCIÓN,Director de Operaciones,Litoral,9447402.08496141,12524847.59394
2025-Q1,IT,PRODUCCIÓN,Director de Operaciones,NEA,8660118.57788129,11481110.294445
2025-Q1,IT,PRODUCCIÓN,Director de Operaciones,NOA,8922546.41357467,11829022.72761
2025-Q1,IT,PRODUCCIÓN,Director de Operaciones,Patagonia,13121391.7846686,17395621.65825
2025-Q1,Lab & Pharma,PRODUCCIÓN,Director de Operaciones,Buenos Aires,10497113.4277349,13916497.3266
2025-Q1,Lab & Pharma,PRODUCCIÓN,Director de Operaciones,Cuyo,9237459.81640671,12246517.647408
2025-Q1,Lab & Pharma,PRODUCCIÓN,Director de Operaciones,Litoral,9447402.08496141,12524847.59394
2025-Q1,Lab & Pharma,PRODUCCIÓN,Director de Operaciones,NEA,8660118.57788129,11481110.294445
2025-Q1,Lab & Pharma,PRODUCCIÓN,Director de Operaciones,NOA,8922546.41357467,11829022.72761
2025-Q1,Lab & Pharma,PRODUCCIÓN,Director de Operaciones,Patagonia,13121391.7846686,17395621.65825
2025-Q1,Manufactura,PRODUCCIÓN,Director de Operaciones,Buenos Aires,10033083.324,13552263.3081
2025-Q1,Manufactura,PRODUCCIÓN,Director de Operaciones,Cuyo,8829113.32512,11925991.711128
2025-Q1,Manufactura,PRODUCCIÓN,Director de Operaciones,Litoral,9029774.9916,12197036.97729
2025-Q1,Manufactura,PRODUCCIÓN,Director de Operaciones,NEA,8277293.7423,11180617.2291825
2025-Q1,Manufactura,PRODUCCIÓN,Director de Operaciones,NOA,8528120.8254,11519423.811885
2025-Q1,Manufactura,PRODUCCIÓN,Director de Operaciones,Patagonia,12541354.155,16940329.135125
2025-Q1,Retail & Comercio,PRODUCCIÓN,Director de Operaciones,Buenos Aires,9330713.6802,12325167.9804
2025-Q1,Retail & Comercio,PRODUCCIÓN,Director de Operaciones,Cuyo,8211028.038576,10846147.822752
2025-Q1,Retail & Comercio,PRODUCCIÓN,Director de Operaciones,Litoral,8397642.31218,11092651.18236
2025-Q1,Retail & Comercio,PRODUCCIÓN,Director de Operaciones,NEA,7697838.786165,10168263.58383
2025-Q1,Retail & Comercio,PRODUCCIÓN,Director de Operaciones,NOA,7931106.62817,10476392.78334
2025-Q1,Retail & Comercio,PRODUCCIÓN,Director de Operaciones,Patagonia,11663392.10025,15406459.9755
2025-Q1,Servicios,PRODUCCIÓN,Director de Operaciones,Buenos Aires,9330713.6802,12325167.9804
2025-Q1,Servicios,PRODUCCIÓN,Director de Operaciones,Cuyo,8211028.038576,10846147.822752
2025-Q1,Servicios,PRODUCCIÓN,Director de Operaciones,Litoral,8397642.31218,11092651.18236
2025-Q1,Servicios,PRODUCCIÓN,Director de Operaciones,NEA,7697838.786165,10168263.58383
2025-Q1,Servicios,PRODUCCIÓN,Director de Operaciones,NOA,7931106.62817,10476392.78334
2025-Q1,Servicios,PRODUCCIÓN,Director de Operaciones,Patagonia,11663392.10025,15406459.9755
2025-Q1,Transporte y logística,PRODUCCIÓN,Director de Operaciones,Buenos Aires,8864177.99619,11708909.58138
2025-Q1,Transporte y logística,PRODUCCIÓN,Director de Operaciones,Cuyo,7800476.6366472,10303840.4316144
2025-Q1,Transporte y logística,PRODUCCIÓN,Director de Operaciones,Litoral,7977760.196571,10538018.623242
2025-Q1,Transporte y logística,PRODUCCIÓN,Director de Operaciones,NEA,7312946.84685675,9659850.4046385
2025-Q1,Transporte y logística,PRODUCCIÓN,Director de Operaciones,NOA,7534551.2967615,9952573.144173
2025-Q1,Transporte y logística,PRODUCCIÓN,Director de Operaciones,Patagonia,11080222.4952375,14636136.976725
2025-Q1,Automotriz,PRODUCCIÓN,Gerente de Planta/producción,Buenos Aires,9272000.1,13245718.7499999
2025-Q1,Automotriz,PRODUCCIÓN,Gerente de Planta/producción,Cuyo,8159360.088,11656232.4999999
2025-Q1,Automotriz,PRODUCCIÓN,Gerente de Planta/producción,Litoral,8344800.09,11921146.8749999
2025-Q1,Automotriz,PRODUCCIÓN,Gerente de Planta/producción,NEA,7649400.0825,10927717.9687499
2025-Q1,Automotriz,PRODUCCIÓN,Gerente de Planta/producción,NOA,7881200.085,11258860.9374999
2025-Q1,Automotriz,PRODUCCIÓN,Gerente de Planta/producción,Patagonia,11590000.125,16557148.4374999
2025-Q1,Consumo masivo,PRODUCCIÓN,Gerente de Planta/producción,Buenos Aires,5298287.5,7784397.6453375
2025-Q1,Consumo masivo,PRODUCCIÓN,Gerente de Planta/producción,Cuyo,4662493,6850269.927897
2025-Q1,Consumo masivo,PRODUCCIÓN,Gerente de Planta/producción,Litoral,4768458.75,7005957.88080375
2025-Q1,Consumo masivo,PRODUCCIÓN,Gerente de Planta/producción,NEA,4371087.1875,6422128.05740344
2025-Q1,Consumo masivo,PRODUCCIÓN,Gerente de Planta/producción,NOA,4503544.375,6616737.99853687
2025-Q1,Consumo masivo,PRODUCCIÓN,Gerente de Planta/producción,Patagonia,6622859.375,9730497.05667187
2025-Q1,"Gas, Petróleo y Minería",PRODUCCIÓN,Gerente de Planta/producción,Buenos Aires,10664940,14014825
2025-Q1,"Gas, Petróleo y Minería",PRODUCCIÓN,Gerente de Planta/producción,Cuyo,9385147.2,12333046
2025-Q1,"Gas, Petróleo y Minería",PRODUCCIÓN,Gerente de Planta/producción,Litoral,9598446,12613342.5
2025-Q1,"Gas, Petróleo y Minería",PRODUCCIÓN,Gerente de Planta/producción,NEA,8798575.5,11562230.625
2025-Q1,"Gas, Petróleo y Minería",PRODUCCIÓN,Gerente de Planta/producción,NOA,9065199,11912601.25
2025-Q1,"Gas, Petróleo y Minería",PRODUCCIÓN,Gerente de Planta/producción,Patagonia,13331175,17518531.25
2025-Q1,IT,PRODUCCIÓN,Gerente de Planta/producción,Buenos Aires,0,0
2025-Q1,IT,PRODUCCIÓN,Gerente de Planta/producción,Cuyo,0,0
2025-Q1,IT,PRODUCCIÓN,Gerente de Planta/producción,Litoral,0,0
2025-Q1,IT,PRODUCCIÓN,Gerente de Planta/producción,NEA,0,0
2025-Q1,IT,PRODUCCIÓN,Gerente de Planta/producción,NOA,0,0
2025-Q1,IT,PRODUCCIÓN,Gerente de Planta/producción,Patagonia,0,0
2025-Q1,Lab & Pharma,PRODUCCIÓN,Gerente de Planta/producción,Buenos Aires,6622850.3,10596575
2025-Q1,Lab & Pharma,PRODUCCIÓN,Gerente de Planta/producción,Cuyo,5828108.264,9324986
2025-Q1,Lab & Pharma,PRODUCCIÓN,Gerente de Planta/producción,Litoral,5960565.27,9536917.5
2025-Q1,Lab & Pharma,PRODUCCIÓN,Gerente de Planta/producción,NEA,5463851.4975,8742174.375
2025-Q1,Lab & Pharma,PRODUCCIÓN,Gerente de Planta/producción,NOA,5629422.755,9007088.75
2025-Q1,Lab & Pharma,PRODUCCIÓN,Gerente de Planta/producción,Patagonia,8278562.875,13245718.75
2025-Q1,Manufactura,PRODUCCIÓN,Gerente de Planta/producción,Buenos Aires,6665587.49999999,10938400
2025-Q1,Manufactura,PRODUCCIÓN,Gerente de Planta/producción,Cuyo,5865716.99999999,9625792
2025-Q1,Manufactura,PRODUCCIÓN,Gerente de Planta/producción,Litoral,5999028.74999999,9844560
2025-Q1,Manufactura,PRODUCCIÓN,Gerente de Planta/producción,NEA,5499109.68749999,9024180
2025-Q1,Manufactura,PRODUCCIÓN,Gerente de Planta/producción,NOA,5665749.37499999,9297640
2025-Q1,Manufactura,PRODUCCIÓN,Gerente de Planta/producción,Patagonia,8331984.37499999,13673000
2025-Q1,Retail & Comercio,PRODUCCIÓN,Gerente de Planta/producción,Buenos Aires,5298287.5,7784401.9
2025-Q1,Retail & Comercio,PRODUCCIÓN,Gerente de Planta/producción,Cuyo,4662493,6850273.672
2025-Q1,Retail & Comercio,PRODUCCIÓN,Gerente de Planta/producción,Litoral,4768458.75,7005961.71
2025-Q1,Retail & Comercio,PRODUCCIÓN,Gerente de Planta/producción,NEA,4371087.1875,6422131.5675
2025-Q1,Retail & Comercio,PRODUCCIÓN,Gerente de Planta/producción,NOA,4503544.375,6616741.615
2025-Q1,Retail & Comercio,PRODUCCIÓN,Gerente de Planta/producción,Patagonia,6622859.375,9730502.375
2025-Q1,Servicios,PRODUCCIÓN,Gerente de Planta/producción,Buenos Aires,7682516.875,9536917.5
2025-Q1,Servicios,PRODUCCIÓN,Gerente de Planta/producción,Cuyo,6760614.85,8392487.4
2025-Q1,Servicios,PRODUCCIÓN,Gerente de Planta/producción,Litoral,6914265.1875,8583225.75
2025-Q1,Servicios,PRODUCCIÓN,Gerente de Planta/producción,NEA,6338076.421875,7867956.9375
2025-Q1,Servicios,PRODUCCIÓN,Gerente de Planta/producción,NOA,6530139.34375,8106379.875
2025-Q1,Servicios,PRODUCCIÓN,Gerente de Planta/producción,Patagonia,9603146.09375,11921146.875
2025-Q1,Transporte y logística,PRODUCCIÓN,Gerente de Planta/producción,Buenos Aires,5033358,8179231.328125
2025-Q1,Transporte y logística,PRODUCCIÓN,Gerente de Planta/producción,Cuyo,4429355.04,7197723.56875
2025-Q1,Transporte y logística,PRODUCCIÓN,Gerente de Planta/producción,Litoral,4530022.2,7361308.1953125
2025-Q1,Transporte y logística,PRODUCCIÓN,Gerente de Planta/producción,NEA,4152520.35,6747865.84570313
2025-Q1,Transporte y logística,PRODUCCIÓN,Gerente de Planta/producción,NOA,4278354.3,6952346.62890625
2025-Q1,Transporte y logística,PRODUCCIÓN,Gerente de Planta/producción,Patagonia,6291697.5,10224039.1601563
2025-Q1,Automotriz,PRODUCCIÓN,Ingeniero de Producción*,Buenos Aires,3178972.49999999,4768458.75
2025-Q1,Automotriz,PRODUCCIÓN,Ingeniero de Producción*,Cuyo,2797495.79999999,4196243.7
2025-Q1,Automotriz,PRODUCCIÓN,Ingeniero de Producción*,Litoral,2861075.24999999,4291612.875
2025-Q1,Automotriz,PRODUCCIÓN,Ingeniero de Producción*,NEA,2622652.31249999,3933978.46875
2025-Q1,Automotriz,PRODUCCIÓN,Ingeniero de Producción*,NOA,2702126.62499999,4053189.9375
2025-Q1,Automotriz,PRODUCCIÓN,Ingeniero de Producción*,Patagonia,3973715.62499999,5960573.4375
2025-Q1,Consumo masivo,PRODUCCIÓN,Ingeniero de Producción*,Buenos Aires,2437212.25,3247337.49999999
2025-Q1,Consumo masivo,PRODUCCIÓN,Ingeniero de Producción*,Cuyo,2144746.78,2857656.99999999
2025-Q1,Consumo masivo,PRODUCCIÓN,Ingeniero de Producción*,Litoral,2193491.025,2922603.74999999
2025-Q1,Consumo masivo,PRODUCCIÓN,Ingeniero de Producción*,NEA,2010700.10625,2679053.43749999
2025-Q1,Consumo masivo,PRODUCCIÓN,Ingeniero de Producción*,NOA,2071630.4125,2760236.87499999
2025-Q1,Consumo masivo,PRODUCCIÓN,Ingeniero de Producción*,Patagonia,3046515.3125,4059171.87499999
2025-Q1,"Gas, Petróleo y Minería",PRODUCCIÓN,Ingeniero de Producción*,Buenos Aires,3657527.5,5469200
2025-Q1,"Gas, Petróleo y Minería",PRODUCCIÓN,Ingeniero de Producción*,Cuyo,3218624.2,4812896
2025-Q1,"Gas, Petróleo y Minería",PRODUCCIÓN,Ingeniero de Producción*,Litoral,3291774.75,4922280
2025-Q1,"Gas, Petróleo y Minería",PRODUCCIÓN,Ingeniero de Producción*,NEA,3017460.1875,4512090
2025-Q1,"Gas, Petróleo y Minería",PRODUCCIÓN,Ingeniero de Producción*,NOA,3108898.375,4648820
2025-Q1,"Gas, Petróleo y Minería",PRODUCCIÓN,Ingeniero de Producción*,Patagonia,4571909.375,6836500
2025-Q1,IT,PRODUCCIÓN,Ingeniero de Producción*,Buenos Aires,0,0
2025-Q1,IT,PRODUCCIÓN,Ingeniero de Producción*,Cuyo,0,0
2025-Q1,IT,PRODUCCIÓN,Ingeniero de Producción*,Litoral,0,0
2025-Q1,IT,PRODUCCIÓN,Ingeniero de Producción*,NEA,0,0
2025-Q1,IT,PRODUCCIÓN,Ingeniero de Producción*,NOA,0,0
2025-Q1,IT,PRODUCCIÓN,Ingeniero de Producción*,Patagonia,0,0
2025-Q1,Lab & Pharma,PRODUCCIÓN,Ingeniero de Producción*,Buenos Aires,2563687.5,3930987.5
2025-Q1,Lab & Pharma,PRODUCCIÓN,Ingeniero de Producción*,Cuyo,2256045,3459269
2025-Q1,Lab & Pharma,PRODUCCIÓN,Ingeniero de Producción*,Litoral,2307318.75,3537888.75
2025-Q1,Lab & Pharma,PRODUCCIÓN,Ingeniero de Producción*,NEA,2115042.1875,3243064.6875
2025-Q1,Lab & Pharma,PRODUCCIÓN,Ingeniero de Producción*,NOA,2179134.375,3341339.375
2025-Q1,Lab & Pharma,PRODUCCIÓN,Ingeniero de Producción*,Patagonia,3204609.375,4913734.375
2025-Q1,Manufactura,PRODUCCIÓN,Ingeniero de Producción*,Buenos Aires,2563687.5,3418249.99999999
2025-Q1,Manufactura,PRODUCCIÓN,Ingeniero de Producción*,Cuyo,2256045,3008059.99999999
2025-Q1,Manufactura,PRODUCCIÓN,Ingeniero de Producción*,Litoral,2307318.75,3076424.99999999
2025-Q1,Manufactura,PRODUCCIÓN,Ingeniero de Producción*,NEA,2115042.1875,2820056.24999999
2025-Q1,Manufactura,PRODUCCIÓN,Ingeniero de Producción*,NOA,2179134.375,2905512.49999999
2025-Q1,Manufactura,PRODUCCIÓN,Ingeniero de Producción*,Patagonia,3204609.375,4272812.49999999
2025-Q1,Retail & Comercio,PRODUCCIÓN,Ingeniero de Producción*,Buenos Aires,2516686.5625,3178972.49999999
2025-Q1,Retail & Comercio,PRODUCCIÓN,Ingeniero de Producción*,Cuyo,2214684.175,2797495.79999999
2025-Q1,Retail & Comercio,PRODUCCIÓN,Ingeniero de Producción*,Litoral,2265017.90625,2861075.24999999
2025-Q1,Retail & Comercio,PRODUCCIÓN,Ingeniero de Producción*,NEA,2076266.4140625,2622652.31249999
2025-Q1,Retail & Comercio,PRODUCCIÓN,Ingeniero de Producción*,NOA,2139183.578125,2702126.62499999
2025-Q1,Retail & Comercio,PRODUCCIÓN,Ingeniero de Producción*,Patagonia,3145858.203125,3973715.62499999
2025-Q1,Servicios,PRODUCCIÓN,Ingeniero de Producción*,Buenos Aires,2392775,3247337.49999999
2025-Q1,Servicios,PRODUCCIÓN,Ingeniero de Producción*,Cuyo,2105642,2857656.99999999
2025-Q1,Servicios,PRODUCCIÓN,Ingeniero de Producción*,Litoral,2153497.5,2922603.74999999
2025-Q1,Servicios,PRODUCCIÓN,Ingeniero de Producción*,NEA,1974039.375,2679053.43749999
2025-Q1,Servicios,PRODUCCIÓN,Ingeniero de Producción*,NOA,2033858.75,2760236.87499999
2025-Q1,Servicios,PRODUCCIÓN,Ingeniero de Producción*,Patagonia,2990968.75,4059171.87499999
2025-Q1,Transporte y logística,PRODUCCIÓN,Ingeniero de Producción*,Buenos Aires,2251761.6,2914043
2025-Q1,Transporte y logística,PRODUCCIÓN,Ingeniero de Producción*,Cuyo,1981550.208,2564357.84
2025-Q1,Transporte y logística,PRODUCCIÓN,Ingeniero de Producción*,Litoral,2026585.44,2622638.7
2025-Q1,Transporte y logística,PRODUCCIÓN,Ingeniero de Producción*,NEA,1857703.32,2404085.475
2025-Q1,Transporte y logística,PRODUCCIÓN,Ingeniero de Producción*,NOA,1913997.36,2476936.55
2025-Q1,Transporte y logística,PRODUCCIÓN,Ingeniero de Producción*,Patagonia,2814702,3642553.75
2025-Q1,Automotriz,PRODUCCIÓN,Jefe de Producción,Buenos Aires,5563201.875,8477260
2025-Q1,Automotriz,PRODUCCIÓN,Jefe de Producción,Cuyo,4895617.65,7459988.8
2025-Q1,Automotriz,PRODUCCIÓN,Jefe de Producción,Litoral,5006881.6875,7629534
2025-Q1,Automotriz,PRODUCCIÓN,Jefe de Producción,NEA,4589641.546875,6993739.5
2025-Q1,Automotriz,PRODUCCIÓN,Jefe de Producción,NOA,4728721.59375,7205671
2025-Q1,Automotriz,PRODUCCIÓN,Jefe de Producción,Patagonia,6954002.34375,10596575
2025-Q1,Consumo masivo,PRODUCCIÓN,Jefe de Producción,Buenos Aires,3247337.49999999,4614637.5
2025-Q1,Consumo masivo,PRODUCCIÓN,Jefe de Producción,Cuyo,2857656.99999999,4060881
2025-Q1,Consumo masivo,PRODUCCIÓN,Jefe de Producción,Litoral,2922603.74999999,4153173.75
2025-Q1,Consumo masivo,PRODUCCIÓN,Jefe de Producción,NEA,2679053.43749999,3807075.9375
2025-Q1,Consumo masivo,PRODUCCIÓN,Jefe de Producción,NOA,2760236.87499999,3922441.875
2025-Q1,Consumo masivo,PRODUCCIÓN,Jefe de Producción,Patagonia,4059171.87499999,5768296.875
2025-Q1,"Gas, Petróleo y Minería",PRODUCCIÓN,Jefe de Producción,Buenos Aires,6234887.99999999,10357974
2025-Q1,"Gas, Petróleo y Minería",PRODUCCIÓN,Jefe de Producción,Cuyo,5486701.43999999,9115017.12
2025-Q1,"Gas, Petróleo y Minería",PRODUCCIÓN,Jefe de Producción,Litoral,5611399.19999999,9322176.6
2025-Q1,"Gas, Petróleo y Minería",PRODUCCIÓN,Jefe de Producción,NEA,5143782.59999999,8545328.55
2025-Q1,"Gas, Petróleo y Minería",PRODUCCIÓN,Jefe de Producción,NOA,5299654.79999999,8804277.9
2025-Q1,"Gas, Petróleo y Minería",PRODUCCIÓN,Jefe de Producción,Patagonia,7793609.99999999,12947467.5
2025-Q1,IT,PRODUCCIÓN,Jefe de Producción,Buenos Aires,0,0
2025-Q1,IT,PRODUCCIÓN,Jefe de Producción,Cuyo,0,0
2025-Q1,IT,PRODUCCIÓN,Jefe de Producción,Litoral,0,0
2025-Q1,IT,PRODUCCIÓN,Jefe de Producción,NEA,0,0
2025-Q1,IT,PRODUCCIÓN,Jefe de Producción,NOA,0,0
2025-Q1,IT,PRODUCCIÓN,Jefe de Producción,Patagonia,0,0
2025-Q1,Lab & Pharma,PRODUCCIÓN,Jefe de Producción,Buenos Aires,4443725,5981937.49999999
2025-Q1,Lab & Pharma,PRODUCCIÓN,Jefe de Producción,Cuyo,3910478,5264104.99999999
2025-Q1,Lab & Pharma,PRODUCCIÓN,Jefe de Producción,Litoral,3999352.5,5383743.74999999
2025-Q1,Lab & Pharma,PRODUCCIÓN,Jefe de Producción,NEA,3666073.125,4935098.43749999
2025-Q1,Lab & Pharma,PRODUCCIÓN,Jefe de Producción,NOA,3777166.25,5084646.87499999
2025-Q1,Lab & Pharma,PRODUCCIÓN,Jefe de Producción,Patagonia,5554656.25,7477421.87499999
2025-Q1,Manufactura,PRODUCCIÓN,Jefe de Producción,Buenos Aires,3589162.5,4956462.5
2025-Q1,Manufactura,PRODUCCIÓN,Jefe de Producción,Cuyo,3158463,4361687
2025-Q1,Manufactura,PRODUCCIÓN,Jefe de Producción,Litoral,3230246.25,4460816.25
2025-Q1,Manufactura,PRODUCCIÓN,Jefe de Producción,NEA,2961059.0625,4089081.5625
2025-Q1,Manufactura,PRODUCCIÓN,Jefe de Producción,NOA,3050788.125,4212993.125
2025-Q1,Manufactura,PRODUCCIÓN,Jefe de Producción,Patagonia,4486453.125,6195578.125
2025-Q1,Retail & Comercio,PRODUCCIÓN,Jefe de Producción,Buenos Aires,3443889.9,4304853.3
2025-Q1,Retail & Comercio,PRODUCCIÓN,Jefe de Producción,Cuyo,3030623.112,3788270.904
2025-Q1,Retail & Comercio,PRODUCCIÓN,Jefe de Producción,Litoral,3099500.91,3874367.97
2025-Q1,Retail & Comercio,PRODUCCIÓN,Jefe de Producción,NEA,2841209.1675,3551503.9725
2025-Q1,Retail & Comercio,PRODUCCIÓN,Jefe de Producción,NOA,2927306.415,3659125.305
2025-Q1,Retail & Comercio,PRODUCCIÓN,Jefe de Producción,Patagonia,4304862.375,5381066.625
2025-Q1,Servicios,PRODUCCIÓN,Jefe de Producción,Buenos Aires,5298287.5,7576536
2025-Q1,Servicios,PRODUCCIÓN,Jefe de Producción,Cuyo,4662493,6667351.68
2025-Q1,Servicios,PRODUCCIÓN,Jefe de Producción,Litoral,4768458.75,6818882.4
2025-Q1,Servicios,PRODUCCIÓN,Jefe de Producción,NEA,4371087.1875,6250642.2
2025-Q1,Servicios,PRODUCCIÓN,Jefe de Producción,NOA,4503544.375,6440055.6
2025-Q1,Servicios,PRODUCCIÓN,Jefe de Producción,Patagonia,6622859.375,9470670
2025-Q1,Transporte y logística,PRODUCCIÓN,Jefe de Producción,Buenos Aires,3311407,4950587.3828125
2025-Q1,Transporte y logística,PRODUCCIÓN,Jefe de Producción,Cuyo,2914038.16,4356516.896875
2025-Q1,Transporte y logística,PRODUCCIÓN,Jefe de Producción,Litoral,2980266.3,4455528.64453125
2025-Q1,Transporte y logística,PRODUCCIÓN,Jefe de Producción,NEA,2731910.775,4084234.59082031
2025-Q1,Transporte y logística,PRODUCCIÓN,Jefe de Producción,NOA,2814695.95,4207999.27539063
2025-Q1,Transporte y logística,PRODUCCIÓN,Jefe de Producción,Patagonia,4139258.75,6188234.22851563
