Date,Product,Country,Store,Quantity,Unit_Price,Unit_Cost
2023-01-01,Keyboard,Spain,Store_A,7,80,40
2023-01-01,Monitor,Argentina,Store_C,3,300,200
2023-01-01,Keyboard,USA,Store_A,1,80,40
2023-01-01,Headset,Spain,Store_C,7,100,60
2023-01-01,Mouse,Spain,Store_C,8,50,20
2023-01-01,Monitor,Spain,Store_C,1,300,200
2023-01-01,Monitor,Spain,Store_A,10,300,200
2023-01-01,Keyboard,Spain,Store_A,6,80,40
2023-01-01,Keyboard,USA,Store_C,6,80,40
2023-01-02,Monitor,Argentina,Store_A,2,300,200
2023-01-02,Mouse,Spain,Store_A,1,50,20
2023-01-02,Laptop,Argentina,Store_A,10,1200,800
2023-01-02,Monitor,USA,Store_A,2,300,200
2023-01-02,Laptop,USA,Store_A,8,1200,800
2023-01-02,Laptop,USA,Store_B,9,1200,800
2023-01-02,Mouse,Spain,Store_B,7,50,20
2023-01-02,Monitor,USA,Store_B,7,300,200
2023-01-02,Headset,Argentina,Store_A,4,100,60
2023-01-03,Keyboard,USA,Store_A,9,80,40
2023-01-03,Headset,Argentina,Store_C,8,100,60
2023-01-03,Monitor,USA,Store_C,10,300,200
2023-01-03,Keyboard,Argentina,Store_A,9,80,40
2023-01-03,Headset,Argentina,Store_B,8,100,60
2023-01-03,Monitor,Spain,Store_A,9,300,200
2023-01-04,Monitor,Spain,Store_A,1,300,200
2023-01-04,Keyboard,Argentina,Store_A,4,80,40
2023-01-04,Mouse,Spain,Store_B,1,50,20
2023-01-04,Mouse,Spain,Store_B,6,50,20
2023-01-04,Monitor,Argentina,Store_B,3,300,200
2023-01-04,Headset,Spain,Store_C,9,100,60
2023-01-04,Monitor,Argentina,Store_A,5,300,200
2023-01-05,Headset,Argentina,Store_A,3,100,60
2023-01-05,Keyboard,USA,Store_C,1,80,40
2023-01-05,Laptop,Argentina,Store_B,3,1200,800
2023-01-05,Keyboard,Argentina,Store_B,6,80,40
2023-01-05,Mouse,Spain,Store_C,3,50,20
2023-01-05,Mouse,Spain,Store_A,6,50,20
2023-01-05,Headset,USA,Store_A,9,100,60
2023-01-05,Monitor,Argentina,Store_B,2,300,200
2023-01-05,Keyboard,Argentina,Store_A,3,80,40
2023-01-05,Headset,Spain,Store_B,1,100,60
2023-01-06,Laptop,Spain,Store_B,3,1200,800
2023-01-06,Keyboard,USA,Store_C,4,80,40
2023-01-06,Headset,USA,Store_B,1,100,60
2023-01-06,Keyboard,Argentina,Store_A,9,80,40
2023-01-06,Monitor,Argentina,Store_C,1,300,200
2023-01-06,Headset,Spain,Store_A,6,100,60
2023-01-07,Headset,Spain,Store_A,5,100,60
2023-01-07,Keyboard,Argentina,Store_C,1,80,40
2023-01-07,Monitor,Spain,Store_C,6,300,200
2023-01-07,Headset,Argentina,Store_C,1,100,60
2023-01-07,Headset,Spain,Store_B,9,100,60
2023-01-07,Mouse,USA,Store_B,6,50,20
2023-01-07,Laptop,USA,Store_B,4,1200,800
2023-01-07,Keyboard,Spain,Store_C,3,80,40
2023-01-08,Headset,Spain,Store_C,5,100,60
2023-01-08,Keyboard,USA,Store_A,5,80,40
2023-01-08,Laptop,Argentina,Store_C,1,1200,800
2023-01-08,Keyboard,USA,Store_A,4,80,40
2023-01-08,Headset,USA,Store_B,2,100,60
2023-01-08,Mouse,Argentina,Store_B,2,50,20
2023-01-08,Mouse,Argentina,Store_C,8,50,20
2023-01-08,Mouse,USA,Store_B,10,50,20
2023-01-08,Monitor,Argentina,Store_A,2,300,200
2023-01-08,Mouse,USA,Store_A,4,50,20
2023-01-08,Laptop,Argentina,Store_A,4,1200,800
2023-01-09,Keyboard,Spain,Store_B,2,80,40
2023-01-09,Laptop,Argentina,Store_B,10,1200,800
2023-01-09,Monitor,Argentina,Store_C,2,300,200
2023-01-09,Keyboard,Spain,Store_A,7,80,40
2023-01-09,Headset,Spain,Store_B,7,100,60
2023-01-09,Headset,Spain,Store_C,7,100,60
2023-01-09,Monitor,Spain,Store_B,9,300,200
2023-01-09,Laptop,Argentina,Store_B,5,1200,800
2023-01-09,Keyboard,Argentina,Store_A,1,80,40
2023-01-09,Mouse,Spain,Store_A,6,50,20
2023-01-09,Headset,Argentina,Store_A,5,100,60
2023-01-10,Laptop,Spain,Store_B,8,1200,800
2023-01-10,Keyboard,Argentina,Store_A,8,80,40
2023-01-10,Headset,Argentina,Store_C,7,100,60
2023-01-10,Laptop,Argentina,Store_B,2,1200,800
2023-01-10,Mouse,USA,Store_A,8,50,20
2023-01-10,Monitor,Argentina,Store_B,1,300,200
2023-01-10,Monitor,USA,Store_B,3,300,200
2023-01-10,Headset,Argentina,Store_A,10,100,60
2023-01-10,Laptop,Argentina,Store_C,4,1200,800
2023-01-11,Mouse,USA,Store_C,8,50,20
2023-01-11,Laptop,USA,Store_A,10,1200,800
2023-01-11,Keyboard,Spain,Store_C,2,80,40
2023-01-11,Keyboard,Spain,Store_A,9,80,40
2023-01-11,Monitor,USA,Store_B,3,300,200
2023-01-12,Laptop,USA,Store_B,10,1200,800
2023-01-12,Laptop,USA,Store_B,3,1200,800
2023-01-12,Keyboard,Argentina,Store_B,3,80,40
2023-01-12,Headset,USA,Store_B,3,100,60
2023-01-12,Headset,USA,Store_C,1,100,60
2023-01-12,Mouse,Spain,Store_C,7,50,20
2023-01-12,Headset,USA,Store_A,1,100,60
2023-01-13,Laptop,USA,Store_A,10,1200,800
2023-01-13,Monitor,Argentina,Store_A,3,300,200
2023-01-13,Monitor,Spain,Store_C,2,300,200
2023-01-13,Mouse,USA,Store_C,4,50,20
2023-01-13,Laptop,Argentina,Store_B,10,1200,800
2023-01-13,Keyboard,USA,Store_A,2,80,40
2023-01-13,Mouse,Spain,Store_B,4,50,20
2023-01-13,Mouse,Argentina,Store_C,4,50,20
2023-01-14,Laptop,Spain,Store_C,1,1200,800
2023-01-14,Mouse,Argentina,Store_A,10,50,20
2023-01-14,Mouse,Spain,Store_B,7,50,20
2023-01-14,Monitor,Spain,Store_B,5,300,200
2023-01-14,Keyboard,Spain,Store_B,8,80,40
2023-01-14,Mouse,Spain,Store_A,3,50,20
2023-01-14,Mouse,USA,Store_B,5,50,20
2023-01-15,Mouse,USA,Store_A,1,50,20
2023-01-15,Laptop,Argentina,Store_B,8,1200,800
2023-01-15,Keyboard,Argentina,Store_A,8,80,40
2023-01-15,Headset,USA,Store_C,8,100,60
2023-01-16,Laptop,Spain,Store_B,9,1200,800
2023-01-16,Monitor,USA,Store_A,4,300,200
2023-01-16,Laptop,Argentina,Store_A,1,1200,800
2023-01-16,Mouse,Argentina,Store_B,10,50,20
2023-01-16,Headset,USA,Store_A,4,100,60
2023-01-16,Headset,Spain,Store_A,5,100,60
2023-01-17,Monitor,USA,Store_A,1,300,200
2023-01-17,Keyboard,USA,Store_A,2,80,40
2023-01-17,Keyboard,Argentina,Store_B,10,80,40
2023-01-18,Mouse,Spain,Store_C,3,50,20
2023-01-18,Laptop,Argentina,Store_B,3,1200,800
2023-01-18,Mouse,USA,Store_B,10,50,20
2023-01-18,Keyboard,Argentina,Store_A,10,80,40
2023-01-18,Laptop,Spain,Store_C,6,1200,800
2023-01-18,Headset,Spain,Store_C,1,100,60
2023-01-18,Mouse,Spain,Store_B,4,50,20
2023-01-19,Headset,Spain,Store_C,10,100,60
2023-01-19,Keyboard,Argentina,Store_A,6,80,40
2023-01-19,Keyboard,Argentina,Store_A,3,80,40
2023-01-19,Keyboard,Argentina,Store_C,9,80,40
2023-01-19,Mouse,USA,Store_A,8,50,20
2023-01-20,Headset,Spain,Store_C,1,100,60
2023-01-20,Laptop,Argentina,Store_A,10,1200,800
2023-01-20,Headset,Argentina,Store_A,9,100,60
2023-01-20,Monitor,Argentina,Store_A,8,300,200
2023-01-20,Monitor,Argentina,Store_B,9,300,200
2023-01-21,Monitor,USA,Store_C,8,300,200
2023-01-21,Monitor,Spain,Store_A,10,300,200
2023-01-21,Keyboard,Argentina,Store_C,9,80,40
2023-01-21,Mouse,USA,Store_A,1,50,20
2023-01-21,Headset,USA,Store_A,8,100,60
2023-01-21,Laptop,USA,Store_B,3,1200,800
2023-01-21,Headset,USA,Store_C,1,100,60
2023-01-21,Headset,USA,Store_A,1,100,60
2023-01-21,Mouse,Argentina,Store_A,1,50,20
2023-01-21,Headset,Spain,Store_A,1,100,60
2023-01-21,Headset,USA,Store_A,10,100,60
2023-01-21,Laptop,Argentina,Store_C,9,1200,800
2023-01-22,Mouse,Spain,Store_B,10,50,20
2023-01-22,Headset,Argentina,Store_B,8,100,60
2023-01-22,Headset,Argentina,Store_A,1,100,60
2023-01-22,Monitor,Argentina,Store_B,10,300,200
2023-01-22,Mouse,Spain,Store_B,5,50,20
2023-01-22,Monitor,USA,Store_A,7,300,200
2023-01-22,Mouse,Argentina,Store_A,4,50,20
2023-01-22,Laptop,Argentina,Store_B,4,1200,800
2023-01-22,Keyboard,USA,Store_C,7,80,40
2023-01-23,Monitor,Spain,Store_C,5,300,200
2023-01-23,Laptop,Spain,Store_C,5,1200,800
2023-01-23,Mouse,USA,Store_A,1,50,20
2023-01-23,Headset,USA,Store_A,1,100,60
2023-01-23,Laptop,Spain,Store_C,4,1200,800
2023-01-23,Laptop,Argentina,Store_B,8,1200,800
2023-01-23,Headset,Argentina,Store_B,6,100,60
2023-01-23,Keyboard,USA,Store_A,7,80,40
2023-01-24,Mouse,Argentina,Store_B,3,50,20
2023-01-24,Keyboard,USA,Store_C,2,80,40
2023-01-24,Monitor,Argentina,Store_C,5,300,200
2023-01-24,Keyboard,Argentina,Store_C,5,80,40
2023-01-24,Monitor,USA,Store_B,5,300,200
2023-01-24,Headset,USA,Store_B,7,100,60
2023-01-24,Mouse,USA,Store_A,8,50,20
2023-01-24,Headset,USA,Store_A,2,100,60
2023-01-24,Keyboard,USA,Store_B,4,80,40
2023-01-24,Keyboard,USA,Store_A,2,80,40
2023-01-24,Monitor,Spain,Store_B,2,300,200
2023-01-25,Monitor,Argentina,Store_B,3,300,200
2023-01-25,Laptop,Argentina,Store_B,5,1200,800
2023-01-25,Monitor,USA,Store_B,4,300,200
2023-01-25,Headset,Argentina,Store_B,8,100,60
2023-01-25,Keyboard,Spain,Store_A,10,80,40
2023-01-26,Keyboard,Argentina,Store_A,5,80,40
2023-01-26,Laptop,Spain,Store_C,2,1200,800
2023-01-26,Keyboard,USA,Store_A,1,80,40
2023-01-26,Keyboard,Argentina,Store_C,6,80,40
2023-01-26,Mouse,USA,Store_A,10,50,20
2023-01-26,Keyboard,Spain,Store_A,1,80,40
2023-01-26,Monitor,Spain,Store_C,3,300,200
2023-01-27,Keyboard,Spain,Store_A,7,80,40
2023-01-27,Laptop,Spain,Store_C,6,1200,800
2023-01-28,Mouse,USA,Store_A,7,50,20
2023-01-28,Headset,USA,Store_B,1,100,60
2023-01-28,Keyboard,USA,Store_A,2,80,40
2023-01-28,Headset,Spain,Store_B,10,100,60
2023-01-29,Laptop,USA,Store_B,2,1200,800
2023-01-29,Laptop,USA,Store_B,8,1200,800
2023-01-29,Headset,USA,Store_B,9,100,60
2023-01-29,Keyboard,Argentina,Store_A,2,80,40
2023-01-29,Headset,Argentina,Store_C,7,100,60
2023-01-29,Headset,USA,Store_A,5,100,60
2023-01-30,Keyboard,Argentina,Store_C,6,80,40
2023-01-30,Laptop,USA,Store_B,9,1200,800
2023-01-30,Mouse,Argentina,Store_C,7,50,20
2023-01-30,Keyboard,Argentina,Store_B,2,80,40
2023-01-30,Keyboard,Argentina,Store_B,2,80,40
2023-01-30,Mouse,USA,Store_A,1,50,20
2023-01-30,Laptop,USA,Store_A,9,1200,800
2023-01-30,Mouse,Spain,Store_C,2,50,20
2023-01-30,Laptop,Argentina,Store_A,1,1200,800
2023-01-30,Mouse,Argentina,Store_B,3,50,20
2023-01-30,Keyboard,Spain,Store_C,3,80,40
2023-01-31,Headset,USA,Store_C,3,100,60
2023-01-31,Mouse,USA,Store_C,5,50,20
2023-01-31,Mouse,Spain,Store_C,4,50,20
2023-01-31,Mouse,Spain,Store_C,7,50,20
2023-01-31,Headset,USA,Store_B,10,100,60
2023-01-31,Laptop,Spain,Store_C,5,1200,800
2023-01-31,Keyboard,USA,Store_A,2,80,40
2023-01-31,Laptop,Spain,Store_C,1,1200,800
2023-02-01,Laptop,USA,Store_A,5,1200,800
2023-02-01,Monitor,Argentina,Store_C,7,300,200
2023-02-01,Laptop,USA,Store_A,10,1200,800
2023-02-01,Mouse,Spain,Store_C,6,50,20
2023-02-01,Monitor,Spain,Store_C,8,300,200
2023-02-02,Laptop,Spain,Store_C,7,1200,800
2023-02-02,Headset,USA,Store_A,7,100,60
2023-02-02,Monitor,USA,Store_B,2,300,200
2023-02-02,Keyboard,USA,Store_B,7,80,40
2023-02-02,Headset,USA,Store_A,9,100,60
2023-02-02,Laptop,Spain,Store_A,5,1200,800
2023-02-02,Monitor,Argentina,Store_B,9,300,200
2023-02-03,Monitor,Argentina,Store_B,2,300,200
2023-02-03,Headset,Argentina,Store_A,3,100,60
2023-02-03,Keyboard,USA,Store_A,2,80,40
2023-02-03,Laptop,USA,Store_A,9,1200,800
2023-02-03,Keyboard,Spain,Store_A,10,80,40
2023-02-04,Mouse,Argentina,Store_B,1,50,20
2023-02-04,Laptop,Spain,Store_C,1,1200,800
2023-02-04,Headset,Spain,Store_B,10,100,60
2023-02-04,Laptop,USA,Store_A,4,1200,800
2023-02-04,Headset,Spain,Store_B,4,100,60
2023-02-04,Mouse,Spain,Store_C,1,50,20
2023-02-05,Laptop,Argentina,Store_A,9,1200,800
2023-02-05,Headset,Argentina,Store_C,6,100,60
2023-02-05,Monitor,Argentina,Store_B,3,300,200
2023-02-05,Laptop,Argentina,Store_A,6,1200,800
2023-02-05,Headset,Argentina,Store_C,8,100,60
2023-02-06,Headset,Spain,Store_B,3,100,60
2023-02-06,Keyboard,Argentina,Store_A,1,80,40
2023-02-06,Headset,Argentina,Store_B,9,100,60
2023-02-06,Keyboard,Argentina,Store_C,10,80,40
2023-02-06,Laptop,Argentina,Store_A,3,1200,800
2023-02-06,Monitor,Argentina,Store_C,7,300,200
2023-02-06,Mouse,Spain,Store_A,3,50,20
2023-02-06,Laptop,Spain,Store_B,5,1200,800
2023-02-06,Mouse,Argentina,Store_A,2,50,20
2023-02-06,Headset,Spain,Store_C,7,100,60
2023-02-06,Mouse,Spain,Store_A,3,50,20
2023-02-07,Monitor,USA,Store_B,1,300,200
2023-02-07,Mouse,Spain,Store_A,4,50,20
2023-02-07,Headset,Argentina,Store_B,1,100,60
2023-02-07,Headset,Argentina,Store_B,6,100,60
2023-02-07,Laptop,Argentina,Store_C,7,1200,800
2023-02-08,Laptop,Argentina,Store_C,7,1200,800
2023-02-08,Headset,Argentina,Store_C,1,100,60
2023-02-08,Headset,USA,Store_C,10,100,60
2023-02-08,Headset,Spain,Store_A,3,100,60
2023-02-08,Keyboard,Argentina,Store_C,1,80,40
2023-02-08,Laptop,Spain,Store_C,1,1200,800
2023-02-08,Keyboard,Spain,Store_A,1,80,40
2023-02-08,Keyboard,Argentina,Store_A,7,80,40
2023-02-08,Mouse,USA,Store_C,10,50,20
2023-02-08,Headset,USA,Store_A,10,100,60
2023-02-08,Headset,Spain,Store_B,9,100,60
2023-02-08,Monitor,Argentina,Store_C,6,300,200
2023-02-09,Monitor,Spain,Store_C,10,300,200
2023-02-09,Keyboard,Argentina,Store_C,2,80,40
2023-02-09,Keyboard,Spain,Store_A,3,80,40
2023-02-09,Keyboard,USA,Store_B,4,80,40
2023-02-09,Monitor,USA,Store_A,9,300,200
2023-02-09,Mouse,Spain,Store_C,3,50,20
2023-02-10,Laptop,USA,Store_C,3,1200,800
2023-02-10,Headset,Argentina,Store_B,10,100,60
2023-02-11,Laptop,Argentina,Store_B,10,1200,800
2023-02-11,Monitor,Argentina,Store_C,8,300,200
2023-02-11,Monitor,USA,Store_A,10,300,200
2023-02-11,Laptop,Spain,Store_A,10,1200,800
2023-02-11,Headset,Spain,Store_B,4,100,60
2023-02-12,Keyboard,Argentina,Store_B,8,80,40
2023-02-12,Laptop,USA,Store_A,1,1200,800
2023-02-12,Laptop,USA,Store_A,2,1200,800
2023-02-12,Keyboard,Argentina,Store_B,1,80,40
2023-02-12,Laptop,Spain,Store_B,7,1200,800
2023-02-12,Laptop,Spain,Store_B,6,1200,800
2023-02-12,Keyboard,Argentina,Store_A,2,80,40
2023-02-13,Mouse,Spain,Store_A,3,50,20
2023-02-13,Monitor,Argentina,Store_A,9,300,200
2023-02-13,Mouse,Spain,Store_A,10,50,20
2023-02-13,Mouse,Argentina,Store_A,8,50,20
2023-02-13,Laptop,Argentina,Store_A,3,1200,800
2023-02-13,Monitor,Argentina,Store_A,2,300,200
2023-02-14,Headset,USA,Store_C,8,100,60
2023-02-14,Mouse,USA,Store_A,1,50,20
2023-02-14,Mouse,Argentina,Store_C,3,50,20
2023-02-14,Keyboard,USA,Store_B,2,80,40
2023-02-14,Headset,USA,Store_C,4,100,60
2023-02-15,Keyboard,Argentina,Store_A,8,80,40
2023-02-15,Keyboard,Spain,Store_A,5,80,40
2023-02-15,Headset,USA,Store_C,8,100,60
2023-02-15,Monitor,Spain,Store_A,3,300,200
2023-02-15,Mouse,Spain,Store_B,3,50,20
2023-02-15,Laptop,USA,Store_C,9,1200,800
2023-02-15,Headset,USA,Store_A,3,100,60
2023-02-15,Laptop,Spain,Store_C,5,1200,800
2023-02-15,Keyboard,Argentina,Store_B,6,80,40
2023-02-15,Monitor,Argentina,Store_C,9,300,200
2023-02-16,Mouse,Spain,Store_C,1,50,20
2023-02-16,Mouse,Spain,Store_A,7,50,20
2023-02-16,Monitor,Argentina,Store_B,6,300,200
2023-02-16,Headset,Spain,Store_C,4,100,60
2023-02-16,Laptop,Spain,Store_C,10,1200,800
2023-02-16,Mouse,Spain,Store_B,2,50,20
2023-02-16,Headset,USA,Store_C,5,100,60
2023-02-16,Laptop,Argentina,Store_C,4,1200,800
2023-02-17,Keyboard,USA,Store_A,8,80,40
2023-02-18,Keyboard,Spain,Store_B,9,80,40
2023-02-18,Keyboard,USA,Store_A,6,80,40
2023-02-18,Keyboard,Spain,Store_B,6,80,40
2023-02-18,Laptop,Argentina,Store_C,6,1200,800
2023-02-19,Monitor,Argentina,Store_C,10,300,200
2023-02-19,Keyboard,Spain,Store_C,2,80,40
2023-02-19,Laptop,Spain,Store_B,10,1200,800
2023-02-19,Headset,Spain,Store_B,7,100,60
2023-02-19,Monitor,Argentina,Store_A,2,300,200
2023-02-19,Mouse,Spain,Store_B,7,50,20
2023-02-19,Monitor,Argentina,Store_B,7,300,200
2023-02-19,Monitor,Spain,Store_A,6,300,200
2023-02-19,Headset,Argentina,Store_C,7,100,60
2023-02-20,Keyboard,USA,Store_A,6,80,40
2023-02-20,Laptop,Argentina,Store_B,2,1200,800
2023-02-20,Headset,Argentina,Store_C,9,100,60
2023-02-20,Mouse,Argentina,Store_A,8,50,20
2023-02-20,Headset,Spain,Store_A,1,100,60
2023-02-20,Laptop,USA,Store_A,4,1200,800
2023-02-20,Laptop,Argentina,Store_A,4,1200,800
2023-02-21,Headset,Argentina,Store_C,10,100,60
2023-02-21,Headset,Argentina,Store_C,7,100,60
2023-02-21,Laptop,Argentina,Store_A,6,1200,800
2023-02-21,Mouse,Spain,Store_C,2,50,20
2023-02-21,Keyboard,USA,Store_C,9,80,40
2023-02-21,Mouse,Argentina,Store_A,1,50,20
2023-02-21,Keyboard,Spain,Store_A,10,80,40
2023-02-21,Mouse,Argentina,Store_A,3,50,20
2023-02-21,Keyboard,Argentina,Store_C,3,80,40
2023-02-22,Laptop,Spain,Store_B,10,1200,800
2023-02-22,Monitor,Argentina,Store_B,7,300,200
2023-02-22,Mouse,Argentina,Store_B,10,50,20
2023-02-22,Keyboard,Spain,Store_A,3,80,40
2023-02-22,Monitor,Spain,Store_A,1,300,200
2023-02-22,Headset,Spain,Store_C,6,100,60
2023-02-22,Keyboard,Argentina,Store_B,4,80,40
2023-02-22,Keyboard,Spain,Store_C,9,80,40
2023-02-23,Keyboard,Argentina,Store_A,4,80,40
2023-02-23,Headset,Spain,Store_A,10,100,60
2023-02-23,Keyboard,USA,Store_A,9,80,40
2023-02-23,Monitor,USA,Store_B,1,300,200
2023-02-23,Laptop,Argentina,Store_C,3,1200,800
2023-02-24,Laptop,Argentina,Store_A,6,1200,800
2023-02-24,Laptop,USA,Store_B,4,1200,800
2023-02-24,Keyboard,Argentina,Store_C,6,80,40
2023-02-24,Headset,Argentina,Store_A,10,100,60
2023-02-24,Keyboard,Spain,Store_C,6,80,40
2023-02-24,Mouse,Spain,Store_B,8,50,20
2023-02-24,Keyboard,Spain,Store_C,9,80,40
2023-02-24,Monitor,USA,Store_B,6,300,200
2023-02-24,Headset,Argentina,Store_C,3,100,60
2023-02-24,Laptop,Spain,Store_B,8,1200,800
2023-02-24,Laptop,Argentina,Store_B,7,1200,800
2023-02-25,Headset,Argentina,Store_A,2,100,60
2023-02-25,Mouse,Spain,Store_B,8,50,20
2023-02-25,Laptop,Argentina,Store_C,7,1200,800
2023-02-26,Keyboard,Argentina,Store_A,10,80,40
2023-02-26,Laptop,Spain,Store_B,8,1200,800
2023-02-26,Mouse,Spain,Store_C,10,50,20
2023-02-26,Keyboard,Argentina,Store_B,2,80,40
2023-02-26,Monitor,USA,Store_B,3,300,200
2023-02-26,Laptop,Spain,Store_C,4,1200,800
2023-02-26,Monitor,Spain,Store_C,5,300,200
2023-02-26,Keyboard,Argentina,Store_B,4,80,40
2023-02-26,Monitor,Argentina,Store_B,3,300,200
2023-02-26,Headset,Argentina,Store_C,1,100,60
2023-02-27,Laptop,Argentina,Store_A,6,1200,800
2023-02-27,Keyboard,USA,Store_C,8,80,40
2023-02-27,Monitor,Spain,Store_A,3,300,200
2023-02-27,Mouse,USA,Store_B,7,50,20
2023-02-27,Mouse,Spain,Store_A,10,50,20
2023-02-27,Mouse,USA,Store_C,10,50,20
2023-02-27,Keyboard,Spain,Store_A,10,80,40
2023-02-27,Monitor,USA,Store_C,8,300,200
2023-02-27,Headset,Spain,Store_C,1,100,60
2023-02-27,Mouse,Argentina,Store_C,4,50,20
2023-02-27,Laptop,Spain,Store_A,5,1200,800
2023-02-27,Monitor,Spain,Store_A,1,300,200
2023-02-27,Headset,Spain,Store_C,9,100,60
2023-02-27,Keyboard,Spain,Store_C,7,80,40
2023-02-27,Headset,USA,Store_C,3,100,60
2023-02-28,Mouse,USA,Store_B,2,50,20
2023-02-28,Headset,USA,Store_A,9,100,60
2023-02-28,Keyboard,Argentina,Store_B,8,80,40
2023-02-28,Laptop,Spain,Store_A,1,1200,800
2023-02-28,Mouse,USA,Store_B,1,50,20
2023-02-28,Keyboard,Argentina,Store_C,5,80,40
2023-03-01,Laptop,USA,Store_A,9,1200,800
2023-03-01,Keyboard,Argentina,Store_B,6,80,40
2023-03-01,Headset,Spain,Store_B,9,100,60
2023-03-01,Laptop,Spain,Store_B,7,1200,800
2023-03-01,Laptop,Spain,Store_A,2,1200,800
2023-03-01,Keyboard,Spain,Store_B,8,80,40
2023-03-01,Monitor,USA,Store_A,2,300,200
2023-03-01,Laptop,Spain,Store_A,1,1200,800
2023-03-01,Monitor,Argentina,Store_B,8,300,200
2023-03-02,Laptop,Spain,Store_A,4,1200,800
2023-03-02,Mouse,Spain,Store_C,5,50,20
2023-03-02,Headset,USA,Store_C,1,100,60
2023-03-02,Mouse,Spain,Store_C,3,50,20
2023-03-02,Headset,Spain,Store_A,7,100,60
2023-03-02,Keyboard,Spain,Store_C,2,80,40
2023-03-02,Headset,Spain,Store_C,5,100,60
2023-03-02,Keyboard,Spain,Store_A,9,80,40
2023-03-03,Mouse,USA,Store_B,6,50,20
2023-03-03,Monitor,Argentina,Store_A,10,300,200
2023-03-03,Laptop,USA,Store_A,9,1200,800
2023-03-03,Headset,Spain,Store_A,8,100,60
2023-03-04,Keyboard,USA,Store_A,7,80,40
2023-03-04,Keyboard,Spain,Store_C,7,80,40
2023-03-04,Monitor,USA,Store_C,4,300,200
2023-03-04,Mouse,USA,Store_B,8,50,20
2023-03-04,Keyboard,USA,Store_C,6,80,40
2023-03-04,Mouse,USA,Store_B,7,50,20
2023-03-04,Mouse,Spain,Store_A,7,50,20
2023-03-05,Mouse,Spain,Store_B,3,50,20
2023-03-05,Monitor,USA,Store_C,1,300,200
2023-03-06,Laptop,USA,Store_A,7,1200,800
2023-03-06,Laptop,USA,Store_A,1,1200,800
2023-03-06,Monitor,USA,Store_A,1,300,200
2023-03-06,Keyboard,USA,Store_B,5,80,40
2023-03-06,Keyboard,Argentina,Store_B,4,80,40
2023-03-06,Headset,Argentina,Store_B,8,100,60
2023-03-06,Headset,Spain,Store_C,10,100,60
2023-03-06,Keyboard,USA,Store_B,8,80,40
2023-03-06,Keyboard,Spain,Store_B,10,80,40
2023-03-07,Monitor,USA,Store_B,6,300,200
2023-03-07,Mouse,USA,Store_C,2,50,20
2023-03-07,Monitor,USA,Store_B,6,300,200
2023-03-07,Monitor,Spain,Store_C,4,300,200
2023-03-07,Headset,Spain,Store_C,7,100,60
2023-03-07,Mouse,Argentina,Store_A,7,50,20
2023-03-07,Monitor,Argentina,Store_C,9,300,200
2023-03-07,Headset,Argentina,Store_C,6,100,60
2023-03-07,Laptop,USA,Store_B,7,1200,800
2023-03-08,Keyboard,Spain,Store_A,2,80,40
2023-03-08,Mouse,Argentina,Store_C,4,50,20
2023-03-08,Monitor,Spain,Store_A,5,300,200
2023-03-08,Mouse,Spain,Store_B,8,50,20
2023-03-08,Mouse,Argentina,Store_B,9,50,20
2023-03-08,Monitor,Spain,Store_A,2,300,200
2023-03-08,Headset,USA,Store_B,9,100,60
2023-03-08,Monitor,USA,Store_B,3,300,200
2023-03-08,Mouse,USA,Store_C,5,50,20
2023-03-08,Headset,USA,Store_C,9,100,60
2023-03-08,Monitor,Spain,Store_B,10,300,200
2023-03-08,Headset,Argentina,Store_A,8,100,60
2023-03-08,Keyboard,Spain,Store_A,8,80,40
2023-03-08,Headset,Argentina,Store_B,6,100,60
2023-03-08,Keyboard,Spain,Store_B,2,80,40
2023-03-08,Headset,USA,Store_C,4,100,60
2023-03-08,Headset,USA,Store_B,8,100,60
2023-03-09,Monitor,USA,Store_A,5,300,200
2023-03-09,Monitor,USA,Store_C,5,300,200
2023-03-09,Keyboard,Argentina,Store_A,5,80,40
2023-03-09,Headset,Spain,Store_C,9,100,60
2023-03-09,Monitor,USA,Store_B,3,300,200
2023-03-09,Laptop,USA,Store_B,9,1200,800
2023-03-09,Headset,USA,Store_C,5,100,60
2023-03-09,Headset,USA,Store_A,7,100,60
2023-03-09,Mouse,USA,Store_C,5,50,20
2023-03-09,Laptop,USA,Store_B,10,1200,800
2023-03-10,Keyboard,Argentina,Store_C,7,80,40
2023-03-10,Monitor,Spain,Store_B,9,300,200
2023-03-10,Headset,Argentina,Store_C,6,100,60
2023-03-10,Monitor,Argentina,Store_C,1,300,200
2023-03-10,Monitor,USA,Store_B,1,300,200
2023-03-10,Keyboard,USA,Store_B,9,80,40
2023-03-10,Keyboard,USA,Store_A,7,80,40
2023-03-11,Monitor,Argentina,Store_A,9,300,200
2023-03-11,Mouse,Argentina,Store_C,7,50,20
2023-03-11,Keyboard,Argentina,Store_A,10,80,40
2023-03-11,Keyboard,USA,Store_C,8,80,40
2023-03-11,Monitor,USA,Store_C,2,300,200
2023-03-11,Keyboard,Argentina,Store_C,4,80,40
2023-03-11,Headset,Spain,Store_A,5,100,60
2023-03-11,Laptop,USA,Store_C,10,1200,800
2023-03-11,Monitor,Spain,Store_C,7,300,200
2023-03-11,Keyboard,Spain,Store_B,7,80,40
2023-03-12,Monitor,Argentina,Store_B,4,300,200
2023-03-12,Headset,Argentina,Store_A,4,100,60
2023-03-12,Headset,Argentina,Store_B,4,100,60
2023-03-12,Mouse,Spain,Store_C,8,50,20
2023-03-12,Monitor,USA,Store_B,2,300,200
2023-03-12,Keyboard,USA,Store_B,3,80,40
2023-03-12,Monitor,Spain,Store_B,7,300,200
2023-03-13,Laptop,USA,Store_A,2,1200,800
2023-03-13,Headset,Spain,Store_B,8,100,60
2023-03-13,Monitor,USA,Store_A,6,300,200
2023-03-13,Mouse,USA,Store_C,8,50,20
2023-03-13,Monitor,Spain,Store_B,3,300,200
2023-03-13,Keyboard,Spain,Store_B,4,80,40
2023-03-13,Headset,USA,Store_B,9,100,60
2023-03-13,Mouse,Spain,Store_A,6,50,20
2023-03-13,Mouse,Spain,Store_A,5,50,20
2023-03-13,Laptop,USA,Store_C,8,1200,800
2023-03-14,Monitor,USA,Store_B,6,300,200
2023-03-14,Monitor,Spain,Store_C,3,300,200
2023-03-14,Keyboard,Argentina,Store_C,1,80,40
2023-03-14,Monitor,Spain,Store_A,4,300,200
2023-03-14,Monitor,Argentina,Store_B,9,300,200
2023-03-14,Laptop,USA,Store_C,3,1200,800
2023-03-14,Monitor,Spain,Store_A,10,300,200
2023-03-15,Laptop,USA,Store_A,3,1200,800
2023-03-15,Monitor,Spain,Store_B,6,300,200
2023-03-15,Mouse,Argentina,Store_A,8,50,20
2023-03-15,Mouse,Spain,Store_A,3,50,20
2023-03-15,Laptop,Argentina,Store_C,10,1200,800
2023-03-15,Monitor,Spain,Store_B,9,300,200
2023-03-15,Headset,Argentina,Store_C,10,100,60
2023-03-16,Mouse,Argentina,Store_B,6,50,20
2023-03-16,Headset,Argentina,Store_B,8,100,60
2023-03-16,Mouse,USA,Store_A,9,50,20
2023-03-16,Headset,Argentina,Store_C,1,100,60
2023-03-16,Headset,Spain,Store_B,2,100,60
2023-03-16,Laptop,Spain,Store_B,4,1200,800
2023-03-16,Keyboard,USA,Store_B,5,80,40
2023-03-16,Laptop,Spain,Store_C,8,1200,800
2023-03-16,Mouse,USA,Store_C,1,50,20
2023-03-16,Laptop,Argentina,Store_C,6,1200,800
2023-03-16,Laptop,USA,Store_B,8,1200,800
2023-03-16,Mouse,USA,Store_B,4,50,20
2023-03-17,Laptop,Spain,Store_B,2,1200,800
2023-03-17,Headset,USA,Store_C,5,100,60
2023-03-17,Monitor,USA,Store_B,9,300,200
2023-03-17,Keyboard,USA,Store_C,4,80,40
2023-03-17,Monitor,Argentina,Store_C,5,300,200
2023-03-17,Mouse,USA,Store_A,4,50,20
2023-03-17,Headset,Argentina,Store_C,1,100,60
2023-03-17,Monitor,Argentina,Store_B,5,300,200
2023-03-17,Headset,Argentina,Store_B,7,100,60
2023-03-18,Laptop,USA,Store_C,3,1200,800
2023-03-18,Headset,Argentina,Store_A,4,100,60
2023-03-18,Laptop,Argentina,Store_B,7,1200,800
2023-03-18,Laptop,USA,Store_A,9,1200,800
2023-03-19,Mouse,USA,Store_B,5,50,20
2023-03-19,Keyboard,USA,Store_C,6,80,40
2023-03-19,Laptop,Argentina,Store_C,3,1200,800
2023-03-19,Headset,USA,Store_B,9,100,60
2023-03-19,Laptop,USA,Store_C,10,1200,800
2023-03-19,Headset,Argentina,Store_A,6,100,60
2023-03-19,Laptop,Spain,Store_A,3,1200,800
2023-03-19,Mouse,Argentina,Store_A,10,50,20
2023-03-19,Keyboard,Argentina,Store_A,8,80,40
2023-03-20,Laptop,USA,Store_A,1,1200,800
2023-03-20,Mouse,Argentina,Store_C,10,50,20
2023-03-20,Monitor,USA,Store_C,2,300,200
2023-03-20,Headset,USA,Store_B,7,100,60
2023-03-20,Headset,USA,Store_C,10,100,60
2023-03-20,Headset,USA,Store_C,3,100,60
2023-03-20,Keyboard,Spain,Store_B,6,80,40
2023-03-21,Laptop,Spain,Store_B,4,1200,800
2023-03-21,Mouse,Argentina,Store_C,10,50,20
2023-03-21,Headset,USA,Store_C,3,100,60
2023-03-21,Headset,Argentina,Store_A,10,100,60
2023-03-21,Headset,USA,Store_C,2,100,60
2023-03-21,Mouse,Argentina,Store_A,5,50,20
2023-03-21,Monitor,Argentina,Store_B,3,300,200
2023-03-21,Laptop,Argentina,Store_A,2,1200,800
2023-03-21,Headset,USA,Store_C,1,100,60
2023-03-21,Headset,Spain,Store_C,5,100,60
2023-03-21,Keyboard,USA,Store_B,3,80,40
2023-03-21,Monitor,Spain,Store_A,6,300,200
2023-03-21,Monitor,Argentina,Store_C,7,300,200
2023-03-22,Mouse,Argentina,Store_A,2,50,20
2023-03-22,Laptop,Argentina,Store_B,5,1200,800
2023-03-22,Mouse,Argentina,Store_A,6,50,20
2023-03-22,Monitor,Argentina,Store_B,1,300,200
2023-03-22,Laptop,Spain,Store_A,7,1200,800
2023-03-22,Keyboard,Argentina,Store_B,5,80,40
2023-03-22,Keyboard,Argentina,Store_B,3,80,40
2023-03-22,Mouse,USA,Store_C,6,50,20
2023-03-22,Laptop,Spain,Store_C,6,1200,800
2023-03-23,Laptop,USA,Store_A,3,1200,800
2023-03-23,Keyboard,Argentina,Store_A,7,80,40
2023-03-23,Laptop,USA,Store_C,4,1200,800
2023-03-23,Mouse,USA,Store_B,10,50,20
2023-03-24,Laptop,Spain,Store_A,3,1200,800
2023-03-24,Mouse,Argentina,Store_A,8,50,20
2023-03-24,Monitor,Argentina,Store_A,3,300,200
2023-03-24,Monitor,Argentina,Store_C,9,300,200
2023-03-24,Headset,USA,Store_C,10,100,60
2023-03-24,Mouse,Spain,Store_B,6,50,20
2023-03-24,Monitor,Argentina,Store_C,5,300,200
2023-03-24,Monitor,Argentina,Store_A,5,300,200
2023-03-25,Headset,Argentina,Store_A,1,100,60
2023-03-25,Monitor,Argentina,Store_C,9,300,200
2023-03-25,Headset,Spain,Store_A,8,100,60
2023-03-25,Mouse,USA,Store_B,6,50,20
2023-03-25,Headset,Argentina,Store_B,2,100,60
2023-03-25,Keyboard,USA,Store_C,10,80,40
2023-03-25,Laptop,USA,Store_B,7,1200,800
2023-03-26,Headset,Argentina,Store_A,6,100,60
2023-03-26,Mouse,Argentina,Store_C,7,50,20
2023-03-26,Monitor,Argentina,Store_A,10,300,200
2023-03-26,Monitor,Spain,Store_B,9,300,200
2023-03-26,Mouse,USA,Store_C,10,50,20
2023-03-26,Monitor,Spain,Store_C,9,300,200
2023-03-26,Headset,Argentina,Store_C,10,100,60
2023-03-27,Mouse,Argentina,Store_B,5,50,20
2023-03-27,Monitor,USA,Store_B,9,300,200
2023-03-27,Mouse,USA,Store_B,3,50,20
2023-03-27,Monitor,USA,Store_B,10,300,200
2023-03-27,Laptop,Argentina,Store_C,9,1200,800
2023-03-27,Laptop,Spain,Store_B,7,1200,800
2023-03-28,Mouse,Argentina,Store_B,7,50,20
2023-03-28,Laptop,USA,Store_A,6,1200,800
2023-03-28,Headset,Spain,Store_C,1,100,60
2023-03-28,Laptop,Argentina,Store_B,1,1200,800
2023-03-28,Laptop,Spain,Store_C,2,1200,800
2023-03-28,Mouse,USA,Store_A,4,50,20
2023-03-29,Monitor,USA,Store_A,10,300,200
2023-03-29,Keyboard,Spain,Store_C,1,80,40
2023-03-29,Monitor,USA,Store_A,2,300,200
2023-03-29,Keyboard,USA,Store_C,7,80,40
2023-03-29,Mouse,Argentina,Store_B,6,50,20
2023-03-30,Mouse,USA,Store_C,1,50,20
2023-03-30,Keyboard,USA,Store_C,5,80,40
2023-03-30,Keyboard,Spain,Store_A,4,80,40
2023-03-30,Laptop,USA,Store_A,6,1200,800
2023-03-30,Monitor,Spain,Store_A,10,300,200
2023-03-30,Laptop,USA,Store_C,2,1200,800
2023-03-30,Laptop,Argentina,Store_C,8,1200,800
2023-03-31,Headset,Argentina,Store_C,6,100,60
2023-03-31,Mouse,Argentina,Store_B,6,50,20
2023-03-31,Headset,Spain,Store_A,1,100,60
2023-03-31,Keyboard,Argentina,Store_A,6,80,40
2023-03-31,Monitor,Argentina,Store_C,3,300,200
2023-04-01,Mouse,USA,Store_C,2,50,20
2023-04-01,Mouse,Spain,Store_A,3,50,20
2023-04-01,Laptop,USA,Store_C,2,1200,800
2023-04-01,Keyboard,Argentina,Store_A,5,80,40
2023-04-01,Laptop,Spain,Store_A,10,1200,800
2023-04-01,Laptop,Argentina,Store_B,5,1200,800
2023-04-01,Headset,USA,Store_C,3,100,60
2023-04-01,Laptop,USA,Store_A,1,1200,800
2023-04-01,Laptop,Argentina,Store_B,3,1200,800
2023-04-01,Laptop,Argentina,Store_C,10,1200,800
2023-04-01,Headset,Spain,Store_B,4,100,60
2023-04-01,Laptop,Spain,Store_C,9,1200,800
2023-04-01,Mouse,Spain,Store_A,6,50,20
2023-04-02,Monitor,Argentina,Store_C,10,300,200
2023-04-02,Monitor,USA,Store_C,9,300,200
2023-04-02,Headset,Spain,Store_C,9,100,60
2023-04-02,Keyboard,Spain,Store_B,2,80,40
2023-04-02,Laptop,Spain,Store_A,7,1200,800
2023-04-02,Headset,USA,Store_B,3,100,60
2023-04-02,Laptop,Argentina,Store_A,3,1200,800
2023-04-02,Laptop,Spain,Store_A,7,1200,800
2023-04-02,Mouse,USA,Store_B,2,50,20
2023-04-02,Keyboard,Argentina,Store_C,4,80,40
2023-04-02,Monitor,Argentina,Store_C,10,300,200
2023-04-02,Monitor,USA,Store_C,9,300,200
2023-04-03,Laptop,Spain,Store_B,5,1200,800
2023-04-03,Monitor,Argentina,Store_C,9,300,200
2023-04-03,Keyboard,Argentina,Store_B,3,80,40
2023-04-03,Mouse,Argentina,Store_C,6,50,20
2023-04-03,Keyboard,USA,Store_C,2,80,40
2023-04-03,Keyboard,USA,Store_B,3,80,40
2023-04-03,Keyboard,Spain,Store_B,4,80,40
2023-04-04,Headset,Argentina,Store_A,1,100,60
2023-04-04,Keyboard,Spain,Store_C,5,80,40
2023-04-04,Keyboard,USA,Store_C,3,80,40
2023-04-04,Keyboard,USA,Store_C,10,80,40
2023-04-04,Mouse,Spain,Store_A,8,50,20
2023-04-04,Keyboard,Spain,Store_C,9,80,40
2023-04-04,Keyboard,Spain,Store_C,4,80,40
2023-04-05,Monitor,Spain,Store_A,8,300,200
2023-04-05,Keyboard,Argentina,Store_B,7,80,40
2023-04-05,Keyboard,Argentina,Store_C,9,80,40
2023-04-05,Laptop,Spain,Store_A,7,1200,800
2023-04-05,Mouse,Argentina,Store_C,6,50,20
2023-04-05,Mouse,Spain,Store_B,6,50,20
2023-04-05,Laptop,Spain,Store_C,1,1200,800
2023-04-05,Monitor,Spain,Store_C,3,300,200
2023-04-06,Headset,Spain,Store_C,6,100,60
2023-04-06,Monitor,USA,Store_A,3,300,200
2023-04-06,Keyboard,Spain,Store_A,8,80,40
2023-04-06,Mouse,Spain,Store_B,3,50,20
2023-04-06,Mouse,USA,Store_A,10,50,20
2023-04-06,Monitor,USA,Store_A,5,300,200
2023-04-06,Headset,Argentina,Store_A,4,100,60
2023-04-06,Keyboard,Spain,Store_A,10,80,40
2023-04-07,Monitor,Spain,Store_B,4,300,200
2023-04-07,Headset,USA,Store_A,6,100,60
2023-04-07,Keyboard,USA,Store_B,10,80,40
2023-04-07,Mouse,Spain,Store_A,6,50,20
2023-04-07,Monitor,Argentina,Store_C,2,300,200
2023-04-07,Keyboard,Spain,Store_A,4,80,40
2023-04-08,Monitor,Argentina,Store_A,2,300,200
2023-04-08,Keyboard,Spain,Store_C,9,80,40
2023-04-08,Monitor,Argentina,Store_B,9,300,200
2023-04-08,Mouse,Argentina,Store_B,5,50,20
2023-04-08,Headset,Spain,Store_A,2,100,60
2023-04-08,Headset,Spain,Store_A,3,100,60
2023-04-08,Laptop,Argentina,Store_B,7,1200,800
2023-04-09,Laptop,Spain,Store_C,4,1200,800
2023-04-09,Monitor,Argentina,Store_B,5,300,200
2023-04-09,Headset,Argentina,Store_A,2,100,60
2023-04-09,Keyboard,USA,Store_C,2,80,40
2023-04-09,Laptop,Argentina,Store_B,4,1200,800
2023-04-09,Mouse,USA,Store_B,10,50,20
2023-04-09,Mouse,Spain,Store_A,1,50,20
2023-04-09,Mouse,Spain,Store_C,7,50,20
2023-04-09,Monitor,Spain,Store_A,4,300,200
2023-04-10,Monitor,Spain,Store_A,8,300,200
2023-04-10,Mouse,Spain,Store_C,2,50,20
2023-04-10,Laptop,USA,Store_B,6,1200,800
2023-04-10,Laptop,Argentina,Store_B,10,1200,800
2023-04-10,Monitor,Argentina,Store_A,5,300,200
2023-04-11,Monitor,Argentina,Store_B,7,300,200
2023-04-11,Laptop,Argentina,Store_B,8,1200,800
2023-04-11,Keyboard,Argentina,Store_C,8,80,40
2023-04-11,Laptop,Argentina,Store_B,4,1200,800
2023-04-12,Mouse,Argentina,Store_C,3,50,20
2023-04-12,Mouse,Argentina,Store_C,2,50,20
2023-04-12,Mouse,Argentina,Store_B,10,50,20
2023-04-12,Laptop,Argentina,Store_A,5,1200,800
2023-04-12,Monitor,Spain,Store_A,6,300,200
2023-04-12,Mouse,Argentina,Store_A,4,50,20
2023-04-12,Mouse,Spain,Store_A,6,50,20
2023-04-13,Keyboard,USA,Store_A,7,80,40
2023-04-13,Mouse,USA,Store_A,9,50,20
2023-04-13,Monitor,Spain,Store_B,10,300,200
2023-04-13,Mouse,Argentina,Store_C,8,50,20
2023-04-13,Mouse,USA,Store_C,1,50,20
2023-04-13,Monitor,Argentina,Store_A,10,300,200
2023-04-13,Mouse,USA,Store_A,9,50,20
2023-04-13,Keyboard,Spain,Store_A,8,80,40
2023-04-14,Mouse,Spain,Store_C,7,50,20
2023-04-14,Headset,Argentina,Store_A,6,100,60
2023-04-14,Headset,Argentina,Store_C,3,100,60
2023-04-15,Mouse,USA,Store_C,7,50,20
2023-04-15,Mouse,Argentina,Store_C,4,50,20
2023-04-15,Laptop,USA,Store_A,4,1200,800
2023-04-15,Mouse,Spain,Store_B,6,50,20
2023-04-15,Monitor,Argentina,Store_A,8,300,200
2023-04-15,Keyboard,Argentina,Store_C,9,80,40
2023-04-16,Headset,Spain,Store_C,7,100,60
2023-04-16,Laptop,Spain,Store_C,5,1200,800
2023-04-16,Headset,Spain,Store_B,4,100,60
2023-04-16,Monitor,USA,Store_B,4,300,200
2023-04-16,Keyboard,Spain,Store_B,4,80,40
2023-04-16,Keyboard,USA,Store_A,4,80,40
2023-04-16,Headset,USA,Store_A,8,100,60
2023-04-16,Mouse,Argentina,Store_C,5,50,20
2023-04-17,Laptop,USA,Store_A,1,1200,800
2023-04-17,Laptop,Argentina,Store_C,4,1200,800
2023-04-17,Keyboard,Argentina,Store_B,3,80,40
2023-04-17,Mouse,Spain,Store_C,8,50,20
2023-04-18,Keyboard,Spain,Store_A,2,80,40
2023-04-18,Laptop,Argentina,Store_C,1,1200,800
2023-04-18,Mouse,Spain,Store_B,3,50,20
2023-04-18,Monitor,USA,Store_C,8,300,200
2023-04-18,Keyboard,Spain,Store_C,2,80,40
2023-04-18,Laptop,Argentina,Store_B,3,1200,800
2023-04-18,Keyboard,Spain,Store_B,4,80,40
2023-04-18,Mouse,USA,Store_C,5,50,20
2023-04-18,Keyboard,Spain,Store_B,2,80,40
2023-04-19,Keyboard,Argentina,Store_B,8,80,40
2023-04-19,Mouse,Spain,Store_B,6,50,20
2023-04-19,Laptop,Argentina,Store_B,6,1200,800
2023-04-19,Keyboard,Argentina,Store_A,2,80,40
2023-04-19,Keyboard,Argentina,Store_A,9,80,40
2023-04-19,Laptop,Argentina,Store_A,10,1200,800
2023-04-19,Laptop,Spain,Store_B,3,1200,800
2023-04-19,Laptop,Argentina,Store_C,10,1200,800
2023-04-20,Monitor,Argentina,Store_B,3,300,200
2023-04-20,Headset,Spain,Store_A,2,100,60
2023-04-20,Mouse,USA,Store_C,9,50,20
2023-04-20,Laptop,Argentina,Store_C,3,1200,800
2023-04-20,Monitor,Argentina,Store_C,7,300,200
2023-04-20,Monitor,Argentina,Store_C,3,300,200
2023-04-21,Mouse,USA,Store_B,9,50,20
2023-04-21,Laptop,Argentina,Store_A,7,1200,800
2023-04-21,Laptop,Spain,Store_B,3,1200,800
2023-04-21,Mouse,Spain,Store_A,6,50,20
2023-04-22,Mouse,USA,Store_B,6,50,20
2023-04-22,Headset,Spain,Store_B,3,100,60
2023-04-22,Laptop,Argentina,Store_A,6,1200,800
2023-04-23,Mouse,Spain,Store_A,4,50,20
2023-04-23,Laptop,Spain,Store_A,7,1200,800
2023-04-23,Mouse,USA,Store_C,10,50,20
2023-04-23,Keyboard,Spain,Store_B,7,80,40
2023-04-23,Headset,USA,Store_A,1,100,60
2023-04-23,Monitor,Spain,Store_A,5,300,200
2023-04-24,Monitor,Argentina,Store_A,8,300,200
2023-04-24,Keyboard,USA,Store_A,4,80,40
2023-04-24,Monitor,Spain,Store_A,6,300,200
2023-04-24,Mouse,USA,Store_C,3,50,20
2023-04-24,Headset,Argentina,Store_C,7,100,60
2023-04-24,Laptop,Argentina,Store_C,2,1200,800
2023-04-24,Mouse,Spain,Store_C,7,50,20
2023-04-25,Mouse,USA,Store_C,6,50,20
2023-04-25,Laptop,Spain,Store_C,5,1200,800
2023-04-25,Headset,Argentina,Store_C,2,100,60
2023-04-25,Keyboard,Argentina,Store_B,9,80,40
2023-04-25,Mouse,Spain,Store_B,5,50,20
2023-04-25,Headset,USA,Store_A,7,100,60
2023-04-26,Mouse,Spain,Store_C,7,50,20
2023-04-26,Laptop,USA,Store_C,7,1200,800
2023-04-26,Monitor,Spain,Store_A,8,300,200
2023-04-26,Keyboard,Spain,Store_C,7,80,40
2023-04-26,Mouse,Spain,Store_A,4,50,20
2023-04-26,Headset,Spain,Store_B,4,100,60
2023-04-26,Mouse,USA,Store_C,3,50,20
2023-04-27,Mouse,Argentina,Store_A,5,50,20
2023-04-27,Headset,Argentina,Store_A,7,100,60
2023-04-27,Monitor,USA,Store_A,6,300,200
2023-04-27,Headset,Argentina,Store_C,5,100,60
2023-04-27,Keyboard,Spain,Store_C,9,80,40
2023-04-27,Headset,Argentina,Store_B,3,100,60
2023-04-28,Monitor,USA,Store_B,7,300,200
2023-04-28,Keyboard,USA,Store_B,10,80,40
2023-04-28,Monitor,USA,Store_C,10,300,200
2023-04-28,Headset,USA,Store_B,1,100,60
2023-04-28,Monitor,Spain,Store_C,5,300,200
2023-04-28,Headset,Argentina,Store_A,7,100,60
2023-04-29,Keyboard,USA,Store_B,4,80,40
2023-04-29,Laptop,Argentina,Store_C,1,1200,800
2023-04-29,Laptop,Spain,Store_C,4,1200,800
2023-04-29,Mouse,Argentina,Store_B,2,50,20
2023-04-30,Monitor,Spain,Store_B,7,300,200
2023-04-30,Keyboard,Spain,Store_B,8,80,40
2023-04-30,Keyboard,Argentina,Store_C,7,80,40
2023-04-30,Headset,Argentina,Store_A,9,100,60
2023-04-30,Monitor,USA,Store_A,3,300,200
2023-04-30,Mouse,Spain,Store_A,3,50,20
2023-04-30,Monitor,USA,Store_C,2,300,200
2023-04-30,Mouse,USA,Store_C,9,50,20
2023-04-30,Monitor,USA,Store_B,3,300,200
2023-04-30,Headset,Argentina,Store_A,1,100,60
2023-04-30,Monitor,Argentina,Store_A,5,300,200
2023-04-30,Keyboard,Spain,Store_A,9,80,40
2023-05-01,Mouse,Argentina,Store_B,2,50,20
2023-05-01,Monitor,Argentina,Store_A,2,300,200
2023-05-01,Monitor,USA,Store_B,5,300,200
2023-05-01,Mouse,Spain,Store_C,10,50,20
2023-05-01,Headset,USA,Store_C,10,100,60
2023-05-02,Monitor,USA,Store_C,1,300,200
2023-05-02,Keyboard,Spain,Store_C,5,80,40
2023-05-02,Monitor,Argentina,Store_C,10,300,200
2023-05-02,Headset,Argentina,Store_C,9,100,60
2023-05-02,Laptop,USA,Store_C,9,1200,800
2023-05-02,Mouse,Spain,Store_B,10,50,20
2023-05-02,Mouse,Argentina,Store_A,5,50,20
2023-05-02,Headset,Spain,Store_B,4,100,60
2023-05-03,Headset,Argentina,Store_C,2,100,60
2023-05-03,Laptop,Argentina,Store_C,2,1200,800
2023-05-03,Monitor,USA,Store_C,4,300,200
2023-05-03,Laptop,USA,Store_B,8,1200,800
2023-05-03,Monitor,Spain,Store_C,3,300,200
2023-05-03,Monitor,Argentina,Store_C,3,300,200
2023-05-04,Laptop,USA,Store_C,5,1200,800
2023-05-04,Headset,USA,Store_C,5,100,60
2023-05-04,Monitor,Argentina,Store_C,8,300,200
2023-05-04,Keyboard,Spain,Store_A,3,80,40
2023-05-04,Headset,Spain,Store_B,4,100,60
2023-05-05,Keyboard,Spain,Store_C,8,80,40
2023-05-05,Mouse,Argentina,Store_B,1,50,20
2023-05-05,Mouse,Spain,Store_C,6,50,20
2023-05-05,Headset,Argentina,Store_C,4,100,60
2023-05-06,Monitor,Spain,Store_C,6,300,200
2023-05-06,Monitor,USA,Store_B,4,300,200
2023-05-06,Mouse,Spain,Store_B,3,50,20
2023-05-06,Monitor,USA,Store_A,9,300,200
2023-05-06,Headset,USA,Store_B,2,100,60
2023-05-06,Headset,USA,Store_B,3,100,60
2023-05-06,Keyboard,Argentina,Store_A,8,80,40
2023-05-06,Mouse,Spain,Store_C,6,50,20
2023-05-06,Keyboard,USA,Store_B,4,80,40
2023-05-07,Mouse,USA,Store_A,9,50,20
2023-05-07,Laptop,Spain,Store_B,8,1200,800
2023-05-07,Monitor,Spain,Store_C,8,300,200
2023-05-07,Keyboard,USA,Store_C,5,80,40
2023-05-07,Monitor,USA,Store_C,9,300,200
2023-05-08,Keyboard,USA,Store_B,6,80,40
2023-05-08,Mouse,Argentina,Store_B,7,50,20
2023-05-08,Mouse,Spain,Store_C,4,50,20
2023-05-08,Monitor,Spain,Store_B,4,300,200
2023-05-08,Headset,Spain,Store_B,6,100,60
2023-05-08,Keyboard,USA,Store_C,4,80,40
2023-05-08,Headset,USA,Store_A,2,100,60
2023-05-08,Headset,Spain,Store_A,2,100,60
2023-05-08,Monitor,Spain,Store_A,6,300,200
2023-05-09,Mouse,USA,Store_A,8,50,20
2023-05-09,Mouse,USA,Store_B,10,50,20
2023-05-09,Laptop,Argentina,Store_C,10,1200,800
2023-05-09,Monitor,Spain,Store_B,2,300,200
2023-05-09,Laptop,USA,Store_C,9,1200,800
2023-05-09,Headset,Argentina,Store_C,10,100,60
2023-05-09,Mouse,Argentina,Store_C,2,50,20
2023-05-09,Laptop,Argentina,Store_C,2,1200,800
2023-05-09,Keyboard,Spain,Store_C,4,80,40
2023-05-09,Laptop,Spain,Store_C,8,1200,800
2023-05-10,Laptop,Spain,Store_B,8,1200,800
2023-05-10,Laptop,Argentina,Store_B,2,1200,800
2023-05-10,Mouse,Argentina,Store_A,8,50,20
2023-05-10,Laptop,Argentina,Store_B,9,1200,800
2023-05-10,Mouse,USA,Store_B,3,50,20
2023-05-10,Mouse,Argentina,Store_C,8,50,20
2023-05-11,Mouse,Spain,Store_C,7,50,20
2023-05-11,Mouse,Argentina,Store_B,9,50,20
2023-05-11,Keyboard,Argentina,Store_A,6,80,40
2023-05-11,Monitor,Spain,Store_C,10,300,200
2023-05-11,Keyboard,Spain,Store_A,6,80,40
2023-05-11,Mouse,Spain,Store_C,4,50,20
2023-05-11,Laptop,Spain,Store_B,2,1200,800
2023-05-11,Monitor,Argentina,Store_A,8,300,200
2023-05-11,Laptop,USA,Store_C,4,1200,800
2023-05-11,Keyboard,Spain,Store_A,8,80,40
2023-05-12,Keyboard,Spain,Store_A,2,80,40
2023-05-12,Laptop,USA,Store_A,9,1200,800
2023-05-12,Mouse,Argentina,Store_B,1,50,20
2023-05-12,Laptop,Spain,Store_B,1,1200,800
2023-05-13,Laptop,Argentina,Store_B,4,1200,800
2023-05-13,Laptop,USA,Store_C,5,1200,800
2023-05-13,Mouse,Spain,Store_C,9,50,20
2023-05-13,Mouse,Spain,Store_B,2,50,20
2023-05-13,Laptop,USA,Store_B,6,1200,800
2023-05-13,Monitor,Argentina,Store_A,6,300,200
2023-05-14,Laptop,USA,Store_C,6,1200,800
2023-05-14,Headset,Spain,Store_A,8,100,60
2023-05-14,Keyboard,USA,Store_C,4,80,40
2023-05-14,Headset,Spain,Store_A,4,100,60
2023-05-15,Monitor,Spain,Store_B,9,300,200
2023-05-15,Monitor,USA,Store_A,7,300,200
2023-05-15,Mouse,USA,Store_A,9,50,20
2023-05-15,Mouse,Spain,Store_A,1,50,20
2023-05-15,Headset,USA,Store_C,3,100,60
2023-05-15,Monitor,Spain,Store_A,1,300,200
2023-05-15,Headset,Spain,Store_B,10,100,60
2023-05-15,Mouse,USA,Store_B,8,50,20
2023-05-15,Keyboard,Argentina,Store_A,4,80,40
2023-05-15,Keyboard,Argentina,Store_B,6,80,40
2023-05-16,Monitor,Argentina,Store_A,1,300,200
2023-05-16,Mouse,USA,Store_A,9,50,20
2023-05-16,Mouse,USA,Store_A,1,50,20
2023-05-16,Monitor,Argentina,Store_C,8,300,200
2023-05-16,Keyboard,USA,Store_C,2,80,40
2023-05-16,Mouse,Argentina,Store_C,6,50,20
2023-05-16,Keyboard,Argentina,Store_C,8,80,40
2023-05-16,Mouse,Spain,Store_B,10,50,20
2023-05-16,Monitor,USA,Store_A,3,300,200
2023-05-16,Mouse,Spain,Store_A,1,50,20
2023-05-16,Headset,Argentina,Store_B,2,100,60
2023-05-17,Mouse,USA,Store_A,6,50,20
2023-05-17,Laptop,Argentina,Store_B,10,1200,800
2023-05-17,Laptop,Spain,Store_C,6,1200,800
2023-05-17,Headset,Spain,Store_A,10,100,60
2023-05-18,Headset,USA,Store_C,9,100,60
2023-05-18,Laptop,Argentina,Store_C,6,1200,800
2023-05-18,Headset,Argentina,Store_A,3,100,60
2023-05-18,Keyboard,USA,Store_B,4,80,40
2023-05-18,Mouse,Argentina,Store_B,1,50,20
2023-05-18,Laptop,USA,Store_B,9,1200,800
2023-05-18,Monitor,Spain,Store_A,5,300,200
2023-05-18,Mouse,USA,Store_C,5,50,20
2023-05-19,Headset,USA,Store_A,8,100,60
2023-05-19,Mouse,Spain,Store_C,10,50,20
2023-05-19,Monitor,Spain,Store_C,2,300,200
2023-05-19,Keyboard,Argentina,Store_B,9,80,40
2023-05-19,Headset,Spain,Store_B,10,100,60
2023-05-19,Mouse,USA,Store_A,8,50,20
2023-05-19,Headset,Spain,Store_B,3,100,60
2023-05-19,Monitor,Argentina,Store_C,8,300,200
2023-05-19,Headset,Spain,Store_C,5,100,60
2023-05-19,Keyboard,Argentina,Store_B,1,80,40
2023-05-20,Mouse,Argentina,Store_A,8,50,20
2023-05-20,Monitor,USA,Store_B,4,300,200
2023-05-20,Monitor,USA,Store_C,9,300,200
2023-05-21,Mouse,USA,Store_B,1,50,20
2023-05-21,Monitor,Spain,Store_B,4,300,200
2023-05-21,Monitor,USA,Store_C,10,300,200
2023-05-21,Monitor,Spain,Store_C,2,300,200
2023-05-21,Laptop,Argentina,Store_A,7,1200,800
2023-05-21,Headset,Argentina,Store_C,4,100,60
2023-05-21,Laptop,Spain,Store_B,5,1200,800
2023-05-21,Mouse,Spain,Store_A,4,50,20
2023-05-21,Keyboard,USA,Store_A,4,80,40
2023-05-22,Laptop,USA,Store_B,2,1200,800
2023-05-22,Headset,USA,Store_A,9,100,60
2023-05-22,Mouse,USA,Store_A,9,50,20
2023-05-22,Keyboard,Argentina,Store_C,4,80,40
2023-05-22,Laptop,Spain,Store_C,1,1200,800
2023-05-22,Keyboard,Spain,Store_C,6,80,40
2023-05-23,Headset,Argentina,Store_A,9,100,60
2023-05-23,Monitor,Argentina,Store_C,1,300,200
2023-05-23,Mouse,Argentina,Store_B,9,50,20
2023-05-23,Mouse,USA,Store_B,9,50,20
2023-05-23,Monitor,USA,Store_A,1,300,200
2023-05-23,Keyboard,Spain,Store_B,6,80,40
2023-05-23,Laptop,Spain,Store_A,5,1200,800
2023-05-24,Laptop,Spain,Store_C,1,1200,800
2023-05-24,Headset,Spain,Store_A,4,100,60
2023-05-24,Headset,Spain,Store_A,3,100,60
2023-05-24,Headset,Spain,Store_B,10,100,60
2023-05-24,Mouse,Spain,Store_B,3,50,20
2023-05-24,Headset,Spain,Store_B,5,100,60
2023-05-24,Monitor,USA,Store_C,3,300,200
2023-05-24,Laptop,Spain,Store_A,1,1200,800
2023-05-24,Keyboard,USA,Store_A,2,80,40
2023-05-24,Laptop,Argentina,Store_B,9,1200,800
2023-05-24,Keyboard,USA,Store_A,9,80,40
2023-05-25,Monitor,Argentina,Store_A,9,300,200
2023-05-25,Laptop,Spain,Store_C,4,1200,800
2023-05-25,Laptop,USA,Store_B,8,1200,800
2023-05-25,Laptop,USA,Store_B,8,1200,800
2023-05-25,Headset,Argentina,Store_C,8,100,60
2023-05-26,Headset,Argentina,Store_C,4,100,60
2023-05-26,Keyboard,Spain,Store_B,1,80,40
2023-05-26,Keyboard,Spain,Store_A,7,80,40
2023-05-26,Laptop,USA,Store_C,9,1200,800
2023-05-26,Monitor,Argentina,Store_B,6,300,200
2023-05-26,Laptop,Argentina,Store_B,7,1200,800
2023-05-26,Mouse,Spain,Store_A,4,50,20
2023-05-27,Mouse,USA,Store_C,7,50,20
2023-05-27,Headset,Spain,Store_C,7,100,60
2023-05-27,Keyboard,Spain,Store_B,1,80,40
2023-05-27,Keyboard,Spain,Store_C,3,80,40
2023-05-27,Laptop,Argentina,Store_B,7,1200,800
2023-05-27,Monitor,Argentina,Store_B,8,300,200
2023-05-27,Keyboard,Argentina,Store_A,1,80,40
2023-05-27,Mouse,USA,Store_B,7,50,20
2023-05-27,Monitor,USA,Store_A,7,300,200
2023-05-27,Monitor,Argentina,Store_B,5,300,200
2023-05-27,Mouse,Spain,Store_C,2,50,20
2023-05-28,Laptop,Spain,Store_A,3,1200,800
2023-05-28,Keyboard,USA,Store_C,7,80,40
2023-05-28,Headset,Argentina,Store_B,8,100,60
2023-05-28,Headset,Spain,Store_A,1,100,60
2023-05-29,Laptop,Spain,Store_B,7,1200,800
2023-05-29,Laptop,Argentina,Store_B,1,1200,800
2023-05-29,Monitor,Argentina,Store_B,8,300,200
2023-05-29,Monitor,Spain,Store_C,2,300,200
2023-05-29,Keyboard,Spain,Store_B,4,80,40
2023-05-29,Headset,Spain,Store_B,7,100,60
2023-05-29,Laptop,Spain,Store_C,10,1200,800
2023-05-30,Headset,USA,Store_B,4,100,60
2023-05-30,Monitor,Argentina,Store_A,9,300,200
2023-05-30,Monitor,Argentina,Store_B,10,300,200
2023-05-30,Laptop,Argentina,Store_A,5,1200,800
2023-05-30,Keyboard,Argentina,Store_A,4,80,40
2023-05-30,Monitor,USA,Store_B,2,300,200
2023-05-30,Monitor,USA,Store_C,6,300,200
2023-05-30,Monitor,Spain,Store_C,4,300,200
2023-05-30,Mouse,Spain,Store_A,2,50,20
2023-05-31,Monitor,Argentina,Store_C,3,300,200
2023-05-31,Mouse,USA,Store_B,3,50,20
2023-05-31,Mouse,Argentina,Store_C,3,50,20
2023-05-31,Headset,USA,Store_C,2,100,60
2023-05-31,Headset,Argentina,Store_C,6,100,60
2023-06-01,Headset,Argentina,Store_A,3,100,60
2023-06-01,Headset,USA,Store_A,10,100,60
2023-06-01,Monitor,Spain,Store_A,7,300,200
2023-06-01,Mouse,USA,Store_A,3,50,20
2023-06-01,Mouse,Spain,Store_B,4,50,20
2023-06-02,Keyboard,Argentina,Store_A,3,80,40
2023-06-02,Laptop,Argentina,Store_B,10,1200,800
2023-06-02,Monitor,Argentina,Store_B,1,300,200
2023-06-02,Headset,Spain,Store_A,6,100,60
2023-06-02,Monitor,Argentina,Store_A,8,300,200
2023-06-02,Headset,Argentina,Store_A,4,100,60
2023-06-02,Monitor,Argentina,Store_A,1,300,200
2023-06-02,Keyboard,Spain,Store_B,9,80,40
2023-06-03,Laptop,Argentina,Store_A,2,1200,800
2023-06-03,Laptop,Spain,Store_B,5,1200,800
2023-06-03,Mouse,Argentina,Store_A,4,50,20
2023-06-03,Headset,USA,Store_B,10,100,60
2023-06-03,Headset,Spain,Store_C,7,100,60
2023-06-04,Keyboard,USA,Store_A,8,80,40
2023-06-04,Laptop,USA,Store_A,6,1200,800
2023-06-04,Monitor,Spain,Store_A,8,300,200
2023-06-04,Monitor,USA,Store_B,8,300,200
2023-06-05,Monitor,Spain,Store_C,4,300,200
2023-06-05,Mouse,Argentina,Store_C,6,50,20
2023-06-05,Monitor,Argentina,Store_C,3,300,200
2023-06-05,Laptop,Argentina,Store_B,10,1200,800
2023-06-05,Keyboard,USA,Store_B,3,80,40
2023-06-05,Headset,Argentina,Store_B,4,100,60
2023-06-05,Mouse,USA,Store_C,3,50,20
2023-06-06,Keyboard,USA,Store_A,4,80,40
2023-06-06,Monitor,USA,Store_B,6,300,200
2023-06-06,Keyboard,Spain,Store_A,8,80,40
2023-06-06,Headset,USA,Store_B,7,100,60
2023-06-06,Laptop,USA,Store_A,2,1200,800
2023-06-07,Laptop,Spain,Store_A,6,1200,800
2023-06-07,Mouse,USA,Store_C,2,50,20
2023-06-07,Laptop,Spain,Store_B,10,1200,800
2023-06-07,Laptop,USA,Store_C,6,1200,800
2023-06-07,Headset,Spain,Store_B,3,100,60
2023-06-07,Keyboard,USA,Store_A,1,80,40
2023-06-07,Laptop,Argentina,Store_B,7,1200,800
2023-06-07,Headset,Spain,Store_B,2,100,60
2023-06-07,Laptop,Argentina,Store_A,5,1200,800
2023-06-08,Keyboard,Argentina,Store_C,2,80,40
2023-06-08,Monitor,Spain,Store_A,8,300,200
2023-06-08,Monitor,Spain,Store_B,3,300,200
2023-06-08,Headset,USA,Store_A,5,100,60
2023-06-08,Mouse,Spain,Store_A,5,50,20
2023-06-09,Monitor,Argentina,Store_C,4,300,200
2023-06-09,Laptop,Argentina,Store_B,8,1200,800
2023-06-09,Monitor,Spain,Store_A,8,300,200
2023-06-09,Keyboard,Argentina,Store_A,6,80,40
2023-06-09,Keyboard,Spain,Store_B,1,80,40
2023-06-09,Keyboard,USA,Store_B,4,80,40
2023-06-09,Monitor,USA,Store_C,7,300,200
2023-06-09,Headset,Spain,Store_A,9,100,60
2023-06-09,Laptop,Argentina,Store_A,9,1200,800
2023-06-09,Keyboard,Argentina,Store_C,5,80,40
2023-06-09,Keyboard,Argentina,Store_A,3,80,40
2023-06-09,Monitor,Spain,Store_B,4,300,200
2023-06-09,Monitor,Spain,Store_B,8,300,200
2023-06-10,Monitor,Spain,Store_C,4,300,200
2023-06-10,Headset,Spain,Store_A,7,100,60
2023-06-10,Monitor,Spain,Store_B,10,300,200
2023-06-10,Keyboard,Spain,Store_B,8,80,40
2023-06-10,Mouse,Spain,Store_A,9,50,20
2023-06-10,Headset,Argentina,Store_C,5,100,60
2023-06-10,Monitor,Argentina,Store_C,2,300,200
2023-06-10,Keyboard,USA,Store_A,7,80,40
2023-06-11,Laptop,USA,Store_A,5,1200,800
2023-06-11,Laptop,Spain,Store_C,9,1200,800
2023-06-11,Laptop,USA,Store_B,5,1200,800
2023-06-11,Keyboard,Spain,Store_B,8,80,40
2023-06-11,Laptop,USA,Store_B,2,1200,800
2023-06-11,Keyboard,Argentina,Store_B,5,80,40
2023-06-11,Headset,Spain,Store_B,7,100,60
2023-06-12,Laptop,Spain,Store_B,4,1200,800
2023-06-12,Laptop,USA,Store_B,2,1200,800
2023-06-12,Laptop,Argentina,Store_C,10,1200,800
2023-06-12,Monitor,Spain,Store_A,1,300,200
2023-06-12,Laptop,Spain,Store_C,7,1200,800
2023-06-12,Headset,Spain,Store_B,3,100,60
2023-06-12,Headset,Argentina,Store_B,3,100,60
2023-06-13,Monitor,Argentina,Store_C,4,300,200
2023-06-13,Headset,USA,Store_C,6,100,60
2023-06-13,Laptop,Argentina,Store_C,5,1200,800
2023-06-13,Headset,Argentina,Store_A,3,100,60
2023-06-13,Keyboard,USA,Store_A,7,80,40
2023-06-14,Keyboard,Spain,Store_B,2,80,40
2023-06-14,Mouse,USA,Store_C,2,50,20
2023-06-14,Laptop,Spain,Store_A,6,1200,800
2023-06-14,Keyboard,USA,Store_C,10,80,40
2023-06-14,Laptop,Argentina,Store_C,10,1200,800
2023-06-14,Mouse,Argentina,Store_C,10,50,20
2023-06-14,Laptop,Spain,Store_B,5,1200,800
2023-06-15,Keyboard,Argentina,Store_C,4,80,40
2023-06-15,Laptop,Spain,Store_A,10,1200,800
2023-06-15,Headset,Argentina,Store_B,5,100,60
2023-06-15,Monitor,USA,Store_B,3,300,200
2023-06-15,Headset,USA,Store_B,6,100,60
2023-06-15,Headset,Argentina,Store_A,4,100,60
2023-06-15,Laptop,Spain,Store_C,6,1200,800
2023-06-15,Headset,Spain,Store_B,9,100,60
2023-06-15,Keyboard,USA,Store_B,4,80,40
2023-06-15,Mouse,USA,Store_C,6,50,20
2023-06-15,Laptop,USA,Store_B,1,1200,800
2023-06-16,Mouse,Argentina,Store_C,8,50,20
2023-06-16,Monitor,Argentina,Store_A,4,300,200
2023-06-16,Monitor,Argentina,Store_C,10,300,200
2023-06-16,Keyboard,Spain,Store_B,5,80,40
2023-06-17,Laptop,Argentina,Store_A,5,1200,800
2023-06-17,Monitor,Argentina,Store_B,1,300,200
2023-06-17,Monitor,Argentina,Store_A,7,300,200
2023-06-17,Mouse,Argentina,Store_A,2,50,20
2023-06-17,Keyboard,Spain,Store_A,4,80,40
2023-06-17,Mouse,Spain,Store_C,7,50,20
2023-06-17,Headset,USA,Store_C,4,100,60
2023-06-18,Laptop,USA,Store_B,6,1200,800
2023-06-18,Monitor,Spain,Store_B,8,300,200
2023-06-18,Headset,USA,Store_C,8,100,60
2023-06-18,Keyboard,Spain,Store_B,10,80,40
2023-06-18,Headset,Spain,Store_A,8,100,60
2023-06-18,Monitor,Argentina,Store_C,9,300,200
2023-06-19,Headset,USA,Store_B,9,100,60
2023-06-19,Mouse,Spain,Store_A,4,50,20
2023-06-19,Headset,Argentina,Store_C,3,100,60
2023-06-19,Monitor,USA,Store_C,2,300,200
2023-06-20,Mouse,Argentina,Store_A,8,50,20
2023-06-20,Laptop,USA,Store_B,6,1200,800
2023-06-20,Keyboard,Argentina,Store_A,5,80,40
2023-06-20,Monitor,USA,Store_B,2,300,200
2023-06-20,Keyboard,Argentina,Store_B,10,80,40
2023-06-21,Headset,Argentina,Store_A,9,100,60
2023-06-21,Laptop,USA,Store_A,9,1200,800
2023-06-21,Mouse,Spain,Store_B,4,50,20
2023-06-21,Keyboard,Argentina,Store_A,7,80,40
2023-06-21,Keyboard,Argentina,Store_C,7,80,40
2023-06-22,Laptop,USA,Store_B,5,1200,800
2023-06-22,Laptop,Argentina,Store_C,10,1200,800
2023-06-22,Monitor,Argentina,Store_A,7,300,200
2023-06-22,Laptop,Argentina,Store_B,6,1200,800
2023-06-22,Keyboard,Spain,Store_C,9,80,40
2023-06-22,Mouse,USA,Store_C,7,50,20
2023-06-22,Mouse,Argentina,Store_B,5,50,20
2023-06-22,Headset,USA,Store_B,6,100,60
2023-06-22,Laptop,Spain,Store_A,2,1200,800
2023-06-23,Monitor,Spain,Store_B,1,300,200
2023-06-23,Keyboard,USA,Store_A,2,80,40
2023-06-23,Monitor,Argentina,Store_A,7,300,200
2023-06-23,Laptop,USA,Store_C,2,1200,800
2023-06-23,Laptop,Argentina,Store_A,6,1200,800
2023-06-23,Mouse,USA,Store_B,3,50,20
2023-06-23,Laptop,USA,Store_B,10,1200,800
2023-06-24,Mouse,USA,Store_C,4,50,20
2023-06-24,Keyboard,USA,Store_B,7,80,40
2023-06-24,Monitor,Argentina,Store_C,1,300,200
2023-06-24,Headset,Spain,Store_C,3,100,60
2023-06-24,Laptop,USA,Store_C,4,1200,800
2023-06-24,Monitor,Argentina,Store_B,9,300,200
2023-06-24,Monitor,USA,Store_B,5,300,200
2023-06-25,Mouse,Argentina,Store_C,4,50,20
2023-06-25,Headset,Spain,Store_C,2,100,60
2023-06-25,Headset,Spain,Store_A,9,100,60
2023-06-25,Keyboard,Argentina,Store_B,4,80,40
2023-06-25,Keyboard,Argentina,Store_B,4,80,40
2023-06-26,Mouse,Spain,Store_A,2,50,20
2023-06-26,Laptop,Spain,Store_C,1,1200,800
2023-06-26,Laptop,USA,Store_C,8,1200,800
2023-06-26,Laptop,USA,Store_C,6,1200,800
2023-06-27,Headset,Spain,Store_C,2,100,60
2023-06-27,Monitor,Argentina,Store_C,4,300,200
2023-06-27,Headset,Argentina,Store_C,5,100,60
2023-06-27,Headset,USA,Store_A,9,100,60
2023-06-28,Keyboard,Spain,Store_A,1,80,40
2023-06-28,Keyboard,USA,Store_B,10,80,40
2023-06-28,Monitor,USA,Store_C,1,300,200
2023-06-29,Monitor,Argentina,Store_C,2,300,200
2023-06-29,Monitor,USA,Store_A,7,300,200
2023-06-29,Headset,Argentina,Store_C,2,100,60
2023-06-29,Keyboard,USA,Store_C,4,80,40
2023-06-29,Laptop,Spain,Store_C,9,1200,800
2023-06-29,Mouse,USA,Store_B,8,50,20
2023-06-30,Headset,Argentina,Store_C,1,100,60
2023-06-30,Laptop,Spain,Store_A,1,1200,800
2023-06-30,Mouse,Spain,Store_B,2,50,20
2023-06-30,Headset,Spain,Store_A,1,100,60
2023-06-30,Headset,USA,Store_A,7,100,60
2023-06-30,Mouse,Spain,Store_B,7,50,20
2023-06-30,Mouse,Spain,Store_A,4,50,20
2023-06-30,Laptop,Spain,Store_C,9,1200,800
2023-06-30,Monitor,Argentina,Store_C,2,300,200
2023-07-01,Headset,Argentina,Store_C,6,100,60
2023-07-01,Monitor,USA,Store_C,1,300,200
2023-07-01,Keyboard,Argentina,Store_C,2,80,40
2023-07-01,Laptop,Spain,Store_B,5,1200,800
2023-07-01,Laptop,USA,Store_C,9,1200,800
2023-07-02,Monitor,Spain,Store_C,9,300,200
2023-07-02,Mouse,Argentina,Store_C,2,50,20
2023-07-02,Headset,Spain,Store_B,6,100,60
2023-07-02,Laptop,USA,Store_C,1,1200,800
2023-07-02,Mouse,Spain,Store_A,4,50,20
2023-07-02,Headset,Spain,Store_B,9,100,60
2023-07-02,Laptop,Spain,Store_A,6,1200,800
2023-07-03,Mouse,Spain,Store_A,8,50,20
2023-07-03,Laptop,USA,Store_C,3,1200,800
2023-07-03,Monitor,Spain,Store_B,9,300,200
2023-07-03,Monitor,Argentina,Store_A,7,300,200
2023-07-04,Keyboard,Spain,Store_C,5,80,40
2023-07-04,Laptop,Spain,Store_B,2,1200,800
2023-07-04,Mouse,Argentina,Store_C,8,50,20
2023-07-04,Monitor,USA,Store_A,10,300,200
2023-07-04,Keyboard,Argentina,Store_A,3,80,40
2023-07-04,Headset,Spain,Store_B,2,100,60
2023-07-05,Monitor,Spain,Store_B,1,300,200
2023-07-05,Laptop,USA,Store_A,2,1200,800
2023-07-05,Mouse,USA,Store_A,3,50,20
2023-07-05,Monitor,USA,Store_C,3,300,200
2023-07-05,Monitor,USA,Store_B,4,300,200
2023-07-05,Laptop,Spain,Store_C,9,1200,800
2023-07-05,Headset,USA,Store_C,2,100,60
2023-07-05,Mouse,Spain,Store_A,4,50,20
2023-07-06,Mouse,Spain,Store_A,10,50,20
2023-07-06,Monitor,USA,Store_C,9,300,200
2023-07-06,Mouse,Spain,Store_A,8,50,20
2023-07-06,Laptop,Spain,Store_A,9,1200,800
2023-07-06,Laptop,Argentina,Store_C,8,1200,800
2023-07-07,Keyboard,Argentina,Store_B,7,80,40
2023-07-07,Monitor,Spain,Store_C,9,300,200
2023-07-07,Laptop,USA,Store_B,6,1200,800
2023-07-07,Keyboard,Spain,Store_B,4,80,40
2023-07-07,Laptop,Argentina,Store_B,8,1200,800
2023-07-07,Headset,Spain,Store_C,10,100,60
2023-07-07,Headset,USA,Store_C,10,100,60
2023-07-07,Mouse,USA,Store_A,10,50,20
2023-07-07,Keyboard,Spain,Store_B,1,80,40
2023-07-07,Headset,USA,Store_B,4,100,60
2023-07-08,Mouse,Argentina,Store_C,9,50,20
2023-07-08,Mouse,USA,Store_A,1,50,20
2023-07-08,Laptop,Argentina,Store_A,2,1200,800
2023-07-08,Keyboard,Argentina,Store_C,10,80,40
2023-07-08,Monitor,USA,Store_A,3,300,200
2023-07-08,Headset,Argentina,Store_A,9,100,60
2023-07-08,Laptop,Spain,Store_A,1,1200,800
2023-07-08,Headset,USA,Store_C,8,100,60
2023-07-09,Mouse,Spain,Store_B,5,50,20
2023-07-09,Monitor,USA,Store_C,7,300,200
2023-07-09,Keyboard,USA,Store_C,5,80,40
2023-07-09,Keyboard,Spain,Store_C,7,80,40
2023-07-09,Laptop,Argentina,Store_A,5,1200,800
2023-07-09,Laptop,USA,Store_A,4,1200,800
2023-07-09,Headset,Spain,Store_C,10,100,60
2023-07-09,Headset,USA,Store_A,10,100,60
2023-07-10,Monitor,Argentina,Store_A,10,300,200
2023-07-10,Laptop,Argentina,Store_A,6,1200,800
2023-07-10,Laptop,Spain,Store_A,1,1200,800
2023-07-11,Keyboard,Argentina,Store_A,10,80,40
2023-07-11,Mouse,USA,Store_B,6,50,20
2023-07-11,Headset,Argentina,Store_C,6,100,60
2023-07-11,Keyboard,Spain,Store_B,5,80,40
2023-07-11,Laptop,Argentina,Store_C,6,1200,800
2023-07-11,Monitor,Argentina,Store_C,9,300,200
2023-07-11,Keyboard,Argentina,Store_B,1,80,40
2023-07-12,Laptop,USA,Store_C,2,1200,800
2023-07-12,Laptop,Spain,Store_C,1,1200,800
2023-07-12,Laptop,Spain,Store_A,5,1200,800
2023-07-12,Laptop,Spain,Store_C,1,1200,800
2023-07-12,Monitor,Spain,Store_A,2,300,200
2023-07-12,Mouse,Spain,Store_B,9,50,20
2023-07-12,Headset,USA,Store_B,1,100,60
2023-07-12,Monitor,USA,Store_B,1,300,200
2023-07-13,Laptop,USA,Store_B,2,1200,800
2023-07-13,Monitor,Argentina,Store_C,3,300,200
2023-07-13,Keyboard,Argentina,Store_A,10,80,40
2023-07-13,Mouse,Argentina,Store_A,8,50,20
2023-07-14,Monitor,Argentina,Store_B,10,300,200
2023-07-14,Headset,Argentina,Store_B,1,100,60
2023-07-14,Mouse,Argentina,Store_B,6,50,20
2023-07-14,Monitor,USA,Store_C,9,300,200
2023-07-14,Keyboard,USA,Store_B,10,80,40
2023-07-14,Monitor,USA,Store_C,2,300,200
2023-07-14,Mouse,Spain,Store_A,10,50,20
2023-07-14,Laptop,Spain,Store_A,2,1200,800
2023-07-14,Headset,USA,Store_C,6,100,60
2023-07-14,Monitor,Spain,Store_B,7,300,200
2023-07-15,Headset,USA,Store_A,4,100,60
2023-07-15,Mouse,Argentina,Store_B,3,50,20
2023-07-15,Laptop,Argentina,Store_A,9,1200,800
2023-07-15,Mouse,Spain,Store_B,10,50,20
2023-07-15,Headset,Spain,Store_B,4,100,60
2023-07-15,Headset,Argentina,Store_B,5,100,60
2023-07-15,Monitor,Spain,Store_C,9,300,200
2023-07-15,Monitor,USA,Store_A,6,300,200
2023-07-17,Monitor,Spain,Store_C,3,300,200
2023-07-17,Monitor,USA,Store_B,7,300,200
2023-07-17,Headset,Spain,Store_B,9,100,60
2023-07-17,Laptop,Argentina,Store_A,7,1200,800
2023-07-18,Headset,Spain,Store_C,7,100,60
2023-07-18,Keyboard,Spain,Store_C,3,80,40
2023-07-18,Headset,Argentina,Store_B,9,100,60
2023-07-18,Mouse,Argentina,Store_C,2,50,20
2023-07-18,Laptop,Argentina,Store_C,5,1200,800
2023-07-18,Headset,Spain,Store_A,7,100,60
2023-07-18,Monitor,Spain,Store_A,5,300,200
2023-07-18,Mouse,Argentina,Store_A,7,50,20
2023-07-18,Keyboard,Argentina,Store_C,2,80,40
2023-07-19,Monitor,Argentina,Store_A,2,300,200
2023-07-19,Headset,Argentina,Store_B,8,100,60
2023-07-19,Laptop,Argentina,Store_A,4,1200,800
2023-07-19,Keyboard,Argentina,Store_A,6,80,40
2023-07-19,Headset,Spain,Store_C,10,100,60
2023-07-20,Keyboard,Spain,Store_B,3,80,40
2023-07-20,Laptop,Argentina,Store_B,4,1200,800
2023-07-20,Laptop,Argentina,Store_A,8,1200,800
2023-07-20,Laptop,Spain,Store_A,8,1200,800
2023-07-20,Laptop,Spain,Store_A,9,1200,800
2023-07-20,Keyboard,USA,Store_A,10,80,40
2023-07-20,Headset,USA,Store_B,8,100,60
2023-07-20,Mouse,Spain,Store_B,5,50,20
2023-07-20,Headset,Argentina,Store_C,9,100,60
2023-07-21,Mouse,USA,Store_B,4,50,20
2023-07-21,Monitor,Spain,Store_B,4,300,200
2023-07-21,Monitor,Spain,Store_C,3,300,200
2023-07-21,Mouse,USA,Store_C,6,50,20
2023-07-21,Laptop,USA,Store_C,2,1200,800
2023-07-22,Monitor,Argentina,Store_A,5,300,200
2023-07-22,Mouse,Spain,Store_B,4,50,20
2023-07-22,Mouse,USA,Store_B,2,50,20
2023-07-23,Mouse,Argentina,Store_B,10,50,20
2023-07-23,Mouse,Spain,Store_B,1,50,20
2023-07-23,Mouse,Argentina,Store_B,3,50,20
2023-07-23,Headset,Argentina,Store_C,1,100,60
2023-07-24,Monitor,Argentina,Store_B,2,300,200
2023-07-24,Headset,Argentina,Store_A,8,100,60
2023-07-24,Keyboard,Spain,Store_B,2,80,40
2023-07-24,Mouse,USA,Store_B,8,50,20
2023-07-24,Mouse,Spain,Store_A,6,50,20
2023-07-25,Monitor,USA,Store_A,9,300,200
2023-07-25,Headset,Argentina,Store_A,6,100,60
2023-07-25,Laptop,Spain,Store_C,10,1200,800
2023-07-25,Mouse,USA,Store_B,5,50,20
2023-07-25,Mouse,Spain,Store_B,3,50,20
2023-07-25,Keyboard,Spain,Store_C,5,80,40
2023-07-25,Monitor,Spain,Store_C,4,300,200
2023-07-25,Laptop,Spain,Store_A,9,1200,800
2023-07-25,Mouse,Spain,Store_B,9,50,20
2023-07-26,Mouse,Argentina,Store_A,10,50,20
2023-07-26,Headset,Spain,Store_B,4,100,60
2023-07-26,Mouse,USA,Store_A,10,50,20
2023-07-26,Monitor,Argentina,Store_C,7,300,200
2023-07-26,Keyboard,USA,Store_A,7,80,40
2023-07-26,Monitor,Argentina,Store_B,5,300,200
2023-07-26,Headset,USA,Store_B,8,100,60
2023-07-26,Mouse,USA,Store_A,9,50,20
2023-07-27,Headset,Spain,Store_A,10,100,60
2023-07-27,Laptop,USA,Store_C,9,1200,800
2023-07-27,Monitor,Argentina,Store_C,3,300,200
2023-07-27,Mouse,Argentina,Store_C,6,50,20
2023-07-27,Keyboard,Argentina,Store_C,5,80,40
2023-07-27,Laptop,Spain,Store_A,7,1200,800
2023-07-27,Headset,Argentina,Store_C,10,100,60
2023-07-27,Headset,USA,Store_C,5,100,60
2023-07-27,Keyboard,Argentina,Store_B,1,80,40
2023-07-27,Keyboard,Argentina,Store_B,5,80,40
2023-07-28,Monitor,Spain,Store_A,9,300,200
2023-07-28,Keyboard,USA,Store_B,6,80,40
2023-07-28,Monitor,Argentina,Store_A,10,300,200
2023-07-28,Headset,Argentina,Store_C,10,100,60
2023-07-28,Monitor,USA,Store_C,2,300,200
2023-07-28,Laptop,Argentina,Store_C,5,1200,800
2023-07-29,Headset,Spain,Store_B,6,100,60
2023-07-29,Keyboard,Argentina,Store_B,2,80,40
2023-07-29,Monitor,USA,Store_B,6,300,200
2023-07-29,Mouse,Spain,Store_C,8,50,20
2023-07-29,Laptop,USA,Store_C,9,1200,800
2023-07-29,Mouse,USA,Store_B,4,50,20
2023-07-29,Keyboard,Argentina,Store_A,5,80,40
2023-07-29,Mouse,Spain,Store_C,5,50,20
2023-07-29,Mouse,Spain,Store_A,4,50,20
2023-07-30,Monitor,Argentina,Store_B,1,300,200
2023-07-30,Mouse,Argentina,Store_A,2,50,20
2023-07-30,Keyboard,Argentina,Store_A,6,80,40
2023-07-31,Laptop,USA,Store_C,1,1200,800
2023-07-31,Mouse,Spain,Store_B,4,50,20
2023-07-31,Monitor,USA,Store_C,9,300,200
2023-07-31,Laptop,Argentina,Store_A,3,1200,800
2023-08-01,Laptop,Spain,Store_B,9,1200,800
2023-08-01,Monitor,USA,Store_A,5,300,200
2023-08-01,Headset,Spain,Store_B,3,100,60
2023-08-01,Keyboard,Argentina,Store_C,3,80,40
2023-08-01,Monitor,Argentina,Store_A,7,300,200
2023-08-01,Headset,USA,Store_C,8,100,60
2023-08-01,Mouse,Spain,Store_C,8,50,20
2023-08-01,Laptop,Spain,Store_B,5,1200,800
2023-08-02,Mouse,USA,Store_B,8,50,20
2023-08-02,Headset,USA,Store_C,2,100,60
2023-08-02,Headset,USA,Store_A,1,100,60
2023-08-02,Keyboard,Spain,Store_A,7,80,40
2023-08-02,Headset,USA,Store_C,10,100,60
2023-08-02,Monitor,Argentina,Store_B,9,300,200
2023-08-02,Headset,Spain,Store_B,3,100,60
2023-08-02,Monitor,Argentina,Store_A,7,300,200
2023-08-02,Mouse,Spain,Store_A,4,50,20
2023-08-02,Keyboard,Argentina,Store_A,9,80,40
2023-08-03,Keyboard,USA,Store_B,10,80,40
2023-08-03,Keyboard,USA,Store_A,6,80,40
2023-08-03,Laptop,Spain,Store_B,10,1200,800
2023-08-03,Headset,Spain,Store_C,7,100,60
2023-08-03,Keyboard,Argentina,Store_C,8,80,40
2023-08-03,Mouse,Argentina,Store_C,10,50,20
2023-08-03,Monitor,Argentina,Store_C,3,300,200
2023-08-04,Headset,Spain,Store_A,6,100,60
2023-08-04,Laptop,Argentina,Store_A,6,1200,800
2023-08-04,Mouse,Spain,Store_B,8,50,20
2023-08-04,Monitor,Spain,Store_B,3,300,200
2023-08-04,Monitor,Spain,Store_A,3,300,200
2023-08-04,Laptop,Argentina,Store_A,6,1200,800
2023-08-05,Headset,Spain,Store_C,10,100,60
2023-08-05,Keyboard,Argentina,Store_C,8,80,40
2023-08-05,Mouse,Spain,Store_A,9,50,20
2023-08-05,Mouse,Argentina,Store_B,7,50,20
2023-08-06,Mouse,Spain,Store_B,9,50,20
2023-08-06,Keyboard,USA,Store_B,6,80,40
2023-08-06,Laptop,Spain,Store_B,4,1200,800
2023-08-06,Monitor,USA,Store_A,3,300,200
2023-08-06,Keyboard,Argentina,Store_B,9,80,40
2023-08-07,Headset,USA,Store_C,5,100,60
2023-08-07,Monitor,Argentina,Store_A,3,300,200
2023-08-07,Headset,Argentina,Store_B,2,100,60
2023-08-07,Mouse,Spain,Store_C,2,50,20
2023-08-07,Mouse,Spain,Store_A,5,50,20
2023-08-07,Mouse,Spain,Store_B,6,50,20
2023-08-07,Mouse,USA,Store_A,3,50,20
2023-08-07,Keyboard,Spain,Store_B,6,80,40
2023-08-08,Headset,Spain,Store_C,7,100,60
2023-08-08,Monitor,Argentina,Store_B,2,300,200
2023-08-08,Headset,USA,Store_C,9,100,60
2023-08-08,Keyboard,USA,Store_C,8,80,40
2023-08-08,Mouse,USA,Store_A,10,50,20
2023-08-09,Keyboard,Spain,Store_B,3,80,40
2023-08-09,Laptop,USA,Store_B,6,1200,800
2023-08-09,Mouse,USA,Store_C,7,50,20
2023-08-09,Mouse,USA,Store_B,6,50,20
2023-08-09,Laptop,USA,Store_C,8,1200,800
2023-08-09,Headset,Spain,Store_C,10,100,60
2023-08-10,Headset,Argentina,Store_A,9,100,60
2023-08-10,Keyboard,USA,Store_A,5,80,40
2023-08-10,Laptop,Spain,Store_A,2,1200,800
2023-08-10,Headset,Argentina,Store_A,7,100,60
2023-08-10,Headset,Spain,Store_C,4,100,60
2023-08-11,Keyboard,Spain,Store_B,1,80,40
2023-08-11,Laptop,Spain,Store_C,8,1200,800
2023-08-11,Mouse,USA,Store_B,2,50,20
2023-08-11,Headset,Spain,Store_C,3,100,60
2023-08-11,Laptop,Argentina,Store_C,4,1200,800
2023-08-12,Headset,USA,Store_B,3,100,60
2023-08-12,Laptop,Spain,Store_B,8,1200,800
2023-08-12,Headset,Argentina,Store_C,3,100,60
2023-08-12,Mouse,Spain,Store_C,8,50,20
2023-08-12,Mouse,Argentina,Store_A,1,50,20
2023-08-12,Mouse,USA,Store_B,10,50,20
2023-08-12,Laptop,USA,Store_C,7,1200,800
2023-08-12,Keyboard,USA,Store_C,7,80,40
2023-08-12,Mouse,Argentina,Store_B,10,50,20
2023-08-13,Monitor,Argentina,Store_C,9,300,200
2023-08-13,Mouse,Argentina,Store_B,5,50,20
2023-08-13,Headset,Spain,Store_C,4,100,60
2023-08-13,Laptop,USA,Store_C,7,1200,800
2023-08-13,Mouse,Spain,Store_C,3,50,20
2023-08-13,Monitor,USA,Store_C,9,300,200
2023-08-13,Mouse,Argentina,Store_C,4,50,20
2023-08-13,Mouse,USA,Store_C,1,50,20
2023-08-13,Laptop,USA,Store_A,8,1200,800
2023-08-14,Mouse,Spain,Store_C,7,50,20
2023-08-14,Headset,USA,Store_B,10,100,60
2023-08-14,Keyboard,Spain,Store_B,9,80,40
2023-08-14,Monitor,Spain,Store_A,6,300,200
2023-08-14,Mouse,Argentina,Store_C,4,50,20
2023-08-14,Keyboard,Spain,Store_A,6,80,40
2023-08-14,Monitor,Spain,Store_B,4,300,200
2023-08-14,Headset,Argentina,Store_A,10,100,60
2023-08-15,Laptop,Argentina,Store_C,4,1200,800
2023-08-15,Headset,USA,Store_A,10,100,60
2023-08-15,Monitor,Argentina,Store_A,1,300,200
2023-08-15,Headset,Argentina,Store_B,3,100,60
2023-08-15,Headset,USA,Store_B,8,100,60
2023-08-15,Headset,USA,Store_C,10,100,60
2023-08-16,Headset,USA,Store_A,5,100,60
2023-08-16,Laptop,Argentina,Store_A,10,1200,800
2023-08-16,Headset,Argentina,Store_A,8,100,60
2023-08-16,Keyboard,Argentina,Store_B,10,80,40
2023-08-16,Laptop,Spain,Store_B,5,1200,800
2023-08-16,Headset,Spain,Store_A,3,100,60
2023-08-16,Monitor,Argentina,Store_B,10,300,200
2023-08-16,Headset,USA,Store_C,1,100,60
2023-08-17,Laptop,USA,Store_C,4,1200,800
2023-08-17,Keyboard,USA,Store_B,7,80,40
2023-08-17,Laptop,Spain,Store_B,2,1200,800
2023-08-17,Mouse,Argentina,Store_A,5,50,20
2023-08-17,Headset,Spain,Store_A,5,100,60
2023-08-17,Monitor,Spain,Store_C,7,300,200
2023-08-18,Laptop,USA,Store_A,4,1200,800
2023-08-18,Keyboard,Argentina,Store_C,8,80,40
2023-08-18,Monitor,Spain,Store_C,8,300,200
2023-08-19,Monitor,Spain,Store_C,9,300,200
2023-08-19,Keyboard,Spain,Store_C,5,80,40
2023-08-19,Headset,Argentina,Store_B,1,100,60
2023-08-19,Monitor,Spain,Store_C,8,300,200
2023-08-19,Keyboard,Argentina,Store_A,3,80,40
2023-08-19,Mouse,USA,Store_C,2,50,20
2023-08-19,Keyboard,Argentina,Store_C,6,80,40
2023-08-20,Keyboard,USA,Store_A,2,80,40
2023-08-20,Headset,Argentina,Store_C,2,100,60
2023-08-20,Headset,USA,Store_B,1,100,60
2023-08-20,Headset,Spain,Store_C,8,100,60
2023-08-20,Headset,USA,Store_B,3,100,60
2023-08-20,Monitor,Spain,Store_B,7,300,200
2023-08-20,Mouse,Argentina,Store_A,4,50,20
2023-08-20,Headset,Spain,Store_A,2,100,60
2023-08-20,Mouse,USA,Store_A,5,50,20
2023-08-20,Headset,Spain,Store_C,9,100,60
2023-08-21,Keyboard,Spain,Store_C,2,80,40
2023-08-21,Keyboard,USA,Store_B,3,80,40
2023-08-21,Headset,Spain,Store_C,2,100,60
2023-08-21,Keyboard,Spain,Store_B,9,80,40
2023-08-22,Monitor,Spain,Store_B,2,300,200
2023-08-22,Keyboard,Spain,Store_C,4,80,40
2023-08-22,Monitor,USA,Store_B,10,300,200
2023-08-22,Laptop,USA,Store_A,9,1200,800
2023-08-22,Mouse,Spain,Store_A,7,50,20
2023-08-23,Keyboard,Spain,Store_B,10,80,40
2023-08-23,Keyboard,Spain,Store_C,3,80,40
2023-08-23,Headset,USA,Store_B,7,100,60
2023-08-23,Keyboard,Argentina,Store_A,7,80,40
2023-08-23,Laptop,USA,Store_B,1,1200,800
2023-08-23,Keyboard,USA,Store_B,10,80,40
2023-08-23,Keyboard,Argentina,Store_B,1,80,40
2023-08-23,Monitor,USA,Store_C,8,300,200
2023-08-24,Headset,Argentina,Store_C,6,100,60
2023-08-24,Keyboard,USA,Store_B,7,80,40
2023-08-24,Keyboard,Argentina,Store_C,4,80,40
2023-08-24,Mouse,Spain,Store_B,9,50,20
2023-08-24,Monitor,Spain,Store_B,5,300,200
2023-08-25,Mouse,Spain,Store_C,5,50,20
2023-08-25,Mouse,Argentina,Store_C,6,50,20
2023-08-25,Headset,Spain,Store_A,1,100,60
2023-08-25,Monitor,Spain,Store_C,4,300,200
2023-08-26,Mouse,Argentina,Store_A,4,50,20
2023-08-26,Headset,Argentina,Store_C,10,100,60
2023-08-26,Monitor,USA,Store_A,4,300,200
2023-08-26,Mouse,Spain,Store_C,1,50,20
2023-08-27,Laptop,Argentina,Store_B,9,1200,800
2023-08-27,Mouse,USA,Store_C,2,50,20
2023-08-27,Mouse,Spain,Store_C,2,50,20
2023-08-27,Headset,USA,Store_C,5,100,60
2023-08-27,Keyboard,USA,Store_A,10,80,40
2023-08-27,Headset,Argentina,Store_C,9,100,60
2023-08-27,Keyboard,Argentina,Store_C,5,80,40
2023-08-28,Keyboard,USA,Store_A,7,80,40
2023-08-28,Keyboard,Argentina,Store_A,6,80,40
2023-08-28,Keyboard,Argentina,Store_C,5,80,40
2023-08-28,Mouse,Spain,Store_C,2,50,20
2023-08-28,Mouse,USA,Store_B,1,50,20
2023-08-29,Mouse,Spain,Store_C,3,50,20
2023-08-29,Monitor,Argentina,Store_A,8,300,200
2023-08-29,Monitor,Spain,Store_C,10,300,200
2023-08-29,Keyboard,Spain,Store_A,8,80,40
2023-08-29,Laptop,Spain,Store_A,4,1200,800
2023-08-29,Laptop,Argentina,Store_B,2,1200,800
2023-08-30,Mouse,USA,Store_C,3,50,20
2023-08-30,Laptop,Spain,Store_A,2,1200,800
2023-08-30,Laptop,Argentina,Store_A,2,1200,800
2023-08-30,Mouse,Spain,Store_C,10,50,20
2023-08-30,Keyboard,USA,Store_B,5,80,40
2023-08-30,Keyboard,Spain,Store_C,1,80,40
2023-08-30,Laptop,Spain,Store_A,7,1200,800
2023-08-31,Keyboard,USA,Store_C,7,80,40
2023-08-31,Keyboard,Argentina,Store_A,6,80,40
2023-09-01,Keyboard,Argentina,Store_C,7,80,40
2023-09-01,Monitor,Argentina,Store_A,7,300,200
2023-09-01,Monitor,Argentina,Store_A,3,300,200
2023-09-01,Monitor,Spain,Store_C,8,300,200
2023-09-01,Laptop,Spain,Store_C,3,1200,800
2023-09-01,Monitor,USA,Store_B,2,300,200
2023-09-01,Laptop,Spain,Store_C,5,1200,800
2023-09-01,Headset,USA,Store_B,1,100,60
2023-09-02,Monitor,Argentina,Store_A,3,300,200
2023-09-02,Mouse,Spain,Store_B,1,50,20
2023-09-02,Mouse,Argentina,Store_C,2,50,20
2023-09-02,Headset,USA,Store_C,3,100,60
2023-09-02,Laptop,Argentina,Store_C,3,1200,800
2023-09-02,Keyboard,Spain,Store_B,9,80,40
2023-09-02,Keyboard,Argentina,Store_A,5,80,40
2023-09-02,Monitor,USA,Store_B,5,300,200
2023-09-03,Mouse,Argentina,Store_B,4,50,20
2023-09-03,Monitor,USA,Store_C,6,300,200
2023-09-03,Laptop,Argentina,Store_B,3,1200,800
2023-09-03,Monitor,Argentina,Store_B,9,300,200
2023-09-03,Monitor,Argentina,Store_B,8,300,200
2023-09-04,Monitor,USA,Store_B,8,300,200
2023-09-04,Headset,Spain,Store_A,2,100,60
2023-09-04,Monitor,Spain,Store_C,5,300,200
2023-09-04,Headset,Spain,Store_A,3,100,60
2023-09-04,Laptop,USA,Store_A,5,1200,800
2023-09-04,Mouse,Spain,Store_B,9,50,20
2023-09-04,Laptop,USA,Store_C,10,1200,800
2023-09-05,Keyboard,USA,Store_A,4,80,40
2023-09-05,Monitor,USA,Store_C,2,300,200
2023-09-05,Mouse,USA,Store_C,2,50,20
2023-09-05,Mouse,USA,Store_A,8,50,20
2023-09-05,Monitor,USA,Store_A,4,300,200
2023-09-06,Laptop,USA,Store_B,9,1200,800
2023-09-06,Monitor,Argentina,Store_C,3,300,200
2023-09-06,Monitor,Spain,Store_A,3,300,200
2023-09-06,Mouse,Spain,Store_B,2,50,20
2023-09-06,Laptop,Argentina,Store_A,8,1200,800
2023-09-06,Mouse,Argentina,Store_B,6,50,20
2023-09-06,Headset,Spain,Store_C,8,100,60
2023-09-07,Monitor,Spain,Store_B,10,300,200
2023-09-07,Monitor,Argentina,Store_A,6,300,200
2023-09-07,Monitor,Argentina,Store_B,1,300,200
2023-09-08,Laptop,Argentina,Store_B,4,1200,800
2023-09-08,Mouse,Argentina,Store_A,5,50,20
2023-09-08,Monitor,Argentina,Store_A,5,300,200
2023-09-08,Keyboard,Spain,Store_B,10,80,40
2023-09-08,Monitor,USA,Store_C,10,300,200
2023-09-08,Keyboard,Spain,Store_B,6,80,40
2023-09-08,Keyboard,Argentina,Store_B,2,80,40
2023-09-08,Laptop,Argentina,Store_C,7,1200,800
2023-09-09,Headset,Argentina,Store_B,10,100,60
2023-09-09,Monitor,Argentina,Store_B,6,300,200
2023-09-09,Headset,USA,Store_A,4,100,60
2023-09-09,Keyboard,USA,Store_C,3,80,40
2023-09-09,Keyboard,Spain,Store_A,4,80,40
2023-09-10,Headset,Spain,Store_B,3,100,60
2023-09-10,Keyboard,Argentina,Store_B,3,80,40
2023-09-10,Headset,USA,Store_C,6,100,60
2023-09-10,Headset,Argentina,Store_B,4,100,60
2023-09-10,Mouse,USA,Store_A,6,50,20
2023-09-10,Laptop,USA,Store_A,5,1200,800
2023-09-10,Headset,USA,Store_B,7,100,60
2023-09-10,Headset,Argentina,Store_C,3,100,60
2023-09-10,Mouse,Argentina,Store_A,1,50,20
2023-09-10,Laptop,Spain,Store_C,4,1200,800
2023-09-10,Mouse,USA,Store_A,5,50,20
2023-09-11,Headset,USA,Store_B,9,100,60
2023-09-11,Monitor,Argentina,Store_B,6,300,200
2023-09-11,Laptop,USA,Store_B,9,1200,800
2023-09-11,Headset,Spain,Store_B,4,100,60
2023-09-11,Mouse,Spain,Store_B,4,50,20
2023-09-11,Mouse,Argentina,Store_A,4,50,20
2023-09-11,Keyboard,Spain,Store_A,4,80,40
2023-09-11,Headset,Spain,Store_A,7,100,60
2023-09-11,Keyboard,Argentina,Store_C,5,80,40
2023-09-12,Laptop,Spain,Store_C,9,1200,800
2023-09-12,Mouse,Spain,Store_B,7,50,20
2023-09-12,Keyboard,Argentina,Store_C,6,80,40
2023-09-12,Mouse,Argentina,Store_A,9,50,20
2023-09-12,Monitor,Spain,Store_C,2,300,200
2023-09-12,Laptop,USA,Store_C,3,1200,800
2023-09-13,Headset,Spain,Store_B,5,100,60
2023-09-13,Monitor,Spain,Store_B,9,300,200
2023-09-13,Mouse,Argentina,Store_B,7,50,20
2023-09-13,Mouse,Argentina,Store_C,1,50,20
2023-09-13,Monitor,USA,Store_C,10,300,200
2023-09-13,Mouse,Argentina,Store_A,1,50,20
2023-09-13,Monitor,Spain,Store_C,9,300,200
2023-09-13,Monitor,Spain,Store_C,10,300,200
2023-09-13,Headset,USA,Store_B,6,100,60
2023-09-14,Mouse,USA,Store_B,1,50,20
2023-09-14,Laptop,USA,Store_B,1,1200,800
2023-09-14,Monitor,Argentina,Store_A,7,300,200
2023-09-14,Mouse,USA,Store_B,2,50,20
2023-09-14,Keyboard,USA,Store_A,6,80,40
2023-09-14,Mouse,Spain,Store_A,9,50,20
2023-09-14,Headset,Spain,Store_A,8,100,60
2023-09-14,Monitor,USA,Store_A,1,300,200
2023-09-14,Laptop,USA,Store_A,3,1200,800
2023-09-14,Monitor,Argentina,Store_B,1,300,200
2023-09-15,Headset,Argentina,Store_B,4,100,60
2023-09-15,Laptop,Argentina,Store_A,5,1200,800
2023-09-15,Mouse,USA,Store_A,4,50,20
2023-09-15,Laptop,Spain,Store_C,2,1200,800
2023-09-15,Mouse,USA,Store_B,10,50,20
2023-09-15,Mouse,USA,Store_B,4,50,20
2023-09-15,Mouse,Spain,Store_A,8,50,20
2023-09-15,Monitor,Argentina,Store_C,10,300,200
2023-09-15,Laptop,Spain,Store_B,6,1200,800
2023-09-16,Headset,Spain,Store_A,5,100,60
2023-09-16,Mouse,USA,Store_C,3,50,20
2023-09-16,Mouse,Argentina,Store_C,7,50,20
2023-09-16,Headset,Argentina,Store_C,9,100,60
2023-09-16,Keyboard,Spain,Store_A,10,80,40
2023-09-16,Keyboard,USA,Store_A,3,80,40
2023-09-16,Monitor,USA,Store_A,10,300,200
2023-09-16,Monitor,Spain,Store_B,10,300,200
2023-09-16,Monitor,Argentina,Store_B,1,300,200
2023-09-16,Laptop,Argentina,Store_B,1,1200,800
2023-09-16,Monitor,USA,Store_B,4,300,200
2023-09-16,Laptop,Spain,Store_B,6,1200,800
2023-09-16,Headset,Argentina,Store_B,2,100,60
2023-09-16,Laptop,Spain,Store_B,3,1200,800
2023-09-17,Laptop,USA,Store_C,3,1200,800
2023-09-17,Monitor,Argentina,Store_C,9,300,200
2023-09-17,Keyboard,Spain,Store_A,2,80,40
2023-09-17,Monitor,USA,Store_A,8,300,200
2023-09-17,Mouse,USA,Store_B,8,50,20
2023-09-18,Mouse,USA,Store_B,10,50,20
2023-09-18,Monitor,Spain,Store_A,3,300,200
2023-09-18,Headset,USA,Store_A,10,100,60
2023-09-18,Headset,USA,Store_B,1,100,60
2023-09-18,Headset,USA,Store_C,3,100,60
2023-09-18,Keyboard,USA,Store_B,7,80,40
2023-09-18,Laptop,Spain,Store_A,2,1200,800
2023-09-18,Headset,Spain,Store_B,7,100,60
2023-09-19,Monitor,Spain,Store_B,6,300,200
2023-09-19,Laptop,USA,Store_A,8,1200,800
2023-09-20,Laptop,Spain,Store_A,7,1200,800
2023-09-20,Headset,Spain,Store_B,2,100,60
2023-09-20,Laptop,Argentina,Store_B,10,1200,800
2023-09-20,Keyboard,Argentina,Store_A,1,80,40
2023-09-20,Laptop,Spain,Store_C,6,1200,800
2023-09-20,Monitor,Argentina,Store_A,8,300,200
2023-09-20,Headset,USA,Store_C,1,100,60
2023-09-20,Monitor,USA,Store_B,9,300,200
2023-09-20,Laptop,Spain,Store_B,9,1200,800
2023-09-20,Keyboard,Argentina,Store_A,9,80,40
2023-09-20,Monitor,USA,Store_B,5,300,200
2023-09-20,Mouse,USA,Store_A,5,50,20
2023-09-21,Laptop,Argentina,Store_B,10,1200,800
2023-09-21,Headset,Spain,Store_B,8,100,60
2023-09-21,Monitor,USA,Store_B,8,300,200
2023-09-21,Headset,Argentina,Store_C,2,100,60
2023-09-21,Laptop,Argentina,Store_A,10,1200,800
2023-09-21,Laptop,Spain,Store_C,4,1200,800
2023-09-21,Headset,Argentina,Store_A,9,100,60
2023-09-21,Headset,Argentina,Store_A,8,100,60
2023-09-21,Keyboard,USA,Store_A,6,80,40
2023-09-22,Monitor,USA,Store_C,5,300,200
2023-09-22,Keyboard,Argentina,Store_B,4,80,40
2023-09-22,Laptop,USA,Store_A,4,1200,800
2023-09-22,Laptop,Spain,Store_B,9,1200,800
2023-09-22,Keyboard,Spain,Store_C,9,80,40
2023-09-22,Mouse,USA,Store_A,4,50,20
2023-09-22,Keyboard,Spain,Store_A,7,80,40
2023-09-22,Monitor,Argentina,Store_C,8,300,200
2023-09-22,Monitor,Spain,Store_C,9,300,200
2023-09-23,Monitor,Argentina,Store_B,1,300,200
2023-09-24,Mouse,Spain,Store_C,9,50,20
2023-09-24,Mouse,USA,Store_B,3,50,20
2023-09-24,Laptop,Spain,Store_A,9,1200,800
2023-09-24,Headset,USA,Store_C,3,100,60
2023-09-24,Mouse,Spain,Store_A,5,50,20
2023-09-24,Laptop,USA,Store_A,4,1200,800
2023-09-25,Headset,USA,Store_B,2,100,60
2023-09-25,Mouse,Argentina,Store_B,4,50,20
2023-09-25,Headset,USA,Store_B,7,100,60
2023-09-25,Mouse,USA,Store_C,2,50,20
2023-09-25,Laptop,Argentina,Store_B,9,1200,800
2023-09-25,Headset,Argentina,Store_C,3,100,60
2023-09-25,Monitor,Spain,Store_B,6,300,200
2023-09-25,Laptop,Argentina,Store_A,1,1200,800
2023-09-26,Laptop,USA,Store_A,2,1200,800
2023-09-26,Laptop,USA,Store_C,4,1200,800
2023-09-26,Headset,Spain,Store_A,6,100,60
2023-09-26,Laptop,Spain,Store_B,4,1200,800
2023-09-26,Monitor,Spain,Store_A,1,300,200
2023-09-26,Monitor,USA,Store_A,9,300,200
2023-09-26,Mouse,USA,Store_C,5,50,20
2023-09-26,Mouse,Argentina,Store_C,6,50,20
2023-09-27,Laptop,USA,Store_C,8,1200,800
2023-09-27,Keyboard,USA,Store_C,7,80,40
2023-09-27,Laptop,Spain,Store_C,3,1200,800
2023-09-27,Monitor,Spain,Store_A,10,300,200
2023-09-27,Monitor,Spain,Store_C,8,300,200
2023-09-27,Keyboard,USA,Store_C,10,80,40
2023-09-27,Mouse,USA,Store_C,8,50,20
2023-09-27,Headset,Argentina,Store_A,4,100,60
2023-09-27,Monitor,Argentina,Store_B,3,300,200
2023-09-28,Headset,Argentina,Store_A,5,100,60
2023-09-28,Mouse,USA,Store_A,8,50,20
2023-09-28,Monitor,Spain,Store_B,2,300,200
2023-09-28,Monitor,Spain,Store_B,8,300,200
2023-09-28,Mouse,Argentina,Store_B,7,50,20
2023-09-28,Laptop,Spain,Store_C,7,1200,800
2023-09-28,Mouse,USA,Store_C,4,50,20
2023-09-28,Mouse,Argentina,Store_A,6,50,20
2023-09-28,Headset,Spain,Store_C,9,100,60
2023-09-28,Mouse,USA,Store_B,1,50,20
2023-09-29,Headset,Argentina,Store_C,10,100,60
2023-09-29,Keyboard,Argentina,Store_B,7,80,40
2023-09-29,Headset,Argentina,Store_A,8,100,60
2023-09-29,Keyboard,Argentina,Store_B,10,80,40
2023-09-29,Mouse,Argentina,Store_A,1,50,20
2023-09-29,Mouse,Argentina,Store_B,6,50,20
2023-09-30,Mouse,Spain,Store_C,7,50,20
2023-09-30,Headset,USA,Store_A,3,100,60
2023-09-30,Mouse,Spain,Store_A,3,50,20
2023-09-30,Headset,USA,Store_A,6,100,60
2023-10-01,Monitor,USA,Store_C,4,300,200
2023-10-01,Mouse,Argentina,Store_C,6,50,20
2023-10-01,Headset,USA,Store_A,9,100,60
2023-10-01,Keyboard,Spain,Store_B,3,80,40
2023-10-01,Monitor,USA,Store_A,7,300,200
2023-10-01,Laptop,Spain,Store_B,10,1200,800
2023-10-01,Monitor,Spain,Store_B,2,300,200
2023-10-01,Keyboard,Spain,Store_C,6,80,40
2023-10-01,Headset,USA,Store_C,6,100,60
2023-10-01,Keyboard,Spain,Store_A,7,80,40
2023-10-02,Headset,Spain,Store_B,5,100,60
2023-10-02,Laptop,USA,Store_B,4,1200,800
2023-10-02,Laptop,USA,Store_C,5,1200,800
2023-10-03,Keyboard,Argentina,Store_C,10,80,40
2023-10-03,Keyboard,Spain,Store_B,5,80,40
2023-10-03,Mouse,Argentina,Store_A,4,50,20
2023-10-03,Mouse,Spain,Store_B,4,50,20
2023-10-03,Monitor,Spain,Store_A,4,300,200
2023-10-03,Keyboard,Spain,Store_B,1,80,40
2023-10-04,Keyboard,Spain,Store_B,8,80,40
2023-10-04,Mouse,USA,Store_B,4,50,20
2023-10-04,Monitor,USA,Store_A,4,300,200
2023-10-04,Mouse,Argentina,Store_B,2,50,20
2023-10-04,Headset,Spain,Store_A,2,100,60
2023-10-04,Mouse,Argentina,Store_A,5,50,20
2023-10-04,Mouse,Argentina,Store_C,7,50,20
2023-10-05,Monitor,Argentina,Store_C,2,300,200
2023-10-05,Keyboard,Spain,Store_B,3,80,40
2023-10-05,Laptop,USA,Store_C,2,1200,800
2023-10-05,Keyboard,Spain,Store_A,8,80,40
2023-10-05,Keyboard,Argentina,Store_B,7,80,40
2023-10-05,Mouse,Spain,Store_B,8,50,20
2023-10-05,Keyboard,USA,Store_A,5,80,40
2023-10-06,Headset,Spain,Store_C,8,100,60
2023-10-06,Monitor,Argentina,Store_C,5,300,200
2023-10-06,Mouse,Argentina,Store_B,6,50,20
2023-10-06,Mouse,Spain,Store_C,2,50,20
2023-10-06,Headset,USA,Store_A,6,100,60
2023-10-07,Laptop,Spain,Store_C,9,1200,800
2023-10-07,Mouse,USA,Store_C,4,50,20
2023-10-07,Laptop,Spain,Store_B,2,1200,800
2023-10-07,Keyboard,Spain,Store_C,8,80,40
2023-10-07,Mouse,USA,Store_B,6,50,20
2023-10-07,Monitor,USA,Store_A,3,300,200
2023-10-07,Keyboard,Spain,Store_B,5,80,40
2023-10-08,Monitor,USA,Store_C,1,300,200
2023-10-08,Laptop,Argentina,Store_C,9,1200,800
2023-10-08,Mouse,Argentina,Store_C,8,50,20
2023-10-09,Mouse,Spain,Store_C,6,50,20
2023-10-09,Keyboard,USA,Store_C,3,80,40
2023-10-09,Monitor,Argentina,Store_B,5,300,200
2023-10-09,Keyboard,Argentina,Store_C,3,80,40
2023-10-09,Keyboard,Argentina,Store_A,9,80,40
2023-10-09,Mouse,USA,Store_B,2,50,20
2023-10-10,Keyboard,USA,Store_A,3,80,40
2023-10-10,Laptop,Argentina,Store_B,7,1200,800
2023-10-10,Headset,Argentina,Store_C,7,100,60
2023-10-10,Laptop,Argentina,Store_B,4,1200,800
2023-10-10,Keyboard,USA,Store_B,2,80,40
2023-10-10,Headset,Spain,Store_C,4,100,60
2023-10-10,Laptop,Argentina,Store_A,10,1200,800
2023-10-10,Headset,Spain,Store_A,7,100,60
2023-10-10,Keyboard,Argentina,Store_A,6,80,40
2023-10-11,Monitor,Argentina,Store_C,8,300,200
2023-10-11,Mouse,Spain,Store_A,6,50,20
2023-10-11,Laptop,Spain,Store_C,4,1200,800
2023-10-11,Laptop,Argentina,Store_B,3,1200,800
2023-10-11,Monitor,Spain,Store_C,5,300,200
2023-10-11,Headset,Spain,Store_B,5,100,60
2023-10-11,Laptop,Spain,Store_A,10,1200,800
2023-10-11,Mouse,Spain,Store_B,8,50,20
2023-10-12,Mouse,USA,Store_C,7,50,20
2023-10-12,Headset,USA,Store_B,4,100,60
2023-10-12,Keyboard,Argentina,Store_B,10,80,40
2023-10-12,Keyboard,Spain,Store_A,5,80,40
2023-10-12,Keyboard,Argentina,Store_A,9,80,40
2023-10-12,Laptop,USA,Store_C,8,1200,800
2023-10-12,Laptop,Argentina,Store_A,3,1200,800
2023-10-13,Keyboard,USA,Store_C,1,80,40
2023-10-13,Monitor,Spain,Store_A,4,300,200
2023-10-13,Mouse,USA,Store_A,3,50,20
2023-10-13,Mouse,Argentina,Store_B,6,50,20
2023-10-13,Laptop,USA,Store_A,1,1200,800
2023-10-13,Headset,Argentina,Store_C,4,100,60
2023-10-13,Laptop,Spain,Store_A,8,1200,800
2023-10-13,Headset,USA,Store_A,10,100,60
2023-10-13,Laptop,USA,Store_B,9,1200,800
2023-10-13,Keyboard,Argentina,Store_C,6,80,40
2023-10-14,Headset,Spain,Store_A,5,100,60
2023-10-14,Mouse,Spain,Store_B,4,50,20
2023-10-14,Laptop,Argentina,Store_A,3,1200,800
2023-10-14,Laptop,USA,Store_B,10,1200,800
2023-10-14,Keyboard,Spain,Store_C,10,80,40
2023-10-14,Mouse,USA,Store_C,3,50,20
2023-10-14,Laptop,Spain,Store_A,5,1200,800
2023-10-14,Headset,USA,Store_C,2,100,60
2023-10-14,Mouse,USA,Store_A,4,50,20
2023-10-15,Laptop,Argentina,Store_B,10,1200,800
2023-10-15,Mouse,Argentina,Store_B,9,50,20
2023-10-15,Headset,Argentina,Store_B,5,100,60
2023-10-15,Monitor,Spain,Store_C,5,300,200
2023-10-15,Monitor,Spain,Store_C,2,300,200
2023-10-15,Laptop,Argentina,Store_B,5,1200,800
2023-10-16,Headset,USA,Store_B,7,100,60
2023-10-16,Monitor,Spain,Store_B,9,300,200
2023-10-16,Monitor,Argentina,Store_A,8,300,200
2023-10-16,Mouse,Spain,Store_C,2,50,20
2023-10-16,Keyboard,USA,Store_C,10,80,40
2023-10-16,Mouse,USA,Store_A,1,50,20
2023-10-16,Headset,Spain,Store_A,7,100,60
2023-10-17,Monitor,USA,Store_B,5,300,200
2023-10-17,Mouse,USA,Store_A,6,50,20
2023-10-17,Mouse,USA,Store_B,8,50,20
2023-10-17,Headset,Argentina,Store_C,2,100,60
2023-10-17,Headset,Argentina,Store_B,3,100,60
2023-10-17,Keyboard,Spain,Store_B,8,80,40
2023-10-17,Headset,USA,Store_A,4,100,60
2023-10-17,Monitor,Argentina,Store_B,6,300,200
2023-10-18,Keyboard,USA,Store_A,2,80,40
2023-10-18,Headset,Argentina,Store_B,5,100,60
2023-10-18,Headset,Argentina,Store_A,6,100,60
2023-10-18,Keyboard,USA,Store_A,10,80,40
2023-10-18,Monitor,Spain,Store_B,8,300,200
2023-10-18,Laptop,USA,Store_A,10,1200,800
2023-10-18,Mouse,Argentina,Store_B,9,50,20
2023-10-18,Laptop,Spain,Store_B,9,1200,800
2023-10-18,Laptop,USA,Store_C,2,1200,800
2023-10-18,Laptop,Spain,Store_C,4,1200,800
2023-10-18,Mouse,Spain,Store_B,9,50,20
2023-10-18,Monitor,Argentina,Store_B,6,300,200
2023-10-19,Monitor,USA,Store_B,1,300,200
2023-10-19,Mouse,Spain,Store_A,5,50,20
2023-10-19,Mouse,Spain,Store_A,5,50,20
2023-10-20,Monitor,Spain,Store_A,3,300,200
2023-10-20,Laptop,Argentina,Store_C,9,1200,800
2023-10-20,Mouse,Argentina,Store_B,1,50,20
2023-10-20,Mouse,USA,Store_A,8,50,20
2023-10-20,Headset,USA,Store_B,8,100,60
2023-10-20,Keyboard,Argentina,Store_A,10,80,40
2023-10-20,Monitor,Argentina,Store_A,3,300,200
2023-10-21,Headset,Spain,Store_B,6,100,60
2023-10-21,Monitor,Argentina,Store_B,9,300,200
2023-10-21,Laptop,Argentina,Store_C,1,1200,800
2023-10-21,Mouse,Spain,Store_A,9,50,20
2023-10-21,Monitor,USA,Store_A,4,300,200
2023-10-21,Headset,Argentina,Store_C,2,100,60
2023-10-21,Mouse,Argentina,Store_C,5,50,20
2023-10-21,Laptop,USA,Store_A,5,1200,800
2023-10-22,Headset,Argentina,Store_B,2,100,60
2023-10-22,Keyboard,USA,Store_C,9,80,40
2023-10-22,Headset,Spain,Store_C,8,100,60
2023-10-22,Mouse,Argentina,Store_C,9,50,20
2023-10-22,Keyboard,Spain,Store_C,2,80,40
2023-10-23,Headset,Spain,Store_C,7,100,60
2023-10-23,Keyboard,Spain,Store_A,2,80,40
2023-10-23,Mouse,Argentina,Store_C,1,50,20
2023-10-23,Keyboard,Spain,Store_C,3,80,40
2023-10-23,Headset,USA,Store_B,3,100,60
2023-10-23,Keyboard,USA,Store_C,2,80,40
2023-10-23,Keyboard,Spain,Store_A,2,80,40
2023-10-23,Laptop,Argentina,Store_C,2,1200,800
2023-10-23,Laptop,USA,Store_C,2,1200,800
2023-10-23,Headset,USA,Store_B,8,100,60
2023-10-24,Mouse,USA,Store_B,5,50,20
2023-10-24,Laptop,Argentina,Store_A,1,1200,800
2023-10-24,Mouse,Spain,Store_A,10,50,20
2023-10-25,Keyboard,Spain,Store_A,9,80,40
2023-10-25,Mouse,USA,Store_C,8,50,20
2023-10-25,Keyboard,Argentina,Store_C,8,80,40
2023-10-25,Mouse,Argentina,Store_B,1,50,20
2023-10-25,Headset,Spain,Store_B,5,100,60
2023-10-25,Monitor,Argentina,Store_C,8,300,200
2023-10-25,Headset,Argentina,Store_A,7,100,60
2023-10-25,Mouse,Spain,Store_C,5,50,20
2023-10-25,Headset,Spain,Store_A,5,100,60
2023-10-25,Headset,Argentina,Store_A,10,100,60
2023-10-26,Mouse,Argentina,Store_B,3,50,20
2023-10-26,Mouse,Argentina,Store_C,7,50,20
2023-10-26,Headset,Spain,Store_A,2,100,60
2023-10-26,Laptop,USA,Store_A,9,1200,800
2023-10-27,Laptop,Spain,Store_B,1,1200,800
2023-10-27,Keyboard,USA,Store_C,5,80,40
2023-10-27,Mouse,Spain,Store_A,10,50,20
2023-10-27,Laptop,Argentina,Store_C,5,1200,800
2023-10-27,Keyboard,Argentina,Store_C,3,80,40
2023-10-27,Laptop,Argentina,Store_C,1,1200,800
2023-10-27,Headset,Argentina,Store_B,7,100,60
2023-10-28,Monitor,Spain,Store_B,5,300,200
2023-10-28,Monitor,USA,Store_C,5,300,200
2023-10-28,Headset,USA,Store_B,3,100,60
2023-10-28,Headset,Argentina,Store_A,6,100,60
2023-10-28,Laptop,Argentina,Store_A,3,1200,800
2023-10-29,Keyboard,Argentina,Store_A,9,80,40
2023-10-29,Mouse,Spain,Store_C,6,50,20
2023-10-30,Keyboard,USA,Store_A,3,80,40
2023-10-30,Laptop,USA,Store_C,5,1200,800
2023-10-30,Headset,USA,Store_B,3,100,60
2023-10-30,Headset,Argentina,Store_B,6,100,60
2023-10-30,Mouse,Spain,Store_B,7,50,20
2023-10-30,Keyboard,Argentina,Store_B,1,80,40
2023-10-30,Headset,Spain,Store_C,9,100,60
2023-10-31,Mouse,USA,Store_B,1,50,20
2023-10-31,Headset,Argentina,Store_A,8,100,60
2023-10-31,Headset,Argentina,Store_A,2,100,60
2023-10-31,Keyboard,Argentina,Store_A,4,80,40
2023-10-31,Laptop,Spain,Store_C,7,1200,800
2023-10-31,Mouse,Spain,Store_A,9,50,20
2023-11-01,Keyboard,USA,Store_B,9,80,40
2023-11-01,Monitor,USA,Store_C,10,300,200
2023-11-02,Monitor,USA,Store_C,6,300,200
2023-11-02,Keyboard,Argentina,Store_C,5,80,40
2023-11-02,Keyboard,Spain,Store_A,1,80,40
2023-11-02,Mouse,Argentina,Store_A,4,50,20
2023-11-03,Mouse,USA,Store_C,8,50,20
2023-11-03,Mouse,Argentina,Store_A,5,50,20
2023-11-03,Keyboard,Argentina,Store_A,3,80,40
2023-11-03,Mouse,USA,Store_B,3,50,20
2023-11-03,Headset,Argentina,Store_C,2,100,60
2023-11-03,Monitor,Spain,Store_B,9,300,200
2023-11-03,Laptop,Argentina,Store_C,1,1200,800
2023-11-03,Headset,USA,Store_A,2,100,60
2023-11-03,Mouse,USA,Store_C,6,50,20
2023-11-04,Monitor,Spain,Store_B,2,300,200
2023-11-04,Headset,USA,Store_A,2,100,60
2023-11-04,Keyboard,Spain,Store_C,5,80,40
2023-11-04,Monitor,Argentina,Store_A,1,300,200
2023-11-04,Monitor,USA,Store_A,5,300,200
2023-11-04,Laptop,USA,Store_A,1,1200,800
2023-11-04,Headset,USA,Store_A,9,100,60
2023-11-04,Headset,Spain,Store_A,10,100,60
2023-11-05,Laptop,USA,Store_A,4,1200,800
2023-11-05,Keyboard,USA,Store_A,10,80,40
2023-11-05,Keyboard,Spain,Store_B,5,80,40
2023-11-05,Laptop,Argentina,Store_C,7,1200,800
2023-11-05,Laptop,Argentina,Store_A,5,1200,800
2023-11-05,Keyboard,Spain,Store_C,4,80,40
2023-11-05,Monitor,Spain,Store_B,4,300,200
2023-11-05,Mouse,Spain,Store_A,4,50,20
2023-11-05,Headset,Spain,Store_C,6,100,60
2023-11-06,Laptop,USA,Store_A,6,1200,800
2023-11-06,Headset,USA,Store_C,5,100,60
2023-11-06,Headset,Argentina,Store_A,7,100,60
2023-11-06,Monitor,Spain,Store_A,7,300,200
2023-11-06,Monitor,USA,Store_B,10,300,200
2023-11-07,Keyboard,Spain,Store_B,7,80,40
2023-11-07,Monitor,Argentina,Store_A,4,300,200
2023-11-07,Headset,Argentina,Store_B,1,100,60
2023-11-08,Keyboard,Argentina,Store_C,3,80,40
2023-11-08,Keyboard,Argentina,Store_A,9,80,40
2023-11-08,Mouse,Spain,Store_B,6,50,20
2023-11-08,Headset,Argentina,Store_B,8,100,60
2023-11-09,Laptop,Spain,Store_A,9,1200,800
2023-11-09,Headset,Argentina,Store_A,7,100,60
2023-11-09,Mouse,Argentina,Store_C,6,50,20
2023-11-09,Monitor,USA,Store_B,8,300,200
2023-11-09,Laptop,Spain,Store_A,10,1200,800
2023-11-10,Laptop,Argentina,Store_C,3,1200,800
2023-11-10,Mouse,USA,Store_B,4,50,20
2023-11-10,Keyboard,Spain,Store_C,1,80,40
2023-11-10,Mouse,USA,Store_A,4,50,20
2023-11-10,Mouse,Spain,Store_C,3,50,20
2023-11-11,Monitor,USA,Store_B,10,300,200
2023-11-11,Mouse,Argentina,Store_C,4,50,20
2023-11-11,Mouse,Spain,Store_B,1,50,20
2023-11-11,Mouse,Spain,Store_B,8,50,20
2023-11-11,Monitor,USA,Store_A,3,300,200
2023-11-11,Headset,Argentina,Store_C,3,100,60
2023-11-11,Headset,USA,Store_C,1,100,60
2023-11-11,Laptop,Argentina,Store_C,7,1200,800
2023-11-12,Keyboard,USA,Store_B,7,80,40
2023-11-12,Headset,Spain,Store_C,4,100,60
2023-11-12,Keyboard,Spain,Store_C,2,80,40
2023-11-12,Laptop,USA,Store_B,3,1200,800
2023-11-12,Keyboard,Argentina,Store_B,4,80,40
2023-11-12,Headset,USA,Store_A,6,100,60
2023-11-12,Monitor,Argentina,Store_A,9,300,200
2023-11-13,Headset,Spain,Store_A,10,100,60
2023-11-13,Mouse,USA,Store_A,4,50,20
2023-11-13,Mouse,USA,Store_C,6,50,20
2023-11-13,Headset,Argentina,Store_C,3,100,60
2023-11-13,Laptop,USA,Store_C,1,1200,800
2023-11-14,Headset,USA,Store_C,2,100,60
2023-11-14,Laptop,Spain,Store_A,5,1200,800
2023-11-14,Monitor,USA,Store_B,5,300,200
2023-11-14,Keyboard,USA,Store_C,5,80,40
2023-11-14,Mouse,Spain,Store_C,4,50,20
2023-11-14,Keyboard,Argentina,Store_C,9,80,40
2023-11-14,Keyboard,Argentina,Store_C,10,80,40
2023-11-14,Headset,USA,Store_C,2,100,60
2023-11-15,Mouse,Argentina,Store_B,1,50,20
2023-11-15,Keyboard,Spain,Store_B,10,80,40
2023-11-15,Headset,Argentina,Store_C,2,100,60
2023-11-15,Monitor,Argentina,Store_C,6,300,200
2023-11-16,Headset,Argentina,Store_B,10,100,60
2023-11-16,Laptop,Argentina,Store_A,10,1200,800
2023-11-16,Headset,USA,Store_C,4,100,60
2023-11-16,Mouse,USA,Store_B,1,50,20
2023-11-16,Headset,USA,Store_A,2,100,60
2023-11-16,Headset,Argentina,Store_A,8,100,60
2023-11-16,Mouse,USA,Store_A,7,50,20
2023-11-17,Monitor,Spain,Store_C,7,300,200
2023-11-17,Monitor,Spain,Store_B,5,300,200
2023-11-17,Keyboard,Spain,Store_C,7,80,40
2023-11-17,Monitor,Argentina,Store_A,6,300,200
2023-11-17,Keyboard,Spain,Store_A,1,80,40
2023-11-17,Mouse,Argentina,Store_A,1,50,20
2023-11-17,Headset,Argentina,Store_B,4,100,60
2023-11-17,Headset,USA,Store_A,10,100,60
2023-11-18,Headset,Argentina,Store_A,7,100,60
2023-11-18,Headset,Spain,Store_B,7,100,60
2023-11-18,Monitor,USA,Store_C,2,300,200
2023-11-18,Laptop,USA,Store_C,6,1200,800
2023-11-18,Monitor,Spain,Store_C,4,300,200
2023-11-18,Laptop,USA,Store_C,10,1200,800
2023-11-18,Keyboard,Spain,Store_A,3,80,40
2023-11-18,Headset,Spain,Store_A,10,100,60
2023-11-18,Keyboard,Spain,Store_A,2,80,40
2023-11-18,Keyboard,Spain,Store_A,9,80,40
2023-11-19,Keyboard,Spain,Store_C,2,80,40
2023-11-19,Laptop,USA,Store_B,10,1200,800
2023-11-19,Headset,USA,Store_C,3,100,60
2023-11-19,Laptop,Argentina,Store_A,10,1200,800
2023-11-19,Laptop,Spain,Store_B,2,1200,800
2023-11-19,Laptop,Spain,Store_C,4,1200,800
2023-11-19,Headset,Argentina,Store_A,4,100,60
2023-11-20,Keyboard,Argentina,Store_C,10,80,40
2023-11-20,Keyboard,Spain,Store_C,10,80,40
2023-11-20,Headset,USA,Store_B,9,100,60
2023-11-20,Mouse,Spain,Store_B,9,50,20
2023-11-20,Mouse,USA,Store_A,4,50,20
2023-11-20,Keyboard,Spain,Store_C,4,80,40
2023-11-20,Keyboard,Spain,Store_C,4,80,40
2023-11-20,Keyboard,Argentina,Store_A,7,80,40
2023-11-21,Headset,USA,Store_C,6,100,60
2023-11-21,Mouse,Spain,Store_C,8,50,20
2023-11-21,Monitor,Argentina,Store_A,4,300,200
2023-11-21,Mouse,Argentina,Store_B,6,50,20
2023-11-21,Monitor,USA,Store_B,2,300,200
2023-11-21,Laptop,Argentina,Store_B,9,1200,800
2023-11-21,Keyboard,USA,Store_C,10,80,40
2023-11-22,Laptop,Spain,Store_B,4,1200,800
2023-11-22,Keyboard,Spain,Store_C,4,80,40
2023-11-22,Mouse,USA,Store_C,9,50,20
2023-11-22,Monitor,Spain,Store_C,4,300,200
2023-11-22,Monitor,Argentina,Store_B,2,300,200
2023-11-22,Headset,Argentina,Store_C,6,100,60
2023-11-23,Keyboard,USA,Store_A,2,80,40
2023-11-23,Mouse,USA,Store_A,1,50,20
2023-11-23,Laptop,Argentina,Store_C,9,1200,800
2023-11-23,Mouse,USA,Store_A,3,50,20
2023-11-23,Monitor,Spain,Store_C,2,300,200
2023-11-23,Headset,USA,Store_A,5,100,60
2023-11-23,Mouse,Spain,Store_B,4,50,20
2023-11-23,Monitor,Argentina,Store_C,9,300,200
2023-11-24,Laptop,USA,Store_B,4,1200,800
2023-11-24,Mouse,Spain,Store_C,1,50,20
2023-11-24,Laptop,Argentina,Store_B,7,1200,800
2023-11-24,Laptop,Argentina,Store_A,4,1200,800
2023-11-24,Laptop,Spain,Store_B,1,1200,800
2023-11-24,Headset,Spain,Store_C,4,100,60
2023-11-24,Keyboard,Spain,Store_B,8,80,40
2023-11-24,Headset,Argentina,Store_A,5,100,60
2023-11-24,Mouse,Argentina,Store_C,1,50,20
2023-11-24,Monitor,Spain,Store_C,9,300,200
2023-11-24,Headset,USA,Store_A,1,100,60
2023-11-24,Keyboard,Argentina,Store_B,1,80,40
2023-11-25,Keyboard,Argentina,Store_A,3,80,40
2023-11-25,Keyboard,Spain,Store_A,1,80,40
2023-11-25,Keyboard,Spain,Store_C,2,80,40
2023-11-25,Laptop,Argentina,Store_A,1,1200,800
2023-11-25,Laptop,Spain,Store_C,3,1200,800
2023-11-25,Headset,Spain,Store_C,1,100,60
2023-11-26,Laptop,USA,Store_C,6,1200,800
2023-11-26,Keyboard,Argentina,Store_A,8,80,40
2023-11-26,Laptop,Argentina,Store_C,8,1200,800
2023-11-27,Headset,Argentina,Store_A,10,100,60
2023-11-27,Mouse,Spain,Store_A,7,50,20
2023-11-27,Laptop,USA,Store_C,10,1200,800
2023-11-27,Mouse,Argentina,Store_B,4,50,20
2023-11-27,Keyboard,Argentina,Store_B,6,80,40
2023-11-27,Keyboard,Spain,Store_B,7,80,40
2023-11-27,Monitor,Spain,Store_B,2,300,200
2023-11-28,Headset,Argentina,Store_A,7,100,60
2023-11-28,Monitor,USA,Store_A,2,300,200
2023-11-28,Laptop,Spain,Store_C,7,1200,800
2023-11-28,Keyboard,USA,Store_C,6,80,40
2023-11-28,Keyboard,USA,Store_A,8,80,40
2023-11-28,Keyboard,Argentina,Store_B,6,80,40
2023-11-28,Keyboard,USA,Store_B,4,80,40
2023-11-28,Monitor,USA,Store_A,1,300,200
2023-11-28,Keyboard,Argentina,Store_B,4,80,40
2023-11-29,Laptop,Argentina,Store_A,9,1200,800
2023-11-29,Laptop,USA,Store_B,6,1200,800
2023-11-29,Headset,Argentina,Store_C,1,100,60
2023-11-29,Monitor,USA,Store_C,3,300,200
2023-11-29,Mouse,Spain,Store_A,9,50,20
2023-11-29,Monitor,USA,Store_C,3,300,200
2023-11-29,Headset,Argentina,Store_C,5,100,60
2023-11-30,Headset,USA,Store_C,6,100,60
2023-11-30,Mouse,Spain,Store_C,2,50,20
2023-11-30,Headset,Spain,Store_B,9,100,60
2023-11-30,Keyboard,USA,Store_B,2,80,40
2023-12-01,Mouse,USA,Store_A,10,50,20
2023-12-01,Keyboard,Spain,Store_B,5,80,40
2023-12-01,Headset,Spain,Store_C,3,100,60
2023-12-01,Headset,Argentina,Store_B,1,100,60
2023-12-01,Laptop,Spain,Store_A,3,1200,800
2023-12-01,Monitor,Argentina,Store_B,9,300,200
2023-12-01,Laptop,USA,Store_B,6,1200,800
2023-12-02,Keyboard,USA,Store_B,4,80,40
2023-12-02,Keyboard,USA,Store_B,1,80,40
2023-12-02,Monitor,Spain,Store_C,4,300,200
2023-12-02,Keyboard,USA,Store_B,6,80,40
2023-12-02,Headset,Argentina,Store_A,6,100,60
2023-12-02,Mouse,Argentina,Store_C,3,50,20
2023-12-02,Laptop,Spain,Store_B,1,1200,800
2023-12-03,Laptop,Spain,Store_A,10,1200,800
2023-12-03,Mouse,Spain,Store_C,3,50,20
2023-12-03,Mouse,Argentina,Store_A,9,50,20
2023-12-03,Laptop,Spain,Store_A,6,1200,800
2023-12-03,Laptop,Argentina,Store_C,9,1200,800
2023-12-03,Mouse,USA,Store_B,10,50,20
2023-12-03,Monitor,Spain,Store_A,1,300,200
2023-12-03,Headset,Spain,Store_C,10,100,60
2023-12-04,Mouse,USA,Store_A,5,50,20
2023-12-04,Headset,USA,Store_B,7,100,60
2023-12-04,Headset,USA,Store_C,2,100,60
2023-12-04,Headset,Argentina,Store_C,2,100,60
2023-12-04,Laptop,Argentina,Store_C,7,1200,800
2023-12-04,Monitor,USA,Store_C,6,300,200
2023-12-05,Keyboard,Argentina,Store_B,10,80,40
2023-12-05,Monitor,Argentina,Store_C,8,300,200
2023-12-05,Laptop,Argentina,Store_A,1,1200,800
2023-12-05,Mouse,USA,Store_C,6,50,20
2023-12-05,Keyboard,Spain,Store_C,4,80,40
2023-12-05,Monitor,Spain,Store_C,10,300,200
2023-12-05,Mouse,Argentina,Store_B,1,50,20
2023-12-05,Headset,Spain,Store_C,8,100,60
2023-12-06,Laptop,Spain,Store_A,3,1200,800
2023-12-06,Headset,Argentina,Store_A,5,100,60
2023-12-06,Monitor,USA,Store_B,8,300,200
2023-12-06,Headset,Spain,Store_B,8,100,60
2023-12-06,Laptop,Argentina,Store_C,7,1200,800
2023-12-06,Headset,Spain,Store_C,1,100,60
2023-12-06,Laptop,USA,Store_A,7,1200,800
2023-12-07,Keyboard,Argentina,Store_B,7,80,40
2023-12-07,Mouse,USA,Store_C,5,50,20
2023-12-07,Headset,USA,Store_A,10,100,60
2023-12-07,Mouse,Argentina,Store_A,9,50,20
2023-12-07,Monitor,Spain,Store_B,5,300,200
2023-12-07,Mouse,USA,Store_B,10,50,20
2023-12-07,Mouse,Argentina,Store_A,9,50,20
2023-12-07,Monitor,Spain,Store_B,9,300,200
2023-12-07,Keyboard,USA,Store_A,5,80,40
2023-12-07,Headset,Argentina,Store_C,1,100,60
2023-12-08,Keyboard,USA,Store_B,4,80,40
2023-12-08,Keyboard,Argentina,Store_B,5,80,40
2023-12-08,Monitor,Spain,Store_B,5,300,200
2023-12-08,Keyboard,Spain,Store_A,8,80,40
2023-12-08,Monitor,USA,Store_A,4,300,200
2023-12-08,Keyboard,Argentina,Store_A,1,80,40
2023-12-08,Headset,Argentina,Store_A,9,100,60
2023-12-08,Headset,Spain,Store_A,1,100,60
2023-12-08,Headset,Argentina,Store_C,4,100,60
2023-12-09,Headset,Spain,Store_B,9,100,60
2023-12-09,Mouse,Argentina,Store_C,6,50,20
2023-12-09,Mouse,USA,Store_A,7,50,20
2023-12-09,Mouse,USA,Store_B,5,50,20
2023-12-09,Mouse,USA,Store_C,2,50,20
2023-12-09,Mouse,Spain,Store_A,5,50,20
2023-12-10,Keyboard,Argentina,Store_B,1,80,40
2023-12-10,Headset,USA,Store_C,8,100,60
2023-12-10,Monitor,Argentina,Store_B,1,300,200
2023-12-10,Laptop,Argentina,Store_A,8,1200,800
2023-12-10,Mouse,Argentina,Store_C,1,50,20
2023-12-10,Keyboard,Argentina,Store_C,5,80,40
2023-12-10,Headset,Spain,Store_C,1,100,60
2023-12-10,Headset,Argentina,Store_B,6,100,60
2023-12-10,Laptop,Argentina,Store_A,8,1200,800
2023-12-11,Laptop,Spain,Store_A,6,1200,800
2023-12-11,Keyboard,Spain,Store_C,9,80,40
2023-12-11,Monitor,Argentina,Store_A,7,300,200
2023-12-11,Laptop,USA,Store_A,7,1200,800
2023-12-12,Headset,Argentina,Store_B,7,100,60
2023-12-12,Monitor,USA,Store_C,4,300,200
2023-12-12,Keyboard,USA,Store_A,1,80,40
2023-12-12,Monitor,USA,Store_A,8,300,200
2023-12-12,Laptop,USA,Store_B,10,1200,800
2023-12-12,Keyboard,USA,Store_C,5,80,40
2023-12-13,Monitor,USA,Store_B,6,300,200
2023-12-13,Mouse,USA,Store_B,9,50,20
2023-12-13,Headset,USA,Store_C,3,100,60
2023-12-13,Laptop,USA,Store_A,4,1200,800
2023-12-13,Monitor,USA,Store_C,7,300,200
2023-12-14,Laptop,USA,Store_C,2,1200,800
2023-12-14,Laptop,Argentina,Store_A,3,1200,800
2023-12-14,Mouse,Argentina,Store_B,7,50,20
2023-12-14,Headset,Spain,Store_C,5,100,60
2023-12-14,Laptop,Spain,Store_C,8,1200,800
2023-12-15,Monitor,Argentina,Store_A,1,300,200
2023-12-15,Laptop,Argentina,Store_A,4,1200,800
2023-12-15,Mouse,USA,Store_C,9,50,20
2023-12-15,Monitor,Argentina,Store_A,5,300,200
2023-12-15,Headset,USA,Store_C,1,100,60
2023-12-15,Keyboard,Spain,Store_A,10,80,40
2023-12-15,Laptop,Argentina,Store_B,9,1200,800
2023-12-15,Monitor,Spain,Store_B,7,300,200
2023-12-15,Keyboard,Spain,Store_A,8,80,40
2023-12-15,Keyboard,Spain,Store_A,3,80,40
2023-12-16,Laptop,Spain,Store_A,6,1200,800
2023-12-16,Monitor,USA,Store_C,10,300,200
2023-12-17,Mouse,USA,Store_A,3,50,20
2023-12-17,Headset,USA,Store_C,5,100,60
2023-12-17,Mouse,Argentina,Store_B,1,50,20
2023-12-17,Monitor,USA,Store_A,2,300,200
2023-12-17,Mouse,Spain,Store_A,4,50,20
2023-12-17,Laptop,Spain,Store_B,2,1200,800
2023-12-17,Headset,Argentina,Store_C,10,100,60
2023-12-17,Monitor,Argentina,Store_C,8,300,200
2023-12-17,Monitor,USA,Store_B,5,300,200
2023-12-17,Laptop,USA,Store_A,3,1200,800
2023-12-17,Mouse,USA,Store_B,10,50,20
2023-12-17,Mouse,Spain,Store_B,6,50,20
2023-12-18,Headset,Argentina,Store_C,8,100,60
2023-12-18,Headset,Argentina,Store_C,4,100,60
2023-12-18,Monitor,Argentina,Store_C,5,300,200
2023-12-18,Headset,Spain,Store_A,2,100,60
2023-12-18,Monitor,USA,Store_B,3,300,200
2023-12-18,Headset,USA,Store_C,8,100,60
2023-12-19,Keyboard,Argentina,Store_C,8,80,40
2023-12-19,Laptop,Argentina,Store_B,4,1200,800
2023-12-20,Mouse,Spain,Store_A,9,50,20
2023-12-20,Headset,USA,Store_C,4,100,60
2023-12-20,Headset,USA,Store_B,6,100,60
2023-12-20,Headset,Spain,Store_B,1,100,60
2023-12-21,Laptop,Argentina,Store_C,7,1200,800
2023-12-21,Keyboard,USA,Store_C,9,80,40
2023-12-21,Laptop,Argentina,Store_B,8,1200,800
2023-12-21,Laptop,USA,Store_A,7,1200,800
2023-12-21,Headset,Spain,Store_C,3,100,60
2023-12-21,Laptop,USA,Store_B,8,1200,800
2023-12-21,Laptop,Argentina,Store_C,7,1200,800
2023-12-21,Laptop,USA,Store_B,9,1200,800
2023-12-22,Keyboard,Argentina,Store_B,4,80,40
2023-12-22,Laptop,Spain,Store_C,3,1200,800
2023-12-22,Mouse,USA,Store_B,7,50,20
2023-12-22,Laptop,USA,Store_B,5,1200,800
2023-12-22,Laptop,Spain,Store_A,2,1200,800
2023-12-22,Laptop,Spain,Store_A,3,1200,800
2023-12-22,Mouse,Argentina,Store_B,9,50,20
2023-12-23,Monitor,USA,Store_B,2,300,200
2023-12-23,Laptop,USA,Store_B,2,1200,800
2023-12-23,Monitor,Argentina,Store_C,2,300,200
2023-12-23,Keyboard,USA,Store_B,1,80,40
2023-12-24,Mouse,Spain,Store_C,2,50,20
2023-12-24,Monitor,USA,Store_A,4,300,200
2023-12-24,Headset,Spain,Store_B,7,100,60
2023-12-24,Keyboard,Spain,Store_C,3,80,40
2023-12-24,Monitor,Spain,Store_A,10,300,200
2023-12-24,Keyboard,Spain,Store_C,5,80,40
2023-12-24,Laptop,USA,Store_B,4,1200,800
2023-12-24,Mouse,Spain,Store_A,3,50,20
2023-12-25,Headset,Argentina,Store_A,4,100,60
2023-12-25,Mouse,USA,Store_B,7,50,20
2023-12-25,Monitor,Argentina,Store_B,6,300,200
2023-12-25,Headset,USA,Store_C,1,100,60
2023-12-25,Keyboard,Argentina,Store_C,1,80,40
2023-12-25,Keyboard,Argentina,Store_B,5,80,40
2023-12-25,Laptop,USA,Store_C,9,1200,800
2023-12-25,Laptop,USA,Store_B,7,1200,800
2023-12-25,Keyboard,Argentina,Store_C,4,80,40
2023-12-25,Monitor,USA,Store_A,9,300,200
2023-12-25,Mouse,Argentina,Store_A,1,50,20
2023-12-26,Laptop,Argentina,Store_C,6,1200,800
2023-12-26,Laptop,Spain,Store_C,5,1200,800
2023-12-26,Headset,Spain,Store_C,2,100,60
2023-12-26,Monitor,Argentina,Store_A,6,300,200
2023-12-26,Laptop,USA,Store_C,2,1200,800
2023-12-26,Monitor,Argentina,Store_C,5,300,200
2023-12-27,Headset,Spain,Store_B,1,100,60
2023-12-27,Keyboard,Spain,Store_C,10,80,40
2023-12-27,Monitor,Spain,Store_A,4,300,200
2023-12-27,Monitor,USA,Store_B,1,300,200
2023-12-28,Headset,Spain,Store_B,9,100,60
2023-12-28,Headset,USA,Store_A,3,100,60
2023-12-28,Keyboard,Spain,Store_C,6,80,40
2023-12-28,Monitor,USA,Store_A,7,300,200
2023-12-28,Mouse,USA,Store_C,4,50,20
2023-12-28,Mouse,Spain,Store_C,10,50,20
2023-12-28,Monitor,Argentina,Store_B,8,300,200
2023-12-29,Monitor,USA,Store_B,5,300,200
2023-12-29,Mouse,USA,Store_B,5,50,20
2023-12-29,Mouse,USA,Store_C,5,50,20
2023-12-29,Headset,USA,Store_A,3,100,60
2023-12-29,Laptop,Spain,Store_C,8,1200,800
2023-12-29,Keyboard,USA,Store_B,8,80,40
2023-12-29,Monitor,Spain,Store_B,7,300,200
2023-12-29,Headset,Spain,Store_A,6,100,60
2023-12-29,Mouse,Spain,Store_C,1,50,20
2023-12-29,Monitor,USA,Store_A,10,300,200
2023-12-30,Monitor,Spain,Store_C,9,300,200
2023-12-30,Headset,Spain,Store_A,2,100,60
2023-12-30,Keyboard,USA,Store_C,10,80,40
2023-12-30,Headset,USA,Store_A,3,100,60
2023-12-30,Headset,Argentina,Store_C,10,100,60
2023-12-30,Laptop,Spain,Store_C,8,1200,800
2023-12-30,Mouse,Spain,Store_C,10,50,20
2023-12-30,Mouse,Argentina,Store_A,10,50,20
2023-12-30,Headset,Spain,Store_B,6,100,60
2023-12-30,Monitor,Spain,Store_B,7,300,200
2023-12-31,Keyboard,Spain,Store_A,5,80,40
2023-12-31,Laptop,USA,Store_B,1,1200,800
2023-12-31,Monitor,USA,Store_A,7,300,200
2023-12-31,Keyboard,Argentina,Store_B,8,80,40
2023-12-31,Monitor,Spain,Store_C,10,300,200
2023-12-31,Keyboard,USA,Store_B,2,80,40
2024-01-01,Keyboard,Spain,Store_B,8,80,40
2024-01-01,Laptop,USA,Store_B,5,1200,800
2024-01-01,Monitor,Spain,Store_C,4,300,200
2024-01-01,Monitor,Argentina,Store_A,2,300,200
2024-01-01,Mouse,USA,Store_A,3,50,20
2024-01-01,Laptop,Spain,Store_B,9,1200,800
2024-01-01,Laptop,USA,Store_A,9,1200,800
2024-01-01,Laptop,Argentina,Store_B,1,1200,800
2024-01-01,Headset,Argentina,Store_C,3,100,60
2024-01-02,Mouse,Argentina,Store_B,2,50,20
2024-01-02,Keyboard,Spain,Store_A,9,80,40
2024-01-02,Keyboard,Spain,Store_A,2,80,40
2024-01-02,Mouse,Argentina,Store_B,3,50,20
2024-01-02,Headset,USA,Store_C,2,100,60
2024-01-02,Mouse,USA,Store_B,4,50,20
2024-01-02,Mouse,Spain,Store_A,7,50,20
2024-01-03,Laptop,Spain,Store_B,7,1200,800
2024-01-03,Mouse,USA,Store_B,4,50,20
2024-01-03,Laptop,USA,Store_C,1,1200,800
2024-01-03,Headset,Argentina,Store_A,9,100,60
2024-01-03,Mouse,Spain,Store_B,9,50,20
2024-01-03,Headset,Argentina,Store_A,1,100,60
2024-01-04,Mouse,Spain,Store_A,9,50,20
2024-01-04,Headset,Argentina,Store_A,10,100,60
2024-01-04,Headset,Argentina,Store_A,4,100,60
2024-01-04,Laptop,USA,Store_B,4,1200,800
2024-01-04,Monitor,USA,Store_A,6,300,200
2024-01-04,Monitor,Argentina,Store_B,8,300,200
2024-01-04,Keyboard,Argentina,Store_A,8,80,40
2024-01-04,Mouse,Spain,Store_A,1,50,20
2024-01-04,Headset,Argentina,Store_A,7,100,60
2024-01-04,Keyboard,Argentina,Store_B,6,80,40
2024-01-04,Monitor,USA,Store_A,5,300,200
2024-01-04,Monitor,Spain,Store_A,7,300,200
2024-01-05,Keyboard,USA,Store_A,3,80,40
2024-01-05,Laptop,USA,Store_A,9,1200,800
2024-01-05,Keyboard,Spain,Store_B,4,80,40
2024-01-05,Monitor,Argentina,Store_A,1,300,200
2024-01-05,Laptop,USA,Store_A,8,1200,800
2024-01-05,Headset,USA,Store_B,5,100,60
2024-01-05,Monitor,Spain,Store_C,5,300,200
2024-01-05,Monitor,Argentina,Store_B,1,300,200
2024-01-06,Headset,USA,Store_A,3,100,60
2024-01-06,Mouse,Argentina,Store_B,5,50,20
2024-01-06,Keyboard,Spain,Store_C,5,80,40
2024-01-06,Headset,Spain,Store_C,10,100,60
2024-01-06,Keyboard,Spain,Store_C,2,80,40
2024-01-06,Laptop,Argentina,Store_A,4,1200,800
2024-01-06,Laptop,Spain,Store_C,6,1200,800
2024-01-07,Keyboard,USA,Store_B,6,80,40
2024-01-07,Monitor,Spain,Store_A,4,300,200
2024-01-07,Monitor,Spain,Store_A,5,300,200
2024-01-07,Headset,USA,Store_A,10,100,60
2024-01-07,Keyboard,USA,Store_A,6,80,40
2024-01-08,Mouse,USA,Store_A,8,50,20
2024-01-08,Laptop,USA,Store_A,10,1200,800
2024-01-08,Laptop,Spain,Store_A,4,1200,800
2024-01-08,Keyboard,Spain,Store_A,9,80,40
2024-01-08,Keyboard,USA,Store_B,9,80,40
2024-01-08,Laptop,Spain,Store_A,10,1200,800
2024-01-08,Mouse,Argentina,Store_C,7,50,20
2024-01-08,Laptop,USA,Store_A,2,1200,800
2024-01-08,Headset,Spain,Store_C,9,100,60
2024-01-08,Mouse,USA,Store_A,10,50,20
2024-01-08,Headset,USA,Store_C,1,100,60
2024-01-08,Mouse,Argentina,Store_B,5,50,20
2024-01-08,Monitor,Argentina,Store_B,5,300,200
2024-01-09,Monitor,USA,Store_C,10,300,200
2024-01-09,Headset,Spain,Store_C,7,100,60
2024-01-09,Keyboard,Argentina,Store_B,9,80,40
2024-01-09,Laptop,USA,Store_A,7,1200,800
2024-01-09,Monitor,Spain,Store_B,6,300,200
2024-01-09,Keyboard,Spain,Store_C,8,80,40
2024-01-09,Monitor,USA,Store_A,1,300,200
2024-01-09,Mouse,Spain,Store_A,4,50,20
2024-01-09,Monitor,Spain,Store_B,5,300,200
2024-01-09,Mouse,USA,Store_C,8,50,20
2024-01-10,Headset,Spain,Store_A,3,100,60
2024-01-10,Laptop,USA,Store_A,7,1200,800
2024-01-10,Headset,USA,Store_C,1,100,60
2024-01-10,Headset,USA,Store_A,7,100,60
2024-01-10,Keyboard,Spain,Store_B,5,80,40
2024-01-10,Headset,Spain,Store_B,1,100,60
2024-01-10,Headset,Spain,Store_A,3,100,60
2024-01-10,Keyboard,Argentina,Store_B,4,80,40
2024-01-11,Monitor,Argentina,Store_C,10,300,200
2024-01-11,Keyboard,Argentina,Store_C,3,80,40
2024-01-11,Headset,Spain,Store_A,2,100,60
2024-01-11,Laptop,USA,Store_C,3,1200,800
2024-01-11,Laptop,Spain,Store_C,8,1200,800
2024-01-11,Keyboard,Spain,Store_A,1,80,40
2024-01-11,Monitor,Spain,Store_B,7,300,200
2024-01-12,Laptop,Argentina,Store_A,4,1200,800
2024-01-12,Monitor,Spain,Store_A,3,300,200
2024-01-12,Monitor,USA,Store_B,2,300,200
2024-01-12,Keyboard,Argentina,Store_C,2,80,40
2024-01-12,Mouse,Argentina,Store_C,7,50,20
2024-01-12,Headset,Argentina,Store_B,8,100,60
2024-01-12,Headset,Argentina,Store_B,5,100,60
2024-01-13,Laptop,Spain,Store_A,5,1200,800
2024-01-13,Mouse,Spain,Store_B,10,50,20
2024-01-13,Mouse,Argentina,Store_B,9,50,20
2024-01-13,Mouse,Spain,Store_B,5,50,20
2024-01-14,Mouse,Spain,Store_A,7,50,20
2024-01-14,Keyboard,Argentina,Store_A,10,80,40
2024-01-14,Laptop,Spain,Store_B,1,1200,800
2024-01-14,Keyboard,Argentina,Store_C,3,80,40
2024-01-15,Keyboard,USA,Store_B,10,80,40
2024-01-15,Laptop,USA,Store_A,5,1200,800
2024-01-15,Headset,Spain,Store_C,10,100,60
2024-01-15,Keyboard,Spain,Store_C,1,80,40
2024-01-15,Headset,Spain,Store_C,1,100,60
2024-01-15,Monitor,USA,Store_A,1,300,200
2024-01-16,Laptop,USA,Store_C,9,1200,800
2024-01-16,Monitor,Spain,Store_A,2,300,200
2024-01-16,Keyboard,Spain,Store_A,7,80,40
2024-01-16,Keyboard,USA,Store_B,5,80,40
2024-01-16,Headset,USA,Store_B,1,100,60
2024-01-16,Keyboard,USA,Store_B,9,80,40
2024-01-16,Keyboard,Spain,Store_A,8,80,40
2024-01-16,Headset,Argentina,Store_C,8,100,60
2024-01-17,Headset,USA,Store_B,7,100,60
2024-01-17,Laptop,USA,Store_B,7,1200,800
2024-01-17,Laptop,USA,Store_A,3,1200,800
2024-01-18,Headset,USA,Store_A,3,100,60
2024-01-18,Keyboard,USA,Store_B,7,80,40
2024-01-18,Monitor,Argentina,Store_B,5,300,200
2024-01-19,Headset,Spain,Store_A,3,100,60
2024-01-19,Mouse,USA,Store_B,7,50,20
2024-01-19,Monitor,Spain,Store_A,3,300,200
2024-01-19,Headset,USA,Store_A,4,100,60
2024-01-19,Laptop,Spain,Store_C,2,1200,800
2024-01-19,Headset,Argentina,Store_A,9,100,60
2024-01-19,Monitor,Spain,Store_B,8,300,200
2024-01-19,Keyboard,USA,Store_C,7,80,40
2024-01-19,Monitor,Argentina,Store_C,6,300,200
2024-01-19,Laptop,Argentina,Store_A,10,1200,800
2024-01-19,Monitor,Spain,Store_A,7,300,200
2024-01-20,Laptop,Spain,Store_B,5,1200,800
2024-01-20,Headset,Spain,Store_B,4,100,60
2024-01-20,Mouse,Argentina,Store_A,1,50,20
2024-01-20,Mouse,Argentina,Store_C,10,50,20
2024-01-20,Monitor,Argentina,Store_C,3,300,200
2024-01-20,Monitor,Spain,Store_B,6,300,200
2024-01-20,Laptop,Spain,Store_A,1,1200,800
2024-01-20,Keyboard,USA,Store_A,4,80,40
2024-01-20,Headset,Spain,Store_C,8,100,60
2024-01-20,Mouse,Argentina,Store_A,6,50,20
2024-01-20,Mouse,Spain,Store_B,1,50,20
2024-01-20,Keyboard,Argentina,Store_B,8,80,40
2024-01-20,Keyboard,USA,Store_C,4,80,40
2024-01-20,Laptop,Argentina,Store_A,8,1200,800
2024-01-20,Monitor,Argentina,Store_C,4,300,200
2024-01-20,Headset,USA,Store_B,3,100,60
2024-01-21,Keyboard,Argentina,Store_A,9,80,40
2024-01-21,Keyboard,Spain,Store_C,10,80,40
2024-01-21,Keyboard,Argentina,Store_C,8,80,40
2024-01-21,Monitor,USA,Store_A,4,300,200
2024-01-21,Laptop,Argentina,Store_A,1,1200,800
2024-01-22,Mouse,Argentina,Store_C,2,50,20
2024-01-22,Monitor,Spain,Store_A,5,300,200
2024-01-22,Mouse,Spain,Store_B,6,50,20
2024-01-22,Keyboard,USA,Store_A,4,80,40
2024-01-22,Keyboard,Spain,Store_C,7,80,40
2024-01-22,Keyboard,USA,Store_C,4,80,40
2024-01-22,Keyboard,USA,Store_B,2,80,40
2024-01-23,Keyboard,Argentina,Store_A,5,80,40
2024-01-23,Keyboard,Spain,Store_C,3,80,40
2024-01-23,Monitor,Spain,Store_A,6,300,200
2024-01-23,Mouse,USA,Store_C,3,50,20
2024-01-23,Laptop,Argentina,Store_C,9,1200,800
2024-01-23,Laptop,USA,Store_C,8,1200,800
2024-01-23,Headset,USA,Store_B,1,100,60
2024-01-23,Headset,USA,Store_A,8,100,60
2024-01-23,Laptop,Argentina,Store_B,6,1200,800
2024-01-24,Keyboard,USA,Store_A,4,80,40
2024-01-24,Laptop,Spain,Store_C,3,1200,800
2024-01-24,Keyboard,USA,Store_A,3,80,40
2024-01-24,Keyboard,Spain,Store_C,5,80,40
2024-01-24,Headset,USA,Store_C,3,100,60
2024-01-24,Laptop,Spain,Store_B,10,1200,800
2024-01-25,Keyboard,Argentina,Store_B,4,80,40
2024-01-25,Mouse,Spain,Store_B,8,50,20
2024-01-25,Monitor,Spain,Store_C,10,300,200
2024-01-25,Laptop,Argentina,Store_B,3,1200,800
2024-01-25,Keyboard,Argentina,Store_B,10,80,40
2024-01-25,Keyboard,Spain,Store_C,6,80,40
2024-01-25,Mouse,Spain,Store_C,1,50,20
2024-01-25,Keyboard,Spain,Store_B,8,80,40
2024-01-26,Headset,USA,Store_A,3,100,60
2024-01-26,Mouse,USA,Store_B,8,50,20
2024-01-26,Headset,Spain,Store_C,4,100,60
2024-01-26,Monitor,USA,Store_A,6,300,200
2024-01-26,Laptop,Argentina,Store_B,4,1200,800
2024-01-26,Laptop,Spain,Store_A,6,1200,800
2024-01-26,Headset,Spain,Store_A,2,100,60
2024-01-27,Mouse,Spain,Store_B,8,50,20
2024-01-28,Headset,USA,Store_B,2,100,60
2024-01-28,Keyboard,Argentina,Store_A,6,80,40
2024-01-28,Keyboard,Spain,Store_A,6,80,40
2024-01-28,Mouse,Spain,Store_A,7,50,20
2024-01-28,Laptop,Argentina,Store_C,9,1200,800
2024-01-28,Headset,Argentina,Store_B,9,100,60
2024-01-28,Keyboard,Argentina,Store_C,10,80,40
2024-01-28,Monitor,Spain,Store_C,6,300,200
2024-01-28,Monitor,USA,Store_B,6,300,200
2024-01-28,Laptop,Argentina,Store_C,7,1200,800
2024-01-28,Monitor,USA,Store_C,5,300,200
2024-01-29,Keyboard,Argentina,Store_A,2,80,40
2024-01-29,Headset,USA,Store_C,7,100,60
2024-01-29,Laptop,USA,Store_B,2,1200,800
2024-01-29,Mouse,Spain,Store_C,3,50,20
2024-01-29,Headset,USA,Store_A,1,100,60
2024-01-29,Monitor,Spain,Store_A,3,300,200
2024-01-30,Headset,Spain,Store_C,7,100,60
2024-01-30,Headset,Spain,Store_A,2,100,60
2024-01-30,Keyboard,USA,Store_B,9,80,40
2024-01-30,Monitor,Argentina,Store_C,2,300,200
2024-01-30,Keyboard,USA,Store_B,5,80,40
2024-01-30,Keyboard,Argentina,Store_B,9,80,40
2024-01-30,Headset,Argentina,Store_A,5,100,60
2024-01-30,Keyboard,Spain,Store_A,9,80,40
2024-01-30,Mouse,USA,Store_A,2,50,20
2024-01-30,Monitor,Spain,Store_B,3,300,200
2024-01-31,Laptop,Spain,Store_C,5,1200,800
2024-01-31,Keyboard,USA,Store_C,10,80,40
2024-01-31,Keyboard,Argentina,Store_A,6,80,40
2024-01-31,Keyboard,USA,Store_C,2,80,40
2024-01-31,Headset,USA,Store_C,5,100,60
2024-01-31,Laptop,Argentina,Store_A,1,1200,800
2024-01-31,Laptop,USA,Store_B,5,1200,800
2024-02-01,Keyboard,USA,Store_C,9,80,40
2024-02-01,Mouse,Argentina,Store_B,10,50,20
2024-02-01,Monitor,USA,Store_C,9,300,200
2024-02-01,Monitor,Argentina,Store_B,9,300,200
2024-02-01,Monitor,USA,Store_C,9,300,200
2024-02-02,Headset,Spain,Store_C,4,100,60
2024-02-02,Keyboard,Argentina,Store_A,10,80,40
2024-02-02,Headset,Spain,Store_C,3,100,60
2024-02-02,Headset,Spain,Store_C,3,100,60
2024-02-02,Mouse,Spain,Store_C,10,50,20
2024-02-02,Laptop,Argentina,Store_A,2,1200,800
2024-02-02,Headset,USA,Store_A,4,100,60
2024-02-02,Headset,Argentina,Store_A,9,100,60
2024-02-02,Mouse,USA,Store_B,9,50,20
2024-02-02,Laptop,Spain,Store_B,8,1200,800
2024-02-02,Laptop,Argentina,Store_A,7,1200,800
2024-02-02,Headset,USA,Store_B,8,100,60
2024-02-02,Mouse,Argentina,Store_C,6,50,20
2024-02-03,Monitor,Argentina,Store_C,4,300,200
2024-02-03,Keyboard,Argentina,Store_C,3,80,40
2024-02-03,Mouse,USA,Store_C,9,50,20
2024-02-03,Laptop,USA,Store_A,10,1200,800
2024-02-03,Mouse,USA,Store_C,9,50,20
2024-02-03,Laptop,Spain,Store_C,9,1200,800
2024-02-03,Laptop,Argentina,Store_C,3,1200,800
2024-02-04,Keyboard,Argentina,Store_C,7,80,40
2024-02-04,Laptop,USA,Store_B,6,1200,800
2024-02-04,Headset,Argentina,Store_C,1,100,60
2024-02-04,Headset,Spain,Store_A,7,100,60
2024-02-04,Mouse,Argentina,Store_A,2,50,20
2024-02-04,Headset,USA,Store_C,10,100,60
2024-02-04,Laptop,Spain,Store_A,2,1200,800
2024-02-04,Monitor,Argentina,Store_C,9,300,200
2024-02-04,Mouse,Spain,Store_B,8,50,20
2024-02-05,Laptop,USA,Store_C,2,1200,800
2024-02-05,Headset,USA,Store_A,10,100,60
2024-02-05,Laptop,Argentina,Store_C,5,1200,800
2024-02-05,Keyboard,USA,Store_B,9,80,40
2024-02-05,Monitor,USA,Store_B,5,300,200
2024-02-05,Keyboard,Spain,Store_A,5,80,40
2024-02-05,Laptop,Argentina,Store_B,9,1200,800
2024-02-05,Laptop,USA,Store_C,1,1200,800
2024-02-05,Mouse,USA,Store_C,9,50,20
2024-02-05,Laptop,Spain,Store_A,5,1200,800
2024-02-05,Headset,Argentina,Store_A,6,100,60
2024-02-06,Laptop,Spain,Store_C,7,1200,800
2024-02-06,Keyboard,USA,Store_C,6,80,40
2024-02-06,Headset,USA,Store_B,5,100,60
2024-02-06,Headset,USA,Store_C,6,100,60
2024-02-06,Mouse,USA,Store_A,3,50,20
2024-02-06,Mouse,Spain,Store_C,9,50,20
2024-02-06,Laptop,Spain,Store_C,10,1200,800
2024-02-07,Monitor,Argentina,Store_C,3,300,200
2024-02-07,Mouse,Argentina,Store_C,10,50,20
2024-02-07,Laptop,Spain,Store_A,9,1200,800
2024-02-07,Mouse,USA,Store_B,4,50,20
2024-02-07,Headset,Spain,Store_C,10,100,60
2024-02-08,Headset,Argentina,Store_C,2,100,60
2024-02-08,Laptop,Argentina,Store_B,5,1200,800
2024-02-08,Laptop,Argentina,Store_B,10,1200,800
2024-02-08,Laptop,USA,Store_B,7,1200,800
2024-02-08,Laptop,Argentina,Store_C,10,1200,800
2024-02-08,Keyboard,USA,Store_A,7,80,40
2024-02-09,Headset,Spain,Store_A,8,100,60
2024-02-09,Mouse,Argentina,Store_C,3,50,20
2024-02-09,Keyboard,Argentina,Store_C,7,80,40
2024-02-09,Keyboard,Spain,Store_C,1,80,40
2024-02-09,Monitor,Argentina,Store_C,6,300,200
2024-02-09,Keyboard,USA,Store_C,6,80,40
2024-02-10,Monitor,USA,Store_A,2,300,200
2024-02-11,Mouse,Argentina,Store_B,7,50,20
2024-02-11,Keyboard,Spain,Store_B,3,80,40
2024-02-11,Headset,Spain,Store_B,4,100,60
2024-02-11,Headset,Argentina,Store_C,5,100,60
2024-02-11,Mouse,USA,Store_B,9,50,20
2024-02-11,Laptop,Spain,Store_A,1,1200,800
2024-02-11,Laptop,Spain,Store_A,5,1200,800
2024-02-11,Keyboard,Spain,Store_B,4,80,40
2024-02-11,Headset,USA,Store_A,4,100,60
2024-02-11,Laptop,Spain,Store_B,9,1200,800
2024-02-11,Laptop,Spain,Store_C,6,1200,800
2024-02-11,Monitor,USA,Store_C,9,300,200
2024-02-11,Headset,USA,Store_C,10,100,60
2024-02-11,Laptop,Argentina,Store_B,1,1200,800
2024-02-11,Laptop,Spain,Store_B,4,1200,800
2024-02-12,Monitor,Argentina,Store_A,4,300,200
2024-02-12,Mouse,Argentina,Store_C,9,50,20
2024-02-12,Mouse,USA,Store_A,5,50,20
2024-02-12,Laptop,Argentina,Store_C,6,1200,800
2024-02-12,Laptop,Spain,Store_C,6,1200,800
2024-02-12,Laptop,USA,Store_B,4,1200,800
2024-02-12,Laptop,Spain,Store_A,6,1200,800
2024-02-13,Keyboard,Spain,Store_B,9,80,40
2024-02-13,Keyboard,USA,Store_A,10,80,40
2024-02-13,Headset,USA,Store_A,1,100,60
2024-02-13,Keyboard,Argentina,Store_A,5,80,40
2024-02-13,Mouse,Spain,Store_C,2,50,20
2024-02-13,Mouse,Argentina,Store_A,3,50,20
2024-02-13,Monitor,Spain,Store_A,1,300,200
2024-02-13,Mouse,USA,Store_B,6,50,20
2024-02-13,Headset,USA,Store_C,5,100,60
2024-02-13,Headset,USA,Store_B,2,100,60
2024-02-13,Mouse,Spain,Store_C,7,50,20
2024-02-14,Monitor,Argentina,Store_A,5,300,200
2024-02-14,Laptop,Spain,Store_A,4,1200,800
2024-02-14,Keyboard,Argentina,Store_C,1,80,40
2024-02-14,Keyboard,Argentina,Store_A,4,80,40
2024-02-14,Mouse,Argentina,Store_A,1,50,20
2024-02-14,Laptop,USA,Store_B,1,1200,800
2024-02-14,Headset,USA,Store_B,8,100,60
2024-02-14,Monitor,Spain,Store_B,8,300,200
2024-02-15,Keyboard,Spain,Store_A,10,80,40
2024-02-15,Keyboard,Argentina,Store_C,8,80,40
2024-02-15,Keyboard,Argentina,Store_A,5,80,40
2024-02-15,Headset,Argentina,Store_A,7,100,60
2024-02-15,Headset,Argentina,Store_B,3,100,60
2024-02-15,Mouse,USA,Store_B,1,50,20
2024-02-15,Mouse,USA,Store_A,4,50,20
2024-02-15,Headset,Spain,Store_C,9,100,60
2024-02-15,Laptop,USA,Store_C,6,1200,800
2024-02-15,Mouse,USA,Store_B,8,50,20
2024-02-15,Monitor,USA,Store_B,7,300,200
2024-02-15,Laptop,Spain,Store_A,5,1200,800
2024-02-15,Laptop,Argentina,Store_A,7,1200,800
2024-02-15,Headset,Argentina,Store_B,5,100,60
2024-02-15,Headset,Argentina,Store_A,5,100,60
2024-02-15,Laptop,USA,Store_B,8,1200,800
2024-02-15,Monitor,USA,Store_C,4,300,200
2024-02-16,Keyboard,Argentina,Store_C,5,80,40
2024-02-16,Headset,USA,Store_C,7,100,60
2024-02-16,Monitor,USA,Store_C,7,300,200
2024-02-16,Headset,Spain,Store_A,3,100,60
2024-02-16,Mouse,USA,Store_B,7,50,20
2024-02-16,Laptop,USA,Store_C,6,1200,800
2024-02-16,Laptop,Argentina,Store_C,9,1200,800
2024-02-16,Monitor,USA,Store_A,8,300,200
2024-02-16,Headset,USA,Store_B,7,100,60
2024-02-16,Monitor,Argentina,Store_A,1,300,200
2024-02-16,Mouse,USA,Store_B,1,50,20
2024-02-16,Monitor,USA,Store_C,1,300,200
2024-02-17,Monitor,USA,Store_C,3,300,200
2024-02-17,Mouse,Argentina,Store_B,8,50,20
2024-02-17,Laptop,Spain,Store_C,2,1200,800
2024-02-17,Headset,USA,Store_B,4,100,60
2024-02-17,Laptop,USA,Store_C,3,1200,800
2024-02-18,Keyboard,Spain,Store_A,9,80,40
2024-02-18,Mouse,USA,Store_A,7,50,20
2024-02-18,Mouse,Spain,Store_B,6,50,20
2024-02-18,Monitor,Spain,Store_C,10,300,200
2024-02-18,Headset,Argentina,Store_A,10,100,60
2024-02-18,Mouse,USA,Store_B,7,50,20
2024-02-18,Headset,USA,Store_A,1,100,60
2024-02-18,Mouse,Argentina,Store_A,6,50,20
2024-02-18,Monitor,Spain,Store_A,6,300,200
2024-02-18,Keyboard,Argentina,Store_A,4,80,40
2024-02-19,Keyboard,Argentina,Store_A,5,80,40
2024-02-19,Mouse,Argentina,Store_B,10,50,20
2024-02-19,Keyboard,Spain,Store_A,6,80,40
2024-02-19,Headset,Argentina,Store_B,3,100,60
2024-02-20,Headset,Spain,Store_B,3,100,60
2024-02-20,Laptop,Argentina,Store_A,5,1200,800
2024-02-20,Mouse,Spain,Store_C,5,50,20
2024-02-20,Headset,Spain,Store_C,6,100,60
2024-02-20,Laptop,Spain,Store_A,5,1200,800
2024-02-20,Headset,Argentina,Store_C,9,100,60
2024-02-21,Monitor,USA,Store_A,10,300,200
2024-02-21,Mouse,USA,Store_A,6,50,20
2024-02-22,Keyboard,Spain,Store_C,3,80,40
2024-02-22,Headset,Spain,Store_C,3,100,60
2024-02-22,Keyboard,Spain,Store_B,6,80,40
2024-02-22,Laptop,Spain,Store_C,9,1200,800
2024-02-23,Monitor,Spain,Store_A,1,300,200
2024-02-23,Keyboard,USA,Store_B,3,80,40
2024-02-23,Laptop,USA,Store_A,5,1200,800
2024-02-23,Monitor,Argentina,Store_B,5,300,200
2024-02-23,Mouse,Spain,Store_C,2,50,20
2024-02-23,Monitor,Spain,Store_B,9,300,200
2024-02-23,Laptop,USA,Store_B,1,1200,800
2024-02-23,Keyboard,Spain,Store_B,9,80,40
2024-02-23,Laptop,Spain,Store_B,1,1200,800
2024-02-24,Headset,Spain,Store_B,5,100,60
2024-02-24,Laptop,Spain,Store_B,2,1200,800
2024-02-24,Mouse,Spain,Store_A,9,50,20
2024-02-24,Monitor,USA,Store_C,5,300,200
2024-02-24,Mouse,Spain,Store_C,6,50,20
2024-02-24,Laptop,Spain,Store_B,1,1200,800
2024-02-24,Keyboard,USA,Store_A,2,80,40
2024-02-24,Keyboard,USA,Store_B,1,80,40
2024-02-25,Mouse,Argentina,Store_A,5,50,20
2024-02-25,Monitor,USA,Store_C,7,300,200
2024-02-25,Monitor,Spain,Store_A,2,300,200
2024-02-25,Headset,Argentina,Store_B,3,100,60
2024-02-25,Monitor,Argentina,Store_B,2,300,200
2024-02-25,Monitor,Argentina,Store_A,1,300,200
2024-02-26,Keyboard,Spain,Store_C,9,80,40
2024-02-26,Mouse,Spain,Store_A,2,50,20
2024-02-26,Laptop,USA,Store_A,3,1200,800
2024-02-26,Laptop,Argentina,Store_A,7,1200,800
2024-02-26,Monitor,USA,Store_B,2,300,200
2024-02-26,Headset,Argentina,Store_A,6,100,60
2024-02-27,Monitor,USA,Store_C,6,300,200
2024-02-27,Keyboard,Argentina,Store_A,1,80,40
2024-02-27,Mouse,Spain,Store_B,4,50,20
2024-02-27,Mouse,Spain,Store_A,6,50,20
2024-02-27,Monitor,USA,Store_B,3,300,200
2024-02-28,Keyboard,USA,Store_C,8,80,40
2024-02-28,Monitor,Argentina,Store_C,2,300,200
2024-02-28,Laptop,Spain,Store_B,2,1200,800
2024-02-28,Headset,USA,Store_C,1,100,60
2024-02-28,Monitor,Argentina,Store_C,4,300,200
2024-02-28,Laptop,Spain,Store_C,8,1200,800
2024-02-28,Mouse,Argentina,Store_B,10,50,20
2024-02-28,Keyboard,Argentina,Store_B,1,80,40
2024-02-29,Headset,Spain,Store_B,5,100,60
2024-02-29,Keyboard,Spain,Store_C,10,80,40
2024-02-29,Monitor,USA,Store_B,8,300,200
2024-02-29,Keyboard,Spain,Store_B,5,80,40
2024-02-29,Mouse,Argentina,Store_B,7,50,20
2024-02-29,Monitor,Argentina,Store_A,7,300,200
2024-02-29,Keyboard,USA,Store_A,8,80,40
2024-02-29,Headset,USA,Store_A,8,100,60
2024-02-29,Mouse,Argentina,Store_B,1,50,20
2024-03-01,Keyboard,Argentina,Store_B,6,80,40
2024-03-01,Laptop,Argentina,Store_A,2,1200,800
2024-03-01,Headset,Argentina,Store_C,10,100,60
2024-03-01,Headset,Argentina,Store_A,2,100,60
2024-03-01,Monitor,Spain,Store_B,3,300,200
2024-03-01,Keyboard,USA,Store_A,7,80,40
2024-03-01,Keyboard,Argentina,Store_C,2,80,40
2024-03-02,Keyboard,Spain,Store_B,4,80,40
2024-03-02,Keyboard,Argentina,Store_A,4,80,40
2024-03-02,Monitor,Spain,Store_A,7,300,200
2024-03-02,Mouse,USA,Store_B,3,50,20
2024-03-02,Keyboard,Argentina,Store_C,5,80,40
2024-03-02,Keyboard,USA,Store_A,9,80,40
2024-03-02,Keyboard,USA,Store_B,4,80,40
2024-03-02,Laptop,USA,Store_B,2,1200,800
2024-03-03,Keyboard,Spain,Store_A,5,80,40
2024-03-03,Mouse,USA,Store_B,8,50,20
2024-03-03,Mouse,Spain,Store_B,4,50,20
2024-03-03,Monitor,Argentina,Store_A,3,300,200
2024-03-03,Mouse,Argentina,Store_A,8,50,20
2024-03-04,Laptop,USA,Store_C,5,1200,800
2024-03-04,Headset,Spain,Store_C,1,100,60
2024-03-04,Laptop,Argentina,Store_A,8,1200,800
2024-03-04,Headset,Spain,Store_A,10,100,60
2024-03-04,Mouse,Spain,Store_A,9,50,20
2024-03-04,Monitor,Argentina,Store_B,7,300,200
2024-03-04,Laptop,Spain,Store_C,1,1200,800
2024-03-04,Keyboard,Spain,Store_B,8,80,40
2024-03-05,Laptop,Spain,Store_C,7,1200,800
2024-03-05,Laptop,Spain,Store_B,1,1200,800
2024-03-05,Mouse,Spain,Store_B,5,50,20
2024-03-05,Monitor,USA,Store_B,10,300,200
2024-03-05,Laptop,USA,Store_B,6,1200,800
2024-03-05,Mouse,Spain,Store_C,5,50,20
2024-03-05,Monitor,Argentina,Store_B,2,300,200
2024-03-05,Keyboard,Argentina,Store_C,8,80,40
2024-03-06,Mouse,Argentina,Store_A,2,50,20
2024-03-06,Mouse,Spain,Store_C,10,50,20
2024-03-06,Mouse,Spain,Store_C,9,50,20
2024-03-06,Headset,Spain,Store_B,2,100,60
2024-03-06,Headset,Spain,Store_B,4,100,60
2024-03-06,Laptop,Argentina,Store_A,1,1200,800
2024-03-06,Mouse,USA,Store_B,6,50,20
2024-03-06,Mouse,Argentina,Store_B,2,50,20
2024-03-06,Headset,USA,Store_A,2,100,60
2024-03-06,Laptop,Argentina,Store_A,5,1200,800
2024-03-06,Headset,Argentina,Store_C,10,100,60
2024-03-06,Monitor,Argentina,Store_A,10,300,200
2024-03-06,Monitor,Spain,Store_C,5,300,200
2024-03-06,Laptop,Spain,Store_C,10,1200,800
2024-03-07,Laptop,USA,Store_C,3,1200,800
2024-03-07,Mouse,USA,Store_B,8,50,20
2024-03-07,Keyboard,Spain,Store_C,3,80,40
2024-03-07,Mouse,Spain,Store_A,5,50,20
2024-03-07,Headset,USA,Store_C,5,100,60
2024-03-08,Laptop,USA,Store_B,5,1200,800
2024-03-08,Laptop,Argentina,Store_B,6,1200,800
2024-03-08,Keyboard,Spain,Store_B,4,80,40
2024-03-08,Headset,Argentina,Store_B,9,100,60
2024-03-09,Keyboard,USA,Store_C,6,80,40
2024-03-09,Monitor,Spain,Store_C,7,300,200
2024-03-09,Mouse,Argentina,Store_B,6,50,20
2024-03-09,Laptop,Argentina,Store_B,9,1200,800
2024-03-09,Headset,Spain,Store_A,4,100,60
2024-03-09,Keyboard,USA,Store_B,5,80,40
2024-03-09,Laptop,Argentina,Store_A,1,1200,800
2024-03-09,Monitor,USA,Store_A,5,300,200
2024-03-09,Laptop,Spain,Store_A,10,1200,800
2024-03-09,Laptop,Spain,Store_A,2,1200,800
2024-03-09,Mouse,USA,Store_B,2,50,20
2024-03-09,Mouse,USA,Store_A,1,50,20
2024-03-10,Mouse,Spain,Store_A,3,50,20
2024-03-10,Keyboard,USA,Store_C,3,80,40
2024-03-10,Headset,USA,Store_B,1,100,60
2024-03-10,Mouse,Spain,Store_C,5,50,20
2024-03-10,Keyboard,Argentina,Store_B,2,80,40
2024-03-10,Headset,Spain,Store_B,9,100,60
2024-03-10,Laptop,Argentina,Store_C,1,1200,800
2024-03-10,Monitor,Spain,Store_B,6,300,200
2024-03-11,Headset,Argentina,Store_B,1,100,60
2024-03-11,Keyboard,Argentina,Store_B,1,80,40
2024-03-11,Keyboard,Spain,Store_C,4,80,40
2024-03-11,Monitor,USA,Store_A,7,300,200
2024-03-11,Laptop,USA,Store_A,1,1200,800
2024-03-11,Keyboard,Argentina,Store_C,5,80,40
2024-03-11,Keyboard,Spain,Store_B,2,80,40
2024-03-11,Laptop,Argentina,Store_A,4,1200,800
2024-03-12,Monitor,Spain,Store_C,3,300,200
2024-03-12,Headset,Argentina,Store_A,9,100,60
2024-03-12,Keyboard,Spain,Store_C,10,80,40
2024-03-12,Headset,USA,Store_B,6,100,60
2024-03-12,Headset,Spain,Store_B,2,100,60
2024-03-12,Mouse,Spain,Store_B,7,50,20
2024-03-13,Headset,USA,Store_C,2,100,60
2024-03-13,Laptop,USA,Store_B,10,1200,800
2024-03-13,Mouse,Argentina,Store_B,7,50,20
2024-03-13,Keyboard,USA,Store_A,9,80,40
2024-03-13,Headset,Spain,Store_C,6,100,60
2024-03-13,Keyboard,Spain,Store_C,10,80,40
2024-03-13,Mouse,Argentina,Store_C,6,50,20
2024-03-14,Laptop,USA,Store_B,1,1200,800
2024-03-14,Monitor,Spain,Store_A,4,300,200
2024-03-14,Headset,USA,Store_A,6,100,60
2024-03-14,Monitor,Spain,Store_A,4,300,200
2024-03-15,Headset,Argentina,Store_B,10,100,60
2024-03-15,Headset,Spain,Store_B,4,100,60
2024-03-15,Keyboard,Spain,Store_B,1,80,40
2024-03-15,Monitor,USA,Store_A,10,300,200
2024-03-15,Mouse,USA,Store_C,2,50,20
2024-03-15,Laptop,Spain,Store_C,7,1200,800
2024-03-16,Laptop,Spain,Store_C,2,1200,800
2024-03-17,Mouse,Spain,Store_B,7,50,20
2024-03-17,Keyboard,USA,Store_C,1,80,40
2024-03-17,Keyboard,Spain,Store_B,8,80,40
2024-03-17,Laptop,Argentina,Store_A,9,1200,800
2024-03-17,Keyboard,USA,Store_B,2,80,40
2024-03-17,Headset,Spain,Store_A,1,100,60
2024-03-17,Keyboard,Spain,Store_C,9,80,40
2024-03-17,Headset,USA,Store_C,4,100,60
2024-03-17,Mouse,Argentina,Store_A,8,50,20
2024-03-17,Mouse,Argentina,Store_C,9,50,20
2024-03-17,Mouse,USA,Store_C,10,50,20
2024-03-18,Mouse,Argentina,Store_B,2,50,20
2024-03-18,Mouse,Spain,Store_A,4,50,20
2024-03-18,Laptop,Argentina,Store_A,6,1200,800
2024-03-18,Headset,Spain,Store_C,5,100,60
2024-03-18,Laptop,USA,Store_A,8,1200,800
2024-03-18,Laptop,Spain,Store_C,10,1200,800
2024-03-18,Mouse,Argentina,Store_A,9,50,20
2024-03-18,Keyboard,Spain,Store_C,8,80,40
2024-03-18,Mouse,USA,Store_B,6,50,20
2024-03-19,Monitor,USA,Store_A,6,300,200
2024-03-19,Laptop,USA,Store_C,10,1200,800
2024-03-19,Monitor,Spain,Store_C,4,300,200
2024-03-19,Mouse,USA,Store_A,1,50,20
2024-03-19,Headset,Spain,Store_C,4,100,60
2024-03-20,Mouse,USA,Store_A,5,50,20
2024-03-20,Keyboard,Spain,Store_A,6,80,40
2024-03-20,Headset,Argentina,Store_C,5,100,60
2024-03-20,Laptop,Argentina,Store_C,7,1200,800
2024-03-20,Monitor,Argentina,Store_C,2,300,200
2024-03-21,Keyboard,Argentina,Store_C,9,80,40
2024-03-21,Headset,USA,Store_C,5,100,60
2024-03-21,Headset,Spain,Store_A,2,100,60
2024-03-21,Keyboard,Argentina,Store_C,4,80,40
2024-03-21,Keyboard,Argentina,Store_A,10,80,40
2024-03-21,Mouse,Argentina,Store_B,8,50,20
2024-03-22,Monitor,Spain,Store_B,1,300,200
2024-03-22,Mouse,USA,Store_C,9,50,20
2024-03-22,Laptop,Argentina,Store_B,7,1200,800
2024-03-22,Headset,Spain,Store_C,1,100,60
2024-03-22,Headset,USA,Store_C,6,100,60
2024-03-22,Monitor,Argentina,Store_C,8,300,200
2024-03-22,Headset,Spain,Store_B,6,100,60
2024-03-23,Keyboard,USA,Store_B,4,80,40
2024-03-23,Laptop,Argentina,Store_B,5,1200,800
2024-03-23,Headset,Spain,Store_A,4,100,60
2024-03-23,Laptop,USA,Store_C,8,1200,800
2024-03-23,Monitor,Spain,Store_A,7,300,200
2024-03-23,Headset,USA,Store_A,6,100,60
2024-03-24,Mouse,Argentina,Store_B,10,50,20
2024-03-24,Monitor,Spain,Store_C,6,300,200
2024-03-24,Laptop,Argentina,Store_C,7,1200,800
2024-03-24,Keyboard,USA,Store_C,9,80,40
2024-03-24,Headset,Argentina,Store_C,8,100,60
2024-03-25,Laptop,Argentina,Store_A,2,1200,800
2024-03-25,Monitor,Spain,Store_C,6,300,200
2024-03-26,Monitor,Spain,Store_A,1,300,200
2024-03-26,Monitor,USA,Store_A,4,300,200
2024-03-26,Headset,USA,Store_A,9,100,60
2024-03-26,Laptop,Argentina,Store_B,7,1200,800
2024-03-26,Headset,USA,Store_C,8,100,60
2024-03-26,Laptop,Spain,Store_C,6,1200,800
2024-03-27,Mouse,Argentina,Store_C,7,50,20
2024-03-27,Keyboard,USA,Store_A,6,80,40
2024-03-27,Laptop,Spain,Store_B,5,1200,800
2024-03-27,Headset,USA,Store_A,1,100,60
2024-03-27,Mouse,Argentina,Store_A,1,50,20
2024-03-27,Monitor,USA,Store_B,1,300,200
2024-03-27,Monitor,Argentina,Store_A,10,300,200
2024-03-28,Keyboard,Spain,Store_C,1,80,40
2024-03-28,Mouse,USA,Store_C,5,50,20
2024-03-28,Laptop,Argentina,Store_A,7,1200,800
2024-03-28,Mouse,Spain,Store_B,3,50,20
2024-03-28,Monitor,Spain,Store_B,3,300,200
2024-03-28,Mouse,USA,Store_C,7,50,20
2024-03-28,Mouse,USA,Store_C,8,50,20
2024-03-28,Laptop,USA,Store_A,5,1200,800
2024-03-29,Headset,Spain,Store_B,4,100,60
2024-03-29,Monitor,Argentina,Store_B,1,300,200
2024-03-29,Keyboard,USA,Store_B,8,80,40
2024-03-29,Laptop,USA,Store_A,5,1200,800
2024-03-29,Keyboard,Argentina,Store_C,9,80,40
2024-03-30,Monitor,USA,Store_B,6,300,200
2024-03-30,Mouse,USA,Store_C,4,50,20
2024-03-30,Monitor,Argentina,Store_A,4,300,200
2024-03-30,Keyboard,Argentina,Store_C,8,80,40
2024-03-30,Mouse,Argentina,Store_B,6,50,20
2024-03-31,Monitor,Argentina,Store_C,7,300,200
2024-03-31,Keyboard,Spain,Store_C,10,80,40
2024-03-31,Monitor,Argentina,Store_B,10,300,200
2024-03-31,Laptop,Argentina,Store_C,6,1200,800
2024-03-31,Mouse,Spain,Store_B,6,50,20
2024-04-01,Laptop,Spain,Store_A,6,1200,800
2024-04-01,Headset,Spain,Store_C,7,100,60
2024-04-01,Mouse,Argentina,Store_B,8,50,20
2024-04-01,Keyboard,Argentina,Store_B,6,80,40
2024-04-01,Keyboard,USA,Store_A,9,80,40
2024-04-01,Laptop,Argentina,Store_C,5,1200,800
2024-04-01,Monitor,Argentina,Store_C,1,300,200
2024-04-01,Keyboard,Spain,Store_B,8,80,40
2024-04-02,Monitor,USA,Store_A,9,300,200
2024-04-02,Keyboard,Spain,Store_B,10,80,40
2024-04-02,Monitor,USA,Store_B,4,300,200
2024-04-02,Keyboard,Spain,Store_B,5,80,40
2024-04-02,Keyboard,USA,Store_C,8,80,40
2024-04-02,Mouse,Argentina,Store_C,2,50,20
2024-04-03,Mouse,Spain,Store_C,3,50,20
2024-04-03,Monitor,USA,Store_A,4,300,200
2024-04-03,Keyboard,Spain,Store_C,2,80,40
2024-04-03,Headset,Argentina,Store_B,10,100,60
2024-04-03,Mouse,Spain,Store_B,3,50,20
2024-04-03,Mouse,Spain,Store_B,7,50,20
2024-04-03,Headset,USA,Store_A,3,100,60
2024-04-03,Laptop,Argentina,Store_C,8,1200,800
2024-04-04,Headset,Argentina,Store_C,9,100,60
2024-04-04,Keyboard,USA,Store_C,7,80,40
2024-04-04,Headset,USA,Store_B,1,100,60
2024-04-04,Mouse,Spain,Store_A,6,50,20
2024-04-04,Headset,USA,Store_C,3,100,60
2024-04-04,Keyboard,Argentina,Store_C,2,80,40
2024-04-04,Monitor,Argentina,Store_B,2,300,200
2024-04-05,Keyboard,Spain,Store_C,8,80,40
2024-04-05,Monitor,Spain,Store_B,2,300,200
2024-04-05,Keyboard,USA,Store_A,2,80,40
2024-04-05,Mouse,Spain,Store_B,9,50,20
2024-04-06,Keyboard,Argentina,Store_B,4,80,40
2024-04-06,Headset,Spain,Store_C,2,100,60
2024-04-06,Laptop,Argentina,Store_B,1,1200,800
2024-04-06,Laptop,Argentina,Store_C,7,1200,800
2024-04-06,Monitor,Argentina,Store_B,3,300,200
2024-04-06,Keyboard,Argentina,Store_B,2,80,40
2024-04-06,Keyboard,USA,Store_C,3,80,40
2024-04-06,Laptop,Spain,Store_C,3,1200,800
2024-04-06,Keyboard,Argentina,Store_C,9,80,40
2024-04-06,Keyboard,USA,Store_A,5,80,40
2024-04-06,Monitor,Spain,Store_B,6,300,200
2024-04-07,Monitor,Argentina,Store_C,9,300,200
2024-04-07,Laptop,Argentina,Store_A,9,1200,800
2024-04-07,Headset,Spain,Store_C,3,100,60
2024-04-07,Monitor,USA,Store_B,9,300,200
2024-04-07,Keyboard,Argentina,Store_B,1,80,40
2024-04-07,Headset,USA,Store_A,3,100,60
2024-04-07,Headset,Spain,Store_A,10,100,60
2024-04-07,Headset,Spain,Store_C,1,100,60
2024-04-07,Laptop,Spain,Store_B,2,1200,800
2024-04-07,Keyboard,USA,Store_C,1,80,40
2024-04-07,Mouse,USA,Store_C,2,50,20
2024-04-08,Keyboard,USA,Store_B,1,80,40
2024-04-08,Mouse,USA,Store_A,6,50,20
2024-04-08,Keyboard,Spain,Store_B,2,80,40
2024-04-08,Keyboard,USA,Store_C,5,80,40
2024-04-08,Mouse,Argentina,Store_A,3,50,20
2024-04-08,Mouse,Spain,Store_C,2,50,20
2024-04-08,Monitor,Spain,Store_B,1,300,200
2024-04-09,Headset,USA,Store_C,9,100,60
2024-04-09,Headset,Spain,Store_C,3,100,60
2024-04-09,Keyboard,USA,Store_A,3,80,40
2024-04-09,Monitor,Argentina,Store_A,2,300,200
2024-04-09,Headset,USA,Store_A,4,100,60
2024-04-09,Monitor,USA,Store_B,5,300,200
2024-04-09,Monitor,USA,Store_A,4,300,200
2024-04-09,Mouse,Argentina,Store_B,2,50,20
2024-04-09,Headset,Argentina,Store_A,5,100,60
2024-04-10,Headset,Spain,Store_A,4,100,60
2024-04-10,Monitor,Argentina,Store_A,4,300,200
2024-04-10,Headset,Argentina,Store_A,1,100,60
2024-04-10,Monitor,USA,Store_A,7,300,200
2024-04-10,Mouse,Spain,Store_C,10,50,20
2024-04-11,Headset,Spain,Store_A,4,100,60
2024-04-11,Headset,USA,Store_B,7,100,60
2024-04-11,Keyboard,USA,Store_A,6,80,40
2024-04-11,Monitor,Argentina,Store_B,6,300,200
2024-04-11,Monitor,USA,Store_B,10,300,200
2024-04-12,Keyboard,USA,Store_C,10,80,40
2024-04-12,Laptop,Argentina,Store_C,2,1200,800
2024-04-12,Keyboard,Argentina,Store_C,2,80,40
2024-04-12,Mouse,Spain,Store_A,8,50,20
2024-04-12,Keyboard,Argentina,Store_C,10,80,40
2024-04-13,Mouse,Spain,Store_C,9,50,20
2024-04-13,Mouse,USA,Store_A,8,50,20
2024-04-13,Laptop,Spain,Store_A,9,1200,800
2024-04-13,Laptop,Spain,Store_A,2,1200,800
2024-04-13,Headset,Argentina,Store_A,8,100,60
2024-04-13,Headset,Spain,Store_B,10,100,60
2024-04-13,Keyboard,Spain,Store_C,6,80,40
2024-04-13,Monitor,Argentina,Store_C,3,300,200
2024-04-14,Mouse,Argentina,Store_B,4,50,20
2024-04-14,Monitor,Argentina,Store_C,10,300,200
2024-04-14,Monitor,Argentina,Store_C,6,300,200
2024-04-14,Headset,USA,Store_A,8,100,60
2024-04-14,Headset,Spain,Store_C,5,100,60
2024-04-14,Laptop,Argentina,Store_C,5,1200,800
2024-04-14,Mouse,Spain,Store_C,1,50,20
2024-04-15,Monitor,Spain,Store_C,10,300,200
2024-04-15,Keyboard,Argentina,Store_A,7,80,40
2024-04-15,Headset,Argentina,Store_C,3,100,60
2024-04-15,Keyboard,USA,Store_A,5,80,40
2024-04-15,Mouse,Argentina,Store_C,5,50,20
2024-04-16,Monitor,Argentina,Store_A,5,300,200
2024-04-16,Mouse,USA,Store_B,5,50,20
2024-04-16,Mouse,Spain,Store_C,7,50,20
2024-04-17,Monitor,Argentina,Store_C,10,300,200
2024-04-17,Monitor,Argentina,Store_C,2,300,200
2024-04-17,Headset,Argentina,Store_A,3,100,60
2024-04-17,Laptop,USA,Store_B,6,1200,800
2024-04-17,Laptop,Argentina,Store_B,6,1200,800
2024-04-18,Laptop,Argentina,Store_A,9,1200,800
2024-04-18,Mouse,Argentina,Store_A,2,50,20
2024-04-18,Headset,USA,Store_C,4,100,60
2024-04-18,Keyboard,Argentina,Store_C,4,80,40
2024-04-18,Laptop,USA,Store_B,8,1200,800
2024-04-19,Headset,Spain,Store_B,9,100,60
2024-04-19,Mouse,USA,Store_C,3,50,20
2024-04-19,Monitor,USA,Store_A,9,300,200
2024-04-19,Keyboard,USA,Store_B,6,80,40
2024-04-19,Keyboard,Spain,Store_B,9,80,40
2024-04-19,Keyboard,Argentina,Store_C,4,80,40
2024-04-20,Monitor,Argentina,Store_B,5,300,200
2024-04-20,Keyboard,Argentina,Store_C,9,80,40
2024-04-20,Headset,Spain,Store_A,8,100,60
2024-04-20,Mouse,Spain,Store_A,9,50,20
2024-04-20,Mouse,Argentina,Store_B,7,50,20
2024-04-20,Headset,USA,Store_A,1,100,60
2024-04-20,Headset,Argentina,Store_C,5,100,60
2024-04-21,Monitor,Argentina,Store_C,5,300,200
2024-04-21,Laptop,Argentina,Store_C,7,1200,800
2024-04-21,Mouse,Argentina,Store_B,10,50,20
2024-04-21,Keyboard,Argentina,Store_C,5,80,40
2024-04-21,Laptop,USA,Store_B,2,1200,800
2024-04-21,Keyboard,Argentina,Store_A,7,80,40
2024-04-21,Headset,Spain,Store_B,9,100,60
2024-04-21,Keyboard,Argentina,Store_B,4,80,40
2024-04-21,Headset,USA,Store_A,9,100,60
2024-04-22,Laptop,Spain,Store_B,4,1200,800
2024-04-22,Headset,Spain,Store_B,3,100,60
2024-04-22,Headset,USA,Store_A,10,100,60
2024-04-22,Mouse,Spain,Store_A,6,50,20
2024-04-22,Keyboard,Spain,Store_A,9,80,40
2024-04-22,Laptop,Argentina,Store_B,4,1200,800
2024-04-22,Mouse,USA,Store_A,6,50,20
2024-04-22,Keyboard,USA,Store_C,7,80,40
2024-04-22,Laptop,Spain,Store_A,10,1200,800
2024-04-22,Keyboard,Argentina,Store_B,5,80,40
2024-04-22,Monitor,Argentina,Store_C,2,300,200
2024-04-22,Mouse,USA,Store_A,10,50,20
2024-04-23,Laptop,Spain,Store_A,2,1200,800
2024-04-23,Monitor,Argentina,Store_B,3,300,200
2024-04-23,Headset,Argentina,Store_A,5,100,60
2024-04-24,Monitor,USA,Store_A,9,300,200
2024-04-24,Headset,Argentina,Store_C,4,100,60
2024-04-24,Laptop,Argentina,Store_A,10,1200,800
2024-04-24,Mouse,USA,Store_A,5,50,20
2024-04-24,Headset,Argentina,Store_C,10,100,60
2024-04-24,Monitor,Argentina,Store_A,10,300,200
2024-04-24,Laptop,Spain,Store_B,10,1200,800
2024-04-24,Mouse,Argentina,Store_B,3,50,20
2024-04-24,Laptop,Spain,Store_C,5,1200,800
2024-04-25,Headset,Argentina,Store_C,5,100,60
2024-04-25,Headset,USA,Store_C,4,100,60
2024-04-25,Laptop,Spain,Store_A,3,1200,800
2024-04-25,Keyboard,Argentina,Store_A,4,80,40
2024-04-25,Monitor,Spain,Store_A,10,300,200
2024-04-25,Mouse,Spain,Store_B,5,50,20
2024-04-25,Mouse,USA,Store_A,8,50,20
2024-04-25,Headset,Argentina,Store_B,4,100,60
2024-04-25,Monitor,Spain,Store_B,4,300,200
2024-04-25,Headset,Argentina,Store_B,2,100,60
2024-04-26,Mouse,USA,Store_C,8,50,20
2024-04-26,Laptop,Spain,Store_B,2,1200,800
2024-04-26,Mouse,Argentina,Store_A,5,50,20
2024-04-26,Monitor,Spain,Store_B,7,300,200
2024-04-26,Mouse,Argentina,Store_B,10,50,20
2024-04-26,Keyboard,Argentina,Store_B,7,80,40
2024-04-26,Monitor,Spain,Store_A,3,300,200
2024-04-27,Laptop,USA,Store_A,4,1200,800
2024-04-27,Mouse,Spain,Store_B,2,50,20
2024-04-27,Mouse,Spain,Store_A,5,50,20
2024-04-27,Monitor,Spain,Store_A,6,300,200
2024-04-27,Mouse,Spain,Store_C,9,50,20
2024-04-27,Laptop,Argentina,Store_A,8,1200,800
2024-04-27,Mouse,Argentina,Store_A,2,50,20
2024-04-27,Laptop,Argentina,Store_B,7,1200,800
2024-04-27,Mouse,USA,Store_A,2,50,20
2024-04-27,Headset,Spain,Store_B,8,100,60
2024-04-28,Mouse,Argentina,Store_A,3,50,20
2024-04-28,Headset,Argentina,Store_C,8,100,60
2024-04-28,Mouse,Spain,Store_B,5,50,20
2024-04-28,Keyboard,USA,Store_C,6,80,40
2024-04-28,Headset,USA,Store_B,4,100,60
2024-04-29,Keyboard,Argentina,Store_A,4,80,40
2024-04-29,Laptop,USA,Store_B,1,1200,800
2024-04-30,Headset,Spain,Store_C,10,100,60
2024-04-30,Mouse,Argentina,Store_B,7,50,20
2024-04-30,Mouse,Spain,Store_B,2,50,20
2024-04-30,Keyboard,Spain,Store_B,3,80,40
2024-05-01,Laptop,Argentina,Store_A,5,1200,800
2024-05-01,Monitor,USA,Store_B,9,300,200
2024-05-01,Monitor,Spain,Store_A,10,300,200
2024-05-01,Keyboard,USA,Store_B,2,80,40
2024-05-01,Mouse,Spain,Store_A,1,50,20
2024-05-01,Keyboard,Argentina,Store_A,6,80,40
2024-05-01,Mouse,Argentina,Store_A,10,50,20
2024-05-02,Monitor,Spain,Store_A,10,300,200
2024-05-02,Laptop,Spain,Store_C,8,1200,800
2024-05-02,Laptop,Argentina,Store_B,3,1200,800
2024-05-02,Headset,USA,Store_C,6,100,60
2024-05-02,Headset,USA,Store_C,5,100,60
2024-05-02,Headset,Spain,Store_C,2,100,60
2024-05-03,Headset,Spain,Store_C,1,100,60
2024-05-03,Monitor,Argentina,Store_A,2,300,200
2024-05-03,Keyboard,Argentina,Store_C,7,80,40
2024-05-03,Mouse,Spain,Store_C,9,50,20
2024-05-03,Monitor,Spain,Store_B,10,300,200
2024-05-04,Headset,Spain,Store_C,5,100,60
2024-05-04,Headset,USA,Store_A,8,100,60
2024-05-04,Headset,Argentina,Store_C,10,100,60
2024-05-04,Mouse,USA,Store_A,4,50,20
2024-05-04,Headset,Spain,Store_A,3,100,60
2024-05-04,Mouse,Spain,Store_B,10,50,20
2024-05-05,Monitor,Spain,Store_C,5,300,200
2024-05-05,Mouse,Spain,Store_A,8,50,20
2024-05-05,Keyboard,Spain,Store_C,7,80,40
2024-05-05,Monitor,Argentina,Store_A,9,300,200
2024-05-05,Headset,Argentina,Store_A,7,100,60
2024-05-05,Monitor,USA,Store_C,3,300,200
2024-05-05,Keyboard,Spain,Store_C,8,80,40
2024-05-05,Keyboard,USA,Store_B,3,80,40
2024-05-06,Keyboard,USA,Store_C,1,80,40
2024-05-06,Monitor,USA,Store_C,8,300,200
2024-05-06,Keyboard,Argentina,Store_C,4,80,40
2024-05-06,Headset,USA,Store_B,2,100,60
2024-05-07,Laptop,Spain,Store_A,10,1200,800
2024-05-07,Laptop,Argentina,Store_C,9,1200,800
2024-05-07,Laptop,Argentina,Store_C,6,1200,800
2024-05-07,Monitor,USA,Store_C,7,300,200
2024-05-07,Headset,Argentina,Store_A,3,100,60
2024-05-07,Laptop,Argentina,Store_C,6,1200,800
2024-05-07,Keyboard,USA,Store_A,6,80,40
2024-05-07,Keyboard,Spain,Store_B,4,80,40
2024-05-08,Mouse,USA,Store_B,9,50,20
2024-05-08,Mouse,USA,Store_C,1,50,20
2024-05-08,Monitor,USA,Store_B,10,300,200
2024-05-08,Mouse,USA,Store_B,10,50,20
2024-05-08,Keyboard,Spain,Store_B,3,80,40
2024-05-08,Mouse,USA,Store_B,9,50,20
2024-05-09,Mouse,Argentina,Store_A,7,50,20
2024-05-09,Laptop,USA,Store_B,4,1200,800
2024-05-09,Keyboard,Argentina,Store_A,4,80,40
2024-05-09,Laptop,Argentina,Store_B,5,1200,800
2024-05-10,Laptop,Argentina,Store_C,7,1200,800
2024-05-10,Monitor,Argentina,Store_C,5,300,200
2024-05-10,Laptop,Spain,Store_C,1,1200,800
2024-05-10,Laptop,Argentina,Store_B,3,1200,800
2024-05-10,Laptop,Argentina,Store_B,4,1200,800
2024-05-10,Keyboard,Argentina,Store_A,3,80,40
2024-05-11,Laptop,Spain,Store_A,4,1200,800
2024-05-11,Keyboard,Argentina,Store_C,1,80,40
2024-05-11,Monitor,USA,Store_C,2,300,200
2024-05-11,Monitor,Argentina,Store_B,4,300,200
2024-05-11,Monitor,USA,Store_A,7,300,200
2024-05-11,Headset,Argentina,Store_C,9,100,60
2024-05-11,Monitor,Spain,Store_C,8,300,200
2024-05-11,Keyboard,USA,Store_A,5,80,40
2024-05-12,Monitor,Spain,Store_C,10,300,200
2024-05-12,Keyboard,USA,Store_A,6,80,40
2024-05-12,Headset,Argentina,Store_A,5,100,60
2024-05-12,Laptop,USA,Store_B,9,1200,800
2024-05-12,Laptop,Argentina,Store_B,4,1200,800
2024-05-12,Mouse,Argentina,Store_A,8,50,20
2024-05-13,Mouse,Spain,Store_C,6,50,20
2024-05-13,Mouse,USA,Store_A,9,50,20
2024-05-13,Laptop,USA,Store_C,6,1200,800
2024-05-13,Keyboard,Argentina,Store_C,7,80,40
2024-05-13,Headset,Argentina,Store_A,2,100,60
2024-05-13,Monitor,USA,Store_C,5,300,200
2024-05-13,Monitor,USA,Store_A,10,300,200
2024-05-13,Laptop,Spain,Store_B,9,1200,800
2024-05-13,Headset,USA,Store_A,9,100,60
2024-05-14,Mouse,USA,Store_B,1,50,20
2024-05-14,Headset,Argentina,Store_A,10,100,60
2024-05-14,Keyboard,Spain,Store_B,2,80,40
2024-05-14,Monitor,USA,Store_A,5,300,200
2024-05-14,Mouse,Spain,Store_B,6,50,20
2024-05-14,Headset,Spain,Store_B,2,100,60
2024-05-15,Headset,Argentina,Store_B,4,100,60
2024-05-15,Mouse,USA,Store_B,6,50,20
2024-05-15,Laptop,Spain,Store_C,4,1200,800
2024-05-15,Headset,USA,Store_C,9,100,60
2024-05-15,Monitor,Argentina,Store_C,6,300,200
2024-05-15,Monitor,USA,Store_B,10,300,200
2024-05-15,Mouse,Argentina,Store_B,6,50,20
2024-05-15,Mouse,USA,Store_A,5,50,20
2024-05-15,Laptop,Spain,Store_A,1,1200,800
2024-05-15,Mouse,Argentina,Store_C,1,50,20
2024-05-15,Mouse,Argentina,Store_C,2,50,20
2024-05-16,Mouse,USA,Store_C,10,50,20
2024-05-16,Mouse,Argentina,Store_B,2,50,20
2024-05-16,Mouse,Argentina,Store_A,8,50,20
2024-05-16,Headset,USA,Store_B,7,100,60
2024-05-16,Laptop,USA,Store_A,9,1200,800
2024-05-16,Laptop,Argentina,Store_C,10,1200,800
2024-05-17,Mouse,USA,Store_C,1,50,20
2024-05-17,Laptop,Spain,Store_C,8,1200,800
2024-05-17,Headset,Spain,Store_C,2,100,60
2024-05-17,Mouse,Argentina,Store_B,6,50,20
2024-05-17,Mouse,Argentina,Store_B,6,50,20
2024-05-17,Headset,USA,Store_B,8,100,60
2024-05-17,Monitor,Spain,Store_B,7,300,200
2024-05-17,Laptop,USA,Store_B,8,1200,800
2024-05-17,Keyboard,Spain,Store_C,7,80,40
2024-05-17,Laptop,USA,Store_A,9,1200,800
2024-05-18,Mouse,USA,Store_A,1,50,20
2024-05-18,Laptop,USA,Store_C,6,1200,800
2024-05-18,Monitor,Argentina,Store_C,9,300,200
2024-05-18,Keyboard,Argentina,Store_A,5,80,40
2024-05-19,Headset,Argentina,Store_B,5,100,60
2024-05-19,Laptop,USA,Store_A,5,1200,800
2024-05-19,Monitor,Argentina,Store_B,9,300,200
2024-05-19,Monitor,Spain,Store_A,10,300,200
2024-05-19,Headset,Argentina,Store_C,2,100,60
2024-05-20,Monitor,USA,Store_B,7,300,200
2024-05-20,Monitor,USA,Store_B,4,300,200
2024-05-20,Keyboard,Spain,Store_A,6,80,40
2024-05-20,Monitor,Spain,Store_A,9,300,200
2024-05-20,Keyboard,Spain,Store_A,8,80,40
2024-05-20,Keyboard,USA,Store_B,5,80,40
2024-05-20,Laptop,Argentina,Store_A,10,1200,800
2024-05-20,Laptop,USA,Store_B,7,1200,800
2024-05-21,Headset,USA,Store_B,10,100,60
2024-05-21,Laptop,Argentina,Store_A,2,1200,800
2024-05-21,Mouse,Argentina,Store_B,6,50,20
2024-05-22,Keyboard,Spain,Store_B,5,80,40
2024-05-22,Laptop,Argentina,Store_C,5,1200,800
2024-05-22,Keyboard,Spain,Store_A,8,80,40
2024-05-23,Keyboard,USA,Store_C,6,80,40
2024-05-23,Monitor,Argentina,Store_A,1,300,200
2024-05-23,Keyboard,USA,Store_B,8,80,40
2024-05-24,Mouse,Spain,Store_A,3,50,20
2024-05-24,Laptop,USA,Store_B,1,1200,800
2024-05-24,Keyboard,USA,Store_A,6,80,40
2024-05-24,Laptop,Argentina,Store_B,2,1200,800
2024-05-24,Laptop,Spain,Store_B,7,1200,800
2024-05-25,Headset,USA,Store_B,7,100,60
2024-05-25,Monitor,Spain,Store_C,8,300,200
2024-05-25,Keyboard,Argentina,Store_C,3,80,40
2024-05-25,Monitor,Argentina,Store_B,9,300,200
2024-05-25,Mouse,Argentina,Store_B,2,50,20
2024-05-25,Laptop,USA,Store_A,10,1200,800
2024-05-25,Keyboard,USA,Store_B,5,80,40
2024-05-25,Mouse,USA,Store_B,6,50,20
2024-05-25,Laptop,Argentina,Store_A,4,1200,800
2024-05-25,Laptop,Argentina,Store_B,7,1200,800
2024-05-25,Laptop,Spain,Store_C,9,1200,800
2024-05-25,Laptop,Spain,Store_A,10,1200,800
2024-05-25,Laptop,USA,Store_C,1,1200,800
2024-05-26,Monitor,Spain,Store_C,2,300,200
2024-05-26,Keyboard,Argentina,Store_C,1,80,40
2024-05-26,Mouse,Spain,Store_A,3,50,20
2024-05-26,Monitor,USA,Store_B,3,300,200
2024-05-26,Mouse,Spain,Store_A,3,50,20
2024-05-27,Laptop,USA,Store_A,5,1200,800
2024-05-27,Laptop,Spain,Store_C,9,1200,800
2024-05-27,Monitor,USA,Store_C,6,300,200
2024-05-27,Headset,Argentina,Store_C,10,100,60
2024-05-27,Monitor,Argentina,Store_B,3,300,200
2024-05-27,Headset,USA,Store_B,1,100,60
2024-05-27,Keyboard,Argentina,Store_B,6,80,40
2024-05-28,Headset,USA,Store_B,6,100,60
2024-05-28,Monitor,Argentina,Store_B,7,300,200
2024-05-28,Monitor,Spain,Store_C,7,300,200
2024-05-28,Keyboard,USA,Store_C,10,80,40
2024-05-28,Mouse,Spain,Store_C,6,50,20
2024-05-29,Keyboard,Spain,Store_B,8,80,40
2024-05-29,Mouse,Argentina,Store_B,5,50,20
2024-05-29,Keyboard,Argentina,Store_A,3,80,40
2024-05-29,Keyboard,USA,Store_C,7,80,40
2024-05-29,Laptop,Argentina,Store_A,3,1200,800
2024-05-29,Mouse,Spain,Store_C,3,50,20
2024-05-29,Mouse,USA,Store_A,6,50,20
2024-05-30,Laptop,Spain,Store_B,8,1200,800
2024-05-30,Mouse,Argentina,Store_A,10,50,20
2024-05-30,Headset,USA,Store_A,1,100,60
2024-05-31,Mouse,Spain,Store_A,1,50,20
2024-05-31,Keyboard,Argentina,Store_B,4,80,40
2024-05-31,Laptop,USA,Store_A,9,1200,800
2024-05-31,Headset,Spain,Store_C,9,100,60
2024-05-31,Monitor,USA,Store_A,5,300,200
2024-05-31,Headset,Argentina,Store_C,9,100,60
2024-05-31,Keyboard,Spain,Store_C,2,80,40
2024-05-31,Monitor,Argentina,Store_B,10,300,200
2024-05-31,Laptop,Spain,Store_C,4,1200,800
2024-05-31,Mouse,USA,Store_B,4,50,20
2024-06-01,Mouse,Argentina,Store_B,4,50,20
2024-06-01,Headset,Argentina,Store_C,4,100,60
2024-06-01,Keyboard,USA,Store_C,1,80,40
2024-06-01,Monitor,Argentina,Store_A,2,300,200
2024-06-02,Monitor,Spain,Store_C,3,300,200
2024-06-02,Mouse,USA,Store_C,8,50,20
2024-06-02,Mouse,Argentina,Store_A,4,50,20
2024-06-02,Laptop,Spain,Store_C,9,1200,800
2024-06-03,Monitor,Spain,Store_A,4,300,200
2024-06-03,Mouse,Spain,Store_B,3,50,20
2024-06-03,Mouse,USA,Store_C,8,50,20
2024-06-03,Mouse,Spain,Store_C,10,50,20
2024-06-03,Monitor,Spain,Store_A,10,300,200
2024-06-03,Laptop,Argentina,Store_C,5,1200,800
2024-06-03,Keyboard,Argentina,Store_B,9,80,40
2024-06-03,Laptop,Spain,Store_B,8,1200,800
2024-06-03,Mouse,USA,Store_A,5,50,20
2024-06-04,Mouse,Spain,Store_B,3,50,20
2024-06-04,Keyboard,Spain,Store_C,2,80,40
2024-06-04,Laptop,Argentina,Store_B,8,1200,800
2024-06-04,Laptop,USA,Store_A,9,1200,800
2024-06-04,Monitor,USA,Store_C,1,300,200
2024-06-04,Monitor,Argentina,Store_C,1,300,200
2024-06-04,Mouse,Argentina,Store_B,3,50,20
2024-06-05,Monitor,Spain,Store_C,8,300,200
2024-06-05,Headset,Spain,Store_C,7,100,60
2024-06-05,Laptop,USA,Store_A,6,1200,800
2024-06-05,Monitor,Argentina,Store_B,6,300,200
2024-06-05,Mouse,Spain,Store_A,8,50,20
2024-06-05,Laptop,Spain,Store_C,3,1200,800
2024-06-05,Laptop,Spain,Store_C,6,1200,800
2024-06-05,Mouse,Argentina,Store_C,8,50,20
2024-06-05,Laptop,Argentina,Store_B,10,1200,800
2024-06-05,Headset,USA,Store_C,1,100,60
2024-06-06,Monitor,Argentina,Store_C,4,300,200
2024-06-06,Headset,Spain,Store_C,1,100,60
2024-06-06,Headset,Spain,Store_B,1,100,60
2024-06-06,Monitor,Spain,Store_A,1,300,200
2024-06-06,Monitor,Spain,Store_C,5,300,200
2024-06-06,Monitor,Spain,Store_C,6,300,200
2024-06-07,Monitor,USA,Store_A,6,300,200
2024-06-07,Mouse,USA,Store_B,8,50,20
2024-06-07,Laptop,Argentina,Store_A,1,1200,800
2024-06-07,Monitor,Argentina,Store_B,7,300,200
2024-06-07,Keyboard,Spain,Store_C,3,80,40
2024-06-07,Laptop,Spain,Store_B,9,1200,800
2024-06-07,Keyboard,Argentina,Store_C,9,80,40
2024-06-07,Mouse,Argentina,Store_C,4,50,20
2024-06-07,Headset,USA,Store_A,6,100,60
2024-06-08,Monitor,Argentina,Store_A,7,300,200
2024-06-08,Monitor,USA,Store_B,4,300,200
2024-06-08,Headset,Spain,Store_B,1,100,60
2024-06-08,Monitor,Argentina,Store_C,10,300,200
2024-06-08,Headset,Argentina,Store_B,7,100,60
2024-06-08,Mouse,Argentina,Store_C,5,50,20
2024-06-08,Mouse,Argentina,Store_B,10,50,20
2024-06-09,Laptop,USA,Store_C,8,1200,800
2024-06-09,Monitor,USA,Store_A,9,300,200
2024-06-09,Laptop,USA,Store_C,2,1200,800
2024-06-09,Keyboard,Spain,Store_C,2,80,40
2024-06-09,Laptop,Argentina,Store_A,2,1200,800
2024-06-10,Mouse,Spain,Store_C,9,50,20
2024-06-10,Headset,USA,Store_B,10,100,60
2024-06-10,Laptop,Argentina,Store_B,1,1200,800
2024-06-10,Headset,Spain,Store_B,8,100,60
2024-06-10,Headset,Argentina,Store_A,1,100,60
2024-06-10,Keyboard,USA,Store_C,6,80,40
2024-06-10,Laptop,USA,Store_C,2,1200,800
2024-06-10,Headset,USA,Store_C,3,100,60
2024-06-10,Mouse,Spain,Store_A,7,50,20
2024-06-11,Laptop,Argentina,Store_A,1,1200,800
2024-06-11,Headset,Spain,Store_C,2,100,60
2024-06-11,Monitor,Argentina,Store_B,10,300,200
2024-06-12,Headset,Argentina,Store_A,6,100,60
2024-06-12,Laptop,Spain,Store_C,8,1200,800
2024-06-12,Headset,USA,Store_B,6,100,60
2024-06-12,Monitor,Spain,Store_A,5,300,200
2024-06-12,Keyboard,Argentina,Store_C,8,80,40
2024-06-12,Mouse,Spain,Store_B,4,50,20
2024-06-12,Mouse,Argentina,Store_C,9,50,20
2024-06-13,Headset,USA,Store_A,10,100,60
2024-06-13,Keyboard,USA,Store_B,4,80,40
2024-06-13,Keyboard,Argentina,Store_A,7,80,40
2024-06-13,Monitor,Argentina,Store_C,5,300,200
2024-06-13,Keyboard,USA,Store_C,8,80,40
2024-06-13,Laptop,Spain,Store_C,5,1200,800
2024-06-14,Laptop,Argentina,Store_A,9,1200,800
2024-06-14,Laptop,USA,Store_A,9,1200,800
2024-06-14,Monitor,USA,Store_A,1,300,200
2024-06-15,Mouse,USA,Store_C,5,50,20
2024-06-15,Headset,Spain,Store_B,2,100,60
2024-06-15,Monitor,USA,Store_B,8,300,200
2024-06-15,Headset,Spain,Store_B,2,100,60
2024-06-16,Laptop,Spain,Store_C,2,1200,800
2024-06-16,Monitor,Spain,Store_C,5,300,200
2024-06-16,Monitor,Spain,Store_A,2,300,200
2024-06-16,Headset,Spain,Store_C,9,100,60
2024-06-16,Mouse,Argentina,Store_B,9,50,20
2024-06-16,Mouse,Spain,Store_B,9,50,20
2024-06-16,Keyboard,Spain,Store_A,8,80,40
2024-06-17,Monitor,USA,Store_B,4,300,200
2024-06-17,Mouse,USA,Store_C,3,50,20
2024-06-17,Monitor,USA,Store_C,3,300,200
2024-06-17,Laptop,Spain,Store_A,8,1200,800
2024-06-17,Laptop,USA,Store_B,1,1200,800
2024-06-17,Mouse,USA,Store_C,7,50,20
2024-06-17,Monitor,Argentina,Store_A,10,300,200
2024-06-17,Monitor,USA,Store_B,5,300,200
2024-06-18,Monitor,USA,Store_B,6,300,200
2024-06-18,Headset,Argentina,Store_C,9,100,60
2024-06-18,Laptop,Argentina,Store_A,6,1200,800
2024-06-18,Keyboard,Argentina,Store_B,3,80,40
2024-06-18,Laptop,Argentina,Store_A,1,1200,800
2024-06-18,Headset,Argentina,Store_A,1,100,60
2024-06-18,Mouse,Argentina,Store_C,10,50,20
2024-06-18,Laptop,Argentina,Store_B,2,1200,800
2024-06-18,Headset,USA,Store_B,6,100,60
2024-06-18,Monitor,Spain,Store_C,1,300,200
2024-06-19,Headset,USA,Store_A,9,100,60
2024-06-19,Laptop,Spain,Store_B,9,1200,800
2024-06-19,Laptop,USA,Store_B,2,1200,800
2024-06-19,Headset,USA,Store_B,3,100,60
2024-06-19,Mouse,USA,Store_C,1,50,20
2024-06-19,Keyboard,Argentina,Store_A,3,80,40
2024-06-19,Keyboard,Spain,Store_B,10,80,40
2024-06-19,Monitor,Argentina,Store_C,2,300,200
2024-06-20,Mouse,Argentina,Store_B,1,50,20
2024-06-20,Headset,Argentina,Store_A,7,100,60
2024-06-20,Keyboard,USA,Store_C,8,80,40
2024-06-20,Monitor,Argentina,Store_B,8,300,200
2024-06-20,Monitor,USA,Store_B,10,300,200
2024-06-20,Headset,Argentina,Store_C,2,100,60
2024-06-20,Mouse,USA,Store_A,4,50,20
2024-06-21,Keyboard,USA,Store_A,3,80,40
2024-06-21,Monitor,USA,Store_A,7,300,200
2024-06-21,Laptop,Spain,Store_A,8,1200,800
2024-06-21,Keyboard,Argentina,Store_A,8,80,40
2024-06-21,Laptop,Spain,Store_A,5,1200,800
2024-06-21,Keyboard,Spain,Store_A,1,80,40
2024-06-21,Monitor,Spain,Store_A,9,300,200
2024-06-21,Headset,Argentina,Store_A,2,100,60
2024-06-21,Mouse,Spain,Store_C,8,50,20
2024-06-21,Monitor,Spain,Store_B,8,300,200
2024-06-22,Laptop,USA,Store_B,8,1200,800
2024-06-22,Headset,Argentina,Store_C,9,100,60
2024-06-22,Laptop,Spain,Store_A,1,1200,800
2024-06-22,Mouse,USA,Store_C,10,50,20
2024-06-22,Mouse,Argentina,Store_A,9,50,20
2024-06-22,Laptop,USA,Store_B,3,1200,800
2024-06-22,Keyboard,USA,Store_B,3,80,40
2024-06-22,Headset,USA,Store_B,9,100,60
2024-06-22,Headset,Argentina,Store_B,7,100,60
2024-06-22,Headset,Spain,Store_B,9,100,60
2024-06-23,Headset,USA,Store_C,4,100,60
2024-06-23,Laptop,USA,Store_A,4,1200,800
2024-06-23,Laptop,USA,Store_B,1,1200,800
2024-06-23,Mouse,Spain,Store_A,5,50,20
2024-06-23,Headset,Spain,Store_C,6,100,60
2024-06-23,Keyboard,Argentina,Store_A,9,80,40
2024-06-23,Mouse,Spain,Store_A,6,50,20
2024-06-24,Laptop,USA,Store_C,5,1200,800
2024-06-24,Monitor,Argentina,Store_C,1,300,200
2024-06-24,Mouse,Argentina,Store_A,3,50,20
2024-06-24,Keyboard,USA,Store_B,3,80,40
2024-06-25,Keyboard,USA,Store_A,10,80,40
2024-06-25,Mouse,Argentina,Store_C,10,50,20
2024-06-25,Monitor,Spain,Store_A,6,300,200
2024-06-25,Keyboard,Spain,Store_B,7,80,40
2024-06-25,Mouse,USA,Store_A,10,50,20
2024-06-25,Monitor,USA,Store_B,9,300,200
2024-06-26,Mouse,Spain,Store_C,2,50,20
2024-06-26,Mouse,USA,Store_A,8,50,20
2024-06-26,Monitor,Argentina,Store_C,2,300,200
2024-06-26,Laptop,USA,Store_A,8,1200,800
2024-06-26,Monitor,Spain,Store_B,3,300,200
2024-06-26,Monitor,USA,Store_A,1,300,200
2024-06-26,Laptop,USA,Store_A,10,1200,800
2024-06-26,Laptop,Spain,Store_C,2,1200,800
2024-06-26,Monitor,USA,Store_B,5,300,200
2024-06-27,Headset,USA,Store_B,10,100,60
2024-06-27,Headset,Spain,Store_A,4,100,60
2024-06-27,Headset,Argentina,Store_C,6,100,60
2024-06-27,Monitor,Spain,Store_B,8,300,200
2024-06-28,Keyboard,Spain,Store_A,8,80,40
2024-06-28,Monitor,Spain,Store_A,4,300,200
2024-06-28,Mouse,USA,Store_B,7,50,20
2024-06-28,Monitor,Spain,Store_B,8,300,200
2024-06-28,Laptop,USA,Store_C,4,1200,800
2024-06-29,Laptop,Argentina,Store_B,8,1200,800
2024-06-29,Monitor,Spain,Store_B,8,300,200
2024-06-29,Keyboard,Spain,Store_A,7,80,40
2024-06-29,Laptop,USA,Store_B,2,1200,800
2024-06-29,Keyboard,Spain,Store_C,2,80,40
2024-06-29,Monitor,Argentina,Store_A,6,300,200
2024-06-30,Laptop,Argentina,Store_C,6,1200,800
2024-06-30,Keyboard,USA,Store_A,9,80,40
2024-06-30,Keyboard,Argentina,Store_B,9,80,40
2024-07-01,Keyboard,Argentina,Store_A,4,80,40
2024-07-01,Keyboard,Argentina,Store_C,2,80,40
2024-07-01,Headset,USA,Store_C,2,100,60
2024-07-01,Laptop,Argentina,Store_A,3,1200,800
2024-07-01,Mouse,Spain,Store_B,1,50,20
2024-07-02,Mouse,USA,Store_B,5,50,20
2024-07-02,Mouse,Argentina,Store_B,7,50,20
2024-07-02,Headset,Spain,Store_B,7,100,60
2024-07-02,Keyboard,USA,Store_C,7,80,40
2024-07-02,Monitor,Argentina,Store_B,5,300,200
2024-07-03,Laptop,USA,Store_B,6,1200,800
2024-07-03,Monitor,USA,Store_B,5,300,200
2024-07-03,Mouse,USA,Store_C,5,50,20
2024-07-03,Laptop,Argentina,Store_A,3,1200,800
2024-07-03,Laptop,Spain,Store_A,5,1200,800
2024-07-03,Monitor,Argentina,Store_C,9,300,200
2024-07-03,Laptop,Spain,Store_C,9,1200,800
2024-07-03,Mouse,Argentina,Store_B,8,50,20
2024-07-03,Mouse,Spain,Store_B,6,50,20
2024-07-03,Keyboard,Argentina,Store_B,3,80,40
2024-07-03,Headset,Spain,Store_B,10,100,60
2024-07-03,Laptop,Argentina,Store_B,1,1200,800
2024-07-03,Mouse,Argentina,Store_C,6,50,20
2024-07-03,Monitor,USA,Store_C,3,300,200
2024-07-04,Monitor,Spain,Store_C,10,300,200
2024-07-04,Laptop,Argentina,Store_C,3,1200,800
2024-07-04,Laptop,USA,Store_A,3,1200,800
2024-07-04,Headset,Spain,Store_C,4,100,60
2024-07-04,Headset,USA,Store_B,1,100,60
2024-07-05,Keyboard,Spain,Store_B,3,80,40
2024-07-05,Keyboard,Spain,Store_A,7,80,40
2024-07-05,Laptop,Argentina,Store_A,2,1200,800
2024-07-05,Monitor,Argentina,Store_C,7,300,200
2024-07-05,Keyboard,Spain,Store_B,2,80,40
2024-07-05,Monitor,Spain,Store_C,4,300,200
2024-07-06,Mouse,Argentina,Store_B,10,50,20
2024-07-06,Monitor,Argentina,Store_B,9,300,200
2024-07-06,Headset,USA,Store_B,7,100,60
2024-07-07,Laptop,Argentina,Store_B,1,1200,800
2024-07-07,Keyboard,USA,Store_A,9,80,40
2024-07-07,Mouse,USA,Store_C,5,50,20
2024-07-08,Headset,USA,Store_A,1,100,60
2024-07-08,Keyboard,Spain,Store_C,5,80,40
2024-07-08,Keyboard,Spain,Store_A,4,80,40
2024-07-08,Keyboard,Argentina,Store_A,6,80,40
2024-07-09,Keyboard,Spain,Store_C,2,80,40
2024-07-09,Laptop,USA,Store_B,7,1200,800
2024-07-09,Monitor,Argentina,Store_B,3,300,200
2024-07-09,Mouse,Spain,Store_B,2,50,20
2024-07-09,Keyboard,Spain,Store_C,10,80,40
2024-07-09,Laptop,USA,Store_B,7,1200,800
2024-07-09,Mouse,Argentina,Store_B,5,50,20
2024-07-09,Laptop,USA,Store_B,3,1200,800
2024-07-09,Mouse,Spain,Store_C,1,50,20
2024-07-10,Headset,USA,Store_A,10,100,60
2024-07-10,Monitor,USA,Store_B,4,300,200
2024-07-10,Headset,USA,Store_A,3,100,60
2024-07-10,Laptop,USA,Store_C,5,1200,800
2024-07-10,Mouse,USA,Store_B,9,50,20
2024-07-10,Laptop,USA,Store_B,9,1200,800
2024-07-10,Keyboard,USA,Store_A,8,80,40
2024-07-10,Headset,Spain,Store_C,8,100,60
2024-07-10,Monitor,Spain,Store_A,6,300,200
2024-07-10,Keyboard,Argentina,Store_C,9,80,40
2024-07-10,Mouse,Spain,Store_B,9,50,20
2024-07-10,Mouse,Argentina,Store_B,10,50,20
2024-07-11,Laptop,Argentina,Store_B,8,1200,800
2024-07-11,Headset,USA,Store_B,1,100,60
2024-07-11,Monitor,Spain,Store_A,5,300,200
2024-07-12,Mouse,USA,Store_B,9,50,20
2024-07-12,Mouse,Argentina,Store_C,2,50,20
2024-07-12,Mouse,USA,Store_C,2,50,20
2024-07-12,Laptop,Argentina,Store_C,8,1200,800
2024-07-12,Keyboard,Spain,Store_C,10,80,40
2024-07-12,Mouse,Spain,Store_B,9,50,20
2024-07-12,Monitor,Spain,Store_C,7,300,200
2024-07-12,Keyboard,Argentina,Store_A,9,80,40
2024-07-12,Headset,Argentina,Store_C,4,100,60
2024-07-13,Laptop,Spain,Store_A,2,1200,800
2024-07-13,Mouse,Spain,Store_C,2,50,20
2024-07-13,Keyboard,USA,Store_C,10,80,40
2024-07-13,Monitor,USA,Store_A,7,300,200
2024-07-13,Laptop,USA,Store_C,7,1200,800
2024-07-13,Laptop,Argentina,Store_C,9,1200,800
2024-07-13,Laptop,Argentina,Store_C,1,1200,800
2024-07-14,Mouse,Spain,Store_C,10,50,20
2024-07-14,Headset,Spain,Store_C,8,100,60
2024-07-14,Keyboard,Spain,Store_B,6,80,40
2024-07-15,Monitor,USA,Store_B,9,300,200
2024-07-15,Monitor,Spain,Store_C,10,300,200
2024-07-15,Mouse,Spain,Store_A,7,50,20
2024-07-15,Laptop,Argentina,Store_C,8,1200,800
2024-07-15,Monitor,Spain,Store_A,2,300,200
2024-07-15,Monitor,Spain,Store_C,4,300,200
2024-07-15,Headset,USA,Store_C,7,100,60
2024-07-16,Keyboard,USA,Store_A,3,80,40
2024-07-16,Monitor,USA,Store_B,7,300,200
2024-07-16,Keyboard,Argentina,Store_B,5,80,40
2024-07-16,Mouse,Spain,Store_B,6,50,20
2024-07-16,Keyboard,Spain,Store_A,1,80,40
2024-07-16,Laptop,Spain,Store_C,8,1200,800
2024-07-16,Monitor,USA,Store_C,5,300,200
2024-07-16,Mouse,Argentina,Store_A,9,50,20
2024-07-16,Monitor,Spain,Store_A,5,300,200
2024-07-16,Keyboard,Spain,Store_B,2,80,40
2024-07-16,Mouse,USA,Store_A,4,50,20
2024-07-17,Mouse,Spain,Store_A,3,50,20
2024-07-17,Mouse,Spain,Store_C,9,50,20
2024-07-17,Headset,USA,Store_A,10,100,60
2024-07-17,Laptop,USA,Store_A,5,1200,800
2024-07-17,Keyboard,Argentina,Store_C,2,80,40
2024-07-17,Laptop,Argentina,Store_C,2,1200,800
2024-07-17,Mouse,USA,Store_B,8,50,20
2024-07-18,Monitor,Spain,Store_A,4,300,200
2024-07-18,Mouse,Spain,Store_A,1,50,20
2024-07-18,Laptop,Argentina,Store_C,2,1200,800
2024-07-18,Headset,Spain,Store_B,4,100,60
2024-07-18,Laptop,Argentina,Store_C,7,1200,800
2024-07-18,Laptop,USA,Store_A,8,1200,800
2024-07-19,Laptop,Argentina,Store_A,10,1200,800
2024-07-19,Mouse,Spain,Store_A,9,50,20
2024-07-19,Mouse,Argentina,Store_B,2,50,20
2024-07-19,Headset,Argentina,Store_C,2,100,60
2024-07-19,Mouse,Spain,Store_C,8,50,20
2024-07-19,Laptop,Argentina,Store_C,9,1200,800
2024-07-19,Monitor,Argentina,Store_C,2,300,200
2024-07-19,Monitor,Argentina,Store_B,10,300,200
2024-07-20,Keyboard,Argentina,Store_A,6,80,40
2024-07-20,Mouse,USA,Store_B,2,50,20
2024-07-20,Mouse,Spain,Store_C,7,50,20
2024-07-20,Headset,USA,Store_A,4,100,60
2024-07-20,Keyboard,Argentina,Store_C,10,80,40
2024-07-20,Headset,Argentina,Store_B,2,100,60
2024-07-20,Keyboard,Argentina,Store_A,5,80,40
2024-07-20,Mouse,USA,Store_B,2,50,20
2024-07-20,Mouse,Spain,Store_A,1,50,20
2024-07-21,Headset,Spain,Store_A,3,100,60
2024-07-21,Monitor,Spain,Store_A,5,300,200
2024-07-21,Headset,Argentina,Store_B,9,100,60
2024-07-22,Keyboard,Spain,Store_C,4,80,40
2024-07-22,Headset,Argentina,Store_B,1,100,60
2024-07-22,Laptop,Spain,Store_A,8,1200,800
2024-07-22,Mouse,Argentina,Store_C,3,50,20
2024-07-22,Headset,Argentina,Store_A,2,100,60
2024-07-22,Headset,Spain,Store_B,3,100,60
2024-07-22,Headset,USA,Store_B,1,100,60
2024-07-23,Laptop,Spain,Store_C,8,1200,800
2024-07-23,Headset,Spain,Store_A,8,100,60
2024-07-23,Keyboard,Argentina,Store_A,3,80,40
2024-07-23,Laptop,USA,Store_B,2,1200,800
2024-07-23,Mouse,Argentina,Store_A,6,50,20
2024-07-23,Headset,USA,Store_B,6,100,60
2024-07-23,Monitor,USA,Store_B,2,300,200
2024-07-23,Mouse,Argentina,Store_C,6,50,20
2024-07-24,Keyboard,USA,Store_C,6,80,40
2024-07-24,Mouse,USA,Store_A,2,50,20
2024-07-24,Keyboard,Argentina,Store_A,5,80,40
2024-07-24,Keyboard,Argentina,Store_C,3,80,40
2024-07-24,Headset,Argentina,Store_A,4,100,60
2024-07-24,Headset,Argentina,Store_B,6,100,60
2024-07-24,Keyboard,Spain,Store_B,3,80,40
2024-07-24,Mouse,Argentina,Store_A,3,50,20
2024-07-24,Keyboard,USA,Store_C,6,80,40
2024-07-25,Headset,Spain,Store_A,7,100,60
2024-07-25,Mouse,Spain,Store_C,4,50,20
2024-07-25,Laptop,Spain,Store_C,7,1200,800
2024-07-25,Mouse,USA,Store_C,6,50,20
2024-07-25,Headset,Argentina,Store_B,2,100,60
2024-07-25,Laptop,USA,Store_C,4,1200,800
2024-07-25,Monitor,USA,Store_B,1,300,200
2024-07-26,Monitor,Argentina,Store_C,1,300,200
2024-07-26,Headset,Argentina,Store_B,7,100,60
2024-07-26,Laptop,USA,Store_B,1,1200,800
2024-07-26,Monitor,Spain,Store_B,4,300,200
2024-07-26,Laptop,USA,Store_C,9,1200,800
2024-07-26,Monitor,Spain,Store_B,2,300,200
2024-07-26,Monitor,Argentina,Store_A,10,300,200
2024-07-26,Mouse,USA,Store_B,1,50,20
2024-07-27,Mouse,Argentina,Store_B,6,50,20
2024-07-27,Keyboard,USA,Store_C,3,80,40
2024-07-27,Headset,USA,Store_C,1,100,60
2024-07-27,Keyboard,Argentina,Store_B,7,80,40
2024-07-27,Mouse,USA,Store_A,2,50,20
2024-07-27,Mouse,USA,Store_C,5,50,20
2024-07-27,Keyboard,Argentina,Store_C,5,80,40
2024-07-27,Laptop,USA,Store_C,1,1200,800
2024-07-27,Monitor,Spain,Store_C,5,300,200
2024-07-27,Monitor,Argentina,Store_C,8,300,200
2024-07-27,Monitor,Spain,Store_B,4,300,200
2024-07-27,Headset,USA,Store_A,10,100,60
2024-07-28,Keyboard,Spain,Store_B,8,80,40
2024-07-28,Mouse,Spain,Store_A,10,50,20
2024-07-28,Headset,Argentina,Store_A,7,100,60
2024-07-28,Mouse,Argentina,Store_C,3,50,20
2024-07-28,Laptop,Spain,Store_A,9,1200,800
2024-07-28,Monitor,Spain,Store_C,6,300,200
2024-07-28,Headset,Spain,Store_C,1,100,60
2024-07-28,Keyboard,Argentina,Store_B,5,80,40
2024-07-28,Monitor,Argentina,Store_B,5,300,200
2024-07-29,Mouse,Argentina,Store_B,8,50,20
2024-07-29,Laptop,Spain,Store_A,1,1200,800
2024-07-29,Monitor,Argentina,Store_B,7,300,200
2024-07-30,Mouse,Argentina,Store_A,2,50,20
2024-07-30,Headset,USA,Store_B,9,100,60
2024-07-30,Laptop,Argentina,Store_B,9,1200,800
2024-07-30,Laptop,Argentina,Store_C,1,1200,800
2024-07-30,Mouse,Argentina,Store_C,8,50,20
2024-07-30,Monitor,Argentina,Store_B,8,300,200
2024-07-30,Mouse,Spain,Store_C,3,50,20
2024-07-30,Headset,Spain,Store_A,1,100,60
2024-07-31,Mouse,Spain,Store_A,2,50,20
2024-07-31,Laptop,USA,Store_C,6,1200,800
2024-07-31,Keyboard,Argentina,Store_A,10,80,40
2024-07-31,Mouse,Argentina,Store_A,6,50,20
2024-07-31,Monitor,USA,Store_C,1,300,200
2024-07-31,Headset,USA,Store_B,7,100,60
2024-07-31,Laptop,USA,Store_C,1,1200,800
2024-07-31,Monitor,USA,Store_B,6,300,200
2024-07-31,Mouse,Spain,Store_B,5,50,20
2024-08-01,Monitor,Argentina,Store_A,5,300,200
2024-08-01,Keyboard,Spain,Store_B,10,80,40
2024-08-01,Mouse,USA,Store_B,4,50,20
2024-08-01,Laptop,Spain,Store_B,6,1200,800
2024-08-01,Monitor,USA,Store_A,10,300,200
2024-08-01,Laptop,USA,Store_C,2,1200,800
2024-08-02,Keyboard,Spain,Store_A,2,80,40
2024-08-02,Monitor,Spain,Store_C,7,300,200
2024-08-02,Headset,USA,Store_A,9,100,60
2024-08-02,Monitor,Argentina,Store_C,10,300,200
2024-08-02,Headset,USA,Store_C,4,100,60
2024-08-02,Headset,Spain,Store_B,9,100,60
2024-08-03,Mouse,Argentina,Store_C,2,50,20
2024-08-03,Mouse,Argentina,Store_B,4,50,20
2024-08-03,Keyboard,Spain,Store_A,9,80,40
2024-08-03,Headset,Spain,Store_B,9,100,60
2024-08-03,Keyboard,Spain,Store_B,2,80,40
2024-08-03,Laptop,Spain,Store_C,3,1200,800
2024-08-03,Laptop,Spain,Store_A,4,1200,800
2024-08-03,Monitor,Spain,Store_C,1,300,200
2024-08-04,Laptop,USA,Store_A,4,1200,800
2024-08-04,Monitor,Spain,Store_A,7,300,200
2024-08-04,Mouse,USA,Store_C,5,50,20
2024-08-04,Mouse,Spain,Store_A,8,50,20
2024-08-04,Laptop,USA,Store_C,3,1200,800
2024-08-04,Keyboard,USA,Store_C,5,80,40
2024-08-04,Laptop,Spain,Store_B,5,1200,800
2024-08-04,Headset,USA,Store_B,6,100,60
2024-08-04,Laptop,USA,Store_B,5,1200,800
2024-08-05,Monitor,USA,Store_C,1,300,200
2024-08-05,Keyboard,Argentina,Store_C,8,80,40
2024-08-05,Monitor,USA,Store_C,1,300,200
2024-08-05,Monitor,Argentina,Store_A,6,300,200
2024-08-05,Headset,Argentina,Store_A,5,100,60
2024-08-05,Mouse,USA,Store_A,10,50,20
2024-08-05,Monitor,Argentina,Store_A,8,300,200
2024-08-05,Laptop,Argentina,Store_B,9,1200,800
2024-08-05,Headset,USA,Store_A,4,100,60
2024-08-05,Keyboard,Spain,Store_B,9,80,40
2024-08-06,Mouse,USA,Store_C,2,50,20
2024-08-06,Keyboard,USA,Store_B,3,80,40
2024-08-06,Monitor,Argentina,Store_C,7,300,200
2024-08-06,Monitor,Argentina,Store_B,10,300,200
2024-08-06,Headset,Spain,Store_B,5,100,60
2024-08-06,Mouse,Argentina,Store_A,5,50,20
2024-08-06,Monitor,Argentina,Store_C,3,300,200
2024-08-06,Mouse,USA,Store_B,4,50,20
2024-08-06,Keyboard,Spain,Store_B,9,80,40
2024-08-06,Keyboard,Spain,Store_C,5,80,40
2024-08-06,Keyboard,USA,Store_B,7,80,40
2024-08-07,Laptop,Spain,Store_C,1,1200,800
2024-08-07,Laptop,Argentina,Store_C,10,1200,800
2024-08-07,Keyboard,USA,Store_A,3,80,40
2024-08-07,Laptop,Spain,Store_C,3,1200,800
2024-08-07,Headset,Argentina,Store_A,6,100,60
2024-08-07,Keyboard,Argentina,Store_A,2,80,40
2024-08-08,Laptop,USA,Store_A,8,1200,800
2024-08-08,Laptop,Spain,Store_B,3,1200,800
2024-08-08,Monitor,Argentina,Store_B,10,300,200
2024-08-08,Keyboard,Spain,Store_A,2,80,40
2024-08-08,Mouse,Spain,Store_B,8,50,20
2024-08-08,Laptop,Spain,Store_A,8,1200,800
2024-08-08,Monitor,USA,Store_B,9,300,200
2024-08-08,Keyboard,USA,Store_C,6,80,40
2024-08-08,Laptop,USA,Store_B,9,1200,800
2024-08-08,Mouse,Spain,Store_C,5,50,20
2024-08-08,Monitor,USA,Store_C,6,300,200
2024-08-09,Headset,Argentina,Store_C,10,100,60
2024-08-09,Laptop,Spain,Store_C,6,1200,800
2024-08-10,Laptop,USA,Store_B,10,1200,800
2024-08-10,Mouse,Spain,Store_A,4,50,20
2024-08-10,Monitor,USA,Store_A,10,300,200
2024-08-10,Keyboard,Argentina,Store_A,7,80,40
2024-08-10,Keyboard,Argentina,Store_A,8,80,40
2024-08-10,Monitor,USA,Store_C,2,300,200
2024-08-11,Laptop,USA,Store_B,7,1200,800
2024-08-11,Mouse,USA,Store_A,8,50,20
2024-08-11,Mouse,USA,Store_A,1,50,20
2024-08-11,Monitor,Argentina,Store_C,8,300,200
2024-08-11,Keyboard,Spain,Store_A,6,80,40
2024-08-11,Mouse,Spain,Store_B,10,50,20
2024-08-11,Headset,Spain,Store_C,6,100,60
2024-08-12,Monitor,USA,Store_C,7,300,200
2024-08-12,Keyboard,USA,Store_B,10,80,40
2024-08-12,Keyboard,Argentina,Store_A,8,80,40
2024-08-12,Keyboard,Argentina,Store_C,3,80,40
2024-08-12,Headset,Argentina,Store_B,1,100,60
2024-08-12,Headset,Argentina,Store_C,10,100,60
2024-08-12,Mouse,USA,Store_B,10,50,20
2024-08-12,Mouse,Argentina,Store_B,7,50,20
2024-08-12,Laptop,Argentina,Store_A,1,1200,800
2024-08-12,Mouse,Spain,Store_B,3,50,20
2024-08-13,Headset,USA,Store_A,9,100,60
2024-08-13,Monitor,USA,Store_B,3,300,200
2024-08-13,Monitor,USA,Store_A,3,300,200
2024-08-13,Laptop,Spain,Store_A,6,1200,800
2024-08-13,Monitor,USA,Store_B,10,300,200
2024-08-13,Keyboard,Argentina,Store_B,8,80,40
2024-08-13,Headset,USA,Store_A,6,100,60
2024-08-14,Keyboard,Spain,Store_C,9,80,40
2024-08-14,Headset,Spain,Store_B,9,100,60
2024-08-14,Mouse,Spain,Store_C,8,50,20
2024-08-14,Laptop,USA,Store_A,3,1200,800
2024-08-15,Keyboard,USA,Store_A,7,80,40
2024-08-15,Laptop,USA,Store_C,10,1200,800
2024-08-15,Mouse,Spain,Store_A,7,50,20
2024-08-15,Keyboard,USA,Store_A,1,80,40
2024-08-15,Laptop,Spain,Store_C,8,1200,800
2024-08-16,Mouse,Argentina,Store_A,5,50,20
2024-08-16,Headset,Argentina,Store_C,8,100,60
2024-08-17,Monitor,Argentina,Store_B,6,300,200
2024-08-17,Headset,Spain,Store_C,5,100,60
2024-08-17,Monitor,USA,Store_A,2,300,200
2024-08-18,Laptop,USA,Store_C,2,1200,800
2024-08-18,Monitor,Argentina,Store_B,4,300,200
2024-08-18,Keyboard,Argentina,Store_B,8,80,40
2024-08-18,Mouse,USA,Store_B,2,50,20
2024-08-18,Laptop,Argentina,Store_C,7,1200,800
2024-08-18,Mouse,Spain,Store_A,1,50,20
2024-08-19,Laptop,Argentina,Store_C,10,1200,800
2024-08-19,Laptop,Argentina,Store_C,1,1200,800
2024-08-19,Laptop,USA,Store_B,3,1200,800
2024-08-20,Monitor,USA,Store_C,6,300,200
2024-08-20,Headset,USA,Store_C,1,100,60
2024-08-20,Headset,Spain,Store_A,2,100,60
2024-08-20,Laptop,USA,Store_C,7,1200,800
2024-08-21,Monitor,Argentina,Store_A,10,300,200
2024-08-21,Monitor,Argentina,Store_A,8,300,200
2024-08-21,Headset,Spain,Store_A,7,100,60
2024-08-21,Laptop,USA,Store_A,8,1200,800
2024-08-21,Monitor,Argentina,Store_B,2,300,200
2024-08-21,Keyboard,USA,Store_C,2,80,40
2024-08-21,Laptop,USA,Store_C,6,1200,800
2024-08-22,Laptop,USA,Store_A,3,1200,800
2024-08-22,Headset,USA,Store_C,4,100,60
2024-08-22,Monitor,USA,Store_B,8,300,200
2024-08-22,Keyboard,USA,Store_C,5,80,40
2024-08-22,Monitor,USA,Store_C,10,300,200
2024-08-22,Headset,Spain,Store_A,8,100,60
2024-08-22,Monitor,Argentina,Store_A,7,300,200
2024-08-22,Mouse,USA,Store_B,10,50,20
2024-08-23,Keyboard,USA,Store_A,4,80,40
2024-08-23,Laptop,Spain,Store_B,1,1200,800
2024-08-23,Keyboard,Argentina,Store_B,5,80,40
2024-08-23,Keyboard,Argentina,Store_C,2,80,40
2024-08-23,Keyboard,Argentina,Store_B,8,80,40
2024-08-23,Monitor,Argentina,Store_C,4,300,200
2024-08-23,Laptop,Argentina,Store_C,5,1200,800
2024-08-23,Laptop,Argentina,Store_C,1,1200,800
2024-08-24,Laptop,Argentina,Store_C,4,1200,800
2024-08-24,Keyboard,Argentina,Store_B,10,80,40
2024-08-24,Laptop,Argentina,Store_B,10,1200,800
2024-08-24,Mouse,Spain,Store_A,10,50,20
2024-08-24,Keyboard,Argentina,Store_C,1,80,40
2024-08-24,Monitor,USA,Store_C,6,300,200
2024-08-25,Keyboard,Spain,Store_A,2,80,40
2024-08-25,Headset,Argentina,Store_A,8,100,60
2024-08-25,Headset,Spain,Store_A,9,100,60
2024-08-25,Keyboard,USA,Store_B,3,80,40
2024-08-25,Monitor,USA,Store_B,8,300,200
2024-08-25,Keyboard,Argentina,Store_C,10,80,40
2024-08-26,Headset,Spain,Store_A,4,100,60
2024-08-26,Headset,Argentina,Store_A,1,100,60
2024-08-26,Laptop,Argentina,Store_B,8,1200,800
2024-08-26,Keyboard,USA,Store_A,5,80,40
2024-08-26,Headset,Argentina,Store_A,9,100,60
2024-08-26,Headset,USA,Store_C,6,100,60
2024-08-27,Keyboard,Argentina,Store_B,4,80,40
2024-08-27,Laptop,Spain,Store_B,8,1200,800
2024-08-27,Monitor,Spain,Store_B,5,300,200
2024-08-27,Laptop,USA,Store_B,5,1200,800
2024-08-27,Keyboard,Argentina,Store_B,9,80,40
2024-08-27,Laptop,Argentina,Store_C,4,1200,800
2024-08-27,Keyboard,USA,Store_A,9,80,40
2024-08-27,Headset,Argentina,Store_A,4,100,60
2024-08-28,Laptop,Spain,Store_A,4,1200,800
2024-08-28,Headset,Spain,Store_B,8,100,60
2024-08-28,Keyboard,Spain,Store_B,9,80,40
2024-08-28,Monitor,USA,Store_B,6,300,200
2024-08-28,Mouse,USA,Store_A,8,50,20
2024-08-28,Keyboard,Argentina,Store_B,3,80,40
2024-08-28,Laptop,USA,Store_B,1,1200,800
2024-08-29,Mouse,Argentina,Store_B,2,50,20
2024-08-29,Headset,Spain,Store_B,6,100,60
2024-08-29,Headset,USA,Store_B,10,100,60
2024-08-29,Keyboard,USA,Store_C,3,80,40
2024-08-29,Keyboard,USA,Store_B,4,80,40
2024-08-29,Headset,Spain,Store_A,9,100,60
2024-08-29,Mouse,Spain,Store_C,5,50,20
2024-08-30,Keyboard,USA,Store_A,5,80,40
2024-08-30,Monitor,Argentina,Store_C,7,300,200
2024-08-30,Headset,Argentina,Store_A,4,100,60
2024-08-30,Laptop,Argentina,Store_C,9,1200,800
2024-08-30,Mouse,Spain,Store_A,1,50,20
2024-08-30,Mouse,USA,Store_B,7,50,20
2024-08-30,Monitor,Spain,Store_A,1,300,200
2024-08-30,Headset,Argentina,Store_C,3,100,60
2024-08-31,Monitor,Spain,Store_C,8,300,200
2024-08-31,Keyboard,USA,Store_A,5,80,40
2024-08-31,Headset,Argentina,Store_B,6,100,60
2024-08-31,Mouse,Spain,Store_B,3,50,20
2024-08-31,Headset,Spain,Store_C,3,100,60
2024-08-31,Monitor,Argentina,Store_C,4,300,200
2024-08-31,Monitor,USA,Store_C,9,300,200
2024-09-01,Keyboard,Spain,Store_A,8,80,40
2024-09-01,Monitor,USA,Store_A,5,300,200
2024-09-01,Laptop,USA,Store_B,8,1200,800
2024-09-01,Keyboard,Argentina,Store_C,5,80,40
2024-09-01,Monitor,USA,Store_C,10,300,200
2024-09-01,Mouse,Argentina,Store_B,9,50,20
2024-09-02,Keyboard,USA,Store_C,9,80,40
2024-09-02,Monitor,Argentina,Store_C,10,300,200
2024-09-02,Mouse,USA,Store_B,2,50,20
2024-09-02,Laptop,Spain,Store_A,1,1200,800
2024-09-02,Keyboard,Spain,Store_A,3,80,40
2024-09-03,Headset,Spain,Store_A,5,100,60
2024-09-03,Laptop,USA,Store_A,2,1200,800
2024-09-03,Keyboard,Spain,Store_A,3,80,40
2024-09-03,Headset,Argentina,Store_A,6,100,60
2024-09-03,Mouse,Spain,Store_B,6,50,20
2024-09-03,Headset,USA,Store_C,3,100,60
2024-09-03,Laptop,USA,Store_C,10,1200,800
2024-09-03,Monitor,Argentina,Store_C,1,300,200
2024-09-03,Headset,USA,Store_B,6,100,60
2024-09-03,Laptop,Spain,Store_B,7,1200,800
2024-09-03,Mouse,USA,Store_B,3,50,20
2024-09-04,Headset,Argentina,Store_A,1,100,60
2024-09-04,Mouse,Argentina,Store_B,7,50,20
2024-09-04,Keyboard,Spain,Store_B,4,80,40
2024-09-04,Headset,Spain,Store_C,9,100,60
2024-09-04,Mouse,Spain,Store_A,1,50,20
2024-09-05,Laptop,Spain,Store_A,1,1200,800
2024-09-05,Headset,Argentina,Store_C,9,100,60
2024-09-05,Laptop,Argentina,Store_A,7,1200,800
2024-09-05,Keyboard,USA,Store_B,10,80,40
2024-09-05,Laptop,Argentina,Store_C,5,1200,800
2024-09-06,Keyboard,Argentina,Store_A,5,80,40
2024-09-06,Monitor,USA,Store_A,1,300,200
2024-09-06,Laptop,Spain,Store_A,10,1200,800
2024-09-06,Laptop,Spain,Store_C,2,1200,800
2024-09-06,Laptop,USA,Store_C,2,1200,800
2024-09-07,Laptop,USA,Store_B,6,1200,800
2024-09-07,Headset,Argentina,Store_B,8,100,60
2024-09-08,Laptop,Spain,Store_C,2,1200,800
2024-09-08,Monitor,USA,Store_A,2,300,200
2024-09-08,Mouse,USA,Store_C,9,50,20
2024-09-08,Monitor,Spain,Store_A,6,300,200
2024-09-08,Headset,Spain,Store_B,6,100,60
2024-09-08,Laptop,Spain,Store_A,1,1200,800
2024-09-08,Keyboard,Spain,Store_A,10,80,40
2024-09-09,Mouse,Argentina,Store_B,2,50,20
2024-09-09,Keyboard,Spain,Store_B,4,80,40
2024-09-09,Laptop,Argentina,Store_C,4,1200,800
2024-09-09,Mouse,USA,Store_A,1,50,20
2024-09-09,Monitor,Spain,Store_C,1,300,200
2024-09-09,Monitor,USA,Store_C,4,300,200
2024-09-09,Mouse,Argentina,Store_A,10,50,20
2024-09-09,Laptop,Spain,Store_A,4,1200,800
2024-09-09,Monitor,USA,Store_A,10,300,200
2024-09-09,Headset,USA,Store_C,3,100,60
2024-09-10,Keyboard,Argentina,Store_B,3,80,40
2024-09-10,Headset,USA,Store_C,6,100,60
2024-09-10,Headset,Spain,Store_A,5,100,60
2024-09-10,Laptop,USA,Store_C,5,1200,800
2024-09-10,Monitor,Argentina,Store_B,10,300,200
2024-09-11,Mouse,Spain,Store_B,5,50,20
2024-09-11,Mouse,Spain,Store_C,4,50,20
2024-09-11,Keyboard,Argentina,Store_B,7,80,40
2024-09-11,Keyboard,Spain,Store_C,1,80,40
2024-09-11,Headset,Spain,Store_C,7,100,60
2024-09-12,Laptop,Spain,Store_A,6,1200,800
2024-09-12,Keyboard,Argentina,Store_A,4,80,40
2024-09-12,Headset,USA,Store_B,8,100,60
2024-09-12,Headset,USA,Store_B,2,100,60
2024-09-12,Headset,Argentina,Store_A,2,100,60
2024-09-12,Keyboard,USA,Store_A,1,80,40
2024-09-12,Keyboard,Spain,Store_C,10,80,40
2024-09-13,Laptop,Argentina,Store_C,3,1200,800
2024-09-13,Laptop,Argentina,Store_C,9,1200,800
2024-09-13,Keyboard,Argentina,Store_C,6,80,40
2024-09-13,Laptop,Spain,Store_A,4,1200,800
2024-09-14,Headset,USA,Store_B,5,100,60
2024-09-14,Monitor,Argentina,Store_A,2,300,200
2024-09-14,Keyboard,Spain,Store_C,3,80,40
2024-09-14,Laptop,Spain,Store_B,1,1200,800
2024-09-15,Keyboard,Argentina,Store_C,10,80,40
2024-09-15,Keyboard,Spain,Store_B,7,80,40
2024-09-15,Headset,Spain,Store_A,6,100,60
2024-09-15,Headset,Argentina,Store_B,2,100,60
2024-09-15,Monitor,Argentina,Store_B,7,300,200
2024-09-16,Headset,USA,Store_A,4,100,60
2024-09-16,Monitor,Spain,Store_A,7,300,200
2024-09-16,Mouse,USA,Store_A,5,50,20
2024-09-16,Laptop,Spain,Store_C,3,1200,800
2024-09-16,Headset,Spain,Store_B,5,100,60
2024-09-16,Laptop,USA,Store_B,5,1200,800
2024-09-16,Mouse,Spain,Store_B,4,50,20
2024-09-16,Headset,USA,Store_C,5,100,60
2024-09-16,Keyboard,USA,Store_B,4,80,40
2024-09-16,Keyboard,USA,Store_C,4,80,40
2024-09-17,Headset,Spain,Store_C,10,100,60
2024-09-17,Keyboard,USA,Store_A,10,80,40
2024-09-17,Laptop,Spain,Store_A,1,1200,800
2024-09-17,Mouse,USA,Store_A,4,50,20
2024-09-17,Monitor,Spain,Store_A,10,300,200
2024-09-17,Monitor,USA,Store_B,4,300,200
2024-09-17,Laptop,Spain,Store_B,4,1200,800
2024-09-17,Mouse,Spain,Store_A,1,50,20
2024-09-18,Keyboard,Argentina,Store_A,4,80,40
2024-09-18,Headset,Argentina,Store_A,9,100,60
2024-09-18,Monitor,Argentina,Store_B,2,300,200
2024-09-18,Keyboard,Argentina,Store_C,5,80,40
2024-09-18,Keyboard,USA,Store_B,5,80,40
2024-09-19,Monitor,Spain,Store_A,1,300,200
2024-09-19,Mouse,Argentina,Store_A,1,50,20
2024-09-19,Laptop,Spain,Store_C,3,1200,800
2024-09-19,Monitor,Argentina,Store_B,7,300,200
2024-09-19,Laptop,Spain,Store_C,7,1200,800
2024-09-19,Mouse,USA,Store_B,5,50,20
2024-09-19,Mouse,Argentina,Store_C,8,50,20
2024-09-19,Laptop,Argentina,Store_B,2,1200,800
2024-09-20,Keyboard,USA,Store_A,10,80,40
2024-09-20,Headset,USA,Store_C,3,100,60
2024-09-20,Mouse,Spain,Store_B,6,50,20
2024-09-21,Monitor,USA,Store_C,2,300,200
2024-09-21,Laptop,USA,Store_A,3,1200,800
2024-09-21,Headset,Spain,Store_B,2,100,60
2024-09-21,Laptop,USA,Store_A,2,1200,800
2024-09-22,Keyboard,USA,Store_A,7,80,40
2024-09-22,Headset,Spain,Store_A,10,100,60
2024-09-22,Keyboard,Spain,Store_B,3,80,40
2024-09-23,Keyboard,Argentina,Store_A,3,80,40
2024-09-23,Keyboard,Spain,Store_A,9,80,40
2024-09-23,Mouse,USA,Store_B,9,50,20
2024-09-23,Laptop,Spain,Store_A,9,1200,800
2024-09-24,Monitor,USA,Store_C,5,300,200
2024-09-24,Headset,Argentina,Store_C,10,100,60
2024-09-24,Headset,USA,Store_B,3,100,60
2024-09-24,Mouse,Spain,Store_A,3,50,20
2024-09-24,Keyboard,Argentina,Store_B,1,80,40
2024-09-24,Mouse,Argentina,Store_A,5,50,20
2024-09-25,Mouse,Argentina,Store_A,2,50,20
2024-09-25,Laptop,Spain,Store_C,10,1200,800
2024-09-25,Headset,Spain,Store_B,3,100,60
2024-09-26,Headset,Spain,Store_A,10,100,60
2024-09-26,Laptop,Spain,Store_B,1,1200,800
2024-09-26,Headset,Argentina,Store_B,6,100,60
2024-09-26,Keyboard,USA,Store_A,6,80,40
2024-09-26,Laptop,USA,Store_C,8,1200,800
2024-09-26,Headset,Spain,Store_C,1,100,60
2024-09-26,Headset,USA,Store_A,9,100,60
2024-09-26,Keyboard,USA,Store_B,6,80,40
2024-09-26,Keyboard,Argentina,Store_C,10,80,40
2024-09-26,Keyboard,USA,Store_B,7,80,40
2024-09-26,Mouse,Argentina,Store_B,9,50,20
2024-09-27,Headset,Argentina,Store_C,3,100,60
2024-09-27,Mouse,USA,Store_A,2,50,20
2024-09-27,Keyboard,Spain,Store_B,1,80,40
2024-09-27,Keyboard,Spain,Store_A,8,80,40
2024-09-27,Monitor,USA,Store_A,5,300,200
2024-09-27,Laptop,Argentina,Store_B,6,1200,800
2024-09-27,Keyboard,USA,Store_C,2,80,40
2024-09-27,Headset,USA,Store_B,8,100,60
2024-09-28,Laptop,USA,Store_C,2,1200,800
2024-09-28,Keyboard,USA,Store_B,8,80,40
2024-09-28,Keyboard,USA,Store_C,2,80,40
2024-09-28,Keyboard,Spain,Store_B,1,80,40
2024-09-28,Monitor,Argentina,Store_A,1,300,200
2024-09-28,Keyboard,USA,Store_B,5,80,40
2024-09-28,Mouse,Argentina,Store_B,10,50,20
2024-09-28,Monitor,USA,Store_A,4,300,200
2024-09-28,Monitor,Spain,Store_B,9,300,200
2024-09-28,Mouse,USA,Store_C,4,50,20
2024-09-28,Keyboard,Spain,Store_C,5,80,40
2024-09-29,Monitor,USA,Store_A,3,300,200
2024-09-29,Keyboard,USA,Store_B,1,80,40
2024-09-29,Monitor,USA,Store_A,5,300,200
2024-09-29,Keyboard,Argentina,Store_B,5,80,40
2024-09-29,Monitor,Argentina,Store_B,5,300,200
2024-09-29,Mouse,Argentina,Store_B,5,50,20
2024-09-29,Laptop,Argentina,Store_C,1,1200,800
2024-09-29,Mouse,Argentina,Store_B,7,50,20
2024-09-30,Laptop,Argentina,Store_B,1,1200,800
2024-09-30,Mouse,USA,Store_C,2,50,20
2024-09-30,Headset,Spain,Store_B,1,100,60
2024-09-30,Keyboard,Spain,Store_A,10,80,40
2024-09-30,Laptop,Spain,Store_B,5,1200,800
2024-09-30,Keyboard,Argentina,Store_A,2,80,40
2024-09-30,Mouse,Argentina,Store_C,8,50,20
2024-10-01,Keyboard,USA,Store_B,10,80,40
2024-10-01,Keyboard,Argentina,Store_C,5,80,40
2024-10-01,Keyboard,USA,Store_A,1,80,40
2024-10-01,Keyboard,USA,Store_C,5,80,40
2024-10-01,Headset,Spain,Store_B,10,100,60
2024-10-01,Laptop,Argentina,Store_B,2,1200,800
2024-10-01,Monitor,USA,Store_B,7,300,200
2024-10-02,Keyboard,Spain,Store_A,4,80,40
2024-10-02,Laptop,Argentina,Store_C,9,1200,800
2024-10-02,Monitor,Argentina,Store_C,6,300,200
2024-10-02,Monitor,Argentina,Store_A,2,300,200
2024-10-02,Monitor,Argentina,Store_A,5,300,200
2024-10-02,Keyboard,USA,Store_A,8,80,40
2024-10-02,Mouse,Spain,Store_A,6,50,20
2024-10-02,Mouse,USA,Store_C,6,50,20
2024-10-02,Keyboard,Argentina,Store_B,7,80,40
2024-10-02,Laptop,Argentina,Store_C,7,1200,800
2024-10-02,Headset,USA,Store_B,2,100,60
2024-10-02,Keyboard,Spain,Store_C,8,80,40
2024-10-02,Mouse,Argentina,Store_C,1,50,20
2024-10-02,Keyboard,Argentina,Store_C,9,80,40
2024-10-03,Keyboard,Spain,Store_C,9,80,40
2024-10-03,Laptop,Spain,Store_B,4,1200,800
2024-10-03,Laptop,Argentina,Store_A,1,1200,800
2024-10-03,Keyboard,Spain,Store_B,7,80,40
2024-10-03,Monitor,Argentina,Store_B,8,300,200
2024-10-03,Laptop,Spain,Store_C,3,1200,800
2024-10-03,Laptop,Argentina,Store_B,2,1200,800
2024-10-04,Headset,Spain,Store_B,2,100,60
2024-10-04,Headset,Argentina,Store_A,8,100,60
2024-10-04,Monitor,Spain,Store_A,7,300,200
2024-10-04,Headset,USA,Store_C,10,100,60
2024-10-04,Laptop,Spain,Store_C,7,1200,800
2024-10-04,Monitor,Argentina,Store_C,9,300,200
2024-10-04,Monitor,Spain,Store_A,1,300,200
2024-10-04,Monitor,Argentina,Store_C,7,300,200
2024-10-04,Monitor,Spain,Store_A,5,300,200
2024-10-04,Keyboard,USA,Store_A,2,80,40
2024-10-05,Headset,Argentina,Store_B,7,100,60
2024-10-05,Mouse,USA,Store_A,9,50,20
2024-10-06,Mouse,Spain,Store_C,3,50,20
2024-10-06,Headset,Argentina,Store_A,6,100,60
2024-10-06,Mouse,Spain,Store_A,7,50,20
2024-10-06,Mouse,USA,Store_C,10,50,20
2024-10-06,Headset,USA,Store_A,3,100,60
2024-10-06,Monitor,USA,Store_A,1,300,200
2024-10-06,Keyboard,Spain,Store_C,4,80,40
2024-10-06,Mouse,USA,Store_B,1,50,20
2024-10-07,Mouse,Spain,Store_A,1,50,20
2024-10-07,Headset,Spain,Store_C,5,100,60
2024-10-07,Mouse,Argentina,Store_C,9,50,20
2024-10-08,Laptop,Argentina,Store_A,4,1200,800
2024-10-08,Headset,Spain,Store_B,9,100,60
2024-10-08,Laptop,USA,Store_A,8,1200,800
2024-10-08,Headset,Argentina,Store_C,1,100,60
2024-10-08,Laptop,Argentina,Store_A,7,1200,800
2024-10-08,Monitor,Argentina,Store_C,1,300,200
2024-10-08,Keyboard,USA,Store_C,3,80,40
2024-10-08,Mouse,USA,Store_B,1,50,20
2024-10-08,Laptop,USA,Store_A,3,1200,800
2024-10-09,Monitor,USA,Store_B,9,300,200
2024-10-09,Mouse,Argentina,Store_A,8,50,20
2024-10-09,Keyboard,Spain,Store_C,6,80,40
2024-10-09,Keyboard,USA,Store_C,2,80,40
2024-10-09,Laptop,Argentina,Store_A,5,1200,800
2024-10-09,Headset,Spain,Store_A,4,100,60
2024-10-09,Laptop,Argentina,Store_A,2,1200,800
2024-10-09,Laptop,USA,Store_B,5,1200,800
2024-10-10,Keyboard,USA,Store_C,8,80,40
2024-10-10,Mouse,USA,Store_A,5,50,20
2024-10-10,Laptop,Argentina,Store_A,10,1200,800
2024-10-10,Mouse,USA,Store_C,10,50,20
2024-10-10,Monitor,USA,Store_C,2,300,200
2024-10-10,Headset,Spain,Store_A,3,100,60
2024-10-10,Headset,Argentina,Store_A,4,100,60
2024-10-10,Keyboard,Argentina,Store_B,8,80,40
2024-10-11,Keyboard,Spain,Store_B,7,80,40
2024-10-11,Monitor,Argentina,Store_A,3,300,200
2024-10-11,Monitor,Argentina,Store_C,10,300,200
2024-10-11,Headset,USA,Store_C,1,100,60
2024-10-11,Headset,Spain,Store_C,2,100,60
2024-10-11,Headset,USA,Store_C,8,100,60
2024-10-11,Headset,USA,Store_B,7,100,60
2024-10-11,Mouse,USA,Store_C,1,50,20
2024-10-12,Keyboard,Spain,Store_B,4,80,40
2024-10-12,Mouse,USA,Store_C,5,50,20
2024-10-12,Headset,Argentina,Store_A,1,100,60
2024-10-12,Mouse,Spain,Store_C,8,50,20
2024-10-13,Keyboard,Argentina,Store_A,7,80,40
2024-10-14,Keyboard,USA,Store_B,8,80,40
2024-10-14,Headset,USA,Store_C,7,100,60
2024-10-14,Keyboard,Spain,Store_B,6,80,40
2024-10-14,Headset,Spain,Store_C,7,100,60
2024-10-14,Monitor,USA,Store_A,3,300,200
2024-10-14,Laptop,USA,Store_C,2,1200,800
2024-10-14,Keyboard,Spain,Store_A,6,80,40
2024-10-14,Monitor,USA,Store_C,1,300,200
2024-10-14,Monitor,Argentina,Store_C,8,300,200
2024-10-14,Headset,USA,Store_C,9,100,60
2024-10-15,Keyboard,Spain,Store_B,6,80,40
2024-10-15,Keyboard,USA,Store_B,6,80,40
2024-10-15,Monitor,Argentina,Store_C,9,300,200
2024-10-15,Laptop,USA,Store_C,5,1200,800
2024-10-15,Laptop,Spain,Store_B,2,1200,800
2024-10-15,Monitor,Argentina,Store_B,10,300,200
2024-10-16,Keyboard,Spain,Store_B,6,80,40
2024-10-16,Mouse,Argentina,Store_B,3,50,20
2024-10-16,Keyboard,Argentina,Store_A,6,80,40
2024-10-16,Monitor,USA,Store_A,2,300,200
2024-10-16,Laptop,Argentina,Store_A,10,1200,800
2024-10-16,Headset,USA,Store_A,2,100,60
2024-10-16,Mouse,Spain,Store_C,5,50,20
2024-10-16,Keyboard,USA,Store_B,1,80,40
2024-10-16,Headset,USA,Store_A,3,100,60
2024-10-16,Keyboard,Argentina,Store_A,4,80,40
2024-10-16,Keyboard,Argentina,Store_C,5,80,40
2024-10-16,Mouse,Spain,Store_B,6,50,20
2024-10-17,Headset,Argentina,Store_C,6,100,60
2024-10-17,Keyboard,Argentina,Store_C,5,80,40
2024-10-17,Laptop,Argentina,Store_C,2,1200,800
2024-10-17,Monitor,Argentina,Store_B,1,300,200
2024-10-17,Headset,Argentina,Store_B,9,100,60
2024-10-17,Mouse,Argentina,Store_B,1,50,20
2024-10-18,Monitor,Spain,Store_B,2,300,200
2024-10-18,Headset,Spain,Store_B,1,100,60
2024-10-18,Monitor,USA,Store_A,9,300,200
2024-10-18,Mouse,USA,Store_C,4,50,20
2024-10-18,Headset,USA,Store_B,7,100,60
2024-10-18,Laptop,USA,Store_A,8,1200,800
2024-10-19,Headset,Argentina,Store_C,2,100,60
2024-10-19,Keyboard,Spain,Store_A,3,80,40
2024-10-19,Mouse,USA,Store_A,2,50,20
2024-10-19,Mouse,Argentina,Store_B,2,50,20
2024-10-19,Laptop,Argentina,Store_A,2,1200,800
2024-10-20,Laptop,Argentina,Store_A,1,1200,800
2024-10-20,Keyboard,USA,Store_C,3,80,40
2024-10-20,Laptop,USA,Store_B,9,1200,800
2024-10-20,Mouse,Argentina,Store_B,7,50,20
2024-10-20,Headset,Spain,Store_B,7,100,60
2024-10-20,Mouse,USA,Store_A,4,50,20
2024-10-20,Keyboard,Argentina,Store_C,3,80,40
2024-10-21,Keyboard,Spain,Store_B,4,80,40
2024-10-21,Mouse,USA,Store_C,5,50,20
2024-10-21,Mouse,Argentina,Store_A,3,50,20
2024-10-21,Headset,USA,Store_C,10,100,60
2024-10-21,Mouse,USA,Store_B,6,50,20
2024-10-21,Keyboard,USA,Store_B,6,80,40
2024-10-21,Keyboard,Argentina,Store_C,3,80,40
2024-10-22,Headset,Argentina,Store_B,1,100,60
2024-10-22,Laptop,Argentina,Store_A,8,1200,800
2024-10-22,Mouse,USA,Store_A,2,50,20
2024-10-22,Monitor,Spain,Store_C,5,300,200
2024-10-22,Headset,Spain,Store_C,8,100,60
2024-10-22,Mouse,Spain,Store_C,5,50,20
2024-10-22,Headset,USA,Store_B,6,100,60
2024-10-22,Mouse,USA,Store_B,5,50,20
2024-10-23,Keyboard,Spain,Store_B,3,80,40
2024-10-23,Keyboard,Spain,Store_A,5,80,40
2024-10-23,Mouse,USA,Store_C,9,50,20
2024-10-23,Mouse,Spain,Store_C,6,50,20
2024-10-24,Mouse,Argentina,Store_B,10,50,20
2024-10-24,Laptop,USA,Store_A,5,1200,800
2024-10-24,Laptop,USA,Store_A,9,1200,800
2024-10-25,Monitor,USA,Store_A,1,300,200
2024-10-25,Mouse,USA,Store_B,10,50,20
2024-10-25,Keyboard,Argentina,Store_C,1,80,40
2024-10-25,Headset,Spain,Store_A,5,100,60
2024-10-25,Keyboard,Argentina,Store_B,5,80,40
2024-10-25,Monitor,USA,Store_B,3,300,200
2024-10-25,Keyboard,Spain,Store_B,9,80,40
2024-10-25,Keyboard,Spain,Store_A,6,80,40
2024-10-26,Headset,Spain,Store_A,10,100,60
2024-10-26,Headset,Argentina,Store_C,10,100,60
2024-10-26,Headset,USA,Store_C,7,100,60
2024-10-26,Monitor,Spain,Store_B,1,300,200
2024-10-26,Monitor,USA,Store_B,9,300,200
2024-10-26,Monitor,USA,Store_C,7,300,200
2024-10-26,Laptop,Argentina,Store_C,1,1200,800
2024-10-27,Headset,Spain,Store_B,10,100,60
2024-10-27,Monitor,Spain,Store_B,3,300,200
2024-10-27,Mouse,Spain,Store_C,10,50,20
2024-10-27,Mouse,Spain,Store_C,9,50,20
2024-10-27,Monitor,Spain,Store_A,9,300,200
2024-10-28,Headset,Spain,Store_A,10,100,60
2024-10-28,Keyboard,USA,Store_B,1,80,40
2024-10-28,Mouse,USA,Store_B,6,50,20
2024-10-28,Keyboard,Argentina,Store_C,7,80,40
2024-10-28,Mouse,Argentina,Store_C,6,50,20
2024-10-28,Mouse,Argentina,Store_B,10,50,20
2024-10-28,Mouse,Argentina,Store_C,3,50,20
2024-10-29,Headset,Argentina,Store_B,8,100,60
2024-10-29,Headset,Spain,Store_B,10,100,60
2024-10-29,Mouse,Argentina,Store_C,2,50,20
2024-10-29,Laptop,Argentina,Store_C,6,1200,800
2024-10-29,Keyboard,USA,Store_C,8,80,40
2024-10-30,Laptop,Argentina,Store_C,1,1200,800
2024-10-30,Mouse,USA,Store_A,7,50,20
2024-10-30,Keyboard,Spain,Store_C,2,80,40
2024-10-30,Headset,USA,Store_B,8,100,60
2024-10-30,Monitor,USA,Store_C,3,300,200
2024-10-30,Monitor,Argentina,Store_A,8,300,200
2024-10-30,Keyboard,Spain,Store_A,6,80,40
2024-10-30,Headset,USA,Store_B,5,100,60
2024-10-30,Mouse,Spain,Store_C,1,50,20
2024-10-31,Monitor,Spain,Store_B,8,300,200
2024-10-31,Mouse,USA,Store_B,6,50,20
2024-10-31,Headset,Spain,Store_B,6,100,60
2024-10-31,Headset,USA,Store_B,9,100,60
2024-11-01,Mouse,Spain,Store_B,6,50,20
2024-11-01,Monitor,Spain,Store_C,10,300,200
2024-11-01,Keyboard,USA,Store_A,10,80,40
2024-11-01,Monitor,USA,Store_C,9,300,200
2024-11-01,Monitor,Spain,Store_B,2,300,200
2024-11-01,Keyboard,USA,Store_A,8,80,40
2024-11-02,Headset,USA,Store_C,5,100,60
2024-11-02,Headset,Spain,Store_A,4,100,60
2024-11-02,Headset,Spain,Store_C,9,100,60
2024-11-02,Mouse,Argentina,Store_A,1,50,20
2024-11-02,Laptop,Argentina,Store_B,3,1200,800
2024-11-02,Laptop,Spain,Store_A,6,1200,800
2024-11-02,Headset,Argentina,Store_A,6,100,60
2024-11-02,Mouse,Spain,Store_C,6,50,20
2024-11-02,Mouse,USA,Store_B,9,50,20
2024-11-02,Headset,Spain,Store_A,8,100,60
2024-11-02,Laptop,Spain,Store_B,6,1200,800
2024-11-03,Keyboard,Spain,Store_C,3,80,40
2024-11-03,Headset,Argentina,Store_B,8,100,60
2024-11-03,Keyboard,Spain,Store_A,4,80,40
2024-11-04,Mouse,USA,Store_C,9,50,20
2024-11-04,Monitor,Spain,Store_A,10,300,200
2024-11-04,Laptop,Spain,Store_B,3,1200,800
2024-11-04,Keyboard,Spain,Store_C,4,80,40
2024-11-04,Keyboard,Spain,Store_A,5,80,40
2024-11-04,Keyboard,USA,Store_C,6,80,40
2024-11-05,Laptop,Argentina,Store_C,6,1200,800
2024-11-05,Mouse,Argentina,Store_B,10,50,20
2024-11-05,Keyboard,Spain,Store_C,7,80,40
2024-11-05,Monitor,Argentina,Store_B,9,300,200
2024-11-05,Mouse,Argentina,Store_C,1,50,20
2024-11-05,Laptop,Argentina,Store_C,10,1200,800
2024-11-06,Monitor,USA,Store_A,5,300,200
2024-11-06,Keyboard,USA,Store_B,5,80,40
2024-11-06,Keyboard,Spain,Store_C,2,80,40
2024-11-06,Headset,Spain,Store_B,8,100,60
2024-11-06,Keyboard,USA,Store_C,8,80,40
2024-11-06,Mouse,Argentina,Store_A,4,50,20
2024-11-06,Mouse,Argentina,Store_C,8,50,20
2024-11-07,Keyboard,Argentina,Store_B,9,80,40
2024-11-07,Laptop,Argentina,Store_C,8,1200,800
2024-11-07,Headset,USA,Store_C,8,100,60
2024-11-07,Monitor,USA,Store_B,6,300,200
2024-11-07,Monitor,Spain,Store_A,2,300,200
2024-11-07,Laptop,Argentina,Store_A,2,1200,800
2024-11-08,Keyboard,Argentina,Store_B,1,80,40
2024-11-08,Keyboard,USA,Store_C,7,80,40
2024-11-08,Laptop,Argentina,Store_B,8,1200,800
2024-11-08,Laptop,Argentina,Store_B,3,1200,800
2024-11-08,Mouse,Spain,Store_A,8,50,20
2024-11-08,Keyboard,Argentina,Store_B,8,80,40
2024-11-09,Headset,Argentina,Store_C,2,100,60
2024-11-09,Headset,USA,Store_B,3,100,60
2024-11-09,Headset,Spain,Store_A,10,100,60
2024-11-09,Keyboard,Argentina,Store_C,2,80,40
2024-11-09,Keyboard,USA,Store_C,5,80,40
2024-11-09,Mouse,Spain,Store_C,7,50,20
2024-11-09,Keyboard,USA,Store_B,4,80,40
2024-11-09,Headset,Spain,Store_A,5,100,60
2024-11-10,Laptop,USA,Store_C,3,1200,800
2024-11-10,Mouse,USA,Store_B,10,50,20
2024-11-10,Mouse,Spain,Store_C,6,50,20
2024-11-10,Laptop,Spain,Store_C,7,1200,800
2024-11-10,Headset,Argentina,Store_C,1,100,60
2024-11-10,Headset,USA,Store_C,6,100,60
2024-11-10,Laptop,Spain,Store_B,10,1200,800
2024-11-10,Laptop,Spain,Store_B,3,1200,800
2024-11-10,Laptop,USA,Store_C,5,1200,800
2024-11-10,Laptop,Spain,Store_C,4,1200,800
2024-11-11,Laptop,Spain,Store_C,7,1200,800
2024-11-11,Mouse,Spain,Store_A,2,50,20
2024-11-11,Headset,Argentina,Store_B,9,100,60
2024-11-11,Keyboard,Argentina,Store_B,2,80,40
2024-11-11,Headset,Argentina,Store_A,8,100,60
2024-11-11,Mouse,Spain,Store_B,7,50,20
2024-11-11,Monitor,Argentina,Store_A,6,300,200
2024-11-11,Mouse,Spain,Store_C,9,50,20
2024-11-11,Mouse,USA,Store_B,1,50,20
2024-11-11,Monitor,Spain,Store_C,4,300,200
2024-11-11,Headset,USA,Store_C,4,100,60
2024-11-11,Laptop,USA,Store_A,2,1200,800
2024-11-12,Monitor,Argentina,Store_C,1,300,200
2024-11-12,Mouse,USA,Store_B,8,50,20
2024-11-12,Mouse,Spain,Store_A,8,50,20
2024-11-12,Keyboard,USA,Store_C,8,80,40
2024-11-12,Keyboard,Argentina,Store_A,10,80,40
2024-11-13,Headset,USA,Store_C,7,100,60
2024-11-13,Monitor,Argentina,Store_A,10,300,200
2024-11-13,Headset,USA,Store_A,7,100,60
2024-11-13,Mouse,Argentina,Store_A,5,50,20
2024-11-13,Keyboard,Argentina,Store_C,2,80,40
2024-11-14,Keyboard,USA,Store_B,3,80,40
2024-11-14,Laptop,Argentina,Store_C,5,1200,800
2024-11-14,Monitor,Spain,Store_B,5,300,200
2024-11-14,Keyboard,Argentina,Store_B,8,80,40
2024-11-14,Headset,USA,Store_A,5,100,60
2024-11-14,Headset,Argentina,Store_C,1,100,60
2024-11-14,Headset,Spain,Store_C,5,100,60
2024-11-15,Laptop,Argentina,Store_B,6,1200,800
2024-11-15,Monitor,Argentina,Store_C,9,300,200
2024-11-15,Keyboard,USA,Store_C,9,80,40
2024-11-15,Mouse,Spain,Store_B,5,50,20
2024-11-15,Monitor,Spain,Store_C,1,300,200
2024-11-15,Keyboard,USA,Store_C,3,80,40
2024-11-15,Monitor,Spain,Store_C,2,300,200
2024-11-16,Headset,USA,Store_B,9,100,60
2024-11-16,Keyboard,USA,Store_B,7,80,40
2024-11-16,Mouse,USA,Store_C,6,50,20
2024-11-16,Headset,Spain,Store_B,8,100,60
2024-11-17,Keyboard,Spain,Store_B,8,80,40
2024-11-17,Keyboard,USA,Store_B,6,80,40
2024-11-17,Monitor,Argentina,Store_A,4,300,200
2024-11-17,Headset,Argentina,Store_A,6,100,60
2024-11-17,Headset,Argentina,Store_B,4,100,60
2024-11-17,Mouse,Argentina,Store_A,7,50,20
2024-11-17,Laptop,Argentina,Store_B,5,1200,800
2024-11-17,Keyboard,Argentina,Store_C,4,80,40
2024-11-18,Headset,Argentina,Store_B,6,100,60
2024-11-18,Mouse,Spain,Store_B,1,50,20
2024-11-18,Headset,Argentina,Store_A,9,100,60
2024-11-18,Keyboard,Spain,Store_A,9,80,40
2024-11-18,Laptop,USA,Store_A,8,1200,800
2024-11-18,Headset,Argentina,Store_A,2,100,60
2024-11-18,Laptop,Argentina,Store_B,7,1200,800
2024-11-18,Laptop,USA,Store_B,4,1200,800
2024-11-18,Laptop,USA,Store_A,5,1200,800
2024-11-19,Laptop,Argentina,Store_C,10,1200,800
2024-11-19,Mouse,USA,Store_C,2,50,20
2024-11-19,Monitor,Spain,Store_A,7,300,200
2024-11-19,Monitor,Argentina,Store_C,5,300,200
2024-11-19,Headset,USA,Store_A,5,100,60
2024-11-19,Headset,Argentina,Store_C,9,100,60
2024-11-19,Mouse,USA,Store_B,7,50,20
2024-11-19,Laptop,Argentina,Store_A,10,1200,800
2024-11-19,Laptop,USA,Store_A,2,1200,800
2024-11-19,Laptop,Argentina,Store_C,2,1200,800
2024-11-20,Monitor,Argentina,Store_C,10,300,200
2024-11-20,Headset,USA,Store_A,8,100,60
2024-11-20,Monitor,Argentina,Store_C,2,300,200
2024-11-20,Laptop,USA,Store_A,4,1200,800
2024-11-20,Headset,Spain,Store_C,2,100,60
2024-11-20,Headset,Argentina,Store_B,8,100,60
2024-11-20,Mouse,USA,Store_C,3,50,20
2024-11-20,Keyboard,Spain,Store_A,9,80,40
2024-11-20,Monitor,Argentina,Store_A,6,300,200
2024-11-20,Mouse,Spain,Store_C,4,50,20
2024-11-20,Mouse,USA,Store_C,8,50,20
2024-11-21,Keyboard,USA,Store_B,10,80,40
2024-11-21,Keyboard,Argentina,Store_B,2,80,40
2024-11-21,Keyboard,Argentina,Store_C,1,80,40
2024-11-21,Keyboard,Argentina,Store_C,7,80,40
2024-11-21,Keyboard,Argentina,Store_A,8,80,40
2024-11-21,Laptop,USA,Store_A,3,1200,800
2024-11-22,Mouse,Argentina,Store_A,8,50,20
2024-11-22,Monitor,Argentina,Store_A,9,300,200
2024-11-22,Mouse,Argentina,Store_C,10,50,20
2024-11-22,Monitor,Argentina,Store_A,5,300,200
2024-11-22,Monitor,Argentina,Store_B,10,300,200
2024-11-22,Keyboard,USA,Store_B,9,80,40
2024-11-23,Mouse,Argentina,Store_C,3,50,20
2024-11-23,Headset,Argentina,Store_A,4,100,60
2024-11-23,Mouse,Argentina,Store_A,1,50,20
2024-11-23,Keyboard,Spain,Store_C,10,80,40
2024-11-23,Laptop,Spain,Store_B,7,1200,800
2024-11-23,Headset,Argentina,Store_A,1,100,60
2024-11-23,Mouse,Spain,Store_C,5,50,20
2024-11-23,Mouse,Argentina,Store_C,3,50,20
2024-11-24,Monitor,USA,Store_B,2,300,200
2024-11-24,Headset,USA,Store_B,6,100,60
2024-11-24,Monitor,Spain,Store_A,3,300,200
2024-11-24,Laptop,Argentina,Store_B,9,1200,800
2024-11-24,Headset,Argentina,Store_A,1,100,60
2024-11-24,Headset,USA,Store_C,3,100,60
2024-11-24,Monitor,Spain,Store_B,4,300,200
2024-11-24,Mouse,USA,Store_C,9,50,20
2024-11-24,Laptop,Spain,Store_C,3,1200,800
2024-11-25,Headset,USA,Store_A,7,100,60
2024-11-25,Keyboard,Spain,Store_A,5,80,40
2024-11-25,Mouse,USA,Store_C,7,50,20
2024-11-25,Keyboard,Argentina,Store_A,6,80,40
2024-11-25,Monitor,Argentina,Store_C,9,300,200
2024-11-25,Headset,USA,Store_B,1,100,60
2024-11-25,Mouse,USA,Store_A,1,50,20
2024-11-25,Monitor,USA,Store_B,5,300,200
2024-11-26,Monitor,Argentina,Store_B,5,300,200
2024-11-26,Keyboard,USA,Store_B,10,80,40
2024-11-26,Mouse,Argentina,Store_C,8,50,20
2024-11-26,Mouse,Argentina,Store_B,6,50,20
2024-11-26,Headset,USA,Store_C,4,100,60
2024-11-27,Monitor,Argentina,Store_C,4,300,200
2024-11-27,Mouse,USA,Store_C,6,50,20
2024-11-27,Headset,Spain,Store_B,6,100,60
2024-11-27,Mouse,Argentina,Store_C,1,50,20
2024-11-27,Monitor,USA,Store_A,3,300,200
2024-11-27,Headset,Argentina,Store_A,2,100,60
2024-11-27,Headset,Spain,Store_A,1,100,60
2024-11-27,Monitor,USA,Store_C,1,300,200
2024-11-27,Keyboard,Argentina,Store_A,1,80,40
2024-11-27,Keyboard,USA,Store_A,10,80,40
2024-11-27,Keyboard,Argentina,Store_B,6,80,40
2024-11-28,Headset,Spain,Store_A,10,100,60
2024-11-28,Monitor,Spain,Store_C,10,300,200
2024-11-28,Mouse,Spain,Store_C,2,50,20
2024-11-28,Monitor,Argentina,Store_B,9,300,200
2024-11-28,Keyboard,USA,Store_A,10,80,40
2024-11-28,Mouse,USA,Store_B,4,50,20
2024-11-28,Headset,Spain,Store_C,5,100,60
2024-11-28,Laptop,Argentina,Store_C,8,1200,800
2024-11-29,Keyboard,USA,Store_C,6,80,40
2024-11-29,Laptop,Argentina,Store_B,6,1200,800
2024-11-29,Mouse,Spain,Store_B,10,50,20
2024-11-29,Mouse,Spain,Store_C,2,50,20
2024-11-29,Headset,USA,Store_C,1,100,60
2024-11-29,Mouse,Argentina,Store_B,9,50,20
2024-11-29,Laptop,Spain,Store_C,2,1200,800
2024-11-29,Mouse,Argentina,Store_B,8,50,20
2024-11-29,Keyboard,Argentina,Store_A,2,80,40
2024-11-29,Laptop,USA,Store_B,1,1200,800
2024-11-29,Laptop,Spain,Store_B,2,1200,800
2024-11-30,Headset,USA,Store_B,1,100,60
2024-11-30,Mouse,USA,Store_C,3,50,20
2024-11-30,Mouse,Argentina,Store_C,1,50,20
2024-11-30,Laptop,Argentina,Store_B,7,1200,800
2024-11-30,Headset,USA,Store_C,4,100,60
2024-11-30,Laptop,USA,Store_A,9,1200,800
2024-11-30,Mouse,Argentina,Store_A,5,50,20
2024-11-30,Mouse,USA,Store_B,6,50,20
2024-11-30,Monitor,Spain,Store_B,9,300,200
2024-11-30,Laptop,Spain,Store_A,6,1200,800
2024-11-30,Laptop,Spain,Store_B,6,1200,800
2024-11-30,Headset,USA,Store_C,1,100,60
2024-12-01,Headset,Spain,Store_C,8,100,60
2024-12-01,Keyboard,USA,Store_B,1,80,40
2024-12-01,Keyboard,Argentina,Store_B,7,80,40
2024-12-01,Laptop,USA,Store_C,4,1200,800
2024-12-02,Monitor,Spain,Store_B,8,300,200
2024-12-02,Laptop,Argentina,Store_A,3,1200,800
2024-12-02,Mouse,Spain,Store_B,8,50,20
2024-12-02,Mouse,USA,Store_B,8,50,20
2024-12-03,Headset,Spain,Store_A,8,100,60
2024-12-03,Keyboard,Spain,Store_C,4,80,40
2024-12-03,Headset,Argentina,Store_B,7,100,60
2024-12-03,Monitor,Spain,Store_A,7,300,200
2024-12-03,Laptop,Argentina,Store_B,3,1200,800
2024-12-03,Monitor,USA,Store_C,5,300,200
2024-12-03,Laptop,Spain,Store_B,4,1200,800
2024-12-03,Mouse,Spain,Store_B,4,50,20
2024-12-04,Mouse,USA,Store_C,10,50,20
2024-12-04,Headset,Argentina,Store_C,2,100,60
2024-12-04,Keyboard,USA,Store_C,6,80,40
2024-12-04,Keyboard,USA,Store_B,2,80,40
2024-12-05,Laptop,Argentina,Store_C,7,1200,800
2024-12-05,Monitor,Spain,Store_C,10,300,200
2024-12-05,Monitor,Argentina,Store_B,3,300,200
2024-12-05,Laptop,Argentina,Store_A,4,1200,800
2024-12-06,Headset,Argentina,Store_B,4,100,60
2024-12-06,Headset,Spain,Store_B,10,100,60
2024-12-06,Laptop,Argentina,Store_B,5,1200,800
2024-12-06,Monitor,Argentina,Store_C,6,300,200
2024-12-06,Mouse,USA,Store_B,5,50,20
2024-12-06,Mouse,Spain,Store_B,7,50,20
2024-12-07,Mouse,Spain,Store_A,5,50,20
2024-12-07,Laptop,USA,Store_B,9,1200,800
2024-12-07,Monitor,Spain,Store_A,9,300,200
2024-12-07,Laptop,USA,Store_C,8,1200,800
2024-12-07,Mouse,Argentina,Store_A,9,50,20
2024-12-07,Headset,Spain,Store_C,9,100,60
2024-12-07,Headset,USA,Store_C,9,100,60
2024-12-07,Mouse,Spain,Store_C,6,50,20
2024-12-07,Keyboard,USA,Store_C,8,80,40
2024-12-07,Keyboard,Spain,Store_B,10,80,40
2024-12-07,Laptop,USA,Store_C,10,1200,800
2024-12-07,Headset,Argentina,Store_C,3,100,60
2024-12-08,Monitor,USA,Store_A,2,300,200
2024-12-08,Headset,USA,Store_C,4,100,60
2024-12-08,Keyboard,Argentina,Store_B,8,80,40
2024-12-08,Laptop,USA,Store_B,6,1200,800
2024-12-08,Monitor,Spain,Store_A,9,300,200
2024-12-08,Mouse,Spain,Store_B,1,50,20
2024-12-09,Mouse,Argentina,Store_B,9,50,20
2024-12-09,Headset,Spain,Store_A,2,100,60
2024-12-09,Mouse,Argentina,Store_B,9,50,20
2024-12-09,Headset,Argentina,Store_C,2,100,60
2024-12-09,Monitor,USA,Store_C,6,300,200
2024-12-09,Laptop,Argentina,Store_B,9,1200,800
2024-12-10,Monitor,Spain,Store_B,5,300,200
2024-12-10,Mouse,USA,Store_B,1,50,20
2024-12-10,Monitor,USA,Store_A,3,300,200
2024-12-10,Laptop,USA,Store_A,7,1200,800
2024-12-10,Keyboard,Argentina,Store_C,3,80,40
2024-12-11,Mouse,Spain,Store_C,4,50,20
2024-12-11,Headset,USA,Store_B,4,100,60
2024-12-11,Laptop,Spain,Store_C,9,1200,800
2024-12-11,Monitor,Spain,Store_A,5,300,200
2024-12-11,Headset,USA,Store_A,3,100,60
2024-12-11,Laptop,USA,Store_B,10,1200,800
2024-12-12,Mouse,Argentina,Store_B,5,50,20
2024-12-12,Monitor,Spain,Store_C,3,300,200
2024-12-12,Keyboard,Argentina,Store_B,2,80,40
2024-12-12,Mouse,Spain,Store_B,8,50,20
2024-12-12,Monitor,Spain,Store_C,10,300,200
2024-12-12,Keyboard,Argentina,Store_A,3,80,40
2024-12-12,Keyboard,USA,Store_A,4,80,40
2024-12-13,Keyboard,USA,Store_C,7,80,40
2024-12-13,Laptop,USA,Store_B,2,1200,800
2024-12-13,Monitor,USA,Store_B,7,300,200
2024-12-13,Laptop,USA,Store_A,10,1200,800
2024-12-13,Keyboard,Argentina,Store_B,8,80,40
2024-12-13,Mouse,Argentina,Store_A,7,50,20
2024-12-13,Keyboard,Argentina,Store_A,3,80,40
2024-12-13,Mouse,Argentina,Store_B,10,50,20
2024-12-13,Laptop,Spain,Store_A,9,1200,800
2024-12-14,Keyboard,USA,Store_C,6,80,40
2024-12-14,Laptop,USA,Store_C,2,1200,800
2024-12-14,Headset,USA,Store_A,4,100,60
2024-12-14,Laptop,Argentina,Store_B,10,1200,800
2024-12-14,Headset,Argentina,Store_A,2,100,60
2024-12-15,Laptop,Spain,Store_B,7,1200,800
2024-12-15,Headset,Argentina,Store_A,1,100,60
2024-12-15,Monitor,Spain,Store_A,7,300,200
2024-12-15,Keyboard,Argentina,Store_A,1,80,40
2024-12-15,Keyboard,Spain,Store_C,3,80,40
2024-12-15,Keyboard,USA,Store_C,5,80,40
2024-12-15,Keyboard,Argentina,Store_B,6,80,40
2024-12-15,Mouse,USA,Store_C,10,50,20
2024-12-15,Headset,USA,Store_A,9,100,60
2024-12-15,Laptop,USA,Store_B,7,1200,800
2024-12-15,Headset,Spain,Store_C,7,100,60
2024-12-16,Headset,Argentina,Store_A,8,100,60
2024-12-16,Laptop,Spain,Store_A,1,1200,800
2024-12-16,Mouse,USA,Store_C,2,50,20
2024-12-16,Laptop,USA,Store_B,5,1200,800
2024-12-16,Mouse,USA,Store_A,1,50,20
2024-12-17,Headset,USA,Store_B,3,100,60
2024-12-17,Mouse,USA,Store_C,4,50,20
2024-12-17,Monitor,Spain,Store_A,2,300,200
2024-12-17,Monitor,Argentina,Store_A,6,300,200
2024-12-17,Laptop,Argentina,Store_C,4,1200,800
2024-12-17,Monitor,USA,Store_B,1,300,200
2024-12-17,Monitor,Spain,Store_B,7,300,200
2024-12-17,Laptop,Spain,Store_C,3,1200,800
2024-12-18,Mouse,USA,Store_B,5,50,20
2024-12-18,Laptop,Spain,Store_A,4,1200,800
2024-12-18,Monitor,Argentina,Store_C,10,300,200
2024-12-18,Mouse,USA,Store_A,6,50,20
2024-12-18,Laptop,USA,Store_C,1,1200,800
2024-12-18,Mouse,USA,Store_C,10,50,20
2024-12-19,Monitor,USA,Store_C,10,300,200
2024-12-19,Laptop,Argentina,Store_B,8,1200,800
2024-12-19,Laptop,Argentina,Store_B,3,1200,800
2024-12-19,Monitor,USA,Store_B,9,300,200
2024-12-19,Monitor,Spain,Store_B,9,300,200
2024-12-19,Laptop,Argentina,Store_A,1,1200,800
2024-12-19,Mouse,Argentina,Store_A,4,50,20
2024-12-19,Headset,Argentina,Store_C,6,100,60
2024-12-20,Monitor,USA,Store_C,6,300,200
2024-12-20,Headset,Spain,Store_B,3,100,60
2024-12-20,Monitor,Argentina,Store_C,6,300,200
2024-12-20,Headset,USA,Store_A,10,100,60
2024-12-20,Laptop,Spain,Store_B,9,1200,800
2024-12-20,Monitor,Spain,Store_C,10,300,200
2024-12-20,Keyboard,Spain,Store_B,3,80,40
2024-12-21,Keyboard,USA,Store_A,5,80,40
2024-12-21,Headset,USA,Store_B,4,100,60
2024-12-21,Keyboard,Spain,Store_B,3,80,40
2024-12-22,Mouse,USA,Store_A,4,50,20
2024-12-22,Mouse,USA,Store_B,6,50,20
2024-12-22,Keyboard,Spain,Store_A,1,80,40
2024-12-22,Mouse,Argentina,Store_A,3,50,20
2024-12-22,Headset,Argentina,Store_B,10,100,60
2024-12-23,Headset,Argentina,Store_C,1,100,60
2024-12-23,Laptop,Argentina,Store_A,2,1200,800
2024-12-23,Headset,USA,Store_A,1,100,60
2024-12-23,Keyboard,Argentina,Store_B,8,80,40
2024-12-23,Keyboard,Spain,Store_A,2,80,40
2024-12-23,Laptop,USA,Store_C,6,1200,800
2024-12-23,Laptop,USA,Store_B,2,1200,800
2024-12-23,Laptop,USA,Store_B,6,1200,800
2024-12-23,Headset,Spain,Store_A,4,100,60
2024-12-24,Keyboard,Argentina,Store_C,7,80,40
2024-12-24,Mouse,USA,Store_C,9,50,20
2024-12-24,Monitor,Argentina,Store_C,6,300,200
2024-12-24,Keyboard,Spain,Store_C,7,80,40
2024-12-24,Mouse,USA,Store_A,5,50,20
2024-12-25,Headset,Argentina,Store_B,10,100,60
2024-12-25,Laptop,Argentina,Store_B,8,1200,800
2024-12-25,Mouse,Argentina,Store_A,3,50,20
2024-12-25,Laptop,USA,Store_B,5,1200,800
2024-12-26,Headset,Spain,Store_A,8,100,60
2024-12-26,Laptop,Argentina,Store_C,3,1200,800
2024-12-26,Laptop,USA,Store_C,10,1200,800
2024-12-26,Laptop,USA,Store_C,4,1200,800
2024-12-27,Laptop,USA,Store_C,4,1200,800
2024-12-27,Keyboard,Argentina,Store_A,4,80,40
2024-12-27,Headset,Argentina,Store_C,5,100,60
2024-12-27,Monitor,Argentina,Store_B,1,300,200
2024-12-27,Monitor,Argentina,Store_A,10,300,200
2024-12-27,Headset,USA,Store_A,4,100,60
2024-12-27,Keyboard,USA,Store_A,3,80,40
2024-12-27,Mouse,USA,Store_C,4,50,20
2024-12-27,Mouse,USA,Store_A,4,50,20
2024-12-27,Keyboard,Spain,Store_C,5,80,40
2024-12-27,Headset,USA,Store_B,8,100,60
2024-12-27,Mouse,Argentina,Store_B,5,50,20
2024-12-27,Keyboard,Argentina,Store_A,6,80,40
2024-12-27,Laptop,Spain,Store_C,7,1200,800
2024-12-28,Headset,Argentina,Store_C,4,100,60
2024-12-28,Monitor,USA,Store_C,8,300,200
2024-12-28,Monitor,Spain,Store_C,1,300,200
2024-12-28,Headset,USA,Store_B,1,100,60
2024-12-28,Monitor,USA,Store_C,4,300,200
2024-12-28,Monitor,Spain,Store_A,9,300,200
2024-12-28,Mouse,Argentina,Store_C,7,50,20
2024-12-28,Headset,Argentina,Store_A,9,100,60
2024-12-28,Laptop,Spain,Store_B,2,1200,800
2024-12-28,Mouse,Argentina,Store_B,4,50,20
2024-12-28,Monitor,USA,Store_C,3,300,200
2024-12-29,Mouse,Spain,Store_B,2,50,20
2024-12-29,Headset,USA,Store_C,9,100,60
2024-12-29,Keyboard,Spain,Store_A,2,80,40
2024-12-29,Laptop,USA,Store_A,4,1200,800
2024-12-30,Laptop,Argentina,Store_A,9,1200,800
2024-12-30,Mouse,Spain,Store_B,3,50,20
2024-12-30,Laptop,Argentina,Store_B,1,1200,800
2024-12-30,Monitor,Argentina,Store_A,3,300,200
2024-12-30,Keyboard,Argentina,Store_A,6,80,40
2024-12-30,Monitor,Argentina,Store_C,7,300,200
2024-12-31,Keyboard,Argentina,Store_A,1,80,40
2024-12-31,Keyboard,USA,Store_C,3,80,40
2024-12-31,Mouse,Argentina,Store_A,10,50,20
2024-12-31,Keyboard,Argentina,Store_B,8,80,40
2024-12-31,Laptop,Spain,Store_A,9,1200,800
2024-12-31,Mouse,Argentina,Store_B,7,50,20
