ID_Alojamiento,URL_Alojamiento,Desc_Alojamiento,ID_Host,Nombre_Host,Fecha_Ini_Host,Ubicacion_Host,Tiempo_Rpta_Host,Ratio_Rpta_Host,Superhost,Barrio_Alojamiento,Barrio_Latitude,Barrio_Logitude,Tipo_Propiedad,Capacidad_Alojamiento,Cant_Baños,Cant_Camas,Noches_Min,Noches_Max,Cant_Reseñas_Alojamiento,Fecha_Ini_Reseña,Fecha_Ult_Reseña,Score_Rating,Punto_Geo_Alojamiento,Precio_Noche,Moneda,Amenidades
11508,https://www.airbnb.com/rooms/11508,Condo in Buenos Aires · ?4.79 · 1 bedroom · 1 bed · 1 bath,42762,Candela,10/1/2009,"New York, NY",within an hour,100%,t,Palermo,-34.58184,-58.42415,Entire condo,2,1 bath,1.0,3,1125,39,7/2/2012,11/30/2023,4.79,"[-58.42415, -34.58184]",66.0,USD,"['Bathtub', 'Hair dryer', 'Cleaning products', 'Body soap', 'Bidet', 'Hot water', 'Paid washer â?? In building', 'Paid dryer â?? In building', 'Essentials', 'Towels, bed sheets, soap, and toilet paper', 'Hangers', 'Bed linens', 'Extra pillows and blanket"
14222,https://www.airbnb.com/rooms/14222,Rental unit in Palermo/Buenos Aires · ?4.77 · 1 bedroom · 1 bed · 1 bath,87710233,María,8/3/2016,"Buenos Aires, Argentina",within an hour,100%,t,Palermo,-34.58617,-58.41036,Entire rental unit,2,1 bath,1.0,7,100,114,7/10/2012,11/30/2023,4.77,"[-58.41036, -34.58617]",19.0,USD,"['Bathtub', 'Hot water', 'Washer', 'Essentials', 'Towels, bed sheets, soap, and toilet paper', 'Hangers', 'Room-darkening shades', 'Iron', 'TV', 'Air conditioning', 'Heating', 'Wifi', 'Dedicated workspace', 'In a room with a door', 'Kitchen', 'Space wher"
15074,https://www.airbnb.com/rooms/15074,Rental unit in Buenos Aires · 1 bedroom · 1 bed · 1 bath,59338,Monica,12/2/2009,,,,f,Nuñez,-34.53892,-58.46599,Private room in rental unit,1,1 bath,1.0,29,730,0,,,,"[-58.46599, -34.53892]",30.0,USD,"['Washer', 'Dryer', 'TV with standard cable', 'Air conditioning', 'Heating', 'Wifi', 'Kitchen', 'Space where guests can cook their own meals', 'Unavailable: Lock on bedroom door', 'Lock on bedroom door', 'There is no lock on the bedroom door.', 'Unavaila"
16695,https://www.airbnb.com/rooms/16695,Loft in Buenos Aires · ?4.28 · 1 bedroom · 1 bed · 1 bath,64880,Elbio Mariano,12/21/2009,"Buenos Aires, Argentina",within an hour,100%,t,Monserrat,-34.61439,-58.37611,Entire loft,4,1 bath,1.0,2,1125,45,3/4/2011,11/30/2019,4.28,"[-58.37611, -34.61439]",49.0,USD,"['Hair dryer', 'Hot water', 'Essentials', 'Towels, bed sheets, soap, and toilet paper', 'Hangers', 'Iron', 'TV with standard cable', 'Air conditioning', 'Heating', 'Fire extinguisher', 'Wifi', 'Kitchen', 'Space where guests can cook their own meals', 'Re"
20062,https://www.airbnb.com/rooms/20062,Rental unit in Buenos Aires · ?4.93 · 2 bedrooms · 2 beds · 1.5 baths,75891,Sergio Damian,1/31/2010,"Buenos Aires, Argentina",within an hour,100%,t,Palermo,-34.581848,-58.441605,Entire rental unit,4,1.5 baths,2.0,2,365,303,5/19/2010,12/26/2023,4.93,"[-58.441605, -34.581848]",100.0,USD,"['City skyline view', 'Bathtub', 'Hair dryer', 'Cleaning products', 'Shampoo', 'Hot water', 'Shower gel', 'Free washer ? In building', 'Essentials', 'Towels, bed sheets, soap, and toilet paper', 'Hangers', 'Bed linens', 'Extra pillows and blankets', 'Roo"
20429,https://www.airbnb.com/rooms/20429,Rental unit in Buenos Aires · 1 bedroom · 1 bed · 1 bath,77065,Marcelo,2/3/2010,"Buenos Aires, Argentina",,,f,Constitucion,-34.6226,-58.38704,Entire rental unit,2,1 bath,1.0,15,1125,0,,,,"[-58.38704, -34.6226]",34.0,USD,"['Hot water', 'Washer', 'Essentials', 'Towels, bed sheets, soap, and toilet paper', 'Hangers', 'Bed linens', 'Iron', 'TV with standard cable', 'Air conditioning', 'Heating', 'Wifi', 'Kitchen', 'Space where guests can cook their own meals', 'Refrigerator'"
24713,https://www.airbnb.com/rooms/24713,Rental unit in Buenos Aires · ?4.66 · 1 bedroom · 2 beds · 1 bath,100743,Griselda,3/29/2010,"Buenos Aires, Argentina",within a few hours,100%,t,San Nicolas,-34.60254,-58.37811,Entire rental unit,3,1 bath,2.0,1,10,377,3/25/2013,10/27/2023,4.66,"[-58.37811, -34.60254]",34.0,USD,"['City skyline view', 'Hair dryer', 'Cleaning products', 'Hot water', 'Essentials', 'Towels, bed sheets, soap, and toilet paper', 'Hangers', 'Bed linens', 'Cotton linens', 'Extra pillows and blankets', 'Room-darkening shades', 'Iron', 'Clothing storage: "
24763,https://www.airbnb.com/rooms/24763,Loft in Buenos Aires · ?4.62 · 1 bedroom · 1 bed · 1 bath,101049,Sebastian,3/30/2010,"Miami, FL",within a few hours,100%,f,Chacarita,-34.58494,-58.44419,Entire loft,2,1 bath,1.0,7,1125,37,3/3/2011,12/14/2022,4.62,"[-58.44419, -34.58494]",128.0,USD,"['Hair dryer', 'Shampoo', 'Hot water', 'Washer', 'Essentials', 'Towels, bed sheets, soap, and toilet paper', 'Hangers', 'Iron', '32 HDTV', 'High chair', 'Air conditioning', 'Heating', 'Smoke alarm', 'Carbon monoxide alarm', 'Fire extinguisher', 'Wifi', '"
26258,https://www.airbnb.com/rooms/26258,Rental unit in Buenos Aires · 1 bedroom · 2 beds · 1.5 baths,111013,Daniel,4/19/2010,"Buenos Aires, Argentina",within a few hours,100%,f,Almagro,-34.59997,-58.41238,Entire rental unit,2,1.5 baths,2.0,7,18,2,10/19/2010,10/23/2013,3.5,"[-58.41238, -34.59997]",24.0,USD,"['Hair dryer', 'Washer', 'Dryer', 'Essentials', 'Towels, bed sheets, soap, and toilet paper', 'Iron', 'TV with standard cable', 'Air conditioning', 'Heating', 'Fire extinguisher', 'Wifi', 'Kitchen', 'Space where guests can cook their own meals', 'Pool', "
27631,https://www.airbnb.com/rooms/27631,Rental unit in Buenos Aires · ?4.70 · 1 bedroom · 3 beds · 1 bath,119446,Inés,5/6/2010,"Buenos Aires, Argentina",within an hour,100%,t,Recoleta,-34.59272,-58.3894,Entire rental unit,3,1 bath,3.0,2,1125,112,8/12/2010,10/18/2023,4.7,"[-58.3894, -34.59272]",26.0,USD,"['Bathtub', 'Hair dryer', 'Shampoo', 'Hot water', 'Essentials', 'Towels, bed sheets, soap, and toilet paper', 'Hangers', 'Bed linens', 'Extra pillows and blankets', 'Room-darkening shades', 'Iron', 'TV', 'AC - split type ductless system', 'Heating', 'Smo"
28244,https://www.airbnb.com/rooms/28244,Loft in Buenos Aires · ?4.85 · 1 bedroom · 1 bed · 1.5 baths,119613,Marcos,5/6/2010,"Buenos Aires, Argentina",within a few hours,100%,t,Palermo,-34.57709,-58.43665,Entire loft,2,1.5 baths,1.0,21,730,39,1/27/2014,10/21/2023,4.85,"[-58.43665, -34.57709]",46.0,USD,"['City skyline view', 'Courtyard view', 'Bathtub', 'Hair dryer', 'Bidet', 'Hot water', 'Free washer ? In building', 'Free dryer ? In building', 'Essentials', 'Towels, bed sheets, soap, and toilet paper', 'Hangers', 'Bed linens', 'Cotton linens', 'Room-da"
29990,https://www.airbnb.com/rooms/29990,Rental unit in Buenos Aires · ?4.64 · 1 bedroom · 2 beds · 1 bath,129245,Savvas,5/21/2010,"Buenos Aires, Argentina",within a few hours,100%,f,Palermo,-34.58602,-58.42749,Entire rental unit,3,1 bath,2.0,2,15,154,10/22/2010,2/16/2023,4.64,"[-58.42749, -34.58602]",38.0,USD,"['Hair dryer', 'Shampoo', 'Hot water', 'Washer', 'Dryer', 'Essentials', 'Towels, bed sheets, soap, and toilet paper', 'Hangers', 'Iron', 'TV with standard cable', 'Crib', 'Children?s books and toys', 'Air conditioning', 'Heating', 'Smoke alarm', 'Carbon "
31216,https://www.airbnb.com/rooms/31216,Rental unit in Buenos Aires · ?5.0 · 1 bedroom · 1 bed · 1 bath,134014,Marian,5/28/2010,,within an hour,100%,t,Belgrano,-34.55948,-58.44528,Entire rental unit,2,1 bath,1.0,7,1125,11,4/16/2022,11/20/2023,5.0,"[-58.44528, -34.55948]",58.0,USD,"['Hair dryer', 'Washer', 'Essentials', 'Towels, bed sheets, soap, and toilet paper', 'Hangers', 'Bed linens', 'Room-darkening shades', 'Iron', 'Drying rack for clothing', 'TV with standard cable', 'Air conditioning', 'Heating', 'Carbon monoxide alarm', '"
31469,https://www.airbnb.com/rooms/31469,Rental unit in Buenos Aires · ?4.73 · 1 bedroom · 1 bed · 1.5 baths,135120,Flor,5/30/2010,"Barcelona, Spain",within a day,100%,f,Palermo,-34.5682,-58.43402,Entire rental unit,2,1.5 baths,1.0,3,1125,15,12/15/2014,10/12/2022,4.73,"[-58.43402, -34.5682]",34.0,USD,"['Bathtub', 'Hair dryer', 'Cleaning products', 'Shampoo', 'Body soap', 'Bidet', 'Hot water', 'Free washer ? In unit', 'Essentials', 'Towels, bed sheets, soap, and toilet paper', 'Hangers', 'Bed linens', 'Extra pillows and blankets', 'Room-darkening shade"
31514,https://www.airbnb.com/rooms/31514,Loft in Buenos Aires · ?4.30 · 1 bedroom · 4 beds · 1 bath,64880,Elbio Mariano,12/21/2009,"Buenos Aires, Argentina",within an hour,100%,t,Monserrat,-34.61494,-58.37517,Entire loft,5,1 bath,4.0,2,365,37,11/22/2010,9/21/2023,4.3,"[-58.37517, -34.61494]",49.0,USD,"['Hair dryer', 'Hot water', 'Essentials', 'Towels, bed sheets, soap, and toilet paper', 'Hangers', 'Iron', 'TV with standard cable', 'Air conditioning', 'Heating', 'Fire extinguisher', 'Wifi', 'Dedicated workspace', 'Kitchen', 'Space where guests can coo"
31920,https://www.airbnb.com/rooms/31920,Rental unit in Buenos Aires · 1 bedroom · 2 beds · 1 bath,137373,Nancy,6/2/2010,,,,f,Belgrano,-34.5644,-58.4606,Entire rental unit,3,1 bath,2.0,30,730,0,,,,"[-58.4606, -34.5644]",59.0,USD,"['TV with standard cable', 'Air conditioning', 'Wifi', 'Kitchen', 'Space where guests can cook their own meals', 'Hot tub']"
35703,https://www.airbnb.com/rooms/35703,Rental unit in Buenos Aires · ?4.83 · 1 bedroom · 1 bed · 1.5 baths,150763,Viviana,6/23/2010,"Buenos Aires, Argentina",within a few hours,100%,f,Recoleta,-34.59188,-58.40778,Entire rental unit,2,1.5 baths,1.0,7,1125,90,4/26/2011,12/2/2021,4.83,"[-58.40778, -34.59188]",24.0,USD,"['Hair dryer', 'Cleaning products', 'Hot water', 'Essentials', 'Towels, bed sheets, soap, and toilet paper', 'Hangers', 'Bed linens', 'TV with standard cable', 'Air conditioning', 'Heating', 'Wifi', 'Kitchen', 'Space where guests can cook their own meals"
37347,https://www.airbnb.com/rooms/37347,Rental unit in Buenos Aires · ?4.78 · 1 bedroom · 1 bed · 1 bath,161327,Mariano,7/8/2010,"Buenos Aires, Argentina",within an hour,100%,f,Palermo,-34.57148,-58.43246,Entire rental unit,2,1 bath,1.0,5,1125,80,3/13/2011,12/17/2023,4.78,"[-58.43246, -34.57148]",46.0,USD,"['Hair dryer', 'Hot water', 'Free washer â?? In unit', 'Essentials', 'Towels, bed sheets, soap, and toilet paper', 'Hangers', 'Iron', 'TV', 'Air conditioning', 'Heating', 'Wifi', 'Kitchen', 'Space where guests can cook their own meals', 'Refrigerator', '"
41608,https://www.airbnb.com/rooms/41608,Rental unit in Buenos Aires · ?4.78 · Studio · 1 bed · 1 bath,181721,Silveria,7/26/2010,"Buenos Aires, Argentina",within an hour,100%,t,Palermo,-34.5847,-58.42648,Entire rental unit,2,1 bath,1.0,2,180,147,6/24/2011,11/26/2023,4.78,"[-58.42648, -34.5847]",71.0,USD,"['Bathtub', 'Hair dryer', 'Bidet', 'Hot water', 'Washer', 'Dryer', 'Essentials', 'Towels, bed sheets, soap, and toilet paper', 'Hangers', 'Bed linens', 'Cotton linens', 'Room-darkening shades', 'Drying rack for clothing', 'Safe', 'HDTV with standard cabl"
42450,https://www.airbnb.com/rooms/42450,Condo in Buenos Aires · ?4.83 · 2 bedrooms · 2 beds · 2 baths,185437,Grisel,7/30/2010,"Buenos Aires, Argentina",within an hour,100%,t,Monserrat,-34.61578,-58.37175,Entire condo,4,2 baths,2.0,4,1125,175,9/30/2011,12/10/2023,4.83,"[-58.37175, -34.61578]",83.0,USD,"['Bathtub', 'Hair dryer', 'Shampoo', 'Hot water', 'Washer', 'Dryer', 'Essentials', 'Towels, bed sheets, soap, and toilet paper', 'Hangers', 'Bed linens', 'Extra pillows and blankets', 'Room-darkening shades', 'Iron', 'Ethernet connection', 'TV with stand"
45498,https://www.airbnb.com/rooms/45498,Rental unit in Buenos Aires · ?4.89 · 2 bedrooms · 2 beds · 1.5 baths,75891,Sergio Damian,1/31/2010,"Buenos Aires, Argentina",within an hour,100%,t,Palermo,-34.58182,-58.44144,Entire rental unit,4,1.5 baths,2.0,2,365,170,9/11/2010,12/23/2023,4.89,"[-58.44144, -34.58182]",100.0,USD,"['City skyline view', 'Bathtub', 'Hair dryer', 'Shampoo', 'Hot water', 'Free washer ? In building', 'Essentials', 'Towels, bed sheets, soap, and toilet paper', 'Hangers', 'Bed linens', 'Extra pillows and blankets', 'Room-darkening shades', 'Iron', 'Ether"
48089,https://www.airbnb.com/rooms/48089,Rental unit in Buenos Aires · ?4.85 · 2 bedrooms · 3 beds · 1.5 baths,192475,Chris,8/5/2010,"San Francisco, CA",within a day,100%,f,Recoleta,-34.58705,-58.38791,Entire rental unit,4,1.5 baths,3.0,7,365,110,10/6/2010,12/5/2023,4.85,"[-58.38791, -34.58705]",49.0,USD,"['Hair dryer', 'Hot water', 'Washer', 'Essentials', 'Towels, bed sheets, soap, and toilet paper', 'Hangers', 'Bed linens', 'Extra pillows and blankets', 'Ethernet connection', 'TV with standard cable', 'Air conditioning', 'Heating', 'Smoke alarm', 'Carbo"
48535,https://www.airbnb.com/rooms/48535,Rental unit in Buenos Aires · 1 bedroom · 2 beds · 2 baths,221044,Florencia,9/2/2010,"City of Brussels, Belgium",,,f,Retiro,-34.5962,-58.37529,Entire rental unit,2,2 baths,2.0,90,1095,0,,,,"[-58.37529, -34.5962]",49.0,USD,"['Hair dryer', 'Hangers', 'Iron', 'TV with standard cable', 'Air conditioning', 'Heating', 'Wifi', 'Kitchen', 'Space where guests can cook their own meals', 'Hot tub']"
50778,https://www.airbnb.com/rooms/50778,Condo in Buenos Aires · ?4.41 · 2 bedrooms · 2 beds · 1.5 baths,233651,Cameron,9/13/2010,"Buenos Aires, Argentina",within an hour,100%,f,Recoleta,-34.58978,-58.40011,Entire condo,4,1.5 baths,2.0,5,1125,95,11/7/2010,5/24/2022,4.41,"[-58.40011, -34.58978]",88.0,USD,"['Bathtub', 'Hair dryer', 'Hot water', 'Essentials', 'Towels, bed sheets, soap, and toilet paper', 'Hangers', 'Room-darkening shades', 'Iron', 'Ethernet connection', 'TV with standard cable', 'Air conditioning', 'Heating', 'Wifi', 'Kitchen', 'Space where"
52115,https://www.airbnb.com/rooms/52115,Condo in Buenos Aires · 1 bedroom · 1 bath,240731,Cecilia,9/20/2010,"Buenos Aires, Argentina",,,f,Recoleta,-34.59386,-58.3944,Entire condo,2,1 bath,,4,90,2,1/30/2019,1/19/2020,5.0,"[-58.3944, -34.59386]",23.0,USD,"['Bathtub', 'Cleaning products', 'Body soap', 'Bidet', 'Hot water', 'Essentials', 'Towels, bed sheets, soap, and toilet paper', 'Hangers', 'Bed linens', 'Extra pillows and blankets', 'Room-darkening shades', 'Safe', 'Clothing storage: closet', '32 TV wit"
52511,https://www.airbnb.com/rooms/52511,Rental unit in Buenos Aires · 1 bedroom · 1 bed · 1 bath,242939,Gri,9/22/2010,"Buenos Aires, Argentina",,,f,San Nicolas,-34.60767,-58.37257,Entire rental unit,2,1 bath,1.0,4,730,0,,,,"[-58.37257, -34.60767]",69.0,USD,"['Washer', 'Dryer', 'TV', 'Heating', 'Kitchen', 'Space where guests can cook their own meals', 'Elevator', 'The home or building has an elevator thatâ??s at least 52 inches deep and a doorway at least 32 inches wide.']"
53097,https://www.airbnb.com/rooms/53097,Loft in Buenos Aires · ?4.28 · 2 bedrooms · 3 beds · 1 bath,64880,Elbio Mariano,12/21/2009,"Buenos Aires, Argentina",within an hour,100%,t,Monserrat,-34.61494,-58.37517,Entire loft,4,1 bath,3.0,2,1125,37,11/22/2010,7/5/2022,4.28,"[-58.37517, -34.61494]",44.0,USD,"['Hot water', 'Essentials', 'Towels, bed sheets, soap, and toilet paper', 'Hangers', 'Iron', 'TV with standard cable', 'Air conditioning', 'Heating', 'Fire extinguisher', 'Wifi', 'Kitchen', 'Space where guests can cook their own meals', 'Refrigerator', '"
53905,https://www.airbnb.com/rooms/53905,Rental unit in Buenos Aires · ?4.62 · 1 bedroom · 1 bed · 1 bath,252182,Victoria,10/3/2010,"Buenos Aires, Argentina",within a few hours,100%,f,Villa Crespo,-34.59969,-58.4399,Entire rental unit,2,1 bath,1.0,3,365,103,11/3/2010,11/24/2023,4.62,"[-58.4399, -34.59969]",,,
61282,https://www.airbnb.com/rooms/61282,Loft in Buenos Aires · ?4.88 · 1 bedroom · 1 bed · 2 baths,296398,Alejandro,11/23/2010,"Buenos Aires, Argentina",within an hour,100%,f,Nuñez,-34.55396,-58.46753,Entire loft,2,2 baths,1.0,6,240,145,12/14/2010,11/14/2023,4.88,"[-58.46753, -34.55396]",36.0,USD,"['Hair dryer', 'Hot water', 'Essentials', 'Towels, bed sheets, soap, and toilet paper', 'Hangers', 'TV with standard cable', 'Air conditioning', 'Heating', 'Wifi', 'Kitchen', 'Space where guests can cook their own meals', 'Refrigerator', 'Microwave', 'Co"
65446,https://www.airbnb.com/rooms/65446,Condo in Buenos Aires · ?4.95 · 1 bedroom · 1 bed · 1.5 baths,319901,Ralf Dietmar,12/15/2010,"Buenos Aires, Argentina",within an hour,100%,t,Palermo,-34.58102,-58.42349,Entire condo,2,1.5 baths,1.0,3,180,191,8/13/2011,11/26/2023,4.95,"[-58.42349, -34.58102]",118.0,USD,"['City skyline view', 'Bathtub', 'Hair dryer', 'Cleaning products', 'Shampoo', 'Conditioner', 'Bidet', 'Hot water', 'Paid washer ? In building', 'Paid dryer ? In building', 'Essentials', 'Towels, bed sheets, soap, and toilet paper', 'Hangers', 'Bed linen"
65513,https://www.airbnb.com/rooms/65513,Rental unit in Buenos Aires · ?4.33 · 3 bedrooms · 3 beds · 1.5 baths,320183,Hortensia,12/16/2010,"Buenos Aires, Argentina",within an hour,100%,t,Retiro,-34.59849,-58.3774,Entire rental unit,5,1.5 baths,3.0,30,365,6,1/3/2013,8/31/2022,4.33,"[-58.3774, -34.59849]",74.0,USD,"['Bathtub', 'Cleaning products', 'Body soap', 'Bidet', 'Hot water', 'Washer', 'Essentials', 'Towels, bed sheets, soap, and toilet paper', 'Hangers', 'Bed linens', 'Extra pillows and blankets', 'Room-darkening shades', 'Iron', 'Drying rack for clothing', "
65519,https://www.airbnb.com/rooms/65519,Rental unit in Buenos Aires · ?4.75 · 3 bedrooms · 4 beds · 2 baths,320183,Hortensia,12/16/2010,"Buenos Aires, Argentina",within an hour,100%,t,Palermo,-34.56958,-58.42978,Entire rental unit,6,2 baths,4.0,12,100,24,1/14/2014,11/20/2023,4.75,"[-58.42978, -34.56958]",83.0,USD,"['City skyline view', 'Courtyard view', 'Bathtub', 'Body soap', 'Bidet', 'Hot water', 'Free washer ? In unit', 'Essentials', 'Towels, bed sheets, soap, and toilet paper', 'Hangers', 'Bed linens', 'Cotton linens', 'Extra pillows and blankets', 'Room-darke"
66939,https://www.airbnb.com/rooms/66939,Rental unit in Buenos Aires · ?4.93 · 1 bedroom · 1 bed · 1 bath,319901,Ralf Dietmar,12/15/2010,"Buenos Aires, Argentina",within an hour,100%,t,Palermo,-34.58267,-58.42497,Entire rental unit,2,1 bath,1.0,3,90,322,8/25/2011,12/15/2023,4.93,"[-58.42497, -34.58267]",79.0,USD,"['City skyline view', 'Bathtub', 'Hair dryer', 'Cleaning products', 'Shampoo', 'Conditioner', 'Bidet', 'Hot water', 'Paid washer ? In building', 'Paid dryer ? In building', 'Essentials', 'Towels, bed sheets, soap, and toilet paper', 'Hangers', 'Bed linen"
66940,https://www.airbnb.com/rooms/66940,Condo in Buenos Aires · ?4.93 · 1 bedroom · 1 bed · 1 bath,319901,Ralf Dietmar,12/15/2010,"Buenos Aires, Argentina",within an hour,100%,t,Palermo,-34.58272,-58.42382,Entire condo,2,1 bath,1.0,3,90,257,2/15/2012,12/23/2023,4.93,"[-58.42382, -34.58272]",64.0,USD,"['Pool view', 'Bathtub', 'Hair dryer', 'Cleaning products', 'Shampoo', 'Conditioner', 'Bidet', 'Hot water', 'Paid washer ? In building', 'Paid dryer ? In building', 'Essentials', 'Towels, bed sheets, soap, and toilet paper', 'Hangers', 'Bed linens', 'Roo"
68489,https://www.airbnb.com/rooms/68489,Rental unit in Buenos Aires · ?4.80 · 1 bedroom · 1 bed · 1 bath,4405670,Andy,12/14/2012,"Buenos Aires, Argentina",within an hour,100%,t,Palermo,-34.58045,-58.43208,Entire rental unit,3,1 bath,1.0,3,365,153,3/9/2011,4/9/2023,4.8,"[-58.43208, -34.58045]",85.0,USD,"['Bathtub', 'Cleaning products', 'Body soap', 'Bidet', 'Hot water', 'Free washer ? In building', 'Essentials', 'Towels, bed sheets, soap, and toilet paper', 'Hangers', 'Bed linens', 'Cotton linens', 'Extra pillows and blankets', 'Iron', 'Clothing storage"
68800,https://www.airbnb.com/rooms/68800,Rental unit in Buenos Aires · ?4.57 · 4 bedrooms · 6 beds · 5.5 baths,221405,Ximena,9/2/2010,"Buenos Aires, Argentina",within a few hours,100%,f,Recoleta,-34.59278,-58.3876,Entire rental unit,14,5.5 baths,6.0,2,1125,91,1/3/2013,12/10/2023,4.57,"[-58.3876, -34.59278]",379.0,USD,"['Bathtub', 'Hair dryer', 'Cleaning products', 'Shampoo', 'Body soap', 'Bidet', 'Outdoor shower', 'Hot water', 'Free washer ? In unit', 'Free dryer ? In building', 'Essentials', 'Towels, bed sheets, soap, and toilet paper', 'Hangers', 'Bed linens', 'Extr"
68868,https://www.airbnb.com/rooms/68868,Condo in Buenos Aires · ?4.96 · 1 bedroom · 1 bed · 1.5 baths,319901,Ralf Dietmar,12/15/2010,"Buenos Aires, Argentina",within an hour,100%,t,Palermo,-34.58165,-58.42527,Entire condo,2,1.5 baths,1.0,3,90,325,7/1/2011,12/18/2023,4.96,"[-58.42527, -34.58165]",138.0,USD,"['Bathtub', 'Hair dryer', 'Cleaning products', 'Shampoo', 'Conditioner', 'Bidet', 'Hot water', 'Paid washer ? In building', 'Paid dryer ? In building', 'Essentials', 'Towels, bed sheets, soap, and toilet paper', 'Hangers', 'Bed linens', 'Iron', 'TV with "
69063,https://www.airbnb.com/rooms/69063,Rental unit in Buenos Aires · ?4.67 · 1 bedroom · 3 beds · 1 bath,344599,Danilo,1/12/2011,"Buenos Aires, Argentina",within an hour,100%,f,Recoleta,-34.5956,-58.39573,Entire rental unit,4,1 bath,3.0,1,365,332,1/11/2012,12/10/2023,4.67,"[-58.39573, -34.5956]",28.0,USD,"['Courtyard view', 'Bathtub', 'Cleaning products', 'Shampoo', 'Conditioner', 'Body soap', 'Bidet', 'Hot water', 'Shower gel', 'Free washer ? In unit', 'Free dryer ? In unit', 'Essentials', 'Towels, bed sheets, soap, and toilet paper', 'Hangers', 'Bed lin"
69086,https://www.airbnb.com/rooms/69086,Loft in Buenos Aires · ?4.28 · 1 bedroom · 2 beds · 1 bath,64880,Elbio Mariano,12/21/2009,"Buenos Aires, Argentina",within an hour,100%,t,Monserrat,-34.61495,-58.37517,Entire loft,2,1 bath,2.0,2,1125,40,2/6/2013,11/15/2023,4.28,"[-58.37517, -34.61495]",34.0,USD,"['Bidet', 'Hot water', 'Essentials', 'Towels, bed sheets, soap, and toilet paper', 'Hangers', 'Bed linens', 'Iron', 'TV', 'Heating', 'Fire extinguisher', 'Wifi', 'Kitchen', 'Space where guests can cook their own meals', 'Refrigerator', 'Microwave', 'Cook"
69880,https://www.airbnb.com/rooms/69880,Rental unit in Buenos Aires · ?4.52 · 2 bedrooms · 3 beds · 2.5 baths,315089,Max,12/10/2010,"Buenos Aires, Argentina",within a day,100%,t,Palermo,-34.57797,-58.43821,Entire rental unit,4,2.5 baths,3.0,5,1125,32,4/2/2011,12/16/2023,4.52,"[-58.43821, -34.57797]",118.0,USD,"['Hair dryer', 'Washer', 'Dryer', 'Essentials', 'Towels, bed sheets, soap, and toilet paper', 'Hangers', 'Iron', 'TV with standard cable', 'Exercise equipment', 'Air conditioning', 'Heating', 'Wifi', 'Kitchen', 'Space where guests can cook their own meal"
70082,https://www.airbnb.com/rooms/70082,Rental unit in Buenos Aires · ?4.86 · 1 bedroom · 1 bed · 1 bath,353823,Maria De Los Angeles,1/19/2011,"Buenos Aires, Argentina",within a day,83%,t,Palermo,-34.56926,-58.4437,Entire rental unit,2,1 bath,1.0,20,365,46,4/4/2011,11/21/2023,4.86,"[-58.4437, -34.56926]",31.0,USD,"['Bathtub', 'Hair dryer', 'Cleaning products', 'Bidet', 'Hot water', 'Washer', 'Dryer', 'Essentials', 'Towels, bed sheets, soap, and toilet paper', 'Hangers', 'Bed linens', 'Cotton linens', 'Extra pillows and blankets', 'Room-darkening shades', 'Iron', '"
71801,https://www.airbnb.com/rooms/71801,Rental unit in Buenos Aires · ?4.55 · Studio · 1 bed · 1 bath,368954,Carlos,1/30/2011,"Buenos Aires, Argentina",a few days or more,33%,f,Recoleta,-34.59514,-58.39914,Entire rental unit,2,1 bath,1.0,3,90,104,3/5/2011,8/1/2023,4.55,"[-58.39914, -34.59514]",49.0,USD,"['Hair dryer', 'Dove body soap', 'Paid washer ? In building', 'Paid dryer ? In building', 'Essentials', 'Towels, bed sheets, soap, and toilet paper', 'Hangers', 'Bed linens', 'Room-darkening shades', 'Iron', 'Safe', '40 HDTV with premium cable', 'Sound s"
72204,https://www.airbnb.com/rooms/72204,Townhouse in Buenos Aires · ?4.98 · 4 bedrooms · 5 beds · 2 baths,373629,Daniel,2/1/2011,"Buenos Aires, Argentina",within a few hours,100%,t,Palermo,-34.5902,-58.42993,Entire townhouse,8,2 baths,5.0,3,1095,49,11/25/2015,12/20/2023,4.98,"[-58.42993, -34.5902]",308.0,USD,"['City skyline view', 'Courtyard view', 'Bathtub', 'Hair dryer', 'Cleaning products', 'Body soap', 'Bidet', 'Outdoor shower', 'Hot water', 'Free washer ? In unit', 'Free dryer ? In unit', 'Essentials', 'Towels, bed sheets, soap, and toilet paper', 'Hange"
73180,https://www.airbnb.com/rooms/73180,Rental unit in Buenos Aires · ?4.78 · 1 bedroom · 1 bed · 1 bath,161327,Mariano,7/8/2010,"Buenos Aires, Argentina",within an hour,100%,f,Palermo,-34.57213,-58.43294,Entire rental unit,3,1 bath,1.0,5,1125,60,3/6/2012,12/13/2023,4.78,"[-58.43294, -34.57213]",16.0,USD,"['Hair dryer', 'Hot water', 'Free washer â?? In unit', 'Essentials', 'Towels, bed sheets, soap, and toilet paper', 'Bed linens', 'Iron', 'TV with standard cable', 'Air conditioning', 'Heating', 'Wifi', 'Kitchen', 'Space where guests can cook their own me"
73680,https://www.airbnb.com/rooms/73680,Rental unit in Buenos Aires · ?4.13 · 1 bedroom · 2 beds · 1 bath,385499,Lujan,2/10/2011,"Madrid, Spain",within a day,100%,f,Palermo,-34.59518,-58.41949,Entire rental unit,2,1 bath,2.0,1,365,33,4/11/2011,11/26/2023,4.13,"[-58.41949, -34.59518]",31.0,USD,"['Bathtub', 'Cleaning products', 'Body soap', 'Hot water', 'Essentials', 'Towels, bed sheets, soap, and toilet paper', 'Bed linens', 'Cotton linens', 'Clothing storage: dresser', 'TV with standard cable', 'Air conditioning', 'Heating', 'Wifi', 'Kitchen',"
74383,https://www.airbnb.com/rooms/74383,Loft in Buenos Aires · ?4.94 · 2 bedrooms · 2 beds · 2.5 baths,319901,Ralf Dietmar,12/15/2010,"Buenos Aires, Argentina",within an hour,100%,t,Palermo,-34.58706,-58.43417,Entire loft,4,2.5 baths,2.0,3,60,160,9/12/2011,11/1/2023,4.94,"[-58.43417, -34.58706]",212.0,USD,"['Hair dryer', 'Shampoo', 'Hot water', 'Shower gel', 'Washer', 'Dryer', 'Essentials', 'Towels, bed sheets, soap, and toilet paper', 'Hangers', 'Bed linens', 'Extra pillows and blankets', 'Iron', 'TV with standard cable', 'Air conditioning', 'Heating', 'S"
75094,https://www.airbnb.com/rooms/75094,Rental unit in Buenos Aires · ?4.79 · 1 bedroom · 2 beds · 1.5 baths,161327,Mariano,7/8/2010,"Buenos Aires, Argentina",within an hour,100%,f,Recoleta,-34.58918,-58.39518,Entire rental unit,4,1.5 baths,2.0,5,1125,152,3/6/2011,12/9/2023,4.79,"[-58.39518, -34.58918]",34.0,USD,"['Hot water', 'Free washer â?? In unit', 'Essentials', 'Towels, bed sheets, soap, and toilet paper', 'Hangers', 'Iron', 'TV', 'Air conditioning', 'Heating', 'Wifi', 'Kitchen', 'Space where guests can cook their own meals', 'Refrigerator', 'Microwave', 'C"
75492,https://www.airbnb.com/rooms/75492,Loft in Buenos Aires · ?4.74 · 1 bedroom · 1 bed · 1 bath,400828,Jony,2/20/2011,"Buenos Aires, Argentina",within an hour,100%,f,Palermo,-34.589,-58.42024,Entire loft,2,1 bath,1.0,1,1125,369,1/3/2012,10/30/2023,4.74,"[-58.42024, -34.589]",36.0,USD,"['City skyline view', 'Bathtub', 'Hair dryer', 'Bidet', 'Hot water', 'Paid washer ? In building', 'Paid dryer ? In building', 'Essentials', 'Towels, bed sheets, soap, and toilet paper', 'Hangers', 'Bed linens', 'Room-darkening shades', 'Iron', 'Clothing "
75526,https://www.airbnb.com/rooms/75526,Condo in Buenos Aires · ?4.94 · 1 bedroom · 1 bed · 1 bath,319901,Ralf Dietmar,12/15/2010,"Buenos Aires, Argentina",within an hour,100%,t,Palermo,-34.58261,-58.42345,Entire condo,2,1 bath,1.0,3,180,150,6/30/2011,12/18/2023,4.94,"[-58.42345, -34.58261]",77.0,USD,"['Bathtub', 'Hair dryer', 'Cleaning products', 'Shampoo', 'Conditioner', 'Bidet', 'Hot water', 'Paid washer ? In building', 'Paid dryer ? In building', 'Essentials', 'Towels, bed sheets, soap, and toilet paper', 'Hangers', 'Bed linens', 'Iron', 'Drying r"
76005,https://www.airbnb.com/rooms/76005,Rental unit in Buenos Aires · ?5.0 · 1 bedroom · 1 bed · 1 bath,315089,Max,12/10/2010,"Buenos Aires, Argentina",within a day,100%,t,Recoleta,-34.59014,-58.39386,Entire rental unit,2,1 bath,1.0,5,365,9,8/30/2011,11/8/2023,5.0,"[-58.39386, -34.59014]",39.0,USD,"['Hot water', 'Essentials', 'Towels, bed sheets, soap, and toilet paper', 'Hangers', 'Bed linens', 'TV', 'Air conditioning', 'Heating', 'Wifi', 'Dedicated workspace', 'Kitchen', 'Space where guests can cook their own meals', 'Refrigerator', 'Dishes and s"
77404,https://www.airbnb.com/rooms/77404,Rental unit in Buenos Aires · ?4.76 · 2 bedrooms · 2 beds · 1.5 baths,161327,Mariano,7/8/2010,"Buenos Aires, Argentina",within an hour,100%,f,Palermo,-34.56692,-58.43324,Entire rental unit,3,1.5 baths,2.0,5,1125,43,2/26/2012,12/17/2023,4.76,"[-58.43324, -34.56692]",64.0,USD,"['Bathtub', 'Hair dryer', 'Cleaning products', 'Bidet', 'Hot water', 'Essentials', 'Towels, bed sheets, soap, and toilet paper', 'Hangers', 'Bed linens', 'Iron', 'Safe', 'TV', 'Air conditioning', 'Heating', 'Wifi', 'Dedicated workspace', 'In a room with "
77704,https://www.airbnb.com/rooms/77704,Rental unit in Buenos Aires · ?4.64 · 1 bedroom · 2 beds · 1 bath,417020,Jorge Fernando,3/1/2011,"Buenos Aires, Argentina",,,f,Palermo,-34.58236,-58.42726,Entire rental unit,2,1 bath,2.0,7,365,116,7/14/2011,3/22/2020,4.64,"[-58.42726, -34.58236]",,,
77994,https://www.airbnb.com/rooms/77994,Rental unit in Buenos Aires · ?3.83 · 1 bedroom · 2 beds · 0 baths,64880,Elbio Mariano,12/21/2009,"Buenos Aires, Argentina",within an hour,100%,t,San Telmo,-34.62014,-58.37371,Entire rental unit,3,0 baths,2.0,2,1125,6,9/10/2011,1/1/2023,3.83,"[-58.37371, -34.62014]",39.0,USD,"['Hot water', 'Essentials', 'Towels, bed sheets, soap, and toilet paper', 'Hangers', 'TV', 'Air conditioning', 'Heating', 'Fire extinguisher', 'Wifi', 'Kitchen', 'Space where guests can cook their own meals', 'Refrigerator', 'Microwave', 'Dishes and silv"
78005,https://www.airbnb.com/rooms/78005,Rental unit in Buenos Aires · ?4.13 · 2 bedrooms · 2 beds · 1 bath,64880,Elbio Mariano,12/21/2009,"Buenos Aires, Argentina",within an hour,100%,t,San Telmo,-34.61998,-58.37151,Entire rental unit,2,1 bath,2.0,2,1125,16,12/10/2011,11/9/2022,4.13,"[-58.37151, -34.61998]",39.0,USD,"['Hot water', 'Essentials', 'Towels, bed sheets, soap, and toilet paper', 'Hangers', 'TV', 'Air conditioning', 'Heating', 'Fire extinguisher', 'Wifi', 'Kitchen', 'Space where guests can cook their own meals', 'Refrigerator', 'Microwave', 'Dishes and silv"
78009,https://www.airbnb.com/rooms/78009,Rental unit in Buenos Aires · ?4.51 · 1 bedroom · 1 bed · 1 bath,64880,Elbio Mariano,12/21/2009,"Buenos Aires, Argentina",within an hour,100%,t,San Telmo,-34.61998,-58.37151,Entire rental unit,4,1 bath,1.0,2,1125,44,3/16/2011,10/14/2023,4.51,"[-58.37151, -34.61998]",49.0,USD,"['Hot water', 'Essentials', 'Towels, bed sheets, soap, and toilet paper', 'Hangers', 'TV', 'Air conditioning', 'Heating', 'Fire extinguisher', 'Wifi', 'Kitchen', 'Space where guests can cook their own meals', 'Refrigerator', 'Microwave', 'Cooking basics'"
78014,https://www.airbnb.com/rooms/78014,Rental unit in Buenos Aires · ?4.24 · 1 bedroom · 1 bed · 1 bath,64880,Elbio Mariano,12/21/2009,"Buenos Aires, Argentina",within an hour,100%,t,San Telmo,-34.61998,-58.37151,Entire rental unit,1,1 bath,1.0,2,365,24,7/28/2011,5/13/2019,4.24,"[-58.37151, -34.61998]",37.0,USD,"['Hot water', 'Essentials', 'Towels, bed sheets, soap, and toilet paper', 'Hangers', 'TV', 'Air conditioning', 'Heating', 'Fire extinguisher', 'Wifi', 'Kitchen', 'Space where guests can cook their own meals', 'Refrigerator', 'Microwave', 'Dishes and silv"
78068,https://www.airbnb.com/rooms/78068,Rental unit in Buenos Aires · ?4.61 · 1 bedroom · 2 beds · 1 bath,419383,Mariana Y Sebas,3/2/2011,"Buenos Aires, Argentina",within an hour,100%,t,Palermo,-34.58246,-58.4034,Entire rental unit,3,1 bath,2.0,3,90,23,4/4/2011,1/3/2023,4.61,"[-58.4034, -34.58246]",28.0,USD,"['Bathtub', 'Hair dryer', 'Cleaning products', 'Shampoo', 'Bidet', 'Hot water', 'Essentials', 'Towels, bed sheets, soap, and toilet paper', 'Hangers', 'Bed linens', 'Extra pillows and blankets', 'Room-darkening shades', 'Iron', 'Clothing storage', 'Ether"
78351,https://www.airbnb.com/rooms/78351,Condo in Buenos Aires · ?4.54 · 1 bedroom · 1 bed · 1.5 baths,420786,Carola,3/3/2011,"Buenos Aires, Argentina",within an hour,100%,t,Palermo,-34.5752,-58.43102,Entire condo,3,1.5 baths,1.0,30,730,13,3/7/2013,5/14/2023,4.54,"[-58.43102, -34.5752]",57.0,USD,"['Bathtub', 'Hair dryer', 'Cleaning products', 'Shampoo', 'Hot water', 'Washer', 'Dryer', 'Essentials', 'Towels, bed sheets, soap, and toilet paper', 'Hangers', 'Bed linens', 'Extra pillows and blankets', 'Room-darkening shades', 'Iron', 'Clothing storag"
78685,https://www.airbnb.com/rooms/78685,Rental unit in Buenos Aires · ?4.83 · 1 bedroom · 1 bed · 1 bath,419383,Mariana Y Sebas,3/2/2011,"Buenos Aires, Argentina",within an hour,100%,t,Recoleta,-34.58353,-58.40621,Entire rental unit,2,1 bath,1.0,3,1125,60,6/9/2011,11/27/2023,4.83,"[-58.40621, -34.58353]",40.0,USD,"['City skyline view', 'Hair dryer', 'Cleaning products', 'Shampoo', 'Conditioner', 'Body soap', 'Bidet', 'Hot water', 'Essentials', 'Towels, bed sheets, soap, and toilet paper', 'Hangers', 'Bed linens', 'Extra pillows and blankets', 'Room-darkening shade"
78703,https://www.airbnb.com/rooms/78703,Condo in Buenos Aires · ?4.76 · 1 bedroom · 1 bed · 1 bath,422878,Oscar Ricardo,3/4/2011,"Buenos Aires, Argentina",within an hour,100%,t,Recoleta,-34.59446,-58.39588,Entire condo,2,1 bath,1.0,2,180,201,12/20/2011,12/11/2023,4.76,"[-58.39588, -34.59446]",46.0,USD,"['Courtyard view', 'Garden view', 'Bathtub', 'Hair dryer', 'Hot water', 'Essentials', 'Towels, bed sheets, soap, and toilet paper', 'Hangers', 'Bed linens', 'Cotton linens', 'Extra pillows and blankets', 'Iron', 'Drying rack for clothing', 'Safe', 'Cloth"
79247,https://www.airbnb.com/rooms/79247,Rental unit in Buenos Aires · ?4.82 · 1 bedroom · 1 bed · 1 bath,426566,Egle,3/6/2011,,within an hour,100%,f,Boedo,-34.6212,-58.41753,Entire rental unit,2,1 bath,1.0,6,1125,61,4/11/2011,7/29/2023,4.82,"[-58.41753, -34.6212]",24.0,USD,"['Hot water', 'Essentials', 'Towels, bed sheets, soap, and toilet paper', 'Hangers', 'Bed linens', 'Extra pillows and blankets', 'TV', 'High chair', 'Air conditioning', 'Heating', 'Smoke alarm', 'Carbon monoxide alarm', 'Wifi', 'Kitchen', 'Space where gu"
79766,https://www.airbnb.com/rooms/79766,Condo in Buenos Aires · ?4.85 · 1 bedroom · 1 bed · 1 bath,422878,Oscar Ricardo,3/4/2011,"Buenos Aires, Argentina",within an hour,100%,t,Recoleta,-34.59118,-58.39664,Entire condo,3,1 bath,1.0,2,1125,213,4/30/2012,11/20/2023,4.85,"[-58.39664, -34.59118]",54.0,USD,"['Bathtub', 'Hair dryer', 'Bidet', 'Hot water', 'Essentials', 'Towels, bed sheets, soap, and toilet paper', 'Hangers', 'Bed linens', 'Extra pillows and blankets', 'Room-darkening shades', 'Iron', 'Drying rack for clothing', 'Safe', 'Clothing storage: clo"
81120,https://www.airbnb.com/rooms/81120,Serviced apartment in Buenos Aires · ?4.74 · 1 bedroom · 3 beds · 1 bath,439345,Marcelo,3/13/2011,,within an hour,100%,f,Monserrat,-34.61155319213867,-58.38185119628906,Entire serviced apartment,4,1 bath,3.0,1,1125,68,6/11/2022,12/23/2023,4.74,"[-58.38185119628906, -34.61155319213867]",24.0,USD,"['City skyline view', 'Bathtub', 'Hair dryer', 'Cleaning products', 'Todos los días el servicio de mucama pone uno nuevo shampoo', 'Todos los días el servicio de mucama pone uno nuevo conditioner', 'Todos los días el servicio de.mucamas pone uno nuevo bo"
81457,https://www.airbnb.com/rooms/81457,Condo in Buenos Aires · ?4.65 · 2 bedrooms · 3 beds · 2 baths,242257,Magalí,9/22/2010,"Barcelona, Spain",within a day,100%,f,Colegiales,-34.56805,-58.45261,Entire condo,4,2 baths,3.0,7,100,19,4/15/2011,4/9/2014,4.65,"[-58.45261, -34.56805]",147.0,USD,"['Washer', 'Dryer', 'TV with standard cable', 'Air conditioning', 'Heating', 'Wifi', 'Kitchen', 'Space where guests can cook their own meals', 'Pool', 'Elevator', 'The home or building has an elevator thatâ??s at least 52 inches deep and a doorway at lea"
82623,https://www.airbnb.com/rooms/82623,Rental unit in Buenos Aires · ?4.62 · Studio · 1 bed · 1 bath,449610,Antonio,3/18/2011,"London, United Kingdom",,,f,Colegiales,-34.5742,-58.45024,Entire rental unit,2,1 bath,1.0,5,1125,42,11/11/2015,12/19/2020,4.62,"[-58.45024, -34.5742]",26.0,USD,"['Hot water', 'Washer', 'Essentials', 'Towels, bed sheets, soap, and toilet paper', 'Bed linens', 'Ethernet connection', 'TV with standard cable', 'Air conditioning', 'Heating', 'Wifi', 'Kitchen', 'Space where guests can cook their own meals', 'Pool', 'E"
83035,https://www.airbnb.com/rooms/83035,Rental unit in Buenos Aires · ?4.67 · 1 bedroom · 1 bed · 1 bath,426566,Egle,3/6/2011,,within an hour,100%,f,Almagro,-34.62053,-58.41653,Entire rental unit,2,1 bath,1.0,5,365,50,4/25/2011,11/29/2023,4.67,"[-58.41653, -34.62053]",24.0,USD,"['Hot water', 'Washer', 'Essentials', 'Towels, bed sheets, soap, and toilet paper', 'Hangers', 'Bed linens', 'Extra pillows and blankets', 'TV with standard cable', 'High chair', 'Air conditioning', 'Heating', 'Smoke alarm', 'Carbon monoxide alarm', 'Wif"
83152,https://www.airbnb.com/rooms/83152,Condo in Buenos Aires · ?4.93 · 1 bedroom · 1 bed · 1 bath,319901,Ralf Dietmar,12/15/2010,"Buenos Aires, Argentina",within an hour,100%,t,Palermo,-34.58268,-58.42314,Entire condo,2,1 bath,1.0,3,180,126,6/6/2011,12/21/2023,4.93,"[-58.42314, -34.58268]",69.0,USD,"['City skyline view', 'Bathtub', 'Hair dryer', 'Cleaning products', 'Shampoo', 'Conditioner', 'Body soap', 'Bidet', 'Hot water', 'Paid washer', 'Essentials', 'Towels, bed sheets, soap, and toilet paper', 'Hangers', 'Bed linens', 'Room-darkening shades', "
83440,https://www.airbnb.com/rooms/83440,Rental unit in Buenos Aires · ?5.0 · 2 bedrooms · 2 beds · 1 bath,384997,Santiago,2/9/2011,"Buenos Aires, Argentina",within a few hours,100%,f,Recoleta,-34.59369,-58.41226,Entire rental unit,3,1 bath,2.0,30,1125,5,1/4/2012,4/9/2020,5.0,"[-58.41226, -34.59369]",51.0,USD,"['Bathtub', 'Hair dryer', 'Bidet', 'Hot water', 'Washer', 'Essentials', 'Towels, bed sheets, soap, and toilet paper', 'Bed linens', 'Extra pillows and blankets', 'Room-darkening shades', 'Iron', 'Clothing storage: closet', 'Ethernet connection', 'TV with"
84033,https://www.airbnb.com/rooms/84033,Rental unit in Buenos Aires · ?4.73 · 1 bedroom · 1 bed · 1 bath,458852,Maria,3/23/2011,"Madrid, Spain",within an hour,100%,t,Palermo,-34.58477,-58.42731,Entire rental unit,2,1 bath,1.0,2,1125,184,5/10/2011,12/11/2023,4.73,"[-58.42731, -34.58477]",64.0,USD,"['City skyline view', 'Hair dryer', 'Shampoo', 'Hot water', 'Paid washer ? In building', 'Paid dryer ? In building', 'Essentials', 'Towels, bed sheets, soap, and toilet paper', 'Hangers', 'Bed linens', 'Extra pillows and blankets', 'Iron', 'Ethernet conn"
84730,https://www.airbnb.com/rooms/84730,Rental unit in Buenos Aires · ?4.84 · 1 bedroom · 1 bed · 1 bath,426566,Egle,3/6/2011,,within an hour,100%,f,Almagro,-34.62053,-58.41653,Entire rental unit,2,1 bath,1.0,7,1124,83,1/7/2012,4/19/2023,4.84,"[-58.41653, -34.62053]",24.0,USD,"['Hot water', 'Essentials', 'Towels, bed sheets, soap, and toilet paper', 'Hangers', 'Bed linens', 'Extra pillows and blankets', 'TV with standard cable', 'High chair', 'Air conditioning', 'Heating', 'Smoke alarm', '?Hay detectores de humo en ascensores?"
84986,https://www.airbnb.com/rooms/84986,Rental unit in Buenos Aires · ?4.81 · 1 bedroom · 1 bed · 1.5 baths,454822,D. / Lola,3/21/2011,"Buenos Aires, Argentina",within a day,80%,f,Palermo,-34.57282,-58.42045,Private room in rental unit,1,1.5 baths,1.0,7,60,55,5/22/2011,9/30/2019,4.81,"[-58.42045, -34.57282]",14.0,USD,"['Bathtub', 'Hair dryer', 'Cleaning products', 'Liquid body wash. body soap', 'Bidet', 'Hot water', 'Shower gel', 'Free washer ? In unit', 'Essentials', 'Towels, bed sheets, soap, and toilet paper', 'Hangers', 'Bed linens', 'Cotton linens', 'Extra pillow"
85949,https://www.airbnb.com/rooms/85949,Rental unit in Buenos Aires · ?4.76 · 1 bedroom · 1 bath,426566,Egle,3/6/2011,,within an hour,100%,f,Almagro,-34.62053,-58.41653,Entire rental unit,2,1 bath,,6,1124,54,7/29/2011,12/9/2022,4.76,"[-58.41653, -34.62053]",28.0,USD,"['Hot water', 'Essentials', 'Towels, bed sheets, soap, and toilet paper', 'Hangers', 'Bed linens', 'Extra pillows and blankets', 'TV with standard cable', 'High chair', 'Air conditioning', 'Heating', 'Smoke alarm', 'Carbon monoxide alarm', 'Wifi', 'Pocke"
87828,https://www.airbnb.com/rooms/87828,Rental unit in Retiro · ?5.0 · 1 bedroom · 1 bed · 2 shared baths,480785,Isabel,4/3/2011,"Buenos Aires, Argentina",within a few hours,100%,f,Retiro,-34.59126,-58.38108,Private room in rental unit,1,2 shared baths,1.0,3,6,3,8/2/2019,11/13/2022,5.0,"[-58.38108, -34.59126]",11.0,USD,"['Hair dryer', 'Hot water', 'Washer', 'Essentials', 'Towels, bed sheets, soap, and toilet paper', 'Hangers', 'Bed linens', 'Extra pillows and blankets', 'Iron', 'Security cameras on property', 'el edif tiene personal en el horario de porteria incluso los"
92228,https://www.airbnb.com/rooms/92228,Rental unit in Buenos Aires · 2 bedrooms · 3 beds · 1 bath,494027,Mirta Susana,4/8/2011,"Buenos Aires, Argentina",within an hour,100%,f,Recoleta,-34.58509,-58.40465,Entire rental unit,4,1 bath,3.0,20,180,2,1/9/2020,3/31/2020,5.0,"[-58.40465, -34.58509]",79.0,USD,"['Hair dryer', 'Shampoo', 'Conditioner', 'Body soap', 'Hot water', 'Washer', 'Essentials', 'Towels, bed sheets, soap, and toilet paper', 'Hangers', 'Bed linens', 'Extra pillows and blankets', 'Room-darkening shades', 'Iron', 'TV with premium cable', 'Cri"
93174,https://www.airbnb.com/rooms/93174,Rental unit in Buenos Aires · ?4.81 · 1 bedroom · 2 beds · 1 shared bath,500210,Luciano,4/11/2011,"Buenos Aires, Argentina",within an hour,100%,t,Balvanera,-34.60299,-58.40194,Private room in rental unit,2,1 shared bath,2.0,2,730,17,11/11/2011,11/14/2023,4.81,"[-58.40194, -34.60299]",24.0,USD,"['Bathtub', 'Hair dryer', 'Cleaning products', 'Shampoo', 'Body soap', 'Bidet', 'Hot water', 'Paid washer ? In unit', 'Essentials', 'Towels, bed sheets, soap, and toilet paper', 'Hangers', 'Bed linens', 'Extra pillows and blankets', 'Room-darkening shade"
95579,https://www.airbnb.com/rooms/95579,Rental unit in Buenos Aires · ?4.57 · 1 bedroom · 1 bed · 1 bath,119613,Marcos,5/6/2010,"Buenos Aires, Argentina",within a few hours,100%,t,Palermo,-34.57481,-58.43487,Entire rental unit,3,1 bath,1.0,15,180,36,8/21/2012,6/15/2017,4.57,"[-58.43487, -34.57481]",52.0,USD,"['Hair dryer', 'Washer', 'Dryer', 'Essentials', 'Towels, bed sheets, soap, and toilet paper', 'Hangers', 'Iron', 'TV with standard cable', 'Air conditioning', 'Heating', 'Fire extinguisher', 'Wifi', 'Kitchen', 'Space where guests can cook their own meals"
96257,https://www.airbnb.com/rooms/96257,Rental unit in Buenos Aires · 1 bedroom · 2 beds · 1 bath,320183,Hortensia,12/16/2010,"Buenos Aires, Argentina",within an hour,100%,t,Retiro,-34.59805,-58.37717,Entire rental unit,3,1 bath,2.0,15,365,0,,,,"[-58.37717, -34.59805]",54.0,USD,"['Hot water', 'Washer', 'Essentials', 'Towels, bed sheets, soap, and toilet paper', 'Hangers', 'Bed linens', 'Extra pillows and blankets', 'Iron', 'TV with standard cable', 'Air conditioning', 'Heating', 'Wifi', 'Kitchen', 'Space where guests can cook th"
96490,https://www.airbnb.com/rooms/96490,Rental unit in Palermo · 1 bedroom · 1 bed · 1 private bath,512049,Cristina,4/15/2011,"Buenos Aires, Argentina",a few days or more,0%,f,Palermo,-34.58503,-58.41206,Private room in rental unit,1,1 private bath,1.0,7,30,1,1/15/2023,1/15/2023,5.0,"[-58.41206, -34.58503]",10.0,USD,"['Hair dryer', 'Shampoo', 'Hot water', 'Essentials', 'Towels, bed sheets, soap, and toilet paper', 'Hangers', 'Bed linens', 'Extra pillows and blankets', 'Iron', 'TV with standard cable', 'Air conditioning', 'Heating', 'Fire extinguisher', 'Wifi', 'Kitch"
96810,https://www.airbnb.com/rooms/96810,Rental unit in Buenos Aires · ?4.39 · 3 bedrooms · 3 beds · 2 baths,508291,Michele,4/14/2011,"Rome, Italy",within a day,50%,f,Retiro,-34.59357,-58.38703,Entire rental unit,5,2 baths,3.0,5,100,44,5/27/2014,11/18/2023,4.39,"[-58.38703, -34.59357]",80.0,USD,"['Hair dryer', 'Hot water', 'Essentials', 'Towels, bed sheets, soap, and toilet paper', 'Hangers', 'Bed linens', 'TV with standard cable', 'Air conditioning', 'Heating', 'Wifi', 'Kitchen', 'Space where guests can cook their own meals', 'Refrigerator', 'M"
97043,https://www.airbnb.com/rooms/97043,Rental unit in Buenos Aires · ?4.71 · 1 bedroom · 4 beds · 1.5 baths,514200,Ceferina De Jesus,4/16/2011,"Buenos Aires, Argentina",within a few hours,100%,f,San Nicolas,-34.60751,-58.38793,Entire rental unit,2,1.5 baths,4.0,28,90,16,5/1/2012,11/21/2022,4.71,"[-58.38793, -34.60751]",18.0,USD,"['City skyline view', 'Hair dryer', 'Cleaning products', 'Hot water', 'Free washer ? In unit', 'Essentials', 'Towels, bed sheets, soap, and toilet paper', 'Hangers', 'Bed linens', 'Extra pillows and blankets', 'Room-darkening shades', 'Iron', 'Drying rac"
99362,https://www.airbnb.com/rooms/99362,Rental unit in Buenos Aires · ?4.13 · 3 bedrooms · 4 beds · 2 baths,417090,Mateo,3/1/2011,"Buenos Aires, Argentina",within an hour,100%,t,Recoleta,-34.59183,-58.39529,Entire rental unit,5,2 baths,4.0,29,1125,23,4/16/2012,10/12/2023,4.13,"[-58.39529, -34.59183]",59.0,USD,"['Park view', 'Bathtub', 'Hair dryer', 'Cleaning products', 'Shampoo', 'Body soap', 'Bidet', 'Hot water', 'Free washer ? In unit', 'Essentials', 'Towels, bed sheets, soap, and toilet paper', 'Hangers', 'Bed linens', 'Cotton linens', 'Room-darkening shade"
100080,https://www.airbnb.com/rooms/100080,Rental unit in Buenos Aires · ?4.26 · 1 bedroom · 5 beds · 1 bath,526435,Laura,4/21/2011,"Buenos Aires, Argentina",within an hour,100%,f,San Nicolas,-34.604145,-58.388741,Entire rental unit,4,1 bath,5.0,3,1125,24,11/20/2012,12/4/2023,4.26,"[-58.388741, -34.604145]",38.0,USD,"['Bathtub', 'Hair dryer', 'Cleaning products', 'Conditioner', 'Body soap', 'Bidet', 'Hot water', 'Essentials', 'Towels, bed sheets, soap, and toilet paper', 'Hangers', 'Bed linens', 'Extra pillows and blankets', 'Room-darkening shades', 'Iron', 'Drying r"
104343,https://www.airbnb.com/rooms/104343,Aparthotel in Buenos Aires · ?4.91 · 1 bedroom · 2 beds · 1 private bath,542973,Stay,4/28/2011,"Los Angeles, CA",within an hour,100%,f,Puerto Madero,-34.6022,-58.35541,Room in aparthotel,2,1 private bath,2.0,1,1125,186,12/6/2011,8/26/2023,4.91,"[-58.35541, -34.6022]",,,
106475,https://www.airbnb.com/rooms/106475,Condo in Buenos Aires · ?4.85 · 2 bedrooms · 2 beds · 2 baths,547581,Carol,4/30/2011,"Buenos Aires, Argentina",within an hour,100%,t,Recoleta,-34.58842,-58.40928,Entire condo,4,2 baths,2.0,3,730,149,9/11/2011,11/28/2023,4.85,"[-58.40928, -34.58842]",138.0,USD,"['City skyline view', 'Courtyard view', 'Bathtub', 'Hair dryer', 'Cleaning products', 'Shampoo', 'Conditioner', 'Jabón pequeño cerrado body soap', 'Bidet', 'Hot water', 'Free washer ? In unit', 'Free dryer ? In unit', 'Essentials', 'Towels, bed sheets, s"
107259,https://www.airbnb.com/rooms/107259,Rental unit in Buenos Aires · ?4.58 · 1 bedroom · 9 beds · 1 bath,555693,Vittoria,5/3/2011,"Montevideo, Uruguay",within a few hours,100%,f,Balvanera,-34.60514,-58.3957,Entire rental unit,1,1 bath,9.0,1,10,38,6/18/2012,7/23/2023,4.58,"[-58.3957, -34.60514]",59.0,USD,"['Bathtub', 'Hair dryer', 'Body soap', 'Bidet', 'Hot water', 'Washer', 'Dryer', 'Essentials', 'Towels, bed sheets, soap, and toilet paper', 'Hangers', 'Bed linens', 'Extra pillows and blankets', 'Iron', 'TV with standard cable', 'Crib', 'Air conditioning"
108089,https://www.airbnb.com/rooms/108089,Rental unit in Buenos Aires · ?4.60 · 1 bedroom · 1 bed · 1 bath,559463,Martin,5/5/2011,"Buenos Aires, Argentina",within an hour,100%,t,Palermo,-34.58648,-58.4243,Entire rental unit,3,1 bath,1.0,3,1125,102,7/10/2013,11/26/2023,4.6,"[-58.4243, -34.58648]",36.0,USD,"['City skyline view', 'Bathtub', 'Hair dryer', 'Cleaning products', 'Shampoo', 'Body soap', 'Bidet', 'Hot water', 'Essentials', 'Towels, bed sheets, soap, and toilet paper', 'Hangers', 'Bed linens', 'Extra pillows and blankets', 'Room-darkening shades', "
111501,https://www.airbnb.com/rooms/111501,Rental unit in Buenos Aires · ?4.79 · Studio · 2 beds · 1 bath,570921,Emilce,5/9/2011,"Buenos Aires, Argentina",within an hour,100%,t,Palermo,-34.57901,-58.41283,Entire rental unit,4,1 bath,2.0,4,730,153,8/3/2011,12/9/2023,4.79,"[-58.41283, -34.57901]",47.0,USD,"['Bathtub', 'Hair dryer', 'Shampoo', 'Conditioner', 'Dove body soap', 'Bidet', 'Hot water', 'Paid washer â?? In building', 'Paid dryer â?? In building', 'Essentials', 'Towels, bed sheets, soap, and toilet paper', 'Hangers', 'Bed linens', 'Extra pillows a"
111934,https://www.airbnb.com/rooms/111934,Rental unit in Buenos Aires · ?4.76 · Studio · 1 bed · 1 bath,570921,Emilce,5/9/2011,"Buenos Aires, Argentina",within an hour,100%,t,Palermo,-34.58199,-58.42776,Entire rental unit,2,1 bath,1.0,4,730,123,5/23/2011,12/20/2023,4.76,"[-58.42776, -34.58199]",39.0,USD,"['Bathtub', 'Hair dryer', 'Shampoo', 'Dove body soap', 'Bidet', 'Hot water', 'Paid washer â?? In building', 'Paid dryer â?? In building', 'Essentials', 'Towels, bed sheets, soap, and toilet paper', 'Hangers', 'Room-darkening shades', 'Iron', 'TV with sta"
117548,https://www.airbnb.com/rooms/117548,Rental unit in Buenos Aires · ?5.0 · 2 bedrooms · 2 beds · 1.5 baths,454822,D. / Lola,3/21/2011,"Buenos Aires, Argentina",within a day,80%,f,Palermo,-34.57271,-58.41893,Entire rental unit,3,1.5 baths,2.0,5,180,4,7/20/2023,11/2/2023,5.0,"[-58.41893, -34.57271]",44.0,USD,"['Courtyard view', 'Bathtub', 'Hair dryer', 'Cleaning products', 'Bidet', 'Hot water', 'Free washer ? In unit', 'Essentials', 'Towels, bed sheets, soap, and toilet paper', 'Hangers', 'Bed linens', 'Extra pillows and blankets', 'Room-darkening shades', 'I"
118069,https://www.airbnb.com/rooms/118069,Rental unit in Buenos Aires · ?4.55 · 1 bedroom · 1 bed · 1.5 baths,530261,Luciano,4/23/2011,"Buenos Aires, Argentina",within an hour,100%,t,Palermo,-34.57978,-58.43223,Entire rental unit,3,1.5 baths,1.0,14,1125,21,3/4/2012,5/31/2022,4.55,"[-58.43223, -34.57978]",66.0,USD,"['Hair dryer', 'Shampoo', 'Washer', 'Dryer', 'Essentials', 'Towels, bed sheets, soap, and toilet paper', 'Hangers', 'Iron', 'TV with standard cable', 'Air conditioning', 'Heating', 'Smoke alarm', 'Carbon monoxide alarm', 'Wifi', 'Dedicated workspace', 'K"
118070,https://www.airbnb.com/rooms/118070,Rental unit in Buenos Aires · ?4.78 · 1 bedroom · 2 beds · 1 bath,530261,Luciano,4/23/2011,"Buenos Aires, Argentina",within an hour,100%,t,Palermo,-34.58104,-58.42484,Entire rental unit,3,1 bath,2.0,7,1125,56,10/18/2011,11/20/2023,4.78,"[-58.42484, -34.58104]",48.0,USD,"['City skyline view', 'Bathtub', 'Hair dryer', 'Cleaning products', 'Shampoo', 'Body soap', 'Bidet', 'Hot water', 'Washer', 'Dryer', 'Essentials', 'Towels, bed sheets, soap, and toilet paper', 'Hangers', 'Bed linens', 'Extra pillows and blankets', 'Room-"
118877,https://www.airbnb.com/rooms/118877,Loft in Buenos Aires · ?4.75 · 1 bedroom · 1 bed · 1 bath,600320,Roxana,5/18/2011,"Buenos Aires, Argentina",within an hour,100%,t,Palermo,-34.57734,-58.4379,Entire loft,2,1 bath,1.0,2,60,52,10/17/2011,12/10/2023,4.75,"[-58.4379, -34.57734]",34.0,USD,"['Bathtub', 'Hair dryer', 'Jabon body soap', 'Bidet', 'Hot water', 'Essentials', 'Towels, bed sheets, soap, and toilet paper', 'Hangers', 'Bed linens', 'Cotton linens', 'Extra pillows and blankets', 'Room-darkening shades', 'Clothing storage: closet', '3"
120874,https://www.airbnb.com/rooms/120874,Rental unit in Buenos Aires · ?4.79 · 1 bedroom · 1 bed · 1.5 baths,530261,Luciano,4/23/2011,"Buenos Aires, Argentina",within an hour,100%,t,Recoleta,-34.58991,-58.39931,Entire rental unit,3,1.5 baths,1.0,7,1125,15,6/21/2011,10/6/2023,4.79,"[-58.39931, -34.58991]",47.0,USD,"['Hair dryer', 'Cleaning products', 'Shampoo', 'Bidet', 'Hot water', 'Washer', 'Free dryer ? In unit', 'Essentials', 'Towels, bed sheets, soap, and toilet paper', 'Hangers', 'Bed linens', 'Cotton linens', 'Extra pillows and blankets', 'Room-darkening sha"
122907,https://www.airbnb.com/rooms/122907,Rental unit in Buenos Aires · ?4.68 · 1 bedroom · 1 bed · 1 bath,426566,Egle,3/6/2011,,within an hour,100%,f,Almagro,-34.61982,-58.4166,Entire rental unit,2,1 bath,1.0,5,1125,35,8/11/2011,4/8/2023,4.68,"[-58.4166, -34.61982]",24.0,USD,"['City skyline view', 'Courtyard view', 'Hot water', 'Essentials', 'Towels, bed sheets, soap, and toilet paper', 'Hangers', 'Bed linens', 'Extra pillows and blankets', 'TV with standard cable', 'High chair', 'Air conditioning', 'Heating', 'Smoke alarm', "
129681,https://www.airbnb.com/rooms/129681,Rental unit in Ciudad autónoma de Buenos Aires · ?4.71 · 1 bedroom · 2 beds · 1 bath,638545,Luisa,5/29/2011,"Buenos Aires, Argentina",within an hour,100%,f,Belgrano,-34.55601,-58.45717,Entire rental unit,2,1 bath,2.0,7,90,14,9/17/2013,8/11/2018,4.71,"[-58.45717, -34.55601]",36.0,USD,"['Hair dryer', 'Hot water', 'Essentials', 'Towels, bed sheets, soap, and toilet paper', 'Hangers', 'Iron', 'TV', 'Air conditioning', 'Heating', 'Smoke alarm', 'Fire extinguisher', 'Wifi', 'Dedicated workspace', 'In a room with a door', 'Kitchen', 'Space "
129932,https://www.airbnb.com/rooms/129932,Condo in Buenos Aires · ?4.90 · 1 bedroom · 1 bed · 1 bath,319901,Ralf Dietmar,12/15/2010,"Buenos Aires, Argentina",within an hour,100%,t,Palermo,-34.5813,-58.42488,Entire condo,2,1 bath,1.0,4,180,142,7/27/2011,12/7/2023,4.9,"[-58.42488, -34.5813]",75.0,USD,"['Bathtub', 'Hair dryer', 'Cleaning products', 'Shampoo', 'Conditioner', 'Bidet', 'Hot water', 'Paid washer ? In building', 'Paid dryer ? In building', 'Essentials', 'Towels, bed sheets, soap, and toilet paper', 'Hangers', 'Bed linens', 'Room-darkening s"
130248,https://www.airbnb.com/rooms/130248,Rental unit in Buenos Aires · ?4.62 · 1 bedroom · 1 bed · 1 bath,641573,Paula,5/30/2011,,within an hour,100%,f,Palermo,-34.57717,-58.41138,Entire rental unit,2,1 bath,1.0,2,180,128,3/4/2013,12/21/2023,4.62,"[-58.41138, -34.57717]",19.0,USD,"['Hot water', 'Essentials', 'Towels, bed sheets, soap, and toilet paper', 'Hangers', 'Bed linens', 'Extra pillows and blankets', 'TV with standard cable', 'Air conditioning', 'Heating', 'Wifi', 'Kitchen', 'Space where guests can cook their own meals', 'R"
130275,https://www.airbnb.com/rooms/130275,Rental unit in Buenos Aires · ?4.56 · 1 bedroom · 1 bed · 1 bath,641573,Paula,5/30/2011,,within an hour,100%,f,Palermo,-34.5771,-58.41134,Entire rental unit,2,1 bath,1.0,2,180,16,8/5/2013,2/17/2022,4.56,"[-58.41134, -34.5771]",23.0,USD,"['Hot water', 'Essentials', 'Towels, bed sheets, soap, and toilet paper', 'Hangers', 'TV with standard cable', 'Air conditioning', 'Heating', 'Wifi', 'Kitchen', 'Space where guests can cook their own meals', 'Refrigerator', 'Microwave', 'Dishes and silve"
130424,https://www.airbnb.com/rooms/130424,Rental unit in Buenos Aires · ?4.89 · 1 bedroom · 1 bed · 1 bath,642182,Aike,5/30/2011,"Buenos Aires, Argentina",,,f,Palermo,-34.57896,-58.43448,Entire rental unit,2,1 bath,1.0,7,90,9,11/1/2011,12/31/2012,4.89,"[-58.43448, -34.57896]",49.0,USD,"['Bathtub', 'Cleaning products', 'Body soap', 'Bidet', 'Hot water', 'Free washer â?? In building', 'Paid dryer â?? In building', 'Essentials', 'Towels, bed sheets, soap, and toilet paper', 'Hangers', 'Bed linens', 'Extra pillows and blankets', 'Room-dark"
131145,https://www.airbnb.com/rooms/131145,Home in Buenos Aires · ?4.77 · 1 bedroom · 1 bed · 1.5 shared baths,645495,Viviana,5/31/2011,"Buenos Aires, Argentina",within a few hours,100%,f,Almagro,-34.60728,-58.41949,Private room in home,1,1.5 shared baths,1.0,15,1125,46,7/25/2011,12/13/2023,4.77,"[-58.41949, -34.60728]",10.0,USD,"['Hair dryer', 'Hot water', 'Essentials', 'Towels, bed sheets, soap, and toilet paper', 'Hangers', 'Iron', 'TV with standard cable', 'Heating', 'Lock on bedroom door', 'Wifi', 'Dedicated workspace', 'In a room with a door', 'Kitchen', 'Space where guests"
132298,https://www.airbnb.com/rooms/132298,Condo in Buenos Aires · ?4.89 · 1 bedroom · 1 bed · 1 bath,319901,Ralf Dietmar,12/15/2010,"Buenos Aires, Argentina",within an hour,100%,t,Recoleta,-34.59495,-58.4044,Entire condo,2,1 bath,1.0,5,180,132,9/27/2011,11/12/2023,4.89,"[-58.4044, -34.59495]",45.0,USD,"['Hair dryer', 'Shampoo', 'Hot water', 'Washer', 'Dryer', 'Essentials', 'Towels, bed sheets, soap, and toilet paper', 'Hangers', 'Bed linens', 'Iron', 'TV with standard cable', 'Air conditioning', 'Heating', 'Fire extinguisher', 'First aid kit', 'Wifi', "
133043,https://www.airbnb.com/rooms/133043,Rental unit in Buenos Aires · ?4.59 · 1 bedroom · 1 bed · 1 bath,530261,Luciano,4/23/2011,"Buenos Aires, Argentina",within an hour,100%,t,Recoleta,-34.59234,-58.39956,Entire rental unit,2,1 bath,1.0,7,1125,22,3/18/2014,4/30/2023,4.59,"[-58.39956, -34.59234]",64.0,USD,"['Hair dryer', 'Body soap', 'Hot water', 'Washer', 'Dryer', 'Essentials', 'Towels, bed sheets, soap, and toilet paper', 'Hangers', 'Bed linens', 'Iron', 'TV with standard cable', 'Pack ?n play/Travel crib', 'Board games', 'Air conditioning', 'Heating', '"
133654,https://www.airbnb.com/rooms/133654,Rental unit in Buenos Aires · ?4.76 · 1 bedroom · 1 bed · 1 bath,426566,Egle,3/6/2011,,within an hour,100%,f,Almagro,-34.62053,-58.41653,Entire rental unit,2,1 bath,1.0,7,1125,71,6/27/2011,11/12/2023,4.76,"[-58.41653, -34.62053]",28.0,USD,"['Hot water', 'Essentials', 'Towels, bed sheets, soap, and toilet paper', 'Hangers', 'Bed linens', 'Extra pillows and blankets', 'TV with standard cable', 'High chair', 'Air conditioning', 'Heating', 'Smoke alarm', 'Carbon monoxide alarm', 'Wifi', 'Pocke"
136986,https://www.airbnb.com/rooms/136986,Condo in Buenos Aires · ?4.91 · 1 bedroom · 1 bed · 1 bath,319901,Ralf Dietmar,12/15/2010,"Buenos Aires, Argentina",within an hour,100%,t,Palermo,-34.58114,-58.42513,Entire condo,2,1 bath,1.0,3,180,182,8/2/2011,11/21/2023,4.91,"[-58.42513, -34.58114]",99.0,USD,"['River view', 'City skyline view', 'Hair dryer', 'Cleaning products', 'Shampoo', 'Conditioner', 'Bidet', 'Hot water', 'Paid washer ? In building', 'Paid dryer ? In building', 'Essentials', 'Towels, bed sheets, soap, and toilet paper', 'Hangers', 'Bed li"
137017,https://www.airbnb.com/rooms/137017,Condo in Buenos Aires · ?4.93 · 1 bedroom · 1 bed · 1 bath,319901,Ralf Dietmar,12/15/2010,"Buenos Aires, Argentina",within an hour,100%,t,Palermo,-34.58277,-58.42539,Entire condo,2,1 bath,1.0,4,180,250,9/19/2011,12/17/2023,4.93,"[-58.42539, -34.58277]",80.0,USD,"['City skyline view', 'Hair dryer', 'Shampoo', 'Hot water', 'Washer', 'Dryer', 'Essentials', 'Towels, bed sheets, soap, and toilet paper', 'Hangers', 'Iron', 'TV with standard cable', 'Air conditioning', 'Heating', 'Smoke alarm', 'Carbon monoxide alarm',"
138690,https://www.airbnb.com/rooms/138690,Rental unit in Buenos Aires · ?4.57 · Studio · 1 bed · 1 bath,676972,Fabiana,6/7/2011,"Buenos Aires, Argentina",within an hour,100%,f,Recoleta,-34.59101,-58.39455,Entire rental unit,2,1 bath,1.0,2,92,275,7/8/2011,12/6/2023,4.57,"[-58.39455, -34.59101]",25.0,USD,"['Bathtub', 'Hair dryer', 'Cleaning products', 'Shampoo', 'Estándar body soap', 'Bidet', 'Hot water', 'Essentials', 'Towels, bed sheets, soap, and toilet paper', 'Hangers', 'Bed linens', 'Extra pillows and blankets', 'Room-darkening shades', 'Iron', 'Clo"
143173,https://www.airbnb.com/rooms/143173,Rental unit in Buenos Aires · 1 bedroom · 1 bed · 1 bath,499278,Nicolas,4/10/2011,"Buenos Aires, Argentina",a few days or more,0%,f,Balvanera,-34.60929,-58.4031,Private room in rental unit,1,1 bath,1.0,5,200,0,,,,"[-58.4031, -34.60929]",30.0,USD,"['Shampoo', 'Washer', 'Dryer', 'Essentials', 'Towels, bed sheets, soap, and toilet paper', 'TV with standard cable', 'Air conditioning', 'Heating', 'Wifi', 'Kitchen', 'Space where guests can cook their own meals', 'Elevator', 'The home or building has an"
144827,https://www.airbnb.com/rooms/144827,Rental unit in Buenos Aires · ?4.71 · 1 bedroom · 1 bed · 1 bath,319901,Ralf Dietmar,12/15/2010,"Buenos Aires, Argentina",within an hour,100%,t,Recoleta,-34.59491,-58.40497,Entire rental unit,2,1 bath,1.0,4,180,51,11/1/2011,6/2/2022,4.71,"[-58.40497, -34.59491]",69.0,USD,"['City skyline view', 'Hair dryer', 'Washer', 'Dryer', 'Essentials', 'Towels, bed sheets, soap, and toilet paper', 'Hangers', 'Iron', 'TV with standard cable', 'Air conditioning', 'Heating', 'Fire extinguisher', 'First aid kit', 'Wifi', 'Kitchen', 'Space"
150594,https://www.airbnb.com/rooms/150594,Rental unit in Buenos Aires · 1 bedroom · 1 bed,716702,Eugenia,6/18/2011,"Buenos Aires, Argentina",,,f,Parque Chacabuco,-34.63439,-58.44441,Private room in rental unit,1,,1.0,7,15,0,,,,"[-58.44441, -34.63439]",149.0,USD,[]
154427,https://www.airbnb.com/rooms/154427,Rental unit in Buenos Aires · ?4.70 · 1 bedroom · 1 bed · 1 bath,426566,Egle,3/6/2011,,within an hour,100%,f,Almagro,-34.62053,-58.41653,Entire rental unit,2,1 bath,1.0,5,730,76,11/7/2011,12/1/2023,4.7,"[-58.41653, -34.62053]",27.0,USD,"['Hot water', 'Essentials', 'Towels, bed sheets, soap, and toilet paper', 'Hangers', 'Bed linens', 'Extra pillows and blankets', 'TV with standard cable', 'High chair', 'Air conditioning', 'Heating', 'Smoke alarm', 'Carbon monoxide alarm', 'Wifi', 'Pocke"
154430,https://www.airbnb.com/rooms/154430,Rental unit in Buenos Aires · 1 bedroom · 2 beds · 1 bath,742738,Martin,6/25/2011,"Buenos Aires, Argentina",,,f,Palermo,-34.59387,-58.41445,Entire rental unit,2,1 bath,2.0,30,730,2,1/10/2012,6/1/2021,4.0,"[-58.41445, -34.59387]",18.0,USD,"['TV with standard cable', 'Air conditioning', 'Heating', 'Wifi', 'Kitchen', 'Space where guests can cook their own meals', 'Elevator', 'The home or building has an elevator thatâ??s at least 52 inches deep and a doorway at least 32 inches wide.']"
154548,https://www.airbnb.com/rooms/154548,Loft in Buenos Aires · ?4.93 · Studio · 1 bed · 1 bath,576398,Florencia,5/10/2011,"Buenos Aires, Argentina",within an hour,100%,t,Recoleta,-34.59575,-58.40686,Entire loft,2,1 bath,1.0,2,120,447,1/7/2012,12/4/2023,4.93,"[-58.40686, -34.59575]",37.0,USD,"['Bathtub', 'Hair dryer', 'Cleaning products', 'Shampoo', 'Conditioner', 'Body soap', 'Hot water', 'Essentials', 'Towels, bed sheets, soap, and toilet paper', 'Hangers', 'Bed linens', 'Cotton linens', 'Extra pillows and blankets', 'Room-darkening shades'"
154767,https://www.airbnb.com/rooms/154767,Rental unit in Buenos Aires · ?4.71 · 1 bedroom · 1 bed · 1 bath,426566,Egle,3/6/2011,,within an hour,100%,f,Almagro,-34.6202,-58.41543,Entire rental unit,2,1 bath,1.0,5,99999,46,7/28/2011,11/22/2023,4.71,"[-58.41543, -34.6202]",28.0,USD,"['Cleaning products', 'Hot water', 'Essentials', 'Towels, bed sheets, soap, and toilet paper', 'Hangers', 'Bed linens', 'Extra pillows and blankets', 'TV with standard cable', 'High chair', 'Air conditioning', 'Heating', 'Smoke alarm', 'Carbon monoxide a"
158056,https://www.airbnb.com/rooms/158056,Rental unit in Buenos Aires · ?4.82 · 1 bedroom · 1 bed · 1 bath,758728,Mauricio,6/29/2011,"Buenos Aires, Argentina",within an hour,100%,t,Palermo,-34.58207,-58.42094,Entire rental unit,2,1 bath,1.0,5,1124,66,12/13/2012,7/20/2023,4.82,"[-58.42094, -34.58207]",51.0,USD,"['Hair dryer', 'Shampoo', 'Hot water', 'Essentials', 'Towels, bed sheets, soap, and toilet paper', 'Hangers', 'Bed linens', 'Extra pillows and blankets', 'Iron', 'Ethernet connection', '40 HDTV with standard cable', 'Crib', 'AC - split type ductless syst"
159585,https://www.airbnb.com/rooms/159585,Rental unit in Buenos Aires · ?4.86 · 1 bedroom · 2 beds · 1 bath,772165,Jorge,7/3/2011,"Buenos Aires, Argentina",within an hour,100%,t,Recoleta,-34.59316,-58.40053,Entire rental unit,3,1 bath,2.0,3,90,17,7/26/2011,8/7/2023,4.86,"[-58.40053, -34.59316]",38.0,USD,"['Hair dryer', 'Shampoo', 'Hot water', 'Essentials', 'Towels, bed sheets, soap, and toilet paper', 'Hangers', 'Bed linens', 'Extra pillows and blankets', 'Iron', 'TV with standard cable', 'Air conditioning', 'Heating', 'Smoke alarm', 'Wifi', 'Dedicated w"
160611,https://www.airbnb.com/rooms/160611,Rental unit in Buenos Aires · ?5.0 · 1 bedroom · 1 bed · 1 shared bath,769336,Natalia,7/2/2011,"Buenos Aires, Argentina",within a day,75%,f,Palermo,-34.56526,-58.4334,Private room in rental unit,1,1 shared bath,1.0,1,2,9,3/21/2017,11/6/2022,5.0,"[-58.4334, -34.56526]",130.0,USD,"['Hair dryer', 'Shampoo', 'Hot water', 'Washer', 'Dryer', 'Essentials', 'Towels, bed sheets, soap, and toilet paper', 'Iron', 'TV with standard cable', 'Childrenâ??s dinnerware', 'Air conditioning', 'Heating', 'Lock on bedroom door', 'Carbon monoxide ala"
161463,https://www.airbnb.com/rooms/161463,Condo in Buenos Aires · ?4.90 · 2 bedrooms · 2 beds · 2 baths,319901,Ralf Dietmar,12/15/2010,"Buenos Aires, Argentina",within an hour,100%,t,Palermo,-34.58101,-58.42503,Entire condo,4,2 baths,2.0,3,180,189,9/4/2012,11/15/2023,4.9,"[-58.42503, -34.58101]",182.0,USD,"['Bathtub', 'Hair dryer', 'Cleaning products', 'Shampoo', 'Bidet', 'Hot water', 'Paid washer ? In building', 'Paid dryer ? In building', 'Essentials', 'Towels, bed sheets, soap, and toilet paper', 'Hangers', 'Bed linens', 'Room-darkening shades', 'Iron',"
166846,https://www.airbnb.com/rooms/166846,Rental unit in Buenos Aires · ?4.79 · 2 bedrooms · 2 beds · 3 baths,794906,Jesse,7/8/2011,"Buenos Aires, Argentina",within an hour,100%,t,Villa Crespo,-34.59161,-58.44006,Entire rental unit,4,3 baths,2.0,5,180,82,7/26/2011,11/13/2023,4.79,"[-58.44006, -34.59161]",97.0,USD,"['City skyline view', 'Courtyard view', 'Bathtub', 'Hair dryer', 'Cleaning products', 'Body soap', 'Bidet', 'Hot water', 'Free washer ? In unit', 'Essentials', 'Towels, bed sheets, soap, and toilet paper', 'Hangers', 'Bed linens', 'Extra pillows and blan"
168298,https://www.airbnb.com/rooms/168298,Condo in Buenos Aires · ?4.79 · 2 bedrooms · 1.5 baths,802023,Ana,7/10/2011,"Buenos Aires, Argentina",within a few hours,100%,f,Balvanera,-34.60554105528093,-58.39379478509852,Entire condo,4,1.5 baths,,4,365,18,1/2/2012,11/30/2018,4.79,"[-58.39379478509852, -34.60554105528093]",39.0,USD,"['Hair dryer', 'Shampoo', 'Hot water', 'Essentials', 'Towels, bed sheets, soap, and toilet paper', 'Hangers', 'Iron', '32 TV', 'Children?s books and toys', 'Air conditioning', 'Heating', 'Wifi', 'Kitchen', 'Space where guests can cook their own meals', '"
169300,https://www.airbnb.com/rooms/169300,Condo in Buenos Aires · ?4.94 · 1 bedroom · 1 bed · 1 bath,806757,Tomas,7/11/2011,"Buenos Aires, Argentina",within an hour,100%,t,Palermo,-34.57831573486328,-58.43024826049805,Entire condo,2,1 bath,1.0,4,1125,47,9/27/2016,12/8/2023,4.94,"[-58.43024826049805, -34.57831573486328]",30.0,USD,"['Hair dryer', 'Cleaning products', 'Shampoo', 'Body soap', 'Hot water', 'Essentials', 'Towels, bed sheets, soap, and toilet paper', 'Hangers', 'Bed linens', 'Extra pillows and blankets', 'Room-darkening shades', 'Iron', 'Clothing storage: wardrobe', '43"
172118,https://www.airbnb.com/rooms/172118,Loft in Buenos Aires · ?4.79 · 2 bedrooms · 3 beds · 2 baths,791090,Jamais,7/7/2011,"Florida, United States",within an hour,100%,t,Palermo,-34.58735,-58.42186,Entire loft,4,2 baths,3.0,4,365,89,10/19/2011,11/15/2023,4.79,"[-58.42186, -34.58735]",108.0,USD,"['Courtyard view', 'Hair dryer', 'Hot water', 'Essentials', 'Towels, bed sheets, soap, and toilet paper', 'Hangers', 'Bed linens', 'Extra pillows and blankets', 'Iron', 'TV with Netflix, Roku, standard cable', 'AC - split type ductless system', 'Heating'"
172135,https://www.airbnb.com/rooms/172135,Rental unit in Buenos Aires · ?4.88 · 1 bedroom · 2 beds · 1 bath,523775,Silvia  Diana,4/20/2011,"Buenos Aires, Argentina",within an hour,100%,f,Recoleta,-34.58983,-58.39786,Entire rental unit,2,1 bath,2.0,3,365,102,10/20/2011,12/7/2023,4.88,"[-58.39786, -34.58983]",38.0,USD,"['Bathtub', 'Hair dryer', 'Cleaning products', 'Shampoo', 'SHAMPOO PARA MANOS Y CUERPO body soap', 'Bidet', 'Hot water', 'Shower gel', 'Essentials', 'Towels, bed sheets, soap, and toilet paper', 'Hangers', 'Bed linens', 'Extra pillows and blankets', 'Roo"
175005,https://www.airbnb.com/rooms/175005,Rental unit in Buenos Aires · ?4.80 · 1 bedroom · 1 bed · 1 bath,836368,Daniele,7/18/2011,"Buenos Aires, Argentina",within an hour,100%,t,Palermo,-34.5862,-58.42465,Entire rental unit,2,1 bath,1.0,3,30,226,9/4/2011,12/23/2023,4.8,"[-58.42465, -34.5862]",16.0,USD,"['Hair dryer', 'Cleaning products', 'Conditioner', 'Body soap', 'Bidet', 'Hot water', 'Shower gel', 'Essentials', 'Towels, bed sheets, soap, and toilet paper', 'Hangers', 'Bed linens', 'Extra pillows and blankets', 'Room-darkening shades', 'Iron', 'Dryin"
175081,https://www.airbnb.com/rooms/175081,Rental unit in Buenos Aires · ?4.82 · 1 bedroom · 1 bed · 1 bath,836368,Daniele,7/18/2011,"Buenos Aires, Argentina",within an hour,100%,t,Palermo,-34.589257,-58.41956,Entire rental unit,2,1 bath,1.0,3,30,169,2/7/2012,12/17/2023,4.82,"[-58.41956, -34.589257]",17.0,USD,"['City skyline view', 'Bathtub', 'Hair dryer', 'Cleaning products', 'Conditioner', 'Body soap', 'Bidet', 'Hot water', 'Shower gel', 'Essentials', 'Towels, bed sheets, soap, and toilet paper', 'Hangers', 'Bed linens', 'Extra pillows and blankets', 'Room-d"
176318,https://www.airbnb.com/rooms/176318,Rental unit in Buenos Aires · ?4.81 · 2 bedrooms · 2 beds · 1 bath,843196,Ivan,7/20/2011,"Buenos Aires, Argentina",within an hour,100%,t,Monserrat,-34.6156,-58.36843,Entire rental unit,4,1 bath,2.0,4,90,219,4/2/2012,12/13/2023,4.81,"[-58.36843, -34.6156]",47.0,USD,"['Hair dryer', 'Cleaning products', 'Shampoo', 'Conditioner', 'Bidet', 'Hot water', 'Dryer', 'Essentials', 'Towels, bed sheets, soap, and toilet paper', 'Hangers', 'Iron', 'HDTV with Netflix, standard cable', 'Babysitter recommendations', 'AC - split typ"
178330,https://www.airbnb.com/rooms/178330,Rental unit in Palermo · ?4.75 · 3 bedrooms · 4 beds · 1.5 baths,853184,Juan,7/22/2011,"Buenos Aires, Argentina",within an hour,100%,f,Palermo,-34.58712,-58.42184,Entire rental unit,5,1.5 baths,4.0,20,1125,12,2/17/2021,12/22/2023,4.75,"[-58.42184, -34.58712]",59.0,USD,"['Washer', 'Dryer', 'Essentials', 'Towels, bed sheets, soap, and toilet paper', 'Hangers', 'Bed linens', 'Extra pillows and blankets', 'Ethernet connection', 'TV with standard cable', 'Baby bath', 'Babysitter recommendations', 'Air conditioning', 'Heatin"
180692,https://www.airbnb.com/rooms/180692,Rental unit in Buenos Aires · 1 bedroom · 1 bed · 1 bath,865765,Hector,7/25/2011,"Buenos Aires, Argentina",,,f,Villa Urquiza,-34.57624,-58.48314,Private room in rental unit,2,1 bath,1.0,5,30,0,,,,"[-58.48314, -34.57624]",69.0,USD,"['Washer', 'Heating', 'Kitchen', 'Space where guests can cook their own meals', 'Elevator', 'The home or building has an elevator that?s at least 52 inches deep and a doorway at least 32 inches wide.', 'Unavailable: Lock on bedroom door', 'Lock on bedroo"
181627,https://www.airbnb.com/rooms/181627,Rental unit in Buenos Aires · 1 bedroom,870611,Pablo,7/26/2011,"Paris, France",,,f,Palermo,-34.5845,-58.41291,Private room in rental unit,3,,,30,180,0,,,,"[-58.41291, -34.5845]",128.0,USD,"['Unavailable: Lock on bedroom door', 'Lock on bedroom door', 'There is no lock on the bedroom door.', 'Unavailable: Kitchen', 'Kitchen', 'Unavailable: Wifi', 'Wifi', 'Unavailable: TV', 'TV', 'Unavailable: Washer', 'Washer', 'Unavailable: Dryer', 'Dryer'"
182031,https://www.airbnb.com/rooms/182031,Rental unit in Buenos Aires · ?5.0 · 1 bedroom · 1 bed · 1 shared bath,872401,Hanna,7/26/2011,"Buenos Aires, Argentina",within an hour,100%,t,Almagro,-34.60047,-58.41764,Private room in rental unit,2,1 shared bath,1.0,14,1000,4,12/23/2022,10/9/2023,5.0,"[-58.41764, -34.60047]",13.0,USD,"['Hot water', 'Washer', 'Essentials', 'Towels, bed sheets, soap, and toilet paper', 'Hangers', 'Air conditioning', 'Lock on bedroom door', 'Wifi', 'Kitchen', 'Space where guests can cook their own meals', 'Free street parking', 'Private living room', 'Ho"
186005,https://www.airbnb.com/rooms/186005,Rental unit in Buenos Aires · ?4.70 · 2 bedrooms · 5 beds · 2 baths,893209,Victoria,7/30/2011,"Buenos Aires, Argentina",within an hour,100%,f,Retiro,-34.59804,-58.37688,Entire rental unit,6,2 baths,5.0,3,365,85,12/8/2011,10/28/2023,4.7,"[-58.37688, -34.59804]",69.0,USD,"['Hot water', 'Washer', 'Essentials', 'Towels, bed sheets, soap, and toilet paper', 'Bed linens', 'Extra pillows and blankets', 'Iron', 'TV with standard cable', 'Air conditioning', 'Heating', 'Wifi', 'Kitchen', 'Space where guests can cook their own mea"
188154,https://www.airbnb.com/rooms/188154,Condo in Buenos Aires · ?4.78 · 1 bedroom · 1 bed · 1 shared bath,906277,Magdalena,8/1/2011,"Buenos Aires, Argentina",within an hour,100%,t,San Telmo,-34.62063,-58.36967,Private room in condo,2,1 shared bath,1.0,2,60,76,2/29/2012,11/26/2023,4.78,"[-58.36967, -34.62063]",28.0,USD,"['City skyline view', 'Bathtub', 'Hair dryer', 'Cleaning products', 'Hot water', 'Free washer ? In unit', 'Essentials', 'Towels, bed sheets, soap, and toilet paper', 'Hangers', 'Bed linens', 'Extra pillows and blankets', 'Room-darkening shades', 'Iron', "
190988,https://www.airbnb.com/rooms/190988,Rental unit in Buenos Aires · ?4.74 · 3 bedrooms · 4 beds · 2 baths,320183,Hortensia,12/16/2010,"Buenos Aires, Argentina",within an hour,100%,t,Palermo,-34.57133,-58.42975,Entire rental unit,6,2 baths,4.0,10,120,38,1/6/2013,12/3/2023,4.74,"[-58.42975, -34.57133]",79.0,USD,"['City skyline view', 'Courtyard view', 'Bathtub', 'Cleaning products', 'Body soap', 'Bidet', 'Hot water', 'Free washer ? In unit', 'Essentials', 'Towels, bed sheets, soap, and toilet paper', 'Hangers', 'Bed linens', 'Cotton linens', 'Extra pillows and b"
191056,https://www.airbnb.com/rooms/191056,Rental unit in Buenos Aires · ?4.0 · 1 bedroom · 1 bed · 1.5 baths,923804,Annatina Luck,8/4/2011,"Buenos Aires, Argentina",,,f,Monserrat,-34.61308,-58.38862,Entire rental unit,2,1.5 baths,1.0,10,365,11,10/28/2011,11/12/2019,4.0,"[-58.38862, -34.61308]",26.0,USD,"['Essentials', 'Towels, bed sheets, soap, and toilet paper', 'Air conditioning', 'Heating', 'Smoke alarm', 'Fire extinguisher', 'Wifi', 'Kitchen', 'Space where guests can cook their own meals', 'Refrigerator', 'Cooking basics', 'Pots and pans, oil, salt "
192259,https://www.airbnb.com/rooms/192259,Home in Buenos Aires · ?4.72 · 4 bedrooms · 2 beds · 1.5 shared baths,645495,Viviana,5/31/2011,"Buenos Aires, Argentina",within a few hours,100%,f,Almagro,-34.60589,-58.42091,Private room in home,1,1.5 shared baths,2.0,15,1124,42,10/11/2011,5/22/2023,4.72,"[-58.42091, -34.60589]",10.0,USD,"['Bathtub', 'Hair dryer', 'Hot water', 'Essentials', 'Towels, bed sheets, soap, and toilet paper', 'Hangers', 'Bed linens', 'Extra pillows and blankets', 'Room-darkening shades', 'Iron', 'Ethernet connection', 'TV', 'Window guards', 'Babysitter recommend"
196386,https://www.airbnb.com/rooms/196386,Rental unit in Buenos Aires · ?5.0 · 1 bedroom · 1 bed · 1 bath,956144,Alfredo,8/11/2011,,within a few hours,100%,t,Recoleta,-34.59149,-58.39158,Entire rental unit,2,1 bath,1.0,3,180,3,4/24/2017,11/15/2019,5.0,"[-58.39158, -34.59149]",78.0,USD,"['Hair dryer', 'Shampoo', 'Hot water', 'Essentials', 'Towels, bed sheets, soap, and toilet paper', 'Hangers', 'Bed linens', 'Extra pillows and blankets', 'Iron', 'TV with standard cable', 'Crib', 'Air conditioning', 'Heating', 'Smoke alarm', 'Fire exting"
197288,https://www.airbnb.com/rooms/197288,Rental unit in Ciudad Autónoma de Buenos Aires · Studio · 1 bed · 1 bath,961397,Marisa,8/12/2011,"Buenos Aires, Argentina",,,f,Recoleta,-34.5913,-58.39037,Entire rental unit,2,1 bath,1.0,7,60,1,2/22/2012,2/22/2012,4.0,"[-58.39037, -34.5913]",7.0,USD,"['Hair dryer', 'Hot water', 'Essentials', 'Towels, bed sheets, soap, and toilet paper', 'Hangers', 'Iron', 'TV with standard cable', 'Air conditioning', 'Heating', 'Carbon monoxide alarm', 'Wifi', 'Dedicated workspace', 'Kitchen', 'Space where guests can"
203340,https://www.airbnb.com/rooms/203340,Rental unit in Buenos Aires · ?4.88 · 1 bedroom · 2 beds · 1 bath,530261,Luciano,4/23/2011,"Buenos Aires, Argentina",within an hour,100%,t,Palermo,-34.58104,-58.42495,Entire rental unit,3,1 bath,2.0,7,1125,17,9/19/2011,12/1/2023,4.88,"[-58.42495, -34.58104]",63.0,USD,"['Bathtub', 'Hair dryer', 'Bidet', 'Hot water', 'Washer', 'Dryer', 'Essentials', 'Towels, bed sheets, soap, and toilet paper', 'Hangers', 'Bed linens', 'Cotton linens', 'Room-darkening shades', 'Iron', 'Clothing storage: closet', 'TV with standard cable'"
204628,https://www.airbnb.com/rooms/204628,Loft in Buenos Aires · ?4.91 · 1 bedroom · 1 bed · 1 bath,917480,Piper,8/3/2011,"Buenos Aires, Argentina",,,t,Palermo,-34.58351,-58.42811,Entire loft,2,1 bath,1.0,30,1125,83,12/21/2011,11/28/2023,4.91,"[-58.42811, -34.58351]",59.0,USD,"['Park view', 'Bathtub', 'Hair dryer', 'Hot water', 'Washer', 'Essentials', 'Towels, bed sheets, soap, and toilet paper', 'Hangers', 'Bed linens', 'Extra pillows and blankets', 'Iron', 'TV with standard cable', 'Air conditioning', 'Ceiling fan', 'Heating"
205781,https://www.airbnb.com/rooms/205781,Rental unit in Buenos Aires · ?4.50 · 2 bedrooms · 5 beds · 1.5 baths,1011896,Natalia,8/23/2011,"Buenos Aires, Argentina",within an hour,95%,f,Palermo,-34.57945,-58.43024,Entire rental unit,5,1.5 baths,5.0,1,365,18,11/22/2011,7/31/2022,4.5,"[-58.43024, -34.57945]",168.0,USD,"['Hair dryer', 'Essentials', 'Towels, bed sheets, soap, and toilet paper', 'Hangers', 'TV with standard cable', 'Crib', 'Air conditioning', 'Heating', 'Wifi', 'Kitchen', 'Space where guests can cook their own meals', 'Cooking basics', 'Pots and pans, oil"
206738,https://www.airbnb.com/rooms/206738,Rental unit in Buenos Aires · ?4.71 · 3 bedrooms · 4 beds · 1 bath,1011896,Natalia,8/23/2011,"Buenos Aires, Argentina",within an hour,95%,f,Palermo,-34.57819,-58.42964,Entire rental unit,9,1 bath,4.0,1,365,42,11/23/2011,4/9/2023,4.71,"[-58.42964, -34.57819]",279.0,USD,"['Bathtub', 'Hair dryer', 'Washer', 'Dryer', 'Essentials', 'Towels, bed sheets, soap, and toilet paper', 'Hangers', 'Iron', 'TV with standard cable', 'Crib', 'Childrenâ??s books and toys', 'High chair', 'Baby bath', 'Childrenâ??s dinnerware', 'Table corn"
210040,https://www.airbnb.com/rooms/210040,Condo in Buenos Aires · ?4.92 · 1 bedroom · 1 bed · 1 bath,319901,Ralf Dietmar,12/15/2010,"Buenos Aires, Argentina",within an hour,100%,t,Palermo,-34.58144,-58.42311,Entire condo,2,1 bath,1.0,3,180,101,2/22/2012,11/20/2023,4.92,"[-58.42311, -34.58144]",59.0,USD,"['Hair dryer', 'Shampoo', 'Hot water', 'Washer', 'Dryer', 'Essentials', 'Towels, bed sheets, soap, and toilet paper', 'Hangers', 'Iron', 'TV with standard cable', 'Air conditioning', 'Heating', 'Smoke alarm', 'Carbon monoxide alarm', 'Fire extinguisher',"
218781,https://www.airbnb.com/rooms/218781,Loft in Buenos Aires · ?4.88 · 1 bedroom · 1 bed · 1.5 baths,161327,Mariano,7/8/2010,"Buenos Aires, Argentina",within an hour,100%,f,Palermo,-34.57874,-58.4397,Entire loft,2,1.5 baths,1.0,5,1124,72,10/18/2011,11/30/2023,4.88,"[-58.4397, -34.57874]",44.0,USD,"['Hair dryer', 'Hot water', 'Washer', 'Essentials', 'Towels, bed sheets, soap, and toilet paper', 'Hangers', 'Bed linens', 'Iron', 'TV with standard cable', 'Air conditioning', 'Heating', 'Wifi', 'Kitchen', 'Space where guests can cook their own meals', "
225905,https://www.airbnb.com/rooms/225905,Rental unit in Buenos Aires · ?4.52 · 1 bedroom · 2 beds · 1 bath,36441,Robert,9/5/2009,"New York, United States",within a few hours,100%,f,Recoleta,-34.59643,-58.39188,Entire rental unit,3,1 bath,2.0,3,180,26,1/31/2012,3/22/2022,4.52,"[-58.39188, -34.59643]",60.0,USD,"['Bathtub', 'Hair dryer', 'Cleaning products', 'Shampoo', 'Body soap', 'Bidet', 'Hot water', 'Washer', 'Paid dryer', 'Essentials', 'Towels, bed sheets, soap, and toilet paper', 'Hangers', 'Bed linens', 'Extra pillows and blankets', 'Room-darkening shades"
229571,https://www.airbnb.com/rooms/229571,Serviced apartment in Buenos Aires · ?4.58 · 2 bedrooms · 4 beds · 1 bath,514200,Ceferina De Jesus,4/16/2011,"Buenos Aires, Argentina",within a few hours,100%,f,Palermo,-34.58373,-58.4185,Entire serviced apartment,3,1 bath,4.0,28,90,25,12/8/2011,12/23/2023,4.58,"[-58.4185, -34.58373]",67.0,USD,"['City skyline view', 'Bathtub', 'Hair dryer', 'Cleaning products', 'Bidet', 'Hot water', 'Free washer ? In unit', 'Essentials', 'Towels, bed sheets, soap, and toilet paper', 'Hangers', 'Bed linens', 'Cotton linens', 'Extra pillows and blankets', 'Room-d"
232739,https://www.airbnb.com/rooms/232739,Rental unit in Buenos Aires · ?4.91 · 1 bedroom · 1 bed · 1 bath,1005341,Laura Y José,8/22/2011,"Buenos Aires, Argentina",within an hour,100%,f,Palermo,-34.58979,-58.41687,Entire rental unit,2,1 bath,1.0,14,90,24,11/1/2011,8/26/2023,4.91,"[-58.41687, -34.58979]",22.0,USD,"['City skyline view', 'Hair dryer', 'Hot water', 'Free washer ? In building', 'Essentials', 'Towels, bed sheets, soap, and toilet paper', 'Hangers', 'Bed linens', 'Iron', 'TV', 'Air conditioning', 'Indoor fireplace', 'Heating', 'Carbon monoxide alarm', '"
238513,https://www.airbnb.com/rooms/238513,Loft in Buenos Aires · ?4.58 · 2 bedrooms · 2 beds · 1.5 baths,87710233,María,8/3/2016,"Buenos Aires, Argentina",within an hour,100%,t,Palermo,-34.581060916288095,-58.43366313615487,Entire loft,3,1.5 baths,2.0,7,100,61,12/10/2011,11/27/2023,4.58,"[-58.43366313615487, -34.581060916288095]",30.0,USD,"['Bidet', 'Hot water', 'Free washer ? In unit', 'Essentials', 'Towels, bed sheets, soap, and toilet paper', 'Hangers', 'Bed linens', 'Drying rack for clothing', 'Clothing storage', '32 HDTV with standard cable, Netflix', 'Books and reading material', 'AC"
238619,https://www.airbnb.com/rooms/238619,Rental unit in Buenos Aires · ?4.78 · 1 bedroom · 1 bed · 1 bath,1192725,Claudio,9/21/2011,"Buenos Aires, Argentina",within an hour,100%,f,Recoleta,-34.59449,-58.4013,Entire rental unit,2,1 bath,1.0,2,1125,57,5/5/2012,11/5/2023,4.78,"[-58.4013, -34.59449]",34.0,USD,"['Bathtub', 'Hair dryer', 'Cleaning products', 'Dove body soap', 'Hot water', 'Free washer â?? In unit', 'Free dryer â?? In unit', 'Essentials', 'Towels, bed sheets, soap, and toilet paper', 'Hangers', 'Bed linens', 'Cotton Benetton/Lacoste linens', 'Ext"
239718,https://www.airbnb.com/rooms/239718,Rental unit in Buenos Aires · ?4.71 · 1 bedroom · 1 bed · 1 bath,530261,Luciano,4/23/2011,"Buenos Aires, Argentina",within an hour,100%,t,Palermo,-34.58705,-58.42106,Entire rental unit,2,1 bath,1.0,14,1125,34,1/19/2012,11/11/2023,4.71,"[-58.42106, -34.58705]",38.0,USD,"['Hair dryer', 'Essentials', 'Towels, bed sheets, soap, and toilet paper', 'Hangers', 'Iron', 'TV with standard cable', 'Air conditioning', 'Heating', 'Security cameras on property', 'Security camera at the buildings entrance', 'Smoke alarm', 'Carbon mon"
239853,https://www.airbnb.com/rooms/239853,Rental unit in Buenos Aires · ?4.88 · 1 bedroom · 1 bed · 1 bath,1257968,Emmanuel,10/6/2011,"Buenos Aires, Argentina",within an hour,100%,t,Palermo,-34.57666,-58.43161,Entire rental unit,2,1 bath,1.0,4,1125,189,10/30/2011,12/18/2023,4.88,"[-58.43161, -34.57666]",45.0,USD,"['Hair dryer', 'Shampoo', 'Hot water', 'Essentials', 'Towels, bed sheets, soap, and toilet paper', 'Hangers', 'Iron', 'TV with standard cable', 'Air conditioning', 'Heating', 'Wifi', 'Dedicated workspace', 'In a room with a door', 'Kitchen', 'Space where"
243320,https://www.airbnb.com/rooms/243320,Loft in Buenos Aires · ?4.33 · 2 bedrooms · 3 beds · 1 bath,1274087,Claudia Cecilia,10/10/2011,"Buenos Aires, Argentina",within a day,100%,f,Villa Crespo,-34.59819,-58.44001,Entire loft,3,1 bath,3.0,7,365,3,11/17/2018,12/11/2022,4.33,"[-58.44001, -34.59819]",34.0,USD,"['Hair dryer', 'Hot water', 'Washer', 'Essentials', 'Towels, bed sheets, soap, and toilet paper', 'Hangers', 'Iron', 'TV with standard cable', 'Air conditioning', 'Heating', 'Security cameras on property', 'Wifi', 'Kitchen', 'Space where guests can cook "
245895,https://www.airbnb.com/rooms/245895,Rental unit in Buenos Aires · ?4.81 · 1 bedroom · 1 bed · 1 bath,530261,Luciano,4/23/2011,"Buenos Aires, Argentina",within an hour,100%,t,Palermo,-34.58293,-58.42498,Entire rental unit,3,1 bath,1.0,7,1125,48,1/1/2012,11/12/2023,4.81,"[-58.42498, -34.58293]",44.0,USD,"['Hair dryer', 'Shampoo', 'Hot water', 'Washer', 'Dryer', 'Essentials', 'Towels, bed sheets, soap, and toilet paper', 'Hangers', 'Iron', 'TV with standard cable', 'Air conditioning', 'Heating', 'Smoke alarm', 'Carbon monoxide alarm', 'Fire extinguisher',"
250327,https://www.airbnb.com/rooms/250327,Rental unit in Buenos Aires · ?4.60 · 1 bedroom · 1 bed · 1 bath,1311901,Lucas,10/19/2011,"Buenos Aires, Argentina",within a few hours,100%,t,Recoleta,-34.59067,-58.39909,Entire rental unit,2,1 bath,1.0,10,1125,109,11/10/2011,9/27/2023,4.6,"[-58.39909, -34.59067]",34.0,USD,"['Hair dryer', 'Hot water', 'Washer', 'Dryer', 'Essentials', 'Towels, bed sheets, soap, and toilet paper', 'Hangers', 'Iron', 'TV with standard cable', 'AC - split type ductless system', 'Heating', 'Wifi', 'Kitchen', 'Space where guests can cook their ow"
253370,https://www.airbnb.com/rooms/253370,Rental unit in Buenos Aires · ?4.67 · 1 bedroom · 1 bed · 1 bath,1330334,Fernando,10/24/2011,"Ramos Mejía, Argentina",within an hour,100%,t,Almagro,-34.59871,-58.41421,Entire rental unit,2,1 bath,1.0,180,1000,104,1/3/2012,8/31/2023,4.67,"[-58.41421, -34.59871]",27.0,USD,"['Hair dryer', 'Shampoo', 'Hot water', 'Washer', 'Dryer', 'Essentials', 'Towels, bed sheets, soap, and toilet paper', 'Hangers', 'Iron', 'Ethernet connection', 'TV with standard cable', 'Air conditioning', 'Heating', 'Smoke alarm', 'Fire extinguisher', '"
259745,https://www.airbnb.com/rooms/259745,casa particular in Buenos Aires · ?4.79 · 1 bedroom · 1 bed · 1.5 baths,78281,Nadia,2/6/2010,"Buenos Aires, Argentina",within a few hours,100%,t,Almagro,-34.60355,-58.41701,Private room in casa particular,2,1.5 baths,1.0,3,180,45,1/24/2012,12/10/2023,4.79,"[-58.41701, -34.60355]",15.0,USD,"['Hair dryer', 'Cleaning products', 'SIMPLEMENTE JABÓN body soap', 'Hot water', 'Essentials', 'Towels, bed sheets, soap, and toilet paper', 'Hangers', 'Bed linens', 'Extra pillows and blankets', 'Room-darkening shades', 'Iron', 'Drying rack for clothing'"
264704,https://www.airbnb.com/rooms/264704,Home in Buenos Aires · ?4.83 · 6 bedrooms · 6 beds · 3 baths,1388769,Juan Y Josefina,11/9/2011,"Buenos Aires, Argentina",,,f,Balvanera,-34.61722,-58.40186,Private room in home,2,3 baths,6.0,5,365,47,12/5/2011,8/25/2019,4.83,"[-58.40186, -34.61722]",15.0,USD,"['Hair dryer', 'Shampoo', 'Hot water', 'Washer', 'Essentials', 'Towels, bed sheets, soap, and toilet paper', 'Hangers', 'Bed linens', 'Iron', 'TV', 'Air conditioning', 'Heating', 'Smoke alarm', 'Carbon monoxide alarm', 'Fire extinguisher', 'First aid kit"
264769,https://www.airbnb.com/rooms/264769,Condo in Buenos Aires · ?4.93 · 1 bedroom · 1 bed · 1 bath,319901,Ralf Dietmar,12/15/2010,"Buenos Aires, Argentina",within an hour,100%,t,Palermo,-34.5808,-58.42314,Entire condo,2,1 bath,1.0,3,365,72,4/19/2012,12/17/2023,4.93,"[-58.42314, -34.5808]",118.0,USD,"['City skyline view', 'River view', 'Bathtub', 'Hair dryer', 'Cleaning products', 'Shampoo', 'Conditioner', 'Body soap', 'Bidet', 'Hot water', 'Washer ? In unit', 'Dryer', 'Essentials', 'Towels, bed sheets, soap, and toilet paper', 'Hangers', 'Bed linens"
266984,https://www.airbnb.com/rooms/266984,Rental unit in Buenos Aires · ?4.65 · 1 bedroom · 2 beds · 1 bath,1400016,Laura,11/12/2011,"Buenos Aires, Argentina",within a day,87%,f,Palermo,-34.57268524169922,-58.431739807128906,Entire rental unit,2,1 bath,2.0,7,1125,46,3/9/2014,5/3/2023,4.65,"[-58.431739807128906, -34.57268524169922]",,,
268446,https://www.airbnb.com/rooms/268446,Home in Buenos Aires · ?4.79 · 6 bedrooms · 6 beds · 3 baths,1388769,Juan Y Josefina,11/9/2011,"Buenos Aires, Argentina",,,f,Balvanera,-34.6177,-58.40072,Private room in home,3,3 baths,6.0,5,365,75,12/16/2011,5/19/2019,4.79,"[-58.40072, -34.6177]",15.0,USD,"['Hair dryer', 'Shampoo', 'Hot water', 'Washer', 'Dryer', 'Essentials', 'Towels, bed sheets, soap, and toilet paper', 'Hangers', 'Bed linens', 'Iron', 'TV', 'Heating', 'Smoke alarm', 'Carbon monoxide alarm', 'Fire extinguisher', 'First aid kit', 'Wifi', "
275933,https://www.airbnb.com/rooms/275933,Rental unit in Buenos Aires · ?4.72 · 2 bedrooms · 3 beds · 1 bath,419383,Mariana Y Sebas,3/2/2011,"Buenos Aires, Argentina",within an hour,100%,t,Palermo,-34.58044,-58.40753,Entire rental unit,4,1 bath,3.0,3,365,117,2/26/2012,12/12/2023,4.72,"[-58.40753, -34.58044]",52.0,USD,"['Hair dryer', 'Shampoo', 'Hot water', 'Washer', 'Essentials', 'Towels, bed sheets, soap, and toilet paper', 'Hangers', 'Iron', 'TV with standard cable', 'Crib', 'Air conditioning', 'Heating', 'Wifi', 'Kitchen', 'Space where guests can cook their own mea"
278433,https://www.airbnb.com/rooms/278433,Rental unit in Buenos Aires · ?4.40 · 2 bedrooms · 5 beds · 1 bath,1011896,Natalia,8/23/2011,"Buenos Aires, Argentina",within an hour,95%,f,Palermo,-34.57945,-58.42914,Entire rental unit,6,1 bath,5.0,1,30,10,10/24/2012,7/15/2022,4.4,"[-58.42914, -34.57945]",189.0,USD,"['Hair dryer', 'Essentials', 'Towels, bed sheets, soap, and toilet paper', 'Hangers', 'Iron', 'TV with standard cable', 'Crib', 'Air conditioning', 'Heating', 'Fire extinguisher', 'First aid kit', 'Wifi', 'Kitchen', 'Space where guests can cook their own"
280564,https://www.airbnb.com/rooms/280564,Rental unit in Buenos Aires · ?4.30 · 2 bedrooms · 2 beds · 1 bath,1462651,Manuel,12/1/2011,"Buenos Aires, Argentina",,,f,Palermo,-34.57936,-58.42894,Entire rental unit,2,1 bath,2.0,60,1000,10,12/14/2013,11/22/2022,4.3,"[-58.42894, -34.57936]",34.0,USD,"['Cleaning products', 'Hot water', 'Washer', 'Essentials', 'Towels, bed sheets, soap, and toilet paper', 'Hangers', 'Bed linens', 'Cotton linens', 'Drying rack for clothing', 'Clothing storage: closet', 'TV', 'Central air conditioning', 'Heating', 'Wifi'"
281131,https://www.airbnb.com/rooms/281131,Rental unit in Buenos Aires · ?4.77 · 1 bedroom · 2 beds · 1 bath,36441,Robert,9/5/2009,"New York, United States",within a few hours,100%,f,Recoleta,-34.59643,-58.39188,Entire rental unit,3,1 bath,2.0,3,180,52,1/4/2012,4/25/2023,4.77,"[-58.39188, -34.59643]",58.0,USD,"['Bathtub', 'Hair dryer', 'Shampoo', 'Hot water', 'Washer', 'Dryer ? In building', 'Essentials', 'Towels, bed sheets, soap, and toilet paper', 'Hangers', 'Bed linens', 'Extra pillows and blankets', 'Room-darkening shades', 'Iron', 'Ethernet connection', "
284823,https://www.airbnb.com/rooms/284823,Rental unit in Buenos Aires · ?4.78 · 1 bedroom · 2 beds · 1 bath,1482817,Lorena,12/7/2011,"Buenos Aires, Argentina",within a few hours,90%,f,Palermo,-34.58573,-58.42833,Entire rental unit,3,1 bath,2.0,3,365,34,5/14/2012,3/3/2020,4.78,"[-58.42833, -34.58573]",34.0,USD,"['Bathtub', 'Hair dryer', 'Hot water', 'Washer', 'Essentials', 'Towels, bed sheets, soap, and toilet paper', 'Hangers', 'Bed linens', 'Extra pillows and blankets', 'Iron', 'Ethernet connection', '55 TV with Netflix, standard cable', 'Crib', 'Children?s b"
285160,https://www.airbnb.com/rooms/285160,Rental unit in Buenos Aires · 1 bedroom,1484394,Julia,12/8/2011,,,,f,Coghlan,-34.56544,-58.47437,Private room in rental unit,3,,,7,365,0,,,,"[-58.47437, -34.56544]",59.0,USD,"['Unavailable: Lock on bedroom door', 'Lock on bedroom door', 'There is no lock on the bedroom door.', 'Unavailable: Kitchen', 'Kitchen', 'Unavailable: Wifi', 'Wifi', 'Unavailable: TV', 'TV', 'Unavailable: Washer', 'Washer', 'Unavailable: Dryer', 'Dryer'"
287215,https://www.airbnb.com/rooms/287215,Rental unit in Buenos Aires · ?4.78 · 1 bedroom · 4 beds · 1 bath,1494225,Feli,12/11/2011,"Buenos Aires, Argentina",within a few hours,100%,f,Recoleta,-34.59379577636719,-58.39151763916016,Entire rental unit,3,1 bath,4.0,2,60,320,12/31/2011,12/10/2023,4.78,"[-58.391517639160156, -34.59379577636719]",44.0,USD,"['Courtyard view', 'Bathtub', 'Hair dryer', 'Cleaning products', 'Shampoo', 'Body soap', 'Hot water', 'Free washer â?? In unit', 'Essentials', 'Towels, bed sheets, soap, and toilet paper', 'Hangers', 'Bed linens', 'Cotton linens', 'Extra pillows and blan"
288861,https://www.airbnb.com/rooms/288861,Rental unit in Buenos Aires · 3 bedrooms · 3 beds · 2 baths,1011896,Natalia,8/23/2011,"Buenos Aires, Argentina",within an hour,95%,f,Retiro,-34.59553,-58.38506,Entire rental unit,6,2 baths,3.0,2,365,2,12/30/2013,10/10/2021,4.5,"[-58.38506, -34.59553]",182.0,USD,"['TV with standard cable', 'Crib', 'Air conditioning', 'Heating', 'Wifi', 'Kitchen', 'Space where guests can cook their own meals', 'Cooking basics', 'Pots and pans, oil, salt and pepper', 'Free parking on premises', 'Elevator', 'The home or building has"
290421,https://www.airbnb.com/rooms/290421,Rental unit in Buenos Aires · ?4.93 · 1 bedroom · 1 bed · 1 bath,1538637,Ilana,12/27/2011,"Buenos Aires, Argentina",within an hour,100%,f,Palermo,-34.5860595703125,-58.424095153808594,Entire rental unit,2,1 bath,1.0,2,1125,14,11/30/2014,9/17/2023,4.93,"[-58.424095153808594, -34.5860595703125]",88.0,USD,"['Courtyard view', 'Bathtub', 'Hair dryer', 'Cleaning products', 'Bidet', 'Hot water', 'Essentials', 'Towels, bed sheets, soap, and toilet paper', 'Hangers', 'Bed linens', 'Extra pillows and blankets', 'Room-darkening shades', 'Iron', 'Safe', 'Clothing s"
290597,https://www.airbnb.com/rooms/290597,Home in Buenos Aires · ?5.0 · 1 bedroom · 7 beds · 2 baths,915313,Liliana,8/3/2011,"Buenos Aires, Argentina",,,f,San Telmo,-34.61967,-58.37526,Private room in home,7,2 baths,7.0,1,365,3,2/20/2012,3/19/2012,5.0,"[-58.37526, -34.61967]",246.0,USD,"['Washer', 'Dryer', 'TV with standard cable', 'Heating', 'Wifi', 'Kitchen', 'Space where guests can cook their own meals', 'Smoking allowed', 'Unavailable: Lock on bedroom door', 'Lock on bedroom door', 'There is no lock on the bedroom door.', 'Unavailab"
292877,https://www.airbnb.com/rooms/292877,Rental unit in Buenos Aires · ?4.69 · 1 bedroom · 1 bed · 2.5 shared baths,1516002,Maria Agustina,12/18/2011,"Buenos Aires, Argentina",within a day,90%,t,Palermo,-34.58956,-58.42481,Private room in rental unit,6,2.5 shared baths,1.0,10,365,14,1/27/2012,10/27/2023,4.69,"[-58.42481, -34.58956]",15.0,USD,"['Bathtub', 'Hair dryer', 'Cleaning products', 'Bidet', 'Outdoor shower', 'Hot water', 'Essentials', 'Towels, bed sheets, soap, and toilet paper', 'TV with standard cable', 'AC - split type ductless system', 'Heating - split type ductless system', 'Wifi'"
294439,https://www.airbnb.com/rooms/294439,Rental unit in Buenos Aires · ?4.85 · 1 bedroom · 2 beds · 1 bath,1381697,Silvina,11/7/2011,"Buenos Aires, Argentina",within an hour,90%,f,Recoleta,-34.58902,-58.39114,Entire rental unit,2,1 bath,2.0,180,730,37,2/26/2012,6/27/2018,4.85,"[-58.39114, -34.58902]",39.0,USD,"['TV', 'Air conditioning', 'Heating', 'Wifi', 'Elevator', 'The home or building has an elevator thatâ??s at least 52 inches deep and a doorway at least 32 inches wide.']"
298002,https://www.airbnb.com/rooms/298002,Rental unit in Buenos Aires · ?4.74 · 1 bedroom · 1 bed · 1 bath,1538637,Ilana,12/27/2011,"Buenos Aires, Argentina",within an hour,100%,f,Palermo,-34.5860595703125,-58.424095153808594,Entire rental unit,2,1 bath,1.0,2,1125,46,1/12/2012,2/21/2023,4.74,"[-58.424095153808594, -34.5860595703125]",100.0,USD,"['City skyline view', 'Bathtub', 'Hair dryer', 'Cleaning products', 'Bidet', 'Hot water', 'Essentials', 'Towels, bed sheets, soap, and toilet paper', 'Hangers', 'Bed linens', 'Cotton linens', 'Extra pillows and blankets', 'Room-darkening shades', 'Iron',"
298494,https://www.airbnb.com/rooms/298494,Rental unit in Buenos Aires · ?4.88 · 1 bedroom · 1 bed · 1 bath,1538637,Ilana,12/27/2011,"Buenos Aires, Argentina",within an hour,100%,f,Palermo,-34.5860595703125,-58.424095153808594,Entire rental unit,2,1 bath,1.0,2,1125,42,1/23/2012,7/13/2023,4.88,"[-58.424095153808594, -34.5860595703125]",80.0,USD,"['Courtyard view', 'Hair dryer', 'Cleaning products', 'Bidet', 'Hot water', 'Essentials', 'Towels, bed sheets, soap, and toilet paper', 'Hangers', 'Bed linens', 'Cotton linens', 'Extra pillows and blankets', 'Room-darkening shades', 'Safe', 'Clothing sto"
299360,https://www.airbnb.com/rooms/299360,Rental unit in Buenos Aires · ?4.67 · 2 bedrooms · 3 beds · 1.5 baths,1409800,Mariano,11/15/2011,"Buenos Aires, Argentina",within an hour,100%,t,Palermo,-34.59363,-58.41472,Entire rental unit,3,1.5 baths,3.0,1,1125,10,3/7/2012,5/16/2015,4.67,"[-58.41472, -34.59363]",,,
301727,https://www.airbnb.com/rooms/301727,Serviced apartment in Buenos Aires · ?4.52 · 2 bedrooms · 3 beds · 1 bath,1554264,Recepcionistas,1/1/2012,"Buenos Aires, Argentina",within an hour,100%,f,Monserrat,-34.61061,-58.38073,Entire serviced apartment,4,1 bath,3.0,1,90,127,2/1/2016,12/21/2023,4.52,"[-58.38073, -34.61061]",26.0,USD,"['City skyline view', 'Bathtub', 'Hair dryer', 'Cleaning products', 'Shampoo', 'Genérico conditioner', 'Generico body soap', 'Bidet', 'Hot water', 'Essentials', 'Towels, bed sheets, soap, and toilet paper', 'Hangers', 'Bed linens', 'Extra pillows and bla"
302722,https://www.airbnb.com/rooms/302722,Rental unit in Buenos Aires · ?4.62 · Studio · 2 beds · 1 bath,1558866,Vero,1/2/2012,"New York, NY",within a day,100%,f,Palermo,-34.58055,-58.40682,Entire rental unit,2,1 bath,2.0,3,365,14,3/5/2012,4/17/2022,4.62,"[-58.40682, -34.58055]",44.0,USD,"['Garden view', 'Pool view', 'Courtyard view', 'Bathtub', 'Hair dryer', 'Cleaning products', 'Bidet', 'Hot water', 'Paid washer â?? In building', 'Paid dryer â?? In building', 'Essentials', 'Towels, bed sheets, soap, and toilet paper', 'Hangers', 'Bed li"
305216,https://www.airbnb.com/rooms/305216,Home in Buenos Aires · ?4.49 · 7 bedrooms · 15 beds · 4.5 baths,1011896,Natalia,8/23/2011,"Buenos Aires, Argentina",within an hour,95%,f,Palermo,-34.5783,-58.4295,Entire home,16,4.5 baths,15.0,1,365,77,8/28/2014,12/21/2023,4.49,"[-58.4295, -34.5783]",373.0,USD,"['Hair dryer', 'Hot water', 'Washer', 'Dryer', 'Essentials', 'Towels, bed sheets, soap, and toilet paper', 'Hangers', 'Extra pillows and blankets', 'Iron', 'Clothing storage: closet, wardrobe, and dresser', 'TV with standard cable', 'Books and reading ma"
306194,https://www.airbnb.com/rooms/306194,Rental unit in Buenos Aires · ?4.89 · 2 bedrooms · 2 beds · 1 bath,737924,Gabriel,6/24/2011,"Buenos Aires, Argentina",within an hour,100%,t,Palermo,-34.58784,-58.41107,Entire rental unit,4,1 bath,2.0,6,360,19,12/11/2012,12/15/2023,4.89,"[-58.41107, -34.58784]",69.0,USD,"['Hair dryer', 'Bidet', 'Hot water', 'Free washer ? In unit', 'Essentials', 'Towels, bed sheets, soap, and toilet paper', 'Hangers', 'Bed linens', 'Cotton linens', 'Extra pillows and blankets', 'Room-darkening shades', 'Iron', 'Drying rack for clothing',"
307695,https://www.airbnb.com/rooms/307695,Rental unit in Buenos Aires · ?4.67 · 2 bedrooms · 4 beds · 1 private bath,500210,Luciano,4/11/2011,"Buenos Aires, Argentina",within an hour,100%,t,Balvanera,-34.60141,-58.40059,Private room in rental unit,4,1 private bath,4.0,2,1125,3,4/1/2012,10/15/2018,4.67,"[-58.40059, -34.60141]",26.0,USD,"['Hair dryer', 'Cleaning products', 'Bidet', 'Hot water', 'Paid washer ? In unit', 'Essentials', 'Towels, bed sheets, soap, and toilet paper', 'Hangers', 'Bed linens', 'Cotton linens', 'Extra pillows and blankets', 'Room-darkening shades', 'Iron', 'Dryin"
307696,https://www.airbnb.com/rooms/307696,Rental unit in Buenos Aires · ?4.67 · 1 bedroom · 2 beds · 1 shared bath,500210,Luciano,4/11/2011,"Buenos Aires, Argentina",within an hour,100%,t,Balvanera,-34.60341,-58.40237,Private room in rental unit,2,1 shared bath,2.0,2,1125,6,1/9/2016,11/20/2022,4.67,"[-58.40237, -34.60341]",26.0,USD,"['Bathtub', 'Hair dryer', 'Cleaning products', 'Natura Ecos body soap', 'Bidet', 'Hot water', 'Paid washer ? In unit', 'Essentials', 'Towels, bed sheets, soap, and toilet paper', 'Hangers', 'Bed linens', 'Cotton linens', 'Extra pillows and blankets', 'Ro"
308319,https://www.airbnb.com/rooms/308319,Home in Buenos Aires · ?4.66 · 6 bedrooms · 6 beds · 3 baths,1388769,Juan Y Josefina,11/9/2011,"Buenos Aires, Argentina",,,f,Balvanera,-34.6177,-58.40072,Private room in home,1,3 baths,6.0,5,365,39,7/19/2012,8/4/2018,4.66,"[-58.40072, -34.6177]",15.0,USD,"['Hair dryer', 'Shampoo', 'Hot water', 'Washer', 'Dryer', 'Essentials', 'Towels, bed sheets, soap, and toilet paper', 'Hangers', 'Bed linens', 'Iron', 'TV with standard cable', 'Heating', 'Smoke alarm', 'Carbon monoxide alarm', 'Fire extinguisher', 'Firs"
308320,https://www.airbnb.com/rooms/308320,Home in Buenos Aires · ?4.89 · 6 bedrooms · 6 beds · 3 baths,1388769,Juan Y Josefina,11/9/2011,"Buenos Aires, Argentina",,,f,San Cristobal,-34.61887,-58.39995,Private room in home,2,3 baths,6.0,5,365,21,2/26/2012,7/27/2019,4.89,"[-58.39995, -34.61887]",15.0,USD,"['Hair dryer', 'Shampoo', 'Hot water', 'Washer', 'Essentials', 'Towels, bed sheets, soap, and toilet paper', 'Hangers', 'Bed linens', 'Iron', 'TV', 'Heating', 'Smoke alarm', 'Carbon monoxide alarm', 'Fire extinguisher', 'First aid kit', 'Wifi', 'Kitchen'"
309428,https://www.airbnb.com/rooms/309428,Rental unit in Buenos Aires · ?4.74 · 1 bedroom · 1 bed · 1.5 baths,1454415,Ura,11/29/2011,"Viña del Mar, Chile",within a few hours,100%,t,Constitucion,-34.61834,-58.37902,Entire rental unit,2,1.5 baths,1.0,6,1125,118,12/5/2012,12/23/2023,4.74,"[-58.37902, -34.61834]",30.0,USD,"['Hair dryer', 'Cleaning products', 'Shampoo', 'Body soap', 'Hot water', 'Washer', 'Dryer', 'Essentials', 'Towels, bed sheets, soap, and toilet paper', 'Hangers', 'Bed linens', 'Extra pillows and blankets', 'Iron', 'Drying rack for clothing', 'Clothing s"
315025,https://www.airbnb.com/rooms/315025,Home in Buenos Aires · ?4.80 · 1 bedroom · 7 beds · 2 shared baths,915313,Liliana,8/3/2011,"Buenos Aires, Argentina",,,f,San Telmo,-34.61687,-58.37665,Private room in home,7,2 shared baths,7.0,1,1125,7,2/20/2012,7/10/2012,4.8,"[-58.37665, -34.61687]",246.0,USD,"['Washer', 'Iron', 'TV with standard cable', 'Heating', 'Wifi', 'Kitchen', 'Space where guests can cook their own meals', 'Smoking allowed', 'Unavailable: Lock on bedroom door', 'Lock on bedroom door', 'There is no lock on the bedroom door.', 'Unavailabl"
315790,https://www.airbnb.com/rooms/315790,Rental unit in Buenos Aires · ?4.80 · 1 bedroom · 1 bed · 1.5 shared baths,1621752,Luba,1/18/2012,"Buenos Aires, Argentina",within an hour,100%,t,Palermo,-34.59087,-58.4227,Private room in rental unit,2,1.5 shared baths,1.0,2,1125,91,3/13/2012,12/21/2023,4.8,"[-58.4227, -34.59087]",26.0,USD,"['City skyline view', 'Hair dryer', 'Shampoo', 'Hot water', 'Essentials', 'Towels, bed sheets, soap, and toilet paper', 'Hangers', 'Bed linens', 'Iron', 'TV with standard cable', 'Air conditioning', 'Heating', 'Lock on bedroom door', 'Wifi', 'Pocket wifi"
316228,https://www.airbnb.com/rooms/316228,Rental unit in Buenos Aires · ?4.92 · 1 bedroom · 1 bed · 1.5 baths,3771282,Max,10/5/2012,"Buenos Aires, Argentina",within a few hours,98%,f,Palermo,-34.57744,-58.43702,Entire rental unit,3,1.5 baths,1.0,3,180,25,12/26/2015,7/31/2023,4.92,"[-58.43702, -34.57744]",163.0,USD,"['City skyline view', 'Hair dryer', 'Hot water', 'Paid washer ? In building', 'Paid dryer ? In building', 'Essentials', 'Towels, bed sheets, soap, and toilet paper', 'Hangers', 'Iron', 'TV with standard cable', 'Crib', 'Pack ?n play/Travel crib', 'High c"
316251,https://www.airbnb.com/rooms/316251,Rental unit in Buenos Aires · ?4.46 · 1 bedroom · 2 beds · 1.5 baths,559463,Martin,5/5/2011,"Buenos Aires, Argentina",within an hour,100%,t,Villa Crespo,-34.59403,-58.43114,Entire rental unit,2,1.5 baths,2.0,3,1000,38,1/28/2013,12/5/2023,4.46,"[-58.43114, -34.59403]",33.0,USD,"['Hot water', 'Washer', 'Essentials', 'Towels, bed sheets, soap, and toilet paper', 'Hangers', 'Bed linens', 'Extra pillows and blankets', 'HDTV with Roku', 'Air conditioning', 'Heating', 'Wifi', 'Dedicated workspace', 'In a room with a door', 'Kitchen',"
317484,https://www.airbnb.com/rooms/317484,Rental unit in Buenos Aires · ?4.71 · 1 bedroom · 1 bed · 1.5 shared baths,1621752,Luba,1/18/2012,"Buenos Aires, Argentina",within an hour,100%,t,Palermo,-34.58992,-58.42236,Private room in rental unit,1,1.5 shared baths,1.0,2,1125,184,3/12/2012,12/10/2023,4.71,"[-58.42236, -34.58992]",19.0,USD,"['City skyline view', 'Hair dryer', 'Shampoo', 'Hot water', 'Essentials', 'Towels, bed sheets, soap, and toilet paper', 'Hangers', 'Bed linens', 'Extra pillows and blankets', 'Iron', 'TV with standard cable', 'Air conditioning', 'Heating', 'Smoke alarm',"
317486,https://www.airbnb.com/rooms/317486,Rental unit in Buenos Aires · ?4.77 · 1 bedroom · 1 bed · 1.5 shared baths,1621752,Luba,1/18/2012,"Buenos Aires, Argentina",within an hour,100%,t,Palermo,-34.59077,-58.42133,Private room in rental unit,1,1.5 shared baths,1.0,2,1125,228,3/17/2012,12/12/2023,4.77,"[-58.42133, -34.59077]",19.0,USD,"['City skyline view', 'Hair dryer', 'Hot water', 'Shower gel', 'Essentials', 'Towels, bed sheets, soap, and toilet paper', 'Hangers', 'Bed linens', 'Extra pillows and blankets', 'TV with standard cable', 'Air conditioning', 'Heating', 'Wifi', 'Kitchen', "
317509,https://www.airbnb.com/rooms/317509,Home in Buenos Aires · ?5.0 · 1 bedroom · 2 beds · 2 baths,1624246,Sandra,1/18/2012,"Buenos Aires, Argentina",,,f,Villa Urquiza,-34.57943,-58.48487,Private room in home,3,2 baths,2.0,1,1125,3,9/5/2013,1/1/2014,5.0,"[-58.48487, -34.57943]",44.0,USD,"['Shampoo', 'Washer', 'Dryer', 'Essentials', 'Towels, bed sheets, soap, and toilet paper', 'TV with standard cable', 'Air conditioning', 'Heating', 'Wifi', 'Kitchen', 'Space where guests can cook their own meals', 'Pool', 'Breakfast', 'Breakfast is provi"
317759,https://www.airbnb.com/rooms/317759,Rental unit in Buenos Aires · ?4.35 · 1 bedroom · 1 bed · 1 bath,1569462,Eleonora,1/5/2012,"Berlin, Germany",within a few hours,100%,f,Balvanera,-34.60989,-58.40239,Entire rental unit,2,1 bath,1.0,5,1125,74,1/6/2013,10/16/2023,4.35,"[-58.40239, -34.60989]",23.0,USD,"['Hot water', 'Essentials', 'Towels, bed sheets, soap, and toilet paper', 'Bed linens', 'Extra pillows and blankets', 'TV with standard cable', 'Heating', 'Wifi', 'Pocket wifi', 'Kitchen', 'Space where guests can cook their own meals', 'Refrigerator', 'C"
322509,https://www.airbnb.com/rooms/322509,Rental unit in Buenos Aires · ?4.76 · Studio · 1 bed · 1 bath,1333525,Mar,10/25/2011,"Buenos Aires, Argentina",within an hour,100%,f,Palermo,-34.57807,-58.43564,Entire rental unit,2,1 bath,1.0,3,90,134,2/16/2012,7/24/2022,4.76,"[-58.43564, -34.57807]",48.0,USD,"['City skyline view', 'Hair dryer', 'Shampoo', 'Hot water', 'Essentials', 'Towels, bed sheets, soap, and toilet paper', 'Hangers', 'Bed linens', 'Extra pillows and blankets', 'Iron', 'Ethernet connection', 'HDTV with premium cable', 'Pack â??n play/Trave"
323488,https://www.airbnb.com/rooms/323488,Rental unit in Buenos Aires · ?4.78 · 1 bedroom · 1 bath,1655817,Silvia,1/26/2012,"Buenos Aires, Argentina",within an hour,100%,t,Palermo,-34.5872,-58.42973,Entire rental unit,2,1 bath,,2,1125,57,8/29/2013,12/15/2023,4.78,"[-58.42973, -34.5872]",59.0,USD,"['Hair dryer', 'Cleaning products', 'Several shampoo', 'Several conditioner', 'Several body soap', 'Bidet', 'Hot water', 'Free washer ? In unit', 'Essentials', 'Towels, bed sheets, soap, and toilet paper', 'Hangers', 'Bed linens', 'Room-darkening shades'"
323708,https://www.airbnb.com/rooms/323708,Rental unit in Buenos Aires · ?4.88 · 3 bedrooms · 2 beds · 1.5 shared baths,1621752,Luba,1/18/2012,"Buenos Aires, Argentina",within an hour,100%,t,Palermo,-34.59082,-58.42145,Private room in rental unit,2,1.5 shared baths,2.0,2,1125,17,1/7/2013,11/14/2023,4.88,"[-58.42145, -34.59082]",34.0,USD,"['Hair dryer', 'Hot water', 'Essentials', 'Towels, bed sheets, soap, and toilet paper', 'Hangers', 'TV with standard cable', 'Air conditioning', 'Heating', 'Wifi', 'Dedicated workspace', 'Kitchen', 'Space where guests can cook their own meals', 'Refriger"
325631,https://www.airbnb.com/rooms/325631,Loft in Buenos Aires · ?4.91 · 1 bedroom · 1 bed · 1 bath,576398,Florencia,5/10/2011,"Buenos Aires, Argentina",within an hour,100%,t,Recoleta,-34.59255,-58.4106,Entire loft,2,1 bath,1.0,2,120,383,2/24/2012,12/13/2023,4.91,"[-58.4106, -34.59255]",45.0,USD,"['Bathtub', 'Hair dryer', 'Cleaning products', 'Shampoo', 'Standard conditioner', 'Standard body soap', 'Hot water', 'Essentials', 'Towels, bed sheets, soap, and toilet paper', 'Hangers', 'Bed linens', 'Extra pillows and blankets', 'Room-darkening shades"
327888,https://www.airbnb.com/rooms/327888,Rental unit in Buenos Aires · ?4.89 · 1 bedroom · 1 bed · 1 bath,1675731,Alejandra,1/30/2012,,within an hour,100%,t,San Telmo,-34.61963,-58.37212,Entire rental unit,2,1 bath,1.0,2,60,335,1/7/2013,12/20/2023,4.89,"[-58.37212, -34.61963]",87.0,USD,"['City skyline view', 'Courtyard view', 'Bathtub', 'Hair dryer', 'Cleaning products', 'Shampoo', 'Body soap', 'Bidet', 'Hot water', 'Shower gel', 'Essentials', 'Towels, bed sheets, soap, and toilet paper', 'Hangers', 'Bed linens', 'Cotton linens', 'Extra"
331371,https://www.airbnb.com/rooms/331371,Loft in Buenos Aires · ?4.62 · 1 bedroom · 1 bed · 1 bath,1689718,Francesca,2/2/2012,"Buenos Aires, Argentina",within an hour,100%,f,Villa Crespo,-34.59321,-58.44315,Entire loft,2,1 bath,1.0,3,1125,40,3/28/2012,11/28/2023,4.62,"[-58.44315, -34.59321]",22.0,USD,"['Bathtub', 'Hair dryer', 'Shampoo', 'Bidet', 'Hot water', 'Paid dryer â?? In building', 'Essentials', 'Towels, bed sheets, soap, and toilet paper', 'Hangers', 'Bed linens', 'Extra pillows and blankets', 'Room-darkening shades', 'Iron', 'Safe', 'Clothing"
333282,https://www.airbnb.com/rooms/333282,Rental unit in Buenos Aires · ?4.89 · 1 bedroom · 2 beds · 1 private bath,1698050,Laura,2/4/2012,"Buenos Aires, Argentina",within an hour,100%,t,San Nicolas,-34.59927,-58.37867,Private room in rental unit,2,1 private bath,2.0,2,60,38,2/22/2012,11/18/2023,4.89,"[-58.37867, -34.59927]",36.0,USD,"['Park view', 'Essentials', 'Towels, bed sheets, soap, and toilet paper', 'Hangers', 'Bed linens', 'Cotton linens', 'Extra pillows and blankets', 'Room-darkening shades', 'Clothing storage: closet', 'Ceiling fan', 'Heating', 'Wifi', 'Refrigerator', 'Dish"
333497,https://www.airbnb.com/rooms/333497,Rental unit in Buenos Aires · 1 bedroom · 1 bed · 0 baths,1699029,Juan Manuel,2/4/2012,"Buenos Aires, Argentina",,,f,Balvanera,-34.60847,-58.396,Private room in rental unit,1,0 baths,1.0,2,30,0,,,,"[-58.396, -34.60847]",59.0,USD,"['Washer', 'Dryer', 'Heating', 'Wifi', 'Kitchen', 'Space where guests can cook their own meals', 'Elevator', 'The home or building has an elevator that?s at least 52 inches deep and a doorway at least 32 inches wide.', 'Unavailable: Lock on bedroom door'"
337301,https://www.airbnb.com/rooms/337301,Condo in Buenos Aires · ?4.37 · 2 bedrooms · 5 beds · 1 bath,805950,Isabel,7/11/2011,"Buenos Aires, Argentina",within a few hours,100%,f,Balvanera,-34.60334,-58.39398,Entire condo,6,1 bath,5.0,3,10,55,4/17/2012,3/2/2020,4.37,"[-58.39398, -34.60334]",41.0,USD,"['Bathtub', 'Hair dryer', 'Bidet', 'Hot water', 'Essentials', 'Towels, bed sheets, soap, and toilet paper', 'Hangers', 'Bed linens', 'Cotton linens', 'Room-darkening shades', 'Iron', 'Drying rack for clothing', 'Clothing storage: closet', 'TV with standa"
337896,https://www.airbnb.com/rooms/337896,Rental unit in Buenos Aires · ?4.31 · 1 bedroom · 1 bed · 0 baths,1716990,Ramsey,2/7/2012,"Buenos Aires, Argentina",within an hour,100%,f,Villa Crespo,-34.59277,-58.43361,Private room in rental unit,1,0 baths,1.0,6,120,15,6/28/2012,10/8/2023,4.31,"[-58.43361, -34.59277]",17.0,USD,"['Washer', 'Essentials', 'Towels, bed sheets, soap, and toilet paper', 'Heating', 'Wifi', 'Dedicated workspace', 'In a room with a door', 'Kitchen', 'Space where guests can cook their own meals', 'Refrigerator', 'Dishes and silverware', 'Bowls, chopstick"
338066,https://www.airbnb.com/rooms/338066,Rental unit in Buenos Aires · ?4.95 · 2 bedrooms · 4 beds · 1 bath,1717334,Paola,2/7/2012,"Buenos Aires, Argentina",within an hour,100%,t,Coghlan,-34.56329,-58.47625,Entire rental unit,5,1 bath,4.0,2,730,107,3/23/2012,12/20/2023,4.95,"[-58.47625, -34.56329]",45.0,USD,"['Bathtub', 'Hair dryer', 'Hot water', 'Essentials', 'Towels, bed sheets, soap, and toilet paper', 'Hangers', 'Bed linens', 'Extra pillows and blankets', 'Room-darkening shades', 'Iron', 'TV with standard cable', 'Crib', 'Pack ?n play/Travel crib', 'Chil"
338631,https://www.airbnb.com/rooms/338631,Rental unit in Buenos Aires · ?4.79 · 1 bedroom · 1 bed · 1 bath,1714257,Martin,2/7/2012,"Buenos Aires, Argentina",within an hour,100%,f,Recoleta,-34.59054,-58.40984,Entire rental unit,2,1 bath,1.0,7,1125,179,4/2/2012,12/2/2023,4.79,"[-58.40984, -34.59054]",29.0,USD,"['Bathtub', 'Hair dryer', 'Hot water', 'Essentials', 'Towels, bed sheets, soap, and toilet paper', 'Hangers', 'Iron', 'TV with standard cable', 'Air conditioning', 'Heating', 'Wifi', 'Kitchen', 'Space where guests can cook their own meals', 'Refrigerator"
338678,https://www.airbnb.com/rooms/338678,Rental unit in Buenos Aires · ?4.73 · 2 bedrooms · 1 bed · 1 bath,50665721,Shan,12/6/2015,"Buenos Aires, Argentina",within a few hours,100%,t,Recoleta,-34.58844,-58.4026,Entire rental unit,3,1 bath,1.0,7,1125,157,3/13/2012,12/3/2023,4.73,"[-58.4026, -34.58844]",28.0,USD,"['Hot water', 'Essentials', 'Towels, bed sheets, soap, and toilet paper', 'TV', 'Air conditioning', 'Heating', 'Wifi', 'Kitchen', 'Space where guests can cook their own meals', 'Refrigerator', 'Microwave', 'Cooking basics', 'Pots and pans, oil, salt and "
338752,https://www.airbnb.com/rooms/338752,Rental unit in Buenos Aires · ?4.57 · 1 bedroom · 2 beds · 1.5 baths,50665721,Shan,12/6/2015,"Buenos Aires, Argentina",within a few hours,100%,t,Retiro,-34.59737,-58.37387,Entire rental unit,3,1.5 baths,2.0,7,1125,131,4/3/2012,12/2/2023,4.57,"[-58.37387, -34.59737]",,,
340938,https://www.airbnb.com/rooms/340938,Rental unit in Buenos Aires · 1 bedroom · 1 bed,1729925,Luciana,2/10/2012,"Buenos Aires, Argentina",,,f,Boca,-34.63958,-58.36423,Private room in rental unit,1,,1.0,1,1125,0,,,,"[-58.36423, -34.63958]",99.0,USD,"['Unavailable: Lock on bedroom door', 'Lock on bedroom door', 'There is no lock on the bedroom door.', 'Unavailable: Kitchen', 'Kitchen', 'Unavailable: Wifi', 'Wifi', 'Unavailable: TV', 'TV', 'Unavailable: Washer', 'Washer', 'Unavailable: Dryer', 'Dryer'"
342401,https://www.airbnb.com/rooms/342401,Rental unit in Buenos Aires · ?4.84 · 1 bedroom · 1 bed · 1 private bath,1737635,Rogelio,2/11/2012,"Buenos Aires, Argentina",within a day,100%,f,Balvanera,-34.5985,-58.40579,Private room in rental unit,1,1 private bath,1.0,1,1125,45,7/28/2012,11/30/2023,4.84,"[-58.40579, -34.5985]",13.0,USD,"['Hair dryer', 'Hot water', 'Washer', 'Essentials', 'Towels, bed sheets, soap, and toilet paper', 'Hangers', 'Iron', 'Ethernet connection', 'TV with standard cable', 'Air conditioning', 'Indoor fireplace', 'Heating', 'Wifi', 'Kitchen', 'Space where guest"
348635,https://www.airbnb.com/rooms/348635,Condo in Buenos Aires · ?4.64 · 1 bedroom · 3 beds · 1 bath,805950,Isabel,7/11/2011,"Buenos Aires, Argentina",within a few hours,100%,f,Palermo,-34.57867,-58.42826,Entire condo,4,1 bath,3.0,3,14,45,4/10/2012,9/22/2022,4.64,"[-58.42826, -34.57867]",48.0,USD,"['City skyline view', 'Bathtub', 'Hair dryer', 'Varios body soap', 'Bidet', 'Hot water', 'Essentials', 'Towels, bed sheets, soap, and toilet paper', 'Hangers', 'Bed linens', 'Extra pillows and blankets', 'Iron', 'Drying rack for clothing', 'Clothing stor"
349688,https://www.airbnb.com/rooms/349688,Rental unit in Buenos Aires · ?4.88 · 1 bedroom · 1 bed · 1 bath,853184,Juan,7/22/2011,"Buenos Aires, Argentina",within an hour,100%,f,Palermo,-34.58735,-58.42186,Entire rental unit,2,1 bath,1.0,20,1125,202,2/28/2012,12/17/2023,4.88,"[-58.42186, -34.58735]",36.0,USD,"['Hair dryer', 'Shampoo', 'Hot water', 'Essentials', 'Towels, bed sheets, soap, and toilet paper', 'Hangers', 'Iron', 'TV with standard cable', 'Air conditioning', 'Heating', 'Wifi', 'Kitchen', 'Space where guests can cook their own meals', 'Refrigerator"
358631,https://www.airbnb.com/rooms/358631,Rental unit in Buenos Aires · ?4.60 · 1 bedroom · 2 beds · 1 bath,444416,Claudia,3/15/2011,"Buenos Aires, Argentina",within a few hours,100%,f,Palermo,-34.59465,-58.42039,Entire rental unit,3,1 bath,2.0,3,1125,59,4/3/2012,12/10/2023,4.6,"[-58.42039, -34.59465]",20.0,USD,"['Hot water', 'Washer', 'Essentials', 'Towels, bed sheets, soap, and toilet paper', 'Hangers', 'Bed linens', 'TV', 'Air conditioning', 'Heating', 'Wifi', 'Kitchen', 'Space where guests can cook their own meals', 'Microwave', 'Dishes and silverware', 'Bow"
358640,https://www.airbnb.com/rooms/358640,Rental unit in Buenos Aires · ?4.73 · 1 bedroom · 2 beds · 1 bath,444416,Claudia,3/15/2011,"Buenos Aires, Argentina",within a few hours,100%,f,Palermo,-34.59538,-58.42039,Entire rental unit,2,1 bath,2.0,3,1825,23,3/20/2012,12/6/2023,4.73,"[-58.42039, -34.59538]",22.0,USD,"['Hot water', 'Washer', 'Hangers', 'Bed linens', 'TV with standard cable', 'Air conditioning', 'Heating', 'Wifi', 'Kitchen', 'Space where guests can cook their own meals', 'Microwave', 'Dishes and silverware', 'Bowls, chopsticks, plates, cups, etc.', 'El"
362403,https://www.airbnb.com/rooms/362403,Rental unit in Buenos Aires · ?4.89 · 2 bedrooms · 5 beds · 1 bath,1590487,Eduardo,1/10/2012,"Buenos Aires, Argentina",within a few hours,100%,t,Palermo,-34.58689,-58.42543,Entire rental unit,4,1 bath,5.0,2,180,231,5/7/2012,12/24/2023,4.89,"[-58.42543, -34.58689]",54.0,USD,"['City skyline view', 'Bathtub', 'Hair dryer', 'Cleaning products', 'Dove, Capilatis shampoo', 'Dove conditioner', 'Dove body soap', 'Bidet', 'Hot water', 'Essentials', 'Towels, bed sheets, soap, and toilet paper', 'Hangers', 'Bed linens', 'Cotton Cannon"
365674,https://www.airbnb.com/rooms/365674,Rental unit in Buenos Aires · 1 bedroom · 1 bed · 1 bath,1846400,Pablo,3/2/2012,"Buenos Aires, Argentina",,,f,Colegiales,-34.57455,-58.45076,Entire rental unit,2,1 bath,1.0,30,720,0,,,,"[-58.45076, -34.57455]",30.0,USD,"['Heating', 'Kitchen', 'Space where guests can cook their own meals', 'Elevator', 'The home or building has an elevator thatâ??s at least 52 inches deep and a doorway at least 32 inches wide.', 'Pets allowed', 'Assistance animals are always allowed', 'Sm"
369935,https://www.airbnb.com/rooms/369935,Home in Buenos Aires · ?4.68 · 8 bedrooms · 15 beds · 6 baths,1864747,Irina,3/5/2012,"Buenos Aires, Argentina",within an hour,100%,f,Almagro,-34.61095,-58.42192,Private room in home,15,6 baths,15.0,2,1125,26,6/24/2012,12/28/2017,4.68,"[-58.42192, -34.61095]",16.0,USD,"['Hair dryer', 'Hot water', 'Essentials', 'Towels, bed sheets, soap, and toilet paper', 'Hangers', 'Bed linens', 'Iron', 'TV with standard cable', 'Children?s books and toys', 'Heating', 'Fire extinguisher', 'Wifi', 'Kitchen', 'Space where guests can coo"
369961,https://www.airbnb.com/rooms/369961,Home in Buenos Aires · ?4.67 · 8 bedrooms · 15 beds · 6 baths,1864747,Irina,3/5/2012,"Buenos Aires, Argentina",within an hour,100%,f,Almagro,-34.61095,-58.42192,Private room in home,8,6 baths,15.0,2,1125,74,3/17/2012,2/19/2020,4.67,"[-58.42192, -34.61095]",10.0,USD,"['Hair dryer', 'Hot water', 'Essentials', 'Towels, bed sheets, soap, and toilet paper', 'Hangers', 'Iron', 'TV with standard cable', 'Children?s books and toys', 'Heating', 'Fire extinguisher', 'Wifi', 'Kitchen', 'Space where guests can cook their own me"
370013,https://www.airbnb.com/rooms/370013,Condo in Buenos Aires · ?4.57 · Studio · 2 beds · 1 bath,1985312,Natalí,3/21/2012,"Avellaneda, Argentina",within an hour,100%,f,San Nicolas,-34.60475,-58.37574,Entire condo,3,1 bath,2.0,4,180,536,11/20/2012,11/29/2023,4.57,"[-58.37574, -34.60475]",27.0,USD,"['Bathtub', 'Hair dryer', 'Bidet', 'Hot water', 'Essentials', 'Towels, bed sheets, soap, and toilet paper', 'Hangers', 'Bed linens', 'Extra pillows and blankets', 'Iron', 'Clothing storage: closet', 'TV with standard cable', 'Air conditioning', 'Heating'"
371898,https://www.airbnb.com/rooms/371898,Rental unit in Buenos Aires · ?4.45 · 1 bedroom · 1 bed · 1.5 baths,1794617,Manu,2/22/2012,"Amsterdam, Netherlands",within a day,90%,f,San Cristobal,-34.62208,-58.39676,Entire rental unit,2,1.5 baths,1.0,30,90,11,7/31/2018,11/30/2023,4.45,"[-58.39676, -34.62208]",14.0,USD,"['City skyline view', 'Hot water', 'Washer', 'Essentials', 'Towels, bed sheets, soap, and toilet paper', 'Hangers', 'Bed linens', 'Clothing storage: closet and wardrobe', 'Air conditioning', 'Heating', 'Smoke alarm', 'Fire extinguisher', 'Wifi', 'Dedicat"
372072,https://www.airbnb.com/rooms/372072,Rental unit in Buenos Aires · ?4.48 · 1 bedroom · 2 beds · 1 bath,444416,Claudia,3/15/2011,"Buenos Aires, Argentina",within a few hours,100%,f,Palermo,-34.59645,-58.42064,Entire rental unit,2,1 bath,2.0,3,1125,38,5/10/2012,12/7/2023,4.48,"[-58.42064, -34.59645]",20.0,USD,"['Washer', 'Dryer', 'Essentials', 'Towels, bed sheets, soap, and toilet paper', 'Hangers', 'TV with standard cable', 'Air conditioning', 'Heating', 'Wifi', 'Kitchen', 'Space where guests can cook their own meals', 'Microwave', 'Dishes and silverware', 'B"
372073,https://www.airbnb.com/rooms/372073,Rental unit in Buenos Aires · ?4.58 · 1 bedroom · 1 bed · 1 bath,444416,Claudia,3/15/2011,"Buenos Aires, Argentina",within a few hours,100%,f,Palermo,-34.59461,-58.42245,Entire rental unit,2,1 bath,1.0,3,1125,20,7/15/2012,7/16/2022,4.58,"[-58.42245, -34.59461]",20.0,USD,"['Hot water', 'Washer', 'Hangers', 'Bed linens', 'TV with standard cable', 'Air conditioning', 'Heating', 'Wifi', 'Kitchen', 'Space where guests can cook their own meals', 'Microwave', 'Dishes and silverware', 'Bowls, chopsticks, plates, cups, etc.', 'El"
372075,https://www.airbnb.com/rooms/372075,Rental unit in Buenos Aires · ?4.55 · 1 bedroom · 2 beds · 1 bath,444416,Claudia,3/15/2011,"Buenos Aires, Argentina",within a few hours,100%,f,Palermo,-34.59602,-58.42023,Entire rental unit,2,1 bath,2.0,3,1125,63,3/20/2012,11/20/2023,4.55,"[-58.42023, -34.59602]",20.0,USD,"['Hot water', 'Washer', 'Hangers', 'Bed linens', 'TV with standard cable', 'Air conditioning', 'Heating', 'Security cameras on property', 'cameras de seguridad', 'Wifi', 'Kitchen', 'Space where guests can cook their own meals', 'Microwave', 'Dishes and s"
372085,https://www.airbnb.com/rooms/372085,Rental unit in Buenos Aires · ?4.69 · 1 bedroom · 2 beds · 1 bath,444416,Claudia,3/15/2011,"Buenos Aires, Argentina",within a few hours,100%,f,Palermo,-34.59483,-58.42052,Entire rental unit,2,1 bath,2.0,3,1124,34,4/12/2012,11/25/2023,4.69,"[-58.42052, -34.59483]",20.0,USD,"['Hot water', 'Washer', 'Essentials', 'Towels, bed sheets, soap, and toilet paper', 'Hangers', 'Bed linens', 'TV with standard cable', 'Air conditioning', 'Heating', 'Wifi', 'Kitchen', 'Space where guests can cook their own meals', 'Microwave', 'Dishes a"
372086,https://www.airbnb.com/rooms/372086,Rental unit in Buenos Aires · ?4.61 · 1 bedroom · 2 beds · 1 bath,444416,Claudia,3/15/2011,"Buenos Aires, Argentina",within a few hours,100%,f,Palermo,-34.59681,-58.42248,Entire rental unit,2,1 bath,2.0,3,1124,79,3/17/2012,12/10/2023,4.61,"[-58.42248, -34.59681]",20.0,USD,"['Hot water', 'Washer', 'Essentials', 'Towels, bed sheets, soap, and toilet paper', 'Hangers', 'Bed linens', 'TV with standard cable', 'Heating', 'Wifi', 'Kitchen', 'Space where guests can cook their own meals', 'Refrigerator', 'Microwave', 'Dishes and s"
379826,https://www.airbnb.com/rooms/379826,Rental unit in Buenos Aires · ?4.79 · 1 bedroom · 2 beds · 1 bath,444416,Claudia,3/15/2011,"Buenos Aires, Argentina",within a few hours,100%,f,Palermo,-34.59465,-58.42206,Entire rental unit,1,1 bath,2.0,3,1124,19,5/13/2012,11/25/2023,4.79,"[-58.42206, -34.59465]",22.0,USD,"['Hot water', 'Washer', 'Essentials', 'Towels, bed sheets, soap, and toilet paper', 'Hangers', 'Bed linens', 'TV with standard cable', 'Heating', 'Wifi', 'Kitchen', 'Space where guests can cook their own meals', 'Microwave', 'Dishes and silverware', 'Bow"
379839,https://www.airbnb.com/rooms/379839,Rental unit in Buenos Aires · ?4.61 · 1 bedroom · 2 beds · 1 bath,444416,Claudia,3/15/2011,"Buenos Aires, Argentina",within a few hours,100%,f,Palermo,-34.59679,-58.42035,Entire rental unit,2,1 bath,2.0,3,1125,37,2/27/2013,12/5/2023,4.61,"[-58.42035, -34.59679]",20.0,USD,"['Washer', 'Dryer', 'Hangers', 'Bed linens', 'TV with standard cable', 'Heating', 'Wifi', 'Kitchen', 'Space where guests can cook their own meals', 'Microwave', 'Dishes and silverware', 'Bowls, chopsticks, plates, cups, etc.', 'Elevator', 'The home or bu"
380943,https://www.airbnb.com/rooms/380943,Rental unit in Buenos Aires · ?4.82 · 1 bedroom · 2 beds · 1 bath,1910856,Gimena,3/12/2012,"Buenos Aires, Argentina",,,f,Almagro,-34.62063,-58.41608,Entire rental unit,2,1 bath,2.0,2,365,92,4/26/2012,10/11/2021,4.82,"[-58.41608, -34.62063]",23.0,USD,"['Hot water', 'Essentials', 'Towels, bed sheets, soap, and toilet paper', 'Hangers', 'Bed linens', 'TV with standard cable', 'Air conditioning', 'Heating', 'Wifi', 'Pocket wifi', 'Kitchen', 'Space where guests can cook their own meals', 'Refrigerator', '"
380989,https://www.airbnb.com/rooms/380989,Rental unit in Buenos Aires · ?4.69 · 1 bedroom · 1 bed · 1 bath,1911004,Ernesto,3/12/2012,"Buenos Aires, Argentina",within a day,100%,t,San Nicolas,-34.60799,-58.37945,Entire rental unit,2,1 bath,1.0,1,1125,39,5/4/2012,12/1/2023,4.69,"[-58.37945, -34.60799]",42.0,USD,"['TV', 'Air conditioning', 'Heating', 'Wifi', 'Kitchen', 'Space where guests can cook their own meals', 'Elevator', 'The home or building has an elevator thatâ??s at least 52 inches deep and a doorway at least 32 inches wide.', 'Smoking allowed']"
383026,https://www.airbnb.com/rooms/383026,Condo in Buenos Aires · ?4.66 · 1 bedroom · 1 bed · 1 private bath,906277,Magdalena,8/1/2011,"Buenos Aires, Argentina",within an hour,100%,t,San Telmo,-34.62148,-58.37053,Private room in condo,1,1 private bath,1.0,2,60,100,4/25/2012,12/11/2023,4.66,"[-58.37053, -34.62148]",25.0,USD,"['City skyline view', 'Bathtub', 'Hair dryer', 'Bidet', 'Hot water', 'Free washer ? In unit', 'Essentials', 'Towels, bed sheets, soap, and toilet paper', 'Hangers', 'Bed linens', 'Extra pillows and blankets', 'Room-darkening shades', 'Iron', 'Drying rack"
388089,https://www.airbnb.com/rooms/388089,Rental unit in Argentina · ?4.51 · 1 bedroom · 2 beds · 1 bath,444416,Claudia,3/15/2011,"Buenos Aires, Argentina",within a few hours,100%,f,Almagro,-34.5992,-58.42091,Entire rental unit,2,1 bath,2.0,3,1125,49,5/4/2012,11/25/2023,4.51,"[-58.42091, -34.5992]",20.0,USD,"['Hot water', 'Washer', 'Bed linens', 'TV with standard cable', 'Air conditioning', 'Heating', 'Wifi', 'Kitchen', 'Space where guests can cook their own meals', 'Microwave', 'Dishes and silverware', 'Bowls, chopsticks, plates, cups, etc.', 'Elevator', 'T"
389270,https://www.airbnb.com/rooms/389270,Rental unit in Buenos Aires · ?4.52 · 1 bedroom · 2 beds · 1 bath,444416,Claudia,3/15/2011,"Buenos Aires, Argentina",within a few hours,100%,f,Palermo,-34.59494,-58.42095,Entire rental unit,2,1 bath,2.0,3,1125,46,5/1/2012,11/27/2023,4.52,"[-58.42095, -34.59494]",20.0,USD,"['Hot water', 'Washer', 'Essentials', 'Towels, bed sheets, soap, and toilet paper', 'Hangers', 'TV with standard cable', 'Heating', 'Wifi', 'Kitchen', 'Space where guests can cook their own meals', 'Microwave', 'Dishes and silverware', 'Bowls, chopsticks"
394376,https://www.airbnb.com/rooms/394376,Rental unit in Buenos Aires · ?4.48 · 2 bedrooms · 2 beds · 1 bath,91936,Nicolas,3/12/2010,"New York, NY",within an hour,100%,t,Balvanera,-34.60889,-58.39482,Entire rental unit,3,1 bath,2.0,4,1125,41,5/21/2013,11/15/2023,4.48,"[-58.39482, -34.60889]",29.0,USD,"['Hair dryer', 'Hot water', 'Essentials', 'Towels, bed sheets, soap, and toilet paper', 'Hangers', 'TV with standard cable', 'Heating', 'Wifi', 'Kitchen', 'Space where guests can cook their own meals', 'Refrigerator', 'Microwave', 'Cooking basics', 'Pots"
394407,https://www.airbnb.com/rooms/394407,Rental unit in Buenos Aires · ?4.80 · 3 bedrooms · 3 beds · 2 baths,91936,Nicolas,3/12/2010,"New York, NY",within an hour,100%,t,San Nicolas,-34.60865,-58.38753,Entire rental unit,5,2 baths,3.0,4,1125,200,2/20/2013,12/13/2023,4.8,"[-58.38753, -34.60865]",105.0,USD,"['Hair dryer', 'Hot water', 'Washer', 'Essentials', 'Towels, bed sheets, soap, and toilet paper', 'Hangers', 'Bed linens', 'Extra pillows and blankets', 'Iron', 'TV with standard cable', 'Heating', 'Fire extinguisher', 'Wifi', 'Kitchen', 'Space where gue"
396509,https://www.airbnb.com/rooms/396509,Rental unit in Buenos Aires · ?4.88 · 1 bedroom · 1 bed · 1 bath,1443812,Luciana,11/26/2011,"New York, NY",within an hour,100%,t,Puerto Madero,-34.61254,-58.36241,Entire rental unit,2,1 bath,1.0,1,29,151,2/3/2015,12/24/2023,4.88,"[-58.36241, -34.61254]",115.0,USD,"['City skyline view', 'Canal view', 'Hair dryer', 'Shampoo', 'Hot water', 'Essentials', 'Towels, bed sheets, soap, and toilet paper', 'Hangers', 'Bed linens', 'Cotton linens', 'Extra pillows and blankets', 'Iron', 'Clothing storage: closet', 'HDTV with p"
398267,https://www.airbnb.com/rooms/398267,Loft in Buenos Aires · ?4.64 · 1 bedroom · 1 bed · 1 bath,50665721,Shan,12/6/2015,"Buenos Aires, Argentina",within a few hours,100%,t,Palermo,-34.58437,-58.41137,Entire loft,2,1 bath,1.0,7,1125,122,7/6/2012,11/19/2023,4.64,"[-58.41137, -34.58437]",28.0,USD,"['Hair dryer', 'Body soap', 'Hot water', 'Essentials', 'Towels, bed sheets, soap, and toilet paper', 'Clothing storage: wardrobe', 'TV with standard cable', 'Air conditioning', 'Heating', 'Wifi', 'Kitchen', 'Space where guests can cook their own meals', "
404935,https://www.airbnb.com/rooms/404935,Rental unit in Buenos Aires · ?4.60 · 1 bedroom · 3 beds · 1 bath,2017830,Barbara,3/27/2012,,within an hour,100%,f,Palermo,-34.58618,-58.42449,Entire rental unit,5,1 bath,3.0,2,365,201,5/6/2012,11/25/2023,4.6,"[-58.42449, -34.58618]",67.0,USD,"['Bathtub', 'Hair dryer', 'Shampoo', 'Conditioner', 'Dove body soap', 'Bidet', 'Hot water', 'Free washer ? In unit', 'Essentials', 'Towels, bed sheets, soap, and toilet paper', 'Hangers', 'Bed linens', 'Extra pillows and blankets', 'Room-darkening shades"
410119,https://www.airbnb.com/rooms/410119,Rental unit in Buenos Aires · ?5.0 · 2 bedrooms · 3 beds · 2.5 baths,1967648,Nigel,3/19/2012,"Charleston, SC",within a day,100%,f,Recoleta,-34.58916,-58.38872,Entire rental unit,4,2.5 baths,3.0,5,180,9,11/19/2013,4/10/2023,5.0,"[-58.38872, -34.58916]",246.0,USD,"['City skyline view', 'Bathtub', 'Hair dryer', 'Shampoo', 'Body soap', 'Bidet', 'Hot water', 'Free washer ? In unit', 'Free dryer ? In unit', 'Essentials', 'Towels, bed sheets, soap, and toilet paper', 'Hangers', 'Bed linens', 'Cotton linens', 'Extra pil"
413228,https://www.airbnb.com/rooms/413228,Rental unit in Buenos Aires · ?4.80 · 1 bedroom · 1 bed · 1 bath,2055785,Dolores & Camila,4/2/2012,"Buenos Aires, Argentina",within an hour,100%,t,Palermo,-34.58315,-58.43386,Entire rental unit,2,1 bath,1.0,4,730,51,4/27/2012,12/15/2023,4.8,"[-58.43386, -34.58315]",32.0,USD,"['Hair dryer', 'Shampoo', 'Washer', 'Essentials', 'Towels, bed sheets, soap, and toilet paper', 'Hangers', 'Iron', 'TV with standard cable', 'Air conditioning', 'Heating', 'Wifi', 'Kitchen', 'Space where guests can cook their own meals', 'Dishes and silv"
413349,https://www.airbnb.com/rooms/413349,Rental unit in Buenos Aires · ?4.42 · 7 bedrooms · 12 beds · 5 baths,555693,Vittoria,5/3/2011,"Montevideo, Uruguay",within a few hours,100%,f,Balvanera,-34.60362,-58.39604,Entire rental unit,14,5 baths,12.0,1,15,31,1/1/2013,9/10/2023,4.42,"[-58.39604, -34.60362]",374.0,USD,"['Hair dryer', 'Hot water', 'Washer', 'Essentials', 'Towels, bed sheets, soap, and toilet paper', 'Hangers', 'Iron', 'TV with standard cable', 'Crib', 'Changing table', 'Air conditioning', 'Indoor fireplace', 'Heating', 'Smoke alarm', 'Wifi', 'Dedicated "
413662,https://www.airbnb.com/rooms/413662,Condo in Buenos Aires · ?4.47 · 1 bedroom · 1 bed · 1 bath,1985312,Natalí,3/21/2012,"Avellaneda, Argentina",within an hour,100%,f,Monserrat,-34.61123,-58.38373,Entire condo,2,1 bath,1.0,4,180,465,8/17/2012,11/30/2023,4.47,"[-58.38373, -34.61123]",24.0,USD,"['Hair dryer', 'Hot water', 'Essentials', 'Towels, bed sheets, soap, and toilet paper', 'Hangers', 'Bed linens', 'Extra pillows and blankets', 'Iron', 'TV with standard cable', 'Air conditioning', 'Heating', 'Wifi', 'Dedicated workspace', 'Pocket wifi', "
414655,https://www.airbnb.com/rooms/414655,Rental unit in Buenos Aires · ?4.51 · 2 bedrooms · 3 beds · 1 bath,2062185,Judith Y Laura,4/3/2012,"Buenos Aires, Argentina",within a day,100%,f,San Nicolas,-34.59952,-58.37268,Entire rental unit,4,1 bath,3.0,4,1125,142,5/16/2012,11/1/2023,4.51,"[-58.37268, -34.59952]",36.0,USD,"['Bathtub', 'Bidet', 'Hot water', 'Essentials', 'Towels, bed sheets, soap, and toilet paper', 'Hangers', 'Bed linens', 'Extra pillows and blankets', 'Room-darkening shades', 'Clothing storage: closet', 'TV with standard cable', 'Air conditioning', 'Ceili"
415298,https://www.airbnb.com/rooms/415298,Rental unit in Buenos Aires · ?4.73 · 2 bedrooms · 3 beds · 2 baths,1399393,Philippe,11/12/2011,"Buenos Aires, Argentina",within an hour,100%,t,Monserrat,-34.61481,-58.37701,Entire rental unit,5,2 baths,3.0,2,365,134,1/9/2013,12/10/2023,4.73,"[-58.37701, -34.61481]",85.0,USD,"['Hair dryer', 'Shampoo', 'Hot water', 'Essentials', 'Towels, bed sheets, soap, and toilet paper', 'Hangers', 'Bed linens', 'Extra pillows and blankets', 'Iron', 'TV with Chromecast', 'Crib', 'Pack â??n play/Travel crib', 'High chair', 'AC - split type d"
415985,https://www.airbnb.com/rooms/415985,Rental unit in Buenos Aires · ?4.67 · Studio · 2 beds · 1 bath,2068724,Mauro,4/4/2012,"Buenos Aires, Argentina",within an hour,100%,f,Palermo,-34.58164,-58.42526,Entire rental unit,3,1 bath,2.0,30,1125,16,4/25/2012,3/4/2023,4.67,"[-58.42526, -34.58164]",42.0,USD,"['Hair dryer', 'Shampoo', 'Hot water', 'Washer', 'Dryer', 'Essentials', 'Towels, bed sheets, soap, and toilet paper', 'Hangers', 'Iron', 'TV with standard cable', 'Air conditioning', 'Heating', 'Smoke alarm', 'Fire extinguisher', 'Wifi', 'Kitchen', 'Spac"
427283,https://www.airbnb.com/rooms/427283,Rental unit in Buenos Aires · ?4.78 · 2 bedrooms · 4 beds · 2.5 baths,3771282,Max,10/5/2012,"Buenos Aires, Argentina",within a few hours,98%,f,Palermo,-34.57907,-58.43848,Entire rental unit,4,2.5 baths,4.0,3,1125,40,2/26/2013,7/25/2023,4.78,"[-58.43848, -34.57907]",199.0,USD,"['City skyline view', 'Hair dryer', 'Hot water', 'Paid washer â?? In building', 'Paid dryer â?? In building', 'Essentials', 'Towels, bed sheets, soap, and toilet paper', 'Hangers', 'Iron', 'TV with standard cable', 'Crib', 'Air conditioning', 'Heating', "
435818,https://www.airbnb.com/rooms/435818,Rental unit in Buenos Aires · ?4.56 · 2 bedrooms · 3 beds · 1 bath,2164622,Mariano,4/17/2012,"Buenos Aires, Argentina",within a day,56%,f,Recoleta,-34.58518,-58.40734,Entire rental unit,2,1 bath,3.0,3,60,43,12/18/2015,3/18/2023,4.56,"[-58.40734, -34.58518]",21.0,USD,"['Bathtub', 'Hair dryer', 'Shampoo', 'Hot water', 'Essentials', 'Towels, bed sheets, soap, and toilet paper', 'Hangers', 'Bed linens', 'Extra pillows and blankets', 'Iron', 'TV with standard cable', 'Air conditioning', 'Heating', 'Wifi', 'Kitchen', 'Spac"
438557,https://www.airbnb.com/rooms/438557,Rental unit in Buenos Aires · ?4.84 · 1 bedroom · 2 beds · 1 bath,112294,Hernan,4/22/2010,"Buenos Aires, Argentina",within an hour,100%,t,Recoleta,-34.597,-58.41411,Entire rental unit,3,1 bath,2.0,3,90,38,7/31/2012,11/27/2023,4.84,"[-58.41411, -34.597]",23.0,USD,"['Hair dryer', 'Hot water', 'Free washer ? In unit', 'Essentials', 'Towels, bed sheets, soap, and toilet paper', 'Hangers', 'Bed linens', 'Extra pillows and blankets', 'Room-darkening shades', 'Iron', 'Drying rack for clothing', '32 HDTV', 'Crib', 'Windo"
438798,https://www.airbnb.com/rooms/438798,Condo in Buenos Aires · ?4.64 · 2 bedrooms · 3 beds · 1.5 baths,233651,Cameron,9/13/2010,"Buenos Aires, Argentina",within an hour,100%,f,Palermo,-34.5841,-58.42353,Entire condo,6,1.5 baths,3.0,5,1125,119,7/24/2012,3/11/2020,4.64,"[-58.42353, -34.5841]",165.0,USD,"['Bathtub', 'Hair dryer', 'Hot water', 'Paid washer â?? In building', 'Paid dryer â?? In building', 'Essentials', 'Towels, bed sheets, soap, and toilet paper', 'Hangers', 'Room-darkening shades', 'Iron', 'Ethernet connection', 'TV with Chromecast', 'Outd"
447786,https://www.airbnb.com/rooms/447786,Rental unit in Buenos Aires · ?3.89 · Studio · 1 bed · 1 bath,974945,Alejandro,8/15/2011,"Buenos Aires, Argentina",within an hour,100%,f,Chacarita,-34.59156,-58.44608,Entire rental unit,2,1 bath,1.0,4,365,10,1/28/2013,6/3/2019,3.89,"[-58.44608, -34.59156]",,,
448784,https://www.airbnb.com/rooms/448784,Rental unit in Buenos Aires · ?4.84 · 1 bedroom · 2 beds · 1 bath,2228447,Sebastian,4/26/2012,"Buenos Aires, Argentina",within a day,100%,f,Recoleta,-34.5941,-58.39278,Entire rental unit,2,1 bath,2.0,3,365,31,8/29/2017,7/15/2023,4.84,"[-58.39278, -34.5941]",34.0,USD,"['City skyline view', 'Hair dryer', 'Hot water', 'Washer', 'Dryer', 'Essentials', 'Towels, bed sheets, soap, and toilet paper', 'Hangers', 'Bed linens', 'Extra pillows and blankets', 'Room-darkening shades', 'Iron', 'TV with standard cable', 'Window guar"
454470,https://www.airbnb.com/rooms/454470,Rental unit in Buenos Aires · 1 bedroom · 1 bed · 1 bath,1922143,Nicolas,3/14/2012,"Buenos Aires, Argentina",,,f,Palermo,-34.57532,-58.438,Entire rental unit,2,1 bath,1.0,7,90,1,6/17/2012,6/17/2012,5.0,"[-58.438, -34.57532]",47.0,USD,"['Hair dryer', 'Dryer', 'Essentials', 'Towels, bed sheets, soap, and toilet paper', 'Hangers', 'Iron', 'TV with standard cable', 'Air conditioning', 'Heating', 'Wifi', 'Kitchen', 'Space where guests can cook their own meals', 'Refrigerator', 'Coffee make"
454857,https://www.airbnb.com/rooms/454857,Condo in Buenos Aires · ?5.0 · 1 bedroom · 1 bed · 1 bath,2258709,Lulicatalina,4/30/2012,"Buenos Aires, Argentina",within a day,100%,t,Palermo,-34.58293914794922,-58.43593597412109,Entire condo,2,1 bath,1.0,10,1125,26,5/30/2012,9/26/2023,5.0,"[-58.435935974121094, -34.58293914794922]",52.0,USD,"['Bathtub', 'Hair dryer', 'Cleaning products', 'Shampoo', 'Conditioner', 'Body soap', 'Bidet', 'Hot water', 'Essentials', 'Towels, bed sheets, soap, and toilet paper', 'Hangers', 'Bed linens', 'Extra pillows and blankets', 'Room-darkening shades', 'Iron'"
455717,https://www.airbnb.com/rooms/455717,Rental unit in CABA  · ?4.51 · 1 bedroom · 1 bed · 1 bath,1653462,Andrea Alicia,1/25/2012,"Buenos Aires, Argentina",within an hour,100%,t,Palermo,-34.58877,-58.41211,Entire rental unit,2,1 bath,1.0,3,1125,51,10/12/2012,8/24/2023,4.51,"[-58.41211, -34.58877]",24.0,USD,"['Hair dryer', 'Shampoo', 'Hot water', 'Essentials', 'Towels, bed sheets, soap, and toilet paper', 'Hangers', 'Room-darkening shades', 'Air conditioning', 'Heating', 'Wifi', 'Kitchen', 'Space where guests can cook their own meals', 'Refrigerator', 'Micro"
456640,https://www.airbnb.com/rooms/456640,Bed and breakfast in Buenos Aires · ?4.54 · 1 bedroom · 1 bed · 1.5 shared baths,2270625,Fidela Mabel,5/2/2012,"Buenos Aires, Argentina",within an hour,100%,f,Recoleta,-34.5879,-58.39692,Private room in bed and breakfast,2,1.5 shared baths,1.0,1,385,200,7/29/2012,12/19/2023,4.54,"[-58.39692, -34.5879]",16.0,USD,"['City skyline view', 'Bathtub', 'Hair dryer', 'Cleaning products', 'Shampoo', 'Conditioner', 'Body soap', 'Hot water', 'Shower gel', 'Essentials', 'Towels, bed sheets, soap, and toilet paper', 'Hangers', 'Bed linens', 'Extra pillows and blankets', 'Room"
456644,https://www.airbnb.com/rooms/456644,Rental unit in Buenos Aires · ?4.57 · 1 bedroom · 1 bed · 1.5 shared baths,2270625,Fidela Mabel,5/2/2012,"Buenos Aires, Argentina",within an hour,100%,f,Recoleta,-34.58774,-58.39515,Private room in rental unit,2,1.5 shared baths,1.0,1,90,151,9/14/2012,12/19/2023,4.57,"[-58.39515, -34.58774]",18.0,USD,"['City skyline view', 'Bathtub', 'Hair dryer', 'Cleaning products', 'Shampoo', 'Conditioner', 'Body soap', 'Hot water', 'Shower gel', 'Essentials', 'Towels, bed sheets, soap, and toilet paper', 'Hangers', 'Bed linens', 'Extra pillows and blankets', 'Room"
458013,https://www.airbnb.com/rooms/458013,Rental unit in Buenos Aires · ?4.82 · Studio · 1 bed · 1 bath,2276368,Uwe,5/2/2012,"New York, NY",within an hour,100%,f,Recoleta,-34.58599,-58.39862,Entire rental unit,2,1 bath,1.0,3,179,88,10/16/2012,11/30/2023,4.82,"[-58.39862, -34.58599]",30.0,USD,"['Bathtub', 'Hair dryer', 'Cleaning products', 'Bidet', 'Hot water', 'Paid washer ? In building', 'Paid dryer ? In building', 'Essentials', 'Towels, bed sheets, soap, and toilet paper', 'Hangers', 'Bed linens', 'Extra pillows and blankets', 'Room-darkeni"
465626,https://www.airbnb.com/rooms/465626,Home in Buenos Aires · 3 bedrooms · 6 beds · 2 baths,2313034,Carolina,5/7/2012,"Buenos Aires, Argentina",a few days or more,0%,f,Constitucion,-34.61793,-58.38122,Entire home,3,2 baths,6.0,90,365,0,,,,"[-58.38122, -34.61793]",35.0,USD,"['Bathtub', 'Hair dryer', 'Washer', 'Essentials', 'Towels, bed sheets, soap, and toilet paper', 'Hangers', 'Bed linens', 'Extra pillows and blankets', 'Iron', 'Ethernet connection', 'TV', 'Heating', 'Wifi', 'Pocket wifi', 'Kitchen', 'Space where guests c"
466357,https://www.airbnb.com/rooms/466357,Condo in Buenos Aires · ?4.91 · 1 bedroom · 2 beds · 1 bath,2316004,Maximiliano,5/7/2012,"Buenos Aires, Argentina",within an hour,100%,t,Recoleta,-34.59428,-58.39879,Entire condo,3,1 bath,2.0,2,1125,182,12/1/2012,11/18/2023,4.91,"[-58.39879, -34.59428]",49.0,USD,"['Bathtub', 'Hair dryer', 'Cleaning products', 'Shampoo', 'Conditioner', 'Body soap', 'Bidet', 'Hot water', 'Washer', 'Essentials', 'Towels, bed sheets, soap, and toilet paper', 'Hangers', 'Bed linens', 'Cotton linens', 'Extra pillows and blankets', 'Roo"
466574,https://www.airbnb.com/rooms/466574,Rental unit in Buenos Aires · ?4.83 · 1 bedroom · 1 bed · 1 bath,1409800,Mariano,11/15/2011,"Buenos Aires, Argentina",within an hour,100%,t,Palermo,-34.59063,-58.42394,Entire rental unit,3,1 bath,1.0,1,1125,47,3/10/2013,12/31/2020,4.83,"[-58.42394, -34.59063]",59.0,USD,"['Hair dryer', 'Shampoo', 'Hot water', 'Washer', 'Dryer', 'Essentials', 'Towels, bed sheets, soap, and toilet paper', 'Hangers', 'Iron', 'TV with standard cable', 'Crib', 'High chair', 'Air conditioning', 'Heating', 'Fire extinguisher', 'Wifi', 'Kitchen'"
466736,https://www.airbnb.com/rooms/466736,Loft in Buenos Aires · ?4.88 · 1 bedroom · 1 bed · 1.5 baths,161327,Mariano,7/8/2010,"Buenos Aires, Argentina",within an hour,100%,f,Palermo,-34.57874,-58.4397,Entire loft,2,1.5 baths,1.0,5,1125,97,8/26/2012,12/12/2023,4.88,"[-58.4397, -34.57874]",59.0,USD,"['Hair dryer', 'Hot water', 'Essentials', 'Towels, bed sheets, soap, and toilet paper', 'Hangers', 'Iron', 'TV with standard cable', 'Air conditioning', 'Heating', 'Wifi', 'Kitchen', 'Space where guests can cook their own meals', 'Refrigerator', 'Microwa"
472446,https://www.airbnb.com/rooms/472446,Condo in Buenos Aires · ?4.92 · 1 bedroom · 1 bed · 1 bath,2316004,Maximiliano,5/7/2012,"Buenos Aires, Argentina",within an hour,100%,t,Recoleta,-34.59106,-58.39071,Entire condo,3,1 bath,1.0,2,92,142,7/30/2012,12/1/2023,4.92,"[-58.39071, -34.59106]",34.0,USD,"['Bathtub', 'Hair dryer', 'Cleaning products', 'Shampoo', 'Conditioner', 'Rexona body soap', 'Bidet', 'Hot water', 'Essentials', 'Towels, bed sheets, soap, and toilet paper', 'Hangers', 'Bed linens', 'Cotton linens', 'Extra pillows and blankets', 'Room-d"
476044,https://www.airbnb.com/rooms/476044,Home in Buenos Aires · ?4.87 · 4 bedrooms · 8 beds · 4 baths,2359849,Augusto,5/13/2012,"Buenos Aires, Argentina",within an hour,100%,t,Palermo,-34.58718,-58.4312,Entire home,9,4 baths,8.0,2,90,204,8/6/2012,12/15/2023,4.87,"[-58.4312, -34.58718]",217.0,USD,"['Bathtub', 'Hair dryer', 'Cleaning products', 'Bidet', 'Hot water', 'Essentials', 'Towels, bed sheets, soap, and toilet paper', 'Hangers', 'Room-darkening shades', 'Iron', 'Safe', 'Clothing storage: wardrobe and dresser', 'TV with standard cable', 'Pian"
487707,https://www.airbnb.com/rooms/487707,Rental unit in Buenos Aires · ?4.64 · 2 bedrooms · 1 bed · 1 bath,2413256,Fernando,5/19/2012,"Buenos Aires, Argentina",within an hour,100%,f,Boca,-34.63255,-58.35777,Entire rental unit,2,1 bath,1.0,5,180,11,1/14/2015,11/7/2022,4.64,"[-58.35777, -34.63255]",32.0,USD,"['City skyline view', 'Bathtub', 'Hair dryer', 'Cleaning products', 'Shampoo', 'Conditioner', 'Body soap', 'Bidet', 'Hot water', 'Shower gel', 'Free washer â?? In unit', 'Essentials', 'Towels, bed sheets, soap, and toilet paper', 'Hangers', 'Bed linens',"
488363,https://www.airbnb.com/rooms/488363,Rental unit in Buenos Aires · 3 bedrooms · 4 beds · 1.5 baths,2416473,Liliana,5/20/2012,Argentina,,,f,Balvanera,-34.60469,-58.4057,Entire rental unit,4,1.5 baths,4.0,60,182,0,,,,"[-58.4057, -34.60469]",40.0,USD,"['Washer', 'TV with standard cable', 'Air conditioning', 'Heating', 'Wifi', 'Kitchen', 'Space where guests can cook their own meals', 'Refrigerator', 'Microwave', 'Cooking basics', 'Pots and pans, oil, salt and pepper', 'Dishes and silverware', 'Bowls, c"
489848,https://www.airbnb.com/rooms/489848,Villa in Buenos Aires · ?4.90 · 6 bedrooms · 8 beds · 6 baths,2422234,Angela Lucia Maria,5/20/2012,"Buenos Aires, Argentina",within an hour,100%,t,Constitucion,-34.61977767944336,-58.38144302368164,Entire villa,12,6 baths,8.0,3,365,188,12/28/2012,12/16/2023,4.9,"[-58.38144302368164, -34.61977767944336]",384.0,USD,"['Courtyard view', 'Garden view', 'Bathtub', 'Hair dryer', 'Le Sancy shampoo', 'Le Sancy conditioner', 'Jabòn lìquido Le Sansy body soap', 'Bidet', 'Outdoor shower', 'Hot water', 'Shower gel', 'Free washer ? In unit', 'Free dryer ? In unit', 'Essentials'"
495595,https://www.airbnb.com/rooms/495595,Rental unit in Buenos Aires · ?4.50 · 1 bedroom · 1 bed · 1 shared bath,2447848,Hector,5/23/2012,"Los Angeles, CA",,,f,Constitucion,-34.62071,-58.38908,Shared room in rental unit,2,1 shared bath,1.0,3,1125,3,11/13/2012,2/3/2016,4.5,"[-58.38908, -34.62071]",31.0,USD,"['Hair dryer', 'Shampoo', 'Washer', 'Dryer', 'Essentials', 'Towels, bed sheets, soap, and toilet paper', 'Hangers', 'Iron', 'TV', 'Childrenâ??s dinnerware', 'Baby monitor', 'Babysitter recommendations', 'Air conditioning', 'Heating', 'Smoke alarm', 'Carb"
499212,https://www.airbnb.com/rooms/499212,Rental unit in Buenos Aires · ?4.72 · 3 bedrooms · 4 beds · 2.5 baths,2463769,Ebbe,5/25/2012,"Buenos Aires, Argentina",within an hour,100%,t,San Telmo,-34.62112,-58.3766,Entire rental unit,8,2.5 baths,4.0,10,300,93,2/1/2013,11/12/2023,4.72,"[-58.3766, -34.62112]",105.0,USD,"['Bathtub', 'Hair dryer', 'Shampoo', 'Conditioner', 'Hot water', 'Shower gel', 'Washer', 'Essentials', 'Towels, bed sheets, soap, and toilet paper', 'Hangers', 'Bed linens', 'Extra pillows and blankets', 'Iron', 'TV with standard cable', 'Edifier sound s"
499436,https://www.airbnb.com/rooms/499436,Rental unit in Buenos Aires · ?4.74 · 1 bedroom · 1 bed · 1 bath,2464727,Nacho,5/25/2012,"Dusseldorf, Germany",,,f,Recoleta,-34.59842,-58.38915,Entire rental unit,2,1 bath,1.0,3,1125,38,10/13/2012,12/19/2016,4.74,"[-58.38915, -34.59842]",34.0,USD,"['Bathtub', 'Cleaning products', 'Shampoo', 'Body soap', 'Bidet', 'Hot water', 'Shower gel', 'Essentials', 'Towels, bed sheets, soap, and toilet paper', 'Hangers', 'Bed linens', 'Extra pillows and blankets', 'Room-darkening shades', 'Iron', 'Clothing sto"
499565,https://www.airbnb.com/rooms/499565,Rental unit in Buenos Aires · ?4.97 · 1 bedroom · 1 bed · 1.5 baths,352420,Daniela,1/18/2011,"Buenos Aires, Argentina",within an hour,100%,t,Palermo,-34.57975,-58.43984,Entire rental unit,2,1.5 baths,1.0,10,150,66,2/28/2017,12/16/2023,4.97,"[-58.43984, -34.57975]",47.0,USD,"['Bathtub', 'Hair dryer', 'Cleaning products', 'Bidet', 'Hot water', 'Free washer â?? In unit', 'Free dryer â?? In unit', 'Essentials', 'Towels, bed sheets, soap, and toilet paper', 'Hangers', 'Bed linens', 'Room-darkening shades', 'Iron', 'Drying rack f"
499705,https://www.airbnb.com/rooms/499705,Rental unit in Buenos Aires · ?4.88 · 1 bedroom · 1 bed · 1 bath,2466149,Andrea Marina,5/25/2012,"Villa María, Argentina",within a day,100%,f,Palermo,-34.58115350336188,-58.43387797736666,Entire rental unit,2,1 bath,1.0,3,1125,42,12/21/2013,12/9/2023,4.88,"[-58.43387797736666, -34.58115350336188]",114.0,USD,"['City skyline view', 'Bathtub', 'Hair dryer', 'Cleaning products', 'Shampoo', 'Body soap', 'Bidet', 'Hot water', 'Paid washer â?? In building', 'Paid dryer â?? In building', 'Essentials', 'Towels, bed sheets, soap, and toilet paper', 'Hangers', 'Bed lin"
503974,https://www.airbnb.com/rooms/503974,Rental unit in Buenos Aires · ?4.95 · 2 bedrooms · 3 beds · 2 baths,2485446,Robert,5/28/2012,"Toronto, Canada",,,f,Palermo,-34.58951,-58.41239,Entire rental unit,4,2 baths,3.0,7,180,20,11/21/2012,8/27/2023,4.95,"[-58.41239, -34.58951]",118.0,USD,"['Hair dryer', 'Cleaning products', 'Shampoo', 'Body soap', 'Hot water', 'Washer', 'Essentials', 'Towels, bed sheets, soap, and toilet paper', 'Hangers', 'Bed linens', 'Extra pillows and blankets', 'Room-darkening shades', 'Iron', 'Drying rack for clothi"
504078,https://www.airbnb.com/rooms/504078,Loft in Buenos Aires · 2 bedrooms · 2 beds · 2 baths,2483332,Nicolás,5/28/2012,"Buenos Aires, Argentina",,,f,Palermo,-34.57925,-58.43292,Entire loft,4,2 baths,2.0,4,14,0,,,,"[-58.43292, -34.57925]",196.0,USD,"['Washer', 'Dryer', 'TV with standard cable', 'Air conditioning', 'Heating', 'Kitchen', 'Space where guests can cook their own meals', 'Hot tub', 'Smoking allowed']"
504162,https://www.airbnb.com/rooms/504162,Guest suite in Buenos Aires · ?4.77 · 1 bedroom · 7 beds · 1 shared bath,2486039,Daniel,5/28/2012,"Buenos Aires, Argentina",within an hour,100%,f,Caballito,-34.61072,-58.43191,Shared room in guest suite,4,1 shared bath,7.0,3,30,13,4/10/2018,8/6/2023,4.77,"[-58.43191, -34.61072]",10.0,USD,"['Bidet', 'Hot water', 'Essentials', 'Towels, bed sheets, soap, and toilet paper', 'Wifi', 'Dedicated workspace', 'In a room with a door', 'Kitchen', 'Space where guests can cook their own meals', 'Refrigerator', 'Patio or balcony', 'Backyard', 'An open "
518190,https://www.airbnb.com/rooms/518190,Rental unit in Buenos Aires · ?4.57 · 2 bedrooms · 2 beds · 1 bath,2551029,Gabi Alquiler,6/5/2012,"Buenos Aires, Argentina",within a day,100%,t,Palermo,-34.57976,-58.43231,Entire rental unit,3,1 bath,2.0,6,1125,54,6/19/2013,12/8/2023,4.57,"[-58.43231, -34.57976]",47.0,USD,"['City skyline view', 'Bathtub', 'Hair dryer', 'Cleaning products', 'Shampoo', 'Body soap', 'Bidet', 'Hot water', 'Free washer ? In unit', 'Essentials', 'Towels, bed sheets, soap, and toilet paper', 'Hangers', 'Bed linens', 'Extra pillows and blankets', "
521070,https://www.airbnb.com/rooms/521070,Rental unit in Buenos Aires · 1 bedroom · 1 bed · 1 bath,2563230,Jaquelin,6/6/2012,,,,f,Villa Crespo,-34.59939,-58.44194,Private room in rental unit,2,1 bath,1.0,5,1125,0,,,,"[-58.44194, -34.59939]",69.0,USD,"['Washer', 'TV', 'Air conditioning', 'Heating', 'Kitchen', 'Space where guests can cook their own meals', 'Shared pool', 'Elevator', 'The home or building has an elevator that?s at least 52 inches deep and a doorway at least 32 inches wide.', 'Gym', 'Una"
521338,https://www.airbnb.com/rooms/521338,Rental unit in Buenos Aires · ?4.83 · 3 bedrooms · 3 beds · 3.5 baths,2485446,Robert,5/28/2012,"Toronto, Canada",,,f,Recoleta,-34.58838,-58.38925,Entire rental unit,6,3.5 baths,3.0,7,180,6,6/13/2013,9/25/2022,4.83,"[-58.38925, -34.58838]",271.0,USD,"['City skyline view', 'Hair dryer', 'Cleaning products', 'Shampoo', 'Body soap', 'Hot water', 'Free washer', 'Free dryer', 'Essentials', 'Towels, bed sheets, soap, and toilet paper', 'Hangers', 'Bed linens', 'Cotton linens', 'Extra pillows and blankets',"
521783,https://www.airbnb.com/rooms/521783,Home in Buenos Aires · ?4.57 · 1 bedroom · 1 bed · 1 bath,2034113,Cee Jay,3/29/2012,"Buenos Aires, Argentina",within a few hours,100%,f,Constitucion,-34.61954,-58.38417,Private room in home,2,1 bath,1.0,2,60,154,9/14/2012,11/25/2023,4.57,"[-58.38417, -34.61954]",34.0,USD,"['Bathtub', 'Sachet 2 in 1 shampoo', 'Sachet 2 in 1 conditioner', 'Body soap', 'Bidet', 'Hot water', 'Essentials', 'Towels, bed sheets, soap, and toilet paper', 'Hangers', 'Bed linens', 'Polycotton linens', 'Extra pillows and blankets', 'Room-darkening s"
530417,https://www.airbnb.com/rooms/530417,Home in Buenos Aires · 1 bedroom · 1 bed · 1 private bath,2605024,Monica,6/11/2012,"Buenos Aires, Argentina",,,f,Villa Luro,-34.6422,-58.49973,Private room in home,1,1 private bath,1.0,1,180,0,,,,"[-58.49973, -34.6422]",20.0,USD,"['Washer', 'Dryer', 'Essentials', 'Towels, bed sheets, soap, and toilet paper', 'Iron', 'Air conditioning', 'Heating', 'Lock on bedroom door', 'Wifi', 'Kitchen', 'Space where guests can cook their own meals']"
536467,https://www.airbnb.com/rooms/536467,Rental unit in Buenos Aires · ?4.81 · 1 bedroom · 1 bed · 2 shared baths,1516002,Maria Agustina,12/18/2011,"Buenos Aires, Argentina",within a day,90%,t,Palermo,-34.59152,-58.42356,Private room in rental unit,6,2 shared baths,1.0,9,1125,21,12/25/2012,7/6/2023,4.81,"[-58.42356, -34.59152]",16.0,USD,"['Hot water', 'Essentials', 'Towels, bed sheets, soap, and toilet paper', 'Bed linens', 'Extra pillows and blankets', 'TV with standard cable', 'Heating', 'Lock on bedroom door', 'Wifi', 'Kitchen', 'Space where guests can cook their own meals', 'Refriger"
540580,https://www.airbnb.com/rooms/540580,Rental unit in Buenos Aires · ?4.89 · 1 bedroom · 4 beds · 1 bath,2383699,Elisa,5/15/2012,"Buenos Aires, Argentina",within an hour,100%,f,Retiro,-34.59628,-58.3853,Entire rental unit,3,1 bath,4.0,2,50,158,10/24/2012,4/8/2023,4.89,"[-58.3853, -34.59628]",53.0,USD,"['Bathtub', 'Hair dryer', 'Shampoo', 'Hot water', 'Essentials', 'Towels, bed sheets, soap, and toilet paper', 'Hangers', 'Bed linens', 'Extra pillows and blankets', 'Room-darkening shades', 'Iron', 'TV with standard cable', 'Crib', 'Pack ?n play/Travel c"
541925,https://www.airbnb.com/rooms/541925,Rental unit in Recoleta · 2 bedrooms · 1 bed · 1 private bath,2664375,Luz,6/17/2012,"Buenos Aires, Argentina",within an hour,100%,f,Recoleta,-34.58882,-58.38854,Private room in rental unit,1,1 private bath,1.0,4,1125,2,8/20/2018,8/25/2018,3.0,"[-58.38854, -34.58882]",24.0,USD,"['Hot water', 'Washer', 'Essentials', 'Towels, bed sheets, soap, and toilet paper', 'Hangers', 'TV with standard cable', 'Heating', 'Wifi', 'Kitchen', 'Space where guests can cook their own meals', 'Elevator', 'The home or building has an elevator that?s"
543660,https://www.airbnb.com/rooms/543660,Rental unit in Buenos Aires · ?4.68 · 1 bedroom · 3 beds · 1 bath,2672680,Eduardo,6/18/2012,"Buenos Aires Province, Argentina",within an hour,100%,f,Retiro,-34.59781,-58.37942,Entire rental unit,3,1 bath,3.0,3,730,24,12/20/2012,11/26/2023,4.68,"[-58.37942, -34.59781]",68.0,USD,"['Bathtub', 'Hair dryer', 'Cleaning products', 'Shampoo', 'Conditioner', 'Body soap', 'Hot water', 'Dryer', 'Essentials', 'Towels, bed sheets, soap, and toilet paper', 'Hangers', 'Bed linens', 'Cotton linens', 'Extra pillows and blankets', 'Room-darkenin"
553921,https://www.airbnb.com/rooms/553921,Rental unit in Buenos Aires · ?4.69 · 1 bedroom · 2 beds · 1 bath,2721868,Liliana,6/23/2012,"Buenos Aires, Argentina",within a day,100%,f,Recoleta,-34.58805,-58.39601,Entire rental unit,2,1 bath,2.0,3,180,53,7/2/2012,4/8/2023,4.69,"[-58.39601, -34.58805]",39.0,USD,"['Bathtub', 'Hair dryer', 'Body soap', 'Bidet', 'Hot water', 'Essentials', 'Towels, bed sheets, soap, and toilet paper', 'Hangers', 'Bed linens', 'Iron', 'Clothing storage: wardrobe', 'TV with standard cable', 'Air conditioning', 'Heating', 'Wifi', 'Dedi"
554185,https://www.airbnb.com/rooms/554185,Rental unit in Buenos Aires · ?4.96 · 1 bedroom · 2 beds · 1 bath,2724390,Gustavo,6/24/2012,"Buenos Aires, Argentina",within a day,100%,f,San Nicolas,-34.59924,-58.37681,Entire rental unit,4,1 bath,2.0,4,94,26,7/12/2012,8/29/2022,4.96,"[-58.37681, -34.59924]",,,
556912,https://www.airbnb.com/rooms/556912,Rental unit in Buenos Aires · 1 bedroom · 1 bed · 1.5 baths,2764302,Marta,6/27/2012,,,,f,Boca,-34.64628,-58.36572,Private room in rental unit,1,1.5 baths,1.0,7,120,0,,,,"[-58.36572, -34.64628]",39.0,USD,"['TV', 'Heating', 'Kitchen', 'Space where guests can cook their own meals', 'Elevator', 'The home or building has an elevator that?s at least 52 inches deep and a doorway at least 32 inches wide.', 'Unavailable: Lock on bedroom door', 'Lock on bedroom do"
561934,https://www.airbnb.com/rooms/561934,Camper/RV in Buenos Aires · ?5.0 · 1 bedroom · 3 beds · 1 bath,2763233,Eduardo,6/27/2012,"Buenos Aires, Argentina",within a few hours,100%,f,Villa Devoto,-34.60549,-58.52316,Camper/RV,4,1 bath,3.0,3,45,10,4/14/2018,12/3/2023,5.0,"[-58.52316, -34.60549]",25.0,USD,"['Bay view', 'Beach view', 'City skyline view', 'Courtyard view', 'Desert view', 'Canal view', 'Garden view', 'Golf course view', 'Harbor view', 'Lake view', 'Marina view', 'Mountain view', 'Ocean view', 'Park view', 'Pool view', 'Resort view', 'River vi"
564422,https://www.airbnb.com/rooms/564422,Rental unit in Buenos Aires · ?4.60 · 1 bedroom · 1 bed · 1 bath,2775530,Ximena,6/28/2012,"London, United Kingdom",,,f,Palermo,-34.59433,-58.42617,Entire rental unit,2,1 bath,1.0,7,180,50,8/18/2013,12/13/2022,4.6,"[-58.42617, -34.59433]",37.0,USD,"['Washer', 'Dryer', 'Essentials', 'Towels, bed sheets, soap, and toilet paper', 'TV with standard cable', 'Window AC unit', 'Heating', 'Wifi', 'Kitchen', 'Space where guests can cook their own meals', 'Shared pool', 'Elevator', 'The home or building has "
568709,https://www.airbnb.com/rooms/568709,Loft in Buenos Aires · 2 bedrooms · 1 bed · 1.5 baths,2798538,Florencia,7/1/2012,"Buenos Aires, Argentina",,,f,Palermo,-34.57823,-58.40209,Entire loft,2,1.5 baths,1.0,20,700,0,,,,"[-58.40209, -34.57823]",99.0,USD,"['Bathtub', 'Hair dryer', 'Cleaning products', 'Body soap', 'Bidet', 'Outdoor shower', 'Hot water', 'Free washer ? In unit', 'Free dryer ? In building', 'Essentials', 'Towels, bed sheets, soap, and toilet paper', 'Hangers', 'Bed linens', 'Cotton linens',"
568747,https://www.airbnb.com/rooms/568747,Rental unit in Buenos Aires · ?4.66 · 1 bedroom · 2 beds · 1.5 baths,444416,Claudia,3/15/2011,"Buenos Aires, Argentina",within a few hours,100%,f,Palermo,-34.59507,-58.42044,Entire rental unit,3,1.5 baths,2.0,3,1124,50,8/12/2012,12/7/2023,4.66,"[-58.42044, -34.59507]",20.0,USD,"['Hot water', 'Washer', 'Hangers', 'Bed linens', 'TV with standard cable', 'Air conditioning', 'Heating', 'Wifi', 'Kitchen', 'Space where guests can cook their own meals', 'Microwave', 'Dishes and silverware', 'Bowls, chopsticks, plates, cups, etc.', 'El"
568824,https://www.airbnb.com/rooms/568824,Rental unit in Buenos Aires · ?4.83 · 3 bedrooms · 3 beds · 1.5 baths,1543565,Real Stage,12/28/2011,"Buenos Aires, Argentina",within a day,90%,t,Palermo,-34.57834,-58.40827,Entire rental unit,3,1.5 baths,3.0,3,30,24,12/23/2021,12/22/2023,4.83,"[-58.40827, -34.57834]",118.0,USD,"['City skyline view', 'Bathtub', 'Bidet', 'Hangers', 'Bed linens', 'Cotton linens', 'Extra pillows and blankets', 'Iron', 'Drying rack for clothing', 'Clothing storage: closet', '50 HDTV with standard cable, Chromecast', 'Books and reading material', 'Cr"
578028,https://www.airbnb.com/rooms/578028,Rental unit in Buenos Aires · ?4.79 · 2 bedrooms · 4 beds · 2 baths,2821710,Lucia,7/3/2012,"Buenos Aires, Argentina",,,f,Nuñez,-34.54933,-58.46402,Entire rental unit,4,2 baths,4.0,28,1125,30,11/7/2012,6/6/2023,4.79,"[-58.46402, -34.54933]",75.0,USD,"['City skyline view', 'Courtyard view', 'Garden view', 'Bathtub', 'Hair dryer', 'Cleaning products', 'Shampoo', 'Conditioner', 'Body soap', 'Bidet', 'Outdoor shower', 'Hot water', 'Shower gel', 'Washer', 'Essentials', 'Towels, bed sheets, soap, and toile"
585391,https://www.airbnb.com/rooms/585391,Home in Buenos Aires · ?4.72 · 9 bedrooms · 6 beds · 3 baths,1388769,Juan Y Josefina,11/9/2011,"Buenos Aires, Argentina",,,f,Balvanera,-34.617,-58.40194,Private room in home,1,3 baths,6.0,5,365,25,10/1/2012,3/27/2019,4.72,"[-58.40194, -34.617]",15.0,USD,"['Hair dryer', 'Shampoo', 'Hot water', 'Essentials', 'Towels, bed sheets, soap, and toilet paper', 'Hangers', 'Bed linens', 'Iron', 'TV', 'Heating', 'Smoke alarm', 'Carbon monoxide alarm', 'Fire extinguisher', 'First aid kit', 'Wifi', 'Kitchen', 'Space w"
586214,https://www.airbnb.com/rooms/586214,Loft in Buenos Aires · ?4.70 · 1 bedroom · 1 bed · 1.5 baths,794906,Jesse,7/8/2011,"Buenos Aires, Argentina",within an hour,100%,t,Villa Crespo,-34.59628,-58.4274,Entire loft,2,1.5 baths,1.0,4,180,53,10/24/2012,1/22/2022,4.7,"[-58.4274, -34.59628]",55.0,USD,"['Garden view', 'Bathtub', 'Hair dryer', 'Cleaning products', 'Body soap', 'Bidet', 'Hot water', 'Essentials', 'Towels, bed sheets, soap, and toilet paper', 'Hangers', 'Bed linens', 'Extra pillows and blankets', 'Room-darkening shades', 'Iron', 'Drying r"
589147,https://www.airbnb.com/rooms/589147,Home in Buenos Aires · ?4.80 · 1 bedroom · 1 bed · 2 baths,2905876,Marcos,7/11/2012,"Buenos Aires, Argentina",within an hour,100%,f,Chacarita,-34.58788,-58.44284,Private room in home,1,2 baths,1.0,3,7,118,10/21/2012,8/17/2022,4.8,"[-58.44284, -34.58788]",30.0,USD,"['Hair dryer', 'Shampoo', 'Hot water', 'Washer', 'Essentials', 'Towels, bed sheets, soap, and toilet paper', 'Hangers', 'Bed linens', 'Extra pillows and blankets', 'Iron', 'TV with standard cable', 'Baby safety gates', 'Heating', 'Lock on bedroom door', "
590806,https://www.airbnb.com/rooms/590806,Condo in Buenos Aires · ?4.45 · 1 bedroom · 1 bed · 1 bath,1933761,Yamila,3/16/2012,"Buenos Aires, Argentina",within an hour,100%,f,Monserrat,-34.61732,-58.39051,Entire condo,1,1 bath,1.0,1,30,42,10/1/2012,11/12/2023,4.45,"[-58.39051, -34.61732]",29.0,USD,"['Cleaning products', 'Hot water', 'Essentials', 'Towels, bed sheets, soap, and toilet paper', 'Hangers', 'Bed linens', 'Cotton linens', 'Room-darkening shades', 'Clothing storage: dresser', 'TV', 'Portable fans', 'Heating', 'Wifi', 'Dedicated workspace'"
593333,https://www.airbnb.com/rooms/593333,Rental unit in Buenos Aires · ?4.70 · 1 bedroom · 2 beds · 1 bath,2929880,Mariana,7/13/2012,"Buenos Aires, Argentina",within a few hours,100%,f,Palermo,-34.58947,-58.4206,Entire rental unit,2,1 bath,2.0,28,180,21,11/26/2012,12/1/2022,4.7,"[-58.4206, -34.58947]",34.0,USD,"['Courtyard view', 'Garden view', 'Bathtub', 'Hair dryer', 'Bidet', 'Hot water', 'Paid dryer', 'Essentials', 'Towels, bed sheets, soap, and toilet paper', 'Hangers', 'Bed linens', 'Extra pillows and blankets', 'Iron', '25 TV with premium cable, standard "
597968,https://www.airbnb.com/rooms/597968,Rental unit in Buenos Aires · ?4.50 · 1 bedroom · 2 beds · 1 bath,2956484,Liliana,7/16/2012,"Buenos Aires, Argentina",,,t,San Nicolas,-34.59997,-58.3807,Entire rental unit,3,1 bath,2.0,3,90,6,8/13/2013,9/3/2023,4.5,"[-58.3807, -34.59997]",39.0,USD,"['Iron', 'TV with standard cable', 'Air conditioning', 'Heating', 'Wifi', 'Kitchen', 'Space where guests can cook their own meals', 'Elevator', 'The home or building has an elevator thatâ??s at least 52 inches deep and a doorway at least 32 inches wide.'"
598615,https://www.airbnb.com/rooms/598615,Rental unit in Buenos Aires · ?4.0 · 1 bedroom · 1 bed · 1 bath,2960821,Matias,7/16/2012,"Buenos Aires, Argentina",within an hour,100%,f,Belgrano,-34.55838,-58.44617,Private room in rental unit,1,1 bath,1.0,5,1125,5,8/16/2013,7/9/2014,4.0,"[-58.44617, -34.55838]",34.0,USD,"['Washer', 'TV with standard cable', 'Air conditioning', 'Heating', 'Wifi', 'Kitchen', 'Space where guests can cook their own meals', 'Refrigerator', 'Elevator', 'The home or building has an elevator that?s at least 52 inches deep and a doorway at least "
602420,https://www.airbnb.com/rooms/602420,Condo in Buenos Aires · ?4.78 · 2 bedrooms · 2 beds · 2.5 baths,2980728,Agustina,7/18/2012,,within an hour,100%,f,Nuñez,-34.54243,-58.46281,Entire condo,4,2.5 baths,2.0,5,1125,18,7/22/2013,10/29/2023,4.78,"[-58.46281, -34.54243]",108.0,USD,"['Bay view', 'City skyline view', 'Pool view', 'Bathtub', 'Hair dryer', 'Cleaning products', 'Shampoo', 'Body soap', 'Bidet', 'Outdoor shower', 'Hot water', 'Washer', 'Paid dryer ? In building', 'Essentials', 'Towels, bed sheets, soap, and toilet paper',"
604549,https://www.airbnb.com/rooms/604549,Home in Buenos Aires · ?4.91 · 2 bedrooms · 2 beds · 1 bath,2993145,Graciela,7/19/2012,"Buenos Aires, Argentina",within a few hours,100%,t,Palermo,-34.58737,-58.4287,Entire home,3,1 bath,2.0,20,90,34,11/25/2012,10/7/2023,4.91,"[-58.4287, -34.58737]",59.0,USD,"['City skyline view', 'Bathtub', 'Hair dryer', 'Bidet', 'Hot water', 'Essentials', 'Towels, bed sheets, soap, and toilet paper', 'Hangers', 'Extra pillows and blankets', 'Room-darkening shades', 'Iron', 'Drying rack for clothing', 'Clothing storage: clos"
605010,https://www.airbnb.com/rooms/605010,Rental unit in Buenos Aires · ?4.94 · 2 bedrooms · 4 beds · 2 baths,1876552,Carlos,3/7/2012,"Buenos Aires, Argentina",within a few hours,100%,t,Villa Crespo,-34.59138,-58.44331,Entire rental unit,4,2 baths,4.0,3,730,311,8/14/2012,12/12/2023,4.94,"[-58.44331, -34.59138]",68.0,USD,"['Bathtub', 'Hair dryer', 'Body soap', 'Bidet', 'Hot water', 'Washer', 'Dryer', 'Essentials', 'Towels, bed sheets, soap, and toilet paper', 'Hangers', 'Bed linens', 'Iron', 'Clothing storage: closet', 'Ethernet connection', 'TV with standard cable', 'Air"
605496,https://www.airbnb.com/rooms/605496,Rental unit in Buenos Aires · ?4.64 · 1 bedroom · 1 bed · 1 bath,641573,Paula,5/30/2011,,within an hour,100%,f,Palermo,-34.57833,-58.40894,Entire rental unit,2,1 bath,1.0,2,180,78,3/31/2014,12/12/2023,4.64,"[-58.40894, -34.57833]",23.0,USD,"['Hot water', 'Essentials', 'Towels, bed sheets, soap, and toilet paper', 'Hangers', 'TV with standard cable', 'Air conditioning', 'Heating', 'Wifi', 'Kitchen', 'Space where guests can cook their own meals', 'Refrigerator', 'Microwave', 'Dishes and silve"
619485,https://www.airbnb.com/rooms/619485,Rental unit in Buenos Aires · ?4.66 · 2 bedrooms · 3 beds · 2.5 baths,3069869,Hamish,7/27/2012,"Melbourne, Australia",within a few hours,100%,t,Recoleta,-34.59158706665039,-58.4005241394043,Entire rental unit,4,2.5 baths,3.0,5,56,29,7/15/2015,4/30/2023,4.66,"[-58.4005241394043, -34.59158706665039]",79.0,USD,"['Hair dryer', 'Cleaning products', 'Shampoo', 'Hot water', 'Free washer ? In unit', 'Essentials', 'Towels, bed sheets, soap, and toilet paper', 'Hangers', 'Bed linens', 'Cotton linens', 'Extra pillows and blankets', 'Room-darkening shades', 'Iron', 'Dry"
621105,https://www.airbnb.com/rooms/621105,Home in Buenos Aires · 1 bedroom · 2 beds · 2 baths,915313,Liliana,8/3/2011,"Buenos Aires, Argentina",,,f,Recoleta,-34.59216,-58.39933,Private room in home,7,2 baths,2.0,1,180,0,,,,"[-58.39933, -34.59216]",29.0,USD,[]
623706,https://www.airbnb.com/rooms/623706,Rental unit in Buenos Aires · ?4.17 · 1 bedroom · 1 bed · 1 bath,4618210,Kiki,1/7/2013,"Riyadh, Saudi Arabia",within an hour,100%,t,Palermo,-34.57626,-58.4199,Entire rental unit,2,1 bath,1.0,30,1125,181,8/29/2012,3/14/2023,4.17,"[-58.4199, -34.57626]",34.0,USD,"['Hair dryer', 'Shampoo', 'Hot water', 'Washer', 'Dryer', 'Essentials', 'Towels, bed sheets, soap, and toilet paper', 'Hangers', 'Bed linens', 'Extra pillows and blankets', 'Iron', 'TV with standard cable', 'Air conditioning', 'Heating', 'Wifi', 'Pocket "
623978,https://www.airbnb.com/rooms/623978,Loft in Buenos Aires · ?4.77 · 1 bedroom · 1 bed · 1 bath,3095230,Manuel,7/29/2012,"Buenos Aires, Argentina",within a few hours,100%,t,Saavedra,-34.54951,-58.48313,Entire loft,2,1 bath,1.0,2,91,30,3/13/2014,9/25/2023,4.77,"[-58.48313, -34.54951]",50.0,USD,"['Hair dryer', 'Shampoo', 'Hot water', 'Essentials', 'Towels, bed sheets, soap, and toilet paper', 'Hangers', 'Bed linens', 'Extra pillows and blankets', 'Ethernet connection', 'TV', 'Air conditioning', 'Heating', 'Fire extinguisher', 'Wifi', 'Kitchen', "
627230,https://www.airbnb.com/rooms/627230,Rental unit in Buenos Aires · ?4.70 · 1 bedroom · 2 beds · 1 bath,3113621,Sofia,7/31/2012,Argentina,within a few hours,100%,f,Recoleta,-34.59239,-58.39325,Entire rental unit,2,1 bath,2.0,3,90,97,11/21/2014,9/9/2023,4.7,"[-58.39325, -34.59239]",29.0,USD,"['Bathtub', 'Hair dryer', 'Cleaning products', 'Shampoo', 'Body soap', 'Bidet', 'Hot water', 'Essentials', 'Towels, bed sheets, soap, and toilet paper', 'Hangers', 'Bed linens', 'Iron', 'Clothing storage: wardrobe', 'Ethernet connection', 'TV with standa"
633066,https://www.airbnb.com/rooms/633066,Rental unit in Buenos Aires · ?4.64 · 1 bedroom · 2 beds · 1 bath,2940752,Paul,7/15/2012,"Buenos Aires, Argentina",within an hour,100%,f,Palermo,-34.57483,-58.44027,Entire rental unit,2,1 bath,2.0,3,1125,70,3/1/2014,12/13/2023,4.64,"[-58.44027, -34.57483]",33.0,USD,"['Hair dryer', 'Shampoo', 'Body soap', 'Bidet', 'Outdoor shower', 'Hot water', 'Washer', 'Dryer', 'Essentials', 'Towels, bed sheets, soap, and toilet paper', 'Hangers', 'Bed linens', 'Extra pillows and blankets', 'Room-darkening shades', 'Iron', 'Drying "
639888,https://www.airbnb.com/rooms/639888,Rental unit in Buenos Aires · ?4.50 · 1 bedroom · 1 bed · 1 bath,3194781,Corinne,8/8/2012,"Ottawa, Canada",within a few hours,100%,f,Recoleta,-34.59093,-58.39578,Entire rental unit,2,1 bath,1.0,3,180,18,11/16/2013,11/26/2023,4.5,"[-58.39578, -34.59093]",55.0,USD,"['Bathtub', 'Hair dryer', 'Cleaning products', 'Shampoo', 'Conditioner', 'Bidet', 'Hot water', 'Shower gel', 'Essentials', 'Towels, bed sheets, soap, and toilet paper', 'Hangers', 'Bed linens', 'Extra pillows and blankets', 'Iron', 'Safe', 'Clothing stor"
640706,https://www.airbnb.com/rooms/640706,Condo in Buenos Aires · ?4.83 · 1 bedroom · 1 bed · 1 bath,3199348,Mariana,8/8/2012,"Buenos Aires, Argentina",within an hour,100%,f,Retiro,-34.59518,-58.38239,Entire condo,2,1 bath,1.0,7,20,6,4/9/2023,12/23/2023,4.83,"[-58.38239, -34.59518]",38.0,USD,"['Bathtub', 'Hair dryer', 'Cleaning products', 'Shampoo', 'Conditioner', 'Body soap', 'Bidet', 'Hot water', 'Essentials', 'Towels, bed sheets, soap, and toilet paper', 'Hangers', 'Bed linens', 'Extra pillows and blankets', 'Room-darkening shades', 'Iron'"
644493,https://www.airbnb.com/rooms/644493,Rental unit in Buenos Aires · ?4.85 · 2 bedrooms · 3 beds · 1 bath,3224983,Sol,8/11/2012,"Buenos Aires, Argentina",,,f,Recoleta,-34.58768,-58.40221,Entire rental unit,4,1 bath,3.0,3,30,41,9/18/2012,1/11/2019,4.85,"[-58.40221, -34.58768]",83.0,USD,"['Washer', 'Essentials', 'Towels, bed sheets, soap, and toilet paper', 'TV with standard cable', 'Air conditioning', 'Heating', 'Wifi', 'Kitchen', 'Space where guests can cook their own meals', 'Coffee maker', 'Elevator', 'The home or building has an ele"
644840,https://www.airbnb.com/rooms/644840,Loft in Buenos Aires · ?4.38 · 1 bedroom · 3 beds · 1 bath,489975,Claudia Alejandra,4/6/2011,"Los Angeles, CA",,,f,Chacarita,-34.58375,-58.44533,Entire loft,3,1 bath,3.0,5,180,21,4/23/2017,7/19/2023,4.38,"[-58.44533, -34.58375]",39.0,USD,"['Hair dryer', 'Hot water', 'Paid washer ? In building', 'Paid dryer ? In building', 'Essentials', 'Towels, bed sheets, soap, and toilet paper', 'Hangers', 'Bed linens', '32 TV with standard cable', 'Books and reading material', 'Air conditioning', 'Heat"
649664,https://www.airbnb.com/rooms/649664,Condo in Buenos Aires · ?4.36 · 1 bedroom · 1 bed · 1 bath,3208880,Victoria,8/9/2012,"Buenos Aires, Argentina",within a day,100%,t,Palermo,-34.58231,-58.43491,Entire condo,2,1 bath,1.0,6,1125,45,11/4/2012,8/28/2023,4.36,"[-58.43491, -34.58231]",23.0,USD,"['Hair dryer', 'Cleaning products', 'Bidet', 'Hot water', 'Free washer ? In building', 'Dryer', 'Essentials', 'Towels, bed sheets, soap, and toilet paper', 'Hangers', 'Bed linens', 'Cotton linens', 'Extra pillows and blankets', 'Room-darkening shades', '"
654153,https://www.airbnb.com/rooms/654153,Rental unit in Buenos Aires · 1 bedroom · 1 bed · 1 bath,3290556,Hector,8/17/2012,"Buenos Aires, Argentina",,,f,Monserrat,-34.61528,-58.37811,Entire rental unit,2,1 bath,1.0,6,30,0,,,,"[-58.37811, -34.61528]",147.0,USD,[]
657004,https://www.airbnb.com/rooms/657004,Hostel in Buenos Aires · ?4.48 · 1 bedroom · 6 beds · 4 shared baths,3072694,Silvia Y Luis,7/27/2012,"Buenos Aires, Argentina",,,f,San Telmo,-34.61901,-58.37097,Shared room in hostel,4,4 shared baths,6.0,2,70,41,10/12/2012,11/22/2019,4.48,"[-58.37097, -34.61901]",13.0,USD,"['Hot water', 'Essentials', 'Towels, bed sheets, soap, and toilet paper', 'Hangers', 'TV', 'Heating', 'Fire extinguisher', 'First aid kit', 'Wifi', 'Kitchen', 'Space where guests can cook their own meals', 'Refrigerator', 'Dishes and silverware', 'Bowls,"
662137,https://www.airbnb.com/rooms/662137,Rental unit in Buenos Aires · ?4.75 · 1 bedroom · 1 bed · 1 bath,3342913,Gabriela,8/22/2012,"Buenos Aires, Argentina",a few days or more,0%,f,Palermo,-34.59498,-58.42418,Entire rental unit,2,1 bath,1.0,7,90,5,10/4/2012,12/26/2016,4.75,"[-58.42418, -34.59498]",37.0,USD,"['Washer', 'Essentials', 'Towels, bed sheets, soap, and toilet paper', 'Hangers', 'Iron', 'Air conditioning', 'Heating', 'Fire extinguisher', 'Wifi', 'Kitchen', 'Space where guests can cook their own meals', 'Elevator', 'The home or building has an eleva"
664172,https://www.airbnb.com/rooms/664172,Rental unit in Buenos Aires · ?4.67 · 1 bedroom · 2 beds · 1 bath,3334331,Aida,8/21/2012,"Buenos Aires, Argentina",within an hour,100%,f,Palermo,-34.58532,-58.42653,Entire rental unit,4,1 bath,2.0,5,180,3,12/28/2013,3/11/2019,4.67,"[-58.42653, -34.58532]",117.0,USD,"['Hair dryer', 'Essentials', 'Towels, bed sheets, soap, and toilet paper', 'Bed linens', 'Extra pillows and blankets', 'Iron', 'TV with standard cable', 'Air conditioning', 'Heating', 'Wifi', 'Dedicated workspace', 'Pocket wifi', 'Kitchen', 'Space where "
668244,https://www.airbnb.com/rooms/668244,Home in Buenos Aires · ?4.94 · 6 bedrooms · 9 beds · 6 baths,3380366,Daniel,8/26/2012,"Buenos Aires, Argentina",within an hour,100%,t,Almagro,-34.5982,-58.41645,Entire home,16,6 baths,9.0,2,60,66,3/10/2013,12/27/2023,4.94,"[-58.41645, -34.5982]",429.0,USD,"['Hair dryer', 'Shampoo', 'Hot water', 'Essentials', 'Towels, bed sheets, soap, and toilet paper', 'Hangers', 'Bed linens', 'Extra pillows and blankets', 'Iron', 'TV with standard cable', 'Air conditioning', 'Heating', 'Fire extinguisher', 'Wifi', 'Dedic"
671183,https://www.airbnb.com/rooms/671183,Rental unit in Buenos Aires · ?4.80 · 2 bedrooms · 2 beds · 1.5 baths,3334331,Aida,8/21/2012,"Buenos Aires, Argentina",within an hour,100%,f,Palermo,-34.59011,-58.43448,Entire rental unit,4,1.5 baths,2.0,5,180,5,3/15/2013,1/3/2023,4.8,"[-58.43448, -34.59011]",217.0,USD,"['Hair dryer', 'Hot water', 'Washer', 'Essentials', 'Towels, bed sheets, soap, and toilet paper', 'Hangers', 'Bed linens', 'Extra pillows and blankets', 'Iron', 'TV with standard cable', 'Pack ?n play/Travel crib', 'Air conditioning', 'Heating', 'Smoke a"
674899,https://www.airbnb.com/rooms/674899,Rental unit in Buenos Aires · ?4.81 · 2 bedrooms · 2 beds · 1.5 baths,626906,Jeffrey,5/25/2011,"Vancouver, Canada",within a few hours,100%,t,Palermo,-34.57315,-58.43058,Entire rental unit,4,1.5 baths,2.0,1,1125,53,12/13/2013,12/2/2023,4.81,"[-58.43058, -34.57315]",244.0,USD,"['City skyline view', 'Hair dryer', 'Hot water', 'Washer', 'Dryer', 'Iron', 'TV with standard cable', 'Air conditioning', 'Heating', 'Wifi', 'Dedicated workspace', 'In a room with a door', 'Kitchen', 'Space where guests can cook their own meals', 'Refrig"
678613,https://www.airbnb.com/rooms/678613,Rental unit in Buenos Aires · ?4.45 · 1 bedroom · 2 beds · 1 bath,1136162,Iván,9/9/2011,"Buenos Aires, Argentina",,,f,Palermo,-34.58569,-58.44262,Entire rental unit,2,1 bath,2.0,4,1125,60,10/6/2012,7/30/2023,4.45,"[-58.44262, -34.58569]",29.0,USD,"['Hair dryer', 'Washer', 'Dryer', 'Hangers', 'Iron', 'AC - split type ductless system', 'Heating', 'Wifi', 'Kitchen', 'Space where guests can cook their own meals', 'Refrigerator', 'Dishes and silverware', 'Bowls, chopsticks, plates, cups, etc.', 'Hot tu"
680386,https://www.airbnb.com/rooms/680386,Rental unit in Buenos Aires · ?4.90 · 1 bedroom · 4 beds · 1 bath,3464544,Jonathan_kremer,9/4/2012,"Buenos Aires, Argentina",within an hour,100%,t,Almagro,-34.60097,-58.43036,Entire rental unit,4,1 bath,4.0,3,1125,61,3/3/2013,12/10/2023,4.9,"[-58.43036, -34.60097]",46.0,USD,"['Courtyard view', 'Hair dryer', 'Cleaning products', 'Shampoo', 'Conditioner', 'Bidet', 'Hot water', 'Free washer ? In building', 'Essentials', 'Towels, bed sheets, soap, and toilet paper', 'Hangers', 'Bed linens', 'Extra pillows and blankets', 'Room-da"
681263,https://www.airbnb.com/rooms/681263,Rental unit in Buenos Aires · ?4.56 · 1 bedroom · 2 beds · 1 bath,3469227,Federico,9/4/2012,,within an hour,100%,f,Monserrat,-34.61171,-58.37793,Entire rental unit,4,1 bath,2.0,1,1125,10,3/21/2014,11/14/2022,4.56,"[-58.37793, -34.61171]",73.0,USD,"['Hot water', 'Essentials', 'Towels, bed sheets, soap, and toilet paper', 'Hangers', 'Bed linens', 'Iron', 'TV with standard cable', 'Air conditioning', 'Heating', 'Wifi', 'Dedicated workspace', 'In a common space', 'Kitchen', 'Space where guests can coo"
683097,https://www.airbnb.com/rooms/683097,Rental unit in Buenos Aires · ?4.66 · 1 bedroom · 4 beds · 1 bath,1653462,Andrea Alicia,1/25/2012,"Buenos Aires, Argentina",within an hour,100%,t,Palermo,-34.57483,-58.43784,Entire rental unit,4,1 bath,4.0,3,180,40,4/9/2013,11/26/2023,4.66,"[-58.43784, -34.57483]",29.0,USD,"['Hair dryer', 'Shampoo', 'Body soap', 'Hot water', 'Essentials', 'Towels, bed sheets, soap, and toilet paper', 'Hangers', 'Bed linens', 'TV with standard cable', 'Air conditioning', 'Heating', 'Fire extinguisher', 'Wifi', 'Kitchen', 'Space where guests "
683193,https://www.airbnb.com/rooms/683193,Condo in Buenos Aires · ?4.94 · 1 bedroom · 1 bed · 1.5 baths,319901,Ralf Dietmar,12/15/2010,"Buenos Aires, Argentina",within an hour,100%,t,Palermo,-34.58105,-58.42362,Entire condo,2,1.5 baths,1.0,3,180,304,11/9/2012,12/16/2023,4.94,"[-58.42362, -34.58105]",99.0,USD,"['Bathtub', 'Hair dryer', 'Cleaning products', 'Shampoo', 'Conditioner', 'Bidet', 'Hot water', 'Paid washer ? In building', 'Paid dryer ? In building', 'Essentials', 'Towels, bed sheets, soap, and toilet paper', 'Hangers', 'Bed linens', 'Iron', 'Safe', '"
683194,https://www.airbnb.com/rooms/683194,Condo in Buenos Aires · ?4.97 · 1 bedroom · 1 bed · 1 bath,319901,Ralf Dietmar,12/15/2010,"Buenos Aires, Argentina",within an hour,100%,t,Palermo,-34.58161,-58.42533,Entire condo,2,1 bath,1.0,3,180,169,12/11/2012,12/18/2023,4.97,"[-58.42533, -34.58161]",69.0,USD,"['City skyline view', 'Bathtub', 'Hair dryer', 'Cleaning products', 'Shampoo', 'Conditioner', 'Bidet', 'Hot water', 'Free washer ? In unit', 'Essentials', 'Towels, bed sheets, soap, and toilet paper', 'Hangers', 'Bed linens', 'Room-darkening shades', 'Ir"
684500,https://www.airbnb.com/rooms/684500,Rental unit in Buenos Aires · ?4.63 · 1 bedroom · 1 bed · 1 bath,1538637,Ilana,12/27/2011,"Buenos Aires, Argentina",within an hour,100%,f,Palermo,-34.5860481262207,-58.42410659790039,Entire rental unit,2,1 bath,1.0,2,1125,22,12/20/2012,10/11/2016,4.63,"[-58.42410659790039, -34.5860481262207]",88.0,USD,"['Courtyard view', 'Bathtub', 'Hair dryer', 'Cleaning products', 'Bidet', 'Hot water', 'Essentials', 'Towels, bed sheets, soap, and toilet paper', 'Hangers', 'Bed linens', 'Cotton linens', 'Extra pillows and blankets', 'Room-darkening shades', 'Iron', 'S"
686484,https://www.airbnb.com/rooms/686484,Rental unit in Buenos Aires · ?4.45 · Studio · 2 beds · 1 bath,3469227,Federico,9/4/2012,,within an hour,100%,f,Recoleta,-34.59125,-58.40209,Entire rental unit,2,1 bath,2.0,3,1125,23,5/6/2013,7/7/2022,4.45,"[-58.40209, -34.59125]",64.0,USD,"['Bathtub', 'Hot water', 'Essentials', 'Towels, bed sheets, soap, and toilet paper', 'Hangers', 'Bed linens', 'TV with standard cable', 'Air conditioning', 'Heating', 'Wifi', 'Dedicated workspace', 'In a common space', 'Kitchen', 'Space where guests can "
686486,https://www.airbnb.com/rooms/686486,Rental unit in Buenos Aires · ?4.55 · Studio · 2 beds · 1 bath,3469227,Federico,9/4/2012,,within an hour,100%,f,Recoleta,-34.59028,-58.40318,Entire rental unit,2,1 bath,2.0,3,180,29,7/5/2015,8/9/2022,4.55,"[-58.40318, -34.59028]",64.0,USD,"['Hot water', 'Essentials', 'Towels, bed sheets, soap, and toilet paper', 'Hangers', 'Bed linens', 'TV with standard cable', 'Air conditioning', 'Heating', 'Wifi', 'Dedicated workspace', 'In a common space', 'Kitchen', 'Space where guests can cook their "
687781,https://www.airbnb.com/rooms/687781,Place to stay in Buenos Aires · ?4.67 · 1 bedroom · 1 bed · 6 shared baths,3072694,Silvia Y Luis,7/27/2012,"Buenos Aires, Argentina",,,f,San Telmo,-34.61744,-58.36951,Private room,2,6 shared baths,1.0,3,1125,4,10/14/2012,3/30/2018,4.67,"[-58.36951, -34.61744]",,,
687893,https://www.airbnb.com/rooms/687893,Place to stay in Buenos Aires · 1 bedroom · 1 bed · 1 shared bath,3072694,Silvia Y Luis,7/27/2012,"Buenos Aires, Argentina",,,f,San Telmo,-34.61751,-58.37039,Private room,2,1 shared bath,1.0,3,1125,2,12/20/2013,12/30/2015,5.0,"[-58.37039, -34.61751]",,,
692732,https://www.airbnb.com/rooms/692732,Loft in Almagro · ?5.0 · Studio · 2 beds · 1 bath,1864747,Irina,3/5/2012,"Buenos Aires, Argentina",within an hour,100%,f,Almagro,-34.61094,-58.42192,Entire loft,3,1 bath,2.0,2,1125,11,8/6/2013,3/3/2023,5.0,"[-58.42192, -34.61094]",29.0,USD,"['Hair dryer', 'Hot water', 'Washer', 'Essentials', 'Towels, bed sheets, soap, and toilet paper', 'TV with standard cable', 'Air conditioning', 'Heating', 'Fire extinguisher', 'Wifi', 'Kitchen', 'Space where guests can cook their own meals', 'Refrigerato"
693449,https://www.airbnb.com/rooms/693449,Rental unit in Buenos Aires · ?4.93 · 1 bedroom · 2 beds · 1 bath,3547344,Mariano,9/12/2012,"Buenos Aires, Argentina",within a day,90%,f,Palermo,-34.58262,-58.40397,Entire rental unit,4,1 bath,2.0,2,365,30,11/20/2012,12/7/2023,4.93,"[-58.40397, -34.58262]",29.0,USD,"['Bathtub', 'Hair dryer', 'Cleaning products', 'Bidet', 'Hot water', 'Essentials', 'Towels, bed sheets, soap, and toilet paper', 'Hangers', 'Bed linens', 'Cotton linens', 'Clothing storage: closet', 'Air conditioning', 'Wifi', 'Kitchen', 'Space where gue"
694221,https://www.airbnb.com/rooms/694221,Home in Almagro · ?4.80 · 2 bedrooms · 2 beds · 1 private bath,1864747,Irina,3/5/2012,"Buenos Aires, Argentina",within an hour,100%,f,Almagro,-34.61094,-58.42192,Private room in home,2,1 private bath,2.0,2,1125,15,9/25/2012,12/4/2023,4.8,"[-58.42192, -34.61094]",16.0,USD,"['Hair dryer', 'Bidet', 'Hot water', 'Essentials', 'Towels, bed sheets, soap, and toilet paper', 'Hangers', 'TV with standard cable', 'Children?s books and toys', 'Window AC unit', 'Heating', 'Fire extinguisher', 'Wifi', 'Kitchen', 'Space where guests ca"
696409,https://www.airbnb.com/rooms/696409,Townhouse in Buenos Aires · ?4.91 · 1 bedroom · 2 beds · 1 bath,794906,Jesse,7/8/2011,"Buenos Aires, Argentina",within an hour,100%,t,Villa Crespo,-34.59148,-58.43764,Entire townhouse,2,1 bath,2.0,4,180,64,10/21/2013,11/28/2023,4.91,"[-58.43764, -34.59148]",38.0,USD,"['Valley view', 'Bathtub', 'Hair dryer', 'Cleaning products', 'Body soap', 'Bidet', 'Hot water', 'Essentials', 'Towels, bed sheets, soap, and toilet paper', 'Hangers', 'Bed linens', 'Extra pillows and blankets', 'Room-darkening shades', 'Iron', 'Clothing"
696855,https://www.airbnb.com/rooms/696855,Rental unit in Buenos Aires · ?4.55 · 1 bedroom · 1 bed · 1 bath,3174439,Maria Julieta,8/6/2012,"Buenos Aires, Argentina",within an hour,100%,f,Recoleta,-34.59875,-58.39587,Entire rental unit,2,1 bath,1.0,5,180,11,10/14/2012,11/14/2023,4.55,"[-58.39587, -34.59875]",28.0,USD,"['City skyline view', 'Park view', 'Bathtub', 'Cleaning products', 'Shampoo', 'Conditioner', 'Body soap', 'Bidet', 'Hot water', 'Shower gel', 'Essentials', 'Towels, bed sheets, soap, and toilet paper', 'Hangers', 'Bed linens', 'Extra pillows and blankets"
699486,https://www.airbnb.com/rooms/699486,Rental unit in Buenos Aires · ?4.91 · 1 bedroom · 2 beds · 1 bath,719967,Nicolas,6/19/2011,"Buenos Aires, Argentina",,,f,Puerto Madero,-34.62021,-58.36015,Entire rental unit,4,1 bath,2.0,5,400,22,1/1/2014,6/24/2021,4.91,"[-58.36015, -34.62021]",147.0,USD,"['Hair dryer', 'Shampoo', 'Hot water', 'Washer', 'Dryer', 'Essentials', 'Towels, bed sheets, soap, and toilet paper', 'Hangers', 'TV with standard cable', 'Air conditioning', 'Heating', 'Wifi', 'Kitchen', 'Space where guests can cook their own meals', 'R"
702905,https://www.airbnb.com/rooms/702905,Rental unit in Buenos Aires · ?4.55 · 1 bedroom · 2 beds · 1 bath,3608766,Bond,9/18/2012,"Buenos Aires, Argentina",within an hour,100%,t,Chacarita,-34.5848,-58.44518,Entire rental unit,2,1 bath,2.0,2,400,111,11/25/2012,12/6/2023,4.55,"[-58.44518, -34.5848]",24.0,USD,"['Hair dryer', 'Cleaning products', 'Body soap', 'Hot water', 'Essentials', 'Towels, bed sheets, soap, and toilet paper', 'Hangers', 'Bed linens', 'Cotton linens', 'Extra pillows and blankets', 'Iron', 'Drying rack for clothing', 'Clothing storage: close"
702953,https://www.airbnb.com/rooms/702953,Place to stay in Buenos Aires · 1 bedroom · 1 bed · 0 shared baths,3072694,Silvia Y Luis,7/27/2012,"Buenos Aires, Argentina",,,f,San Telmo,-34.61931,-58.36944,Private room,1,0 shared baths,1.0,30,1125,0,,,,"[-58.36944, -34.61931]",,,
702977,https://www.airbnb.com/rooms/702977,Place to stay in Buenos Aires · ?4.25 · 1 bedroom · 1 bed,3072694,Silvia Y Luis,7/27/2012,"Buenos Aires, Argentina",,,f,San Telmo,-34.61927,-58.36877,Private room,1,,1.0,3,30,8,10/6/2013,5/4/2015,4.25,"[-58.36877, -34.61927]",,,
704509,https://www.airbnb.com/rooms/704509,Rental unit in Palermo · ?4.82 · 1 bedroom · 1 bed · 1 bath,3616736,Victor,9/19/2012,"Buenos Aires, Argentina",within an hour,100%,t,Palermo,-34.5797,-58.42921,Entire rental unit,2,1 bath,1.0,5,730,17,2/28/2019,11/29/2023,4.82,"[-58.42921, -34.5797]",39.0,USD,"['Hair dryer', 'Shampoo', 'Hot water', 'Free dryer ? In unit', 'Essentials', 'Towels, bed sheets, soap, and toilet paper', 'Hangers', 'Bed linens', 'Extra pillows and blankets', 'Room-darkening shades', 'TV with standard cable', 'Air conditioning', 'Heat"
705822,https://www.airbnb.com/rooms/705822,Rental unit in Buenos Aires · ?4.75 · 1 bedroom · 2 beds · 1 bath,373629,Daniel,2/1/2011,"Buenos Aires, Argentina",within a few hours,100%,t,Recoleta,-34.58424377441406,-58.40284729003906,Entire rental unit,3,1 bath,2.0,7,1125,4,12/6/2012,7/23/2023,4.75,"[-58.40284729003906, -34.58424377441406]",58.0,USD,"['Courtyard view', 'Garden view', 'Hair dryer', 'Free washer â?? In unit', 'TV with standard cable', 'AC - split type ductless system', 'Heating', 'Wifi', 'Dedicated workspace', 'In a room with a door', 'Kitchen', 'Space where guests can cook their own m"
710366,https://www.airbnb.com/rooms/710366,Rental unit in Buenos Aires · ?4.82 · 1 bedroom · 1 bed · 1 shared bath,3656377,Lorena,9/24/2012,"Buenos Aires, Argentina",within an hour,100%,f,Recoleta,-34.58949,-58.40584,Private room in rental unit,1,1 shared bath,1.0,6,1125,22,8/14/2013,4/30/2020,4.82,"[-58.40584, -34.58949]",25.0,USD,"['Hair dryer', 'Hot water', 'Essentials', 'Towels, bed sheets, soap, and toilet paper', 'Hangers', 'Extra pillows and blankets', 'Iron', 'TV with standard cable', 'Heating', 'Wifi', 'Kitchen', 'Space where guests can cook their own meals', 'Refrigerator'"
711298,https://www.airbnb.com/rooms/711298,Rental unit in Buenos Aires · ?4.86 · 3 bedrooms · 3 beds · 3 baths,3660784,Melissa,9/24/2012,"Decatur, AL",within a few hours,100%,f,Retiro,-34.59314,-58.38593,Entire rental unit,6,3 baths,3.0,7,90,44,10/24/2012,11/15/2023,4.86,"[-58.38593, -34.59314]",93.0,USD,"['Bathtub', 'Hair dryer', 'Cleaning products', 'Shampoo', 'Conditioner', 'Body soap', 'Bidet', 'Hot water', 'Washer', 'Essentials', 'Towels, bed sheets, soap, and toilet paper', 'Hangers', 'Bed linens', 'Extra pillows and blankets', 'Room-darkening shade"
716470,https://www.airbnb.com/rooms/716470,Place to stay in Buenos Aires · ?4.50 · 1 bedroom · 2 beds,3072694,Silvia Y Luis,7/27/2012,"Buenos Aires, Argentina",,,f,San Telmo,-34.61877,-58.37082,Private room,2,,2.0,2,1125,8,11/11/2012,2/18/2019,4.5,"[-58.37082, -34.61877]",,,
720354,https://www.airbnb.com/rooms/720354,Guesthouse in Buenos Aires · 1 bedroom · 3 beds · 4 shared baths,3072694,Silvia Y Luis,7/27/2012,"Buenos Aires, Argentina",,,f,San Telmo,-34.61872,-58.36887,Private room in guesthouse,3,4 shared baths,3.0,4,1125,2,11/17/2012,2/11/2016,4.0,"[-58.36887, -34.61872]",,,
721823,https://www.airbnb.com/rooms/721823,Condo in Buenos Aires · ?4.57 · 1 bedroom · 2 beds · 1 bath,233651,Cameron,9/13/2010,"Buenos Aires, Argentina",within an hour,100%,f,Palermo,-34.58498,-58.42381,Entire condo,4,1 bath,2.0,5,1125,46,1/14/2013,3/8/2020,4.57,"[-58.42381, -34.58498]",88.0,USD,"['Bathtub', 'Hair dryer', 'Hot water', 'Essentials', 'Towels, bed sheets, soap, and toilet paper', 'Hangers', 'Iron', 'TV with standard cable', 'Air conditioning', 'Heating', 'Wifi', 'Kitchen', 'Space where guests can cook their own meals', 'Refrigerator"
723284,https://www.airbnb.com/rooms/723284,Rental unit in Buenos Aires · ?4.54 · Studio · 2 beds · 1 bath,3735662,Laura,10/2/2012,,within an hour,100%,f,Palermo,-34.5659904,-58.4335951,Entire rental unit,3,1 bath,2.0,2,730,103,7/12/2013,11/5/2023,4.54,"[-58.4335951, -34.5659904]",32.0,USD,"['Courtyard view', 'Hair dryer', 'Cleaning products', 'Shampoo', 'Conditioner', 'Body soap', 'Bidet', 'Hot water', 'Essentials', 'Towels, bed sheets, soap, and toilet paper', 'Hangers', 'Bed linens', 'Extra pillows and blankets', 'Room-darkening shades',"
724551,https://www.airbnb.com/rooms/724551,Rental unit in Buenos Aires · ?4.64 · 2 bedrooms · 3 beds · 2 baths,3745651,Pato Poli Guli,10/3/2012,"Buenos Aires, Argentina",within an hour,100%,f,Retiro,-34.5928,-58.38374,Entire rental unit,4,2 baths,3.0,4,333,37,11/26/2012,11/26/2023,4.64,"[-58.38374, -34.5928]",45.0,USD,"['City skyline view', 'Cleaning products', 'Body soap', 'Hot water', 'Essentials', 'Towels, bed sheets, soap, and toilet paper', 'Hangers', 'Bed linens', 'Cotton linens', 'Iron', 'Clothing storage: walk-in closet', '42 HDTV with Chromecast', 'Books and r"
726367,https://www.airbnb.com/rooms/726367,Rental unit in Buenos Aires  · ?4.95 · 1 bedroom · 1 bed · 1 private bath,3758647,Agustin & Maria,10/4/2012,"Buenos Aires, Argentina",within an hour,100%,t,Recoleta,-34.59035534949298,-58.40720109735732,Private room in rental unit,1,1 private bath,1.0,2,730,198,10/29/2012,12/19/2023,4.95,"[-58.40720109735732, -34.59035534949298]",19.0,USD,"['Courtyard view', 'Hair dryer', 'Cleaning products', 'PANTENE shampoo', 'PANTENE conditioner', 'DOVE body soap', 'Bidet', 'Hot water', 'Paid washer ? In unit', 'Essentials', 'Towels, bed sheets, soap, and toilet paper', 'Hangers', 'Bed linens', 'Cotton "
727445,https://www.airbnb.com/rooms/727445,Rental unit in Buenos Aires · ?4.70 · 1 bedroom · 1 bed · 1 bath,417090,Mateo,3/1/2011,"Buenos Aires, Argentina",within an hour,100%,t,Palermo,-34.58514,-58.43938,Entire rental unit,2,1 bath,1.0,5,361,51,11/2/2012,12/24/2023,4.7,"[-58.43938, -34.58514]",36.0,USD,"['City skyline view', 'Bathtub', 'Hair dryer', 'Cleaning products', 'Shampoo', 'Conditioner', 'Body soap', 'Bidet', 'Hot water', 'Paid washer â?? In building', 'Paid dryer â?? In building', 'Essentials', 'Towels, bed sheets, soap, and toilet paper', 'Han"
729097,https://www.airbnb.com/rooms/729097,Rental unit in Buenos Aires · ?4.67 · 1 bedroom · 1 bed · 1 bath,3455834,Tiffy,9/3/2012,"Buenos Aires, Argentina",within an hour,100%,f,Recoleta,-34.58825,-58.40839,Entire rental unit,2,1 bath,1.0,3,90,159,11/11/2012,11/27/2023,4.67,"[-58.40839, -34.58825]",32.0,USD,"['Hair dryer', 'Cleaning products', 'Hot water', 'Free washer â?? In unit', 'Essentials', 'Towels, bed sheets, soap, and toilet paper', 'Hangers', 'Bed linens', 'Extra pillows and blankets', 'Room-darkening shades', 'Iron', 'Drying rack for clothing', 'H"
734129,https://www.airbnb.com/rooms/734129,Rental unit in Buenos Aires · ?4.79 · 2 bedrooms · 2 beds · 2.5 baths,3771282,Max,10/5/2012,"Buenos Aires, Argentina",within a few hours,98%,f,Palermo,-34.57858,-58.43895,Entire rental unit,6,2.5 baths,2.0,2,1125,78,12/4/2012,12/3/2023,4.79,"[-58.43895, -34.57858]",237.0,USD,"['City skyline view', 'Hair dryer', 'Shampoo', 'Hot water', 'Free washer â?? In unit', 'Paid dryer â?? In building', 'Essentials', 'Towels, bed sheets, soap, and toilet paper', 'Hangers', 'Iron', 'TV', 'Crib', 'Pack â??n play/Travel crib', 'High chair', "
734510,https://www.airbnb.com/rooms/734510,Rental unit in Buenos Aires · ?4.33 · 1 bedroom · 3 beds · 1 bath,3469227,Federico,9/4/2012,,within an hour,100%,f,Monserrat,-34.61171,-58.37793,Entire rental unit,4,1 bath,3.0,1,1125,6,12/26/2021,11/18/2022,4.33,"[-58.37793, -34.61171]",73.0,USD,"['Hot water', 'Essentials', 'Towels, bed sheets, soap, and toilet paper', 'Hangers', 'Bed linens', 'TV with standard cable', 'Air conditioning', 'Heating', 'Wifi', 'Dedicated workspace', 'In a common space', 'Kitchen', 'Space where guests can cook their "
737007,https://www.airbnb.com/rooms/737007,Rental unit in Buenos Aires · ?4.09 · 2 bedrooms · 3 beds · 1 bath,2383699,Elisa,5/15/2012,"Buenos Aires, Argentina",within an hour,100%,f,Palermo,-34.58299,-58.40658,Entire rental unit,4,1 bath,3.0,120,365,24,12/18/2012,7/21/2023,4.09,"[-58.40658, -34.58299]",51.0,USD,"['Hair dryer', 'Shampoo', 'Hot water', 'Essentials', 'Towels, bed sheets, soap, and toilet paper', 'Hangers', 'Bed linens', 'Extra pillows and blankets', 'Iron', '32 HDTV with Chromecast, standard cable', 'Crib', 'Pack ?n play/Travel crib', 'Children?s b"
737438,https://www.airbnb.com/rooms/737438,Serviced apartment in Buenos Aires · ?4.86 · 1 bedroom · 1 bed · 1 bath,120638975,Leandro,3/13/2017,Argentina,,,f,Recoleta,-34.58883,-58.39114,Entire serviced apartment,2,1 bath,1.0,3,30,36,4/14/2013,12/2/2023,4.86,"[-58.39114, -34.58883]",30.0,USD,"['Bathtub', 'Hair dryer', 'Cleaning products', 'Bidet', 'Hot water', 'Essentials', 'Towels, bed sheets, soap, and toilet paper', 'Hangers', 'Bed linens', 'Cotton linens', 'Room-darkening shades', 'Iron', 'Clothing storage: closet and dresser', 'AC - spli"
738021,https://www.airbnb.com/rooms/738021,Rental unit in Buenos Aires · ?4.86 · 1 bedroom · 1 bed · 1 bath,3856012,Julio Horacio,10/13/2012,"Buenos Aires, Argentina",within an hour,100%,t,San Nicolas,-34.60391,-58.38498,Entire rental unit,3,1 bath,1.0,3,180,21,11/28/2016,10/11/2023,4.86,"[-58.38498, -34.60391]",32.0,USD,"['City skyline view', 'Essentials', 'Towels, bed sheets, soap, and toilet paper', 'Hangers', 'Bed linens', 'Clothing storage: closet', '32 HDTV', 'Air conditioning', 'Ceiling fan', 'Heating', 'Wifi', 'Kitchen', 'Space where guests can cook their own meal"
739783,https://www.airbnb.com/rooms/739783,Loft in Capital federal · ?4.31 · 2 bedrooms · 1 bed · 1 bath,3870918,Maria,10/14/2012,"Frankfurt, Germany",within a few hours,100%,f,Palermo,-34.57584,-58.43381,Entire loft,2,1 bath,1.0,4,1125,45,11/22/2012,11/9/2019,4.31,"[-58.43381, -34.57584]",34.0,USD,"['Courtyard view', 'Essentials', 'Towels, bed sheets, soap, and toilet paper', 'TV with standard cable', 'Air conditioning', 'Heating', 'Wifi', 'Kitchen', 'Space where guests can cook their own meals', 'Dishes and silverware', 'Bowls, chopsticks, plates,"
740886,https://www.airbnb.com/rooms/740886,Rental unit in Buenos Aires · ?4.80 · 2 bedrooms · 3 beds · 1.5 baths,3771282,Max,10/5/2012,"Buenos Aires, Argentina",within a few hours,98%,f,Palermo,-34.5846,-58.44062,Entire rental unit,4,1.5 baths,3.0,3,1125,71,2/15/2013,10/14/2023,4.8,"[-58.44062, -34.5846]",120.0,USD,"['Hair dryer', 'Shampoo', 'Hot water', 'Free washer â?? In unit', 'Essentials', 'Towels, bed sheets, soap, and toilet paper', 'Hangers', 'Iron', 'TV with standard cable', 'Crib', 'Air conditioning', 'Heating', 'Wifi', 'Kitchen', 'Space where guests can c"
740979,https://www.airbnb.com/rooms/740979,Rental unit in Buenos Aires · ?4.86 · 1 bedroom · 1 bed · 1 bath,3174439,Maria Julieta,8/6/2012,"Buenos Aires, Argentina",within an hour,100%,f,Recoleta,-34.59713,-58.39819,Entire rental unit,2,1 bath,1.0,1,180,21,12/4/2012,3/31/2018,4.86,"[-58.39819, -34.59713]",,,
741087,https://www.airbnb.com/rooms/741087,Home in Buenos Aires · ?4.83 · 4 bedrooms · 7 beds · 3.5 baths,3771282,Max,10/5/2012,"Buenos Aires, Argentina",within a few hours,98%,f,Villa Crespo,-34.59374,-58.43762,Entire home,8,3.5 baths,7.0,4,180,18,3/22/2013,4/2/2017,4.83,"[-58.43762, -34.59374]",379.0,USD,"['Hair dryer', 'Shampoo', 'Hot water', 'Washer', 'Essentials', 'Towels, bed sheets, soap, and toilet paper', 'Hangers', 'Iron', 'TV with standard cable', 'Crib', 'Air conditioning', 'Indoor fireplace', 'Heating', 'Wifi', 'Kitchen', 'Space where guests ca"
742573,https://www.airbnb.com/rooms/742573,Home in Buenos Aires · ?4.90 · 3 bedrooms · 3 beds · 2 baths,3771282,Max,10/5/2012,"Buenos Aires, Argentina",within a few hours,98%,f,San Telmo,-34.6185,-58.37373,Entire home,6,2 baths,3.0,3,180,31,4/12/2014,12/3/2023,4.9,"[-58.37373, -34.6185]",220.0,USD,"['City skyline view', 'Hair dryer', 'Hot water', 'Essentials', 'Towels, bed sheets, soap, and toilet paper', 'Hangers', 'Iron', 'TV with standard cable', 'Crib', 'Air conditioning', 'Heating', 'Wifi', 'Kitchen', 'Space where guests can cook their own mea"
742611,https://www.airbnb.com/rooms/742611,Rental unit in Buenos Aires · ?4.57 · 1 bedroom · 2 beds · 1 bath,444416,Claudia,3/15/2011,"Buenos Aires, Argentina",within a few hours,100%,f,Palermo,-34.59487,-58.4222,Entire rental unit,2,1 bath,2.0,3,1124,21,2/27/2013,12/1/2023,4.57,"[-58.4222, -34.59487]",20.0,USD,"['Hot water', 'Washer', 'Essentials', 'Towels, bed sheets, soap, and toilet paper', 'Bed linens', 'TV with standard cable', 'Air conditioning', 'Heating', 'Wifi', 'Kitchen', 'Space where guests can cook their own meals', 'Microwave', 'Dishes and silverwa"
742732,https://www.airbnb.com/rooms/742732,Rental unit in Buenos Aires · ?5.0 · 2 bedrooms · 3 beds · 1.5 baths,3771282,Max,10/5/2012,"Buenos Aires, Argentina",within a few hours,98%,f,Colegiales,-34.57369,-58.45305,Entire rental unit,4,1.5 baths,3.0,15,1125,10,2/29/2020,11/29/2023,5.0,"[-58.45305, -34.57369]",118.0,USD,"['Hot water', 'Washer', 'Dryer', 'Hangers', 'Iron', 'TV with standard cable', 'Children?s books and toys', 'AC - split type ductless system', 'Heating', 'Smoke alarm', 'Wifi', 'Kitchen', 'Space where guests can cook their own meals', 'Refrigerator', 'Coo"
742748,https://www.airbnb.com/rooms/742748,Rental unit in Buenos Aires · ?4.67 · 1 bedroom · 3 beds · 1 bath,3469227,Federico,9/4/2012,,within an hour,100%,f,Monserrat,-34.61069,-58.37893,Entire rental unit,4,1 bath,3.0,1,1125,3,1/3/2017,3/18/2023,4.67,"[-58.37893, -34.61069]",74.0,USD,"['Bathtub', 'Hot water', 'Essentials', 'Towels, bed sheets, soap, and toilet paper', 'Hangers', 'Bed linens', 'TV', 'Air conditioning', 'Heating', 'Wifi', 'Dedicated workspace', 'In a common space', 'Kitchen', 'Space where guests can cook their own meals"
742985,https://www.airbnb.com/rooms/742985,Rental unit in Buenos Aires · 3 bedrooms · 3 beds · 2.5 baths,3771282,Max,10/5/2012,"Buenos Aires, Argentina",within a few hours,98%,f,Palermo,-34.57924,-58.43714,Entire rental unit,5,2.5 baths,3.0,2,180,2,12/1/2012,12/27/2018,4.0,"[-58.43714, -34.57924]",246.0,USD,"['Hot water', 'Washer', 'Dryer', 'Essentials', 'Towels, bed sheets, soap, and toilet paper', 'Iron', 'TV with standard cable', 'Crib', 'Air conditioning', 'Heating', 'Wifi', 'Kitchen', 'Space where guests can cook their own meals', 'Cooking basics', 'Pot"
744219,https://www.airbnb.com/rooms/744219,Rental unit in Buenos Aires · ?4.66 · 1 bedroom · 2 beds · 1 bath,444416,Claudia,3/15/2011,"Buenos Aires, Argentina",within a few hours,100%,f,Palermo,-34.59667,-58.42179,Entire rental unit,2,1 bath,2.0,3,1124,33,12/28/2012,11/5/2023,4.66,"[-58.42179, -34.59667]",20.0,USD,"['Hot water', 'Washer', 'Hangers', 'Bed linens', 'TV with standard cable', 'Air conditioning', 'Heating', 'Wifi', 'Kitchen', 'Space where guests can cook their own meals', 'Microwave', 'Dishes and silverware', 'Bowls, chopsticks, plates, cups, etc.', 'El"
745966,https://www.airbnb.com/rooms/745966,Rental unit in Buenos Aires · ?4.47 · 1 bedroom · 2 beds · 1 bath,444416,Claudia,3/15/2011,"Buenos Aires, Argentina",within a few hours,100%,f,Palermo,-34.59659,-58.42094,Entire rental unit,3,1 bath,2.0,3,1124,59,12/6/2012,12/4/2023,4.47,"[-58.42094, -34.59659]",20.0,USD,"['Hot water', 'Washer', 'Essentials', 'Towels, bed sheets, soap, and toilet paper', 'Bed linens', 'TV with standard cable', 'Heating', 'Wifi', 'Kitchen', 'Space where guests can cook their own meals', 'Microwave', 'Elevator', 'The home or building has an"
748072,https://www.airbnb.com/rooms/748072,Rental unit in Buenos Aires · ?4.68 · 1 bedroom · 1 bed · 1 bath,3455834,Tiffy,9/3/2012,"Buenos Aires, Argentina",within an hour,100%,f,Recoleta,-34.58849,-58.39741,Entire rental unit,2,1 bath,1.0,3,90,200,2/19/2013,12/3/2023,4.68,"[-58.39741, -34.58849]",49.0,USD,"['Hair dryer', 'Cleaning products', 'Shampoo', 'Hot water', 'Free washer â?? In unit', 'Essentials', 'Towels, bed sheets, soap, and toilet paper', 'Hangers', 'Bed linens', 'Cotton linens', 'Iron', 'Drying rack for clothing', 'Clothing storage: closet', '"
751662,https://www.airbnb.com/rooms/751662,Serviced apartment in Buenos Aires · ?4.76 · 1 bedroom · 1 bed · 1 bath,420786,Carola,3/3/2011,"Buenos Aires, Argentina",within an hour,100%,t,Recoleta,-34.5839,-58.39837,Entire serviced apartment,2,1 bath,1.0,6,365,155,11/13/2012,12/22/2023,4.76,"[-58.39837, -34.5839]",37.0,USD,"['Hair dryer', 'Shampoo', 'Hot water', 'Washer', 'Dryer', 'Essentials', 'Towels, bed sheets, soap, and toilet paper', 'Hangers', 'TV with standard cable', 'Air conditioning', 'Heating', 'Wifi', 'Kitchen', 'Space where guests can cook their own meals', 'R"
751731,https://www.airbnb.com/rooms/751731,Rental unit in Buenos Aires · ?4.83 · 1 bedroom · 1 bed · 1 bath,1538637,Ilana,12/27/2011,"Buenos Aires, Argentina",within an hour,100%,f,Palermo,-34.5860481262207,-58.42410659790039,Entire rental unit,2,1 bath,1.0,2,1125,30,1/6/2013,1/16/2023,4.83,"[-58.42410659790039, -34.5860481262207]",100.0,USD,"['City skyline view', 'Bathtub', 'Hair dryer', 'Cleaning products', 'Bidet', 'Hot water', 'Essentials', 'Towels, bed sheets, soap, and toilet paper', 'Hangers', 'Bed linens', 'Cotton linens', 'Extra pillows and blankets', 'Room-darkening shades', 'Safe',"
753089,https://www.airbnb.com/rooms/753089,Rental unit in Buenos Aires · ?4.88 · Studio · 2 beds · 1 bath,3914362,Fabio,10/18/2012,"Buenos Aires, Argentina",within a few hours,90%,t,Balvanera,-34.60011,-58.40016,Entire rental unit,2,1 bath,2.0,4,12,26,6/30/2016,11/26/2023,4.88,"[-58.40016, -34.60011]",23.0,USD,"['Hot water', 'Essentials', 'Towels, bed sheets, soap, and toilet paper', 'Bed linens', 'Extra pillows and blankets', 'Iron', 'TV with standard cable', 'Air conditioning', 'Heating', 'Wifi', 'Kitchen', 'Space where guests can cook their own meals', 'Refr"
756709,https://www.airbnb.com/rooms/756709,Home in Buenos Aires · ?4.78 · 8 bedrooms · 15 beds · 6 baths,1864747,Irina,3/5/2012,"Buenos Aires, Argentina",within an hour,100%,f,Almagro,-34.61094,-58.42192,Private room in home,15,6 baths,15.0,2,1125,9,11/13/2012,2/25/2017,4.78,"[-58.42192, -34.61094]",16.0,USD,"['Hair dryer', 'Hot water', 'Essentials', 'Towels, bed sheets, soap, and toilet paper', 'Hangers', 'Bed linens', 'Iron', 'TV with standard cable', 'Children?s books and toys', 'Heating', 'Fire extinguisher', 'Wifi', 'Kitchen', 'Space where guests can coo"
756838,https://www.airbnb.com/rooms/756838,Home in Buenos Aires · ?4.40 · 1 bedroom · 1 bed · 1 shared bath,1864747,Irina,3/5/2012,"Buenos Aires, Argentina",within an hour,100%,f,Almagro,-34.61094,-58.42192,Private room in home,2,1 shared bath,1.0,2,1125,10,9/6/2014,2/17/2021,4.4,"[-58.42192, -34.61094]",16.0,USD,"['Hair dryer', 'Hot water', 'Essentials', 'Towels, bed sheets, soap, and toilet paper', 'TV with standard cable', 'Heating', 'Lock on bedroom door', 'Fire extinguisher', 'Wifi', 'Kitchen', 'Space where guests can cook their own meals', 'Microwave', 'Dish"
758656,https://www.airbnb.com/rooms/758656,Rental unit in Buenos Aires · ?4.88 · 1 bedroom · 3 beds · 1 bath,3464544,Jonathan_kremer,9/4/2012,"Buenos Aires, Argentina",within an hour,100%,t,Almagro,-34.60096,-58.43031,Entire rental unit,4,1 bath,3.0,3,1125,74,12/9/2012,11/26/2023,4.88,"[-58.43031, -34.60096]",47.0,USD,"['Hair dryer', 'Shampoo', 'Bidet', 'Hot water', 'Free washer ? In building', 'Essentials', 'Towels, bed sheets, soap, and toilet paper', 'Hangers', 'Bed linens', 'Extra pillows and blankets', 'Iron', 'Drying rack for clothing', 'Safe', 'Mosquito net', 'C"
761831,https://www.airbnb.com/rooms/761831,Rental unit in Buenos Aires · ?4.67 · 1 bedroom · 1 bed · 1 bath,3334331,Aida,8/21/2012,"Buenos Aires, Argentina",within an hour,100%,f,Palermo,-34.5854,-58.42507,Entire rental unit,2,1 bath,1.0,5,180,3,9/4/2018,11/21/2022,4.67,"[-58.42507, -34.5854]",78.0,USD,"['Hair dryer', 'TV', 'Air conditioning', 'Heating', 'Wifi', 'Dedicated workspace', 'Kitchen', 'Space where guests can cook their own meals', 'Cooking basics', 'Pots and pans, oil, salt and pepper']"
763207,https://www.airbnb.com/rooms/763207,Rental unit in Buenos Aires · ?4.82 · 1 bedroom · 1 bed · 1.5 baths,1409800,Mariano,11/15/2011,"Buenos Aires, Argentina",within an hour,100%,t,Colegiales,-34.57801,-58.44076,Entire rental unit,2,1.5 baths,1.0,1,1125,68,12/3/2012,11/29/2023,4.82,"[-58.44076, -34.57801]",90.0,USD,"['Shampoo', 'Hot water', 'Washer', 'Essentials', 'Towels, bed sheets, soap, and toilet paper', 'Hangers', 'Bed linens', 'Extra pillows and blankets', 'TV with standard cable', 'Air conditioning', 'Heating', 'Wifi', 'Kitchen', 'Space where guests can cook"
767912,https://www.airbnb.com/rooms/767912,Rental unit in Buenos Aires · ?4.89 · 2 bedrooms · 2 beds · 2 baths,4048085,Carlos,11/3/2012,"Buenos Aires, Argentina",within an hour,100%,t,Palermo,-34.57203,-58.41942,Entire rental unit,4,2 baths,2.0,7,60,44,11/25/2012,11/14/2023,4.89,"[-58.41942, -34.57203]",74.0,USD,"['Hair dryer', 'Cleaning products', 'Shampoo', 'LH conditioner', 'Body soap', 'Bidet', 'Hot water', 'Washer', 'Essentials', 'Towels, bed sheets, soap, and toilet paper', 'Hangers', 'Bed linens', 'Extra pillows and blankets', 'Room-darkening shades', 'Iro"
767957,https://www.airbnb.com/rooms/767957,Home in Buenos Aires · ?4.88 · 1 bedroom · 2 beds · 1 shared bath,1864747,Irina,3/5/2012,"Buenos Aires, Argentina",within an hour,100%,f,Almagro,-34.61094,-58.42192,Private room in home,2,1 shared bath,2.0,2,1125,8,11/13/2013,1/10/2023,4.88,"[-58.42192, -34.61094]",15.0,USD,"['Hair dryer', 'Hot water', 'Essentials', 'Towels, bed sheets, soap, and toilet paper', 'TV with standard cable', 'Heating', 'Lock on bedroom door', 'Fire extinguisher', 'Wifi', 'Dedicated workspace', 'Kitchen', 'Space where guests can cook their own mea"
771408,https://www.airbnb.com/rooms/771408,Rental unit in Capital Federal · ?4.56 · 4 bedrooms · 4 beds · 2 baths,91936,Nicolas,3/12/2010,"New York, NY",within an hour,100%,t,Monserrat,-34.61033,-58.38629,Entire rental unit,6,2 baths,4.0,5,1125,44,12/15/2012,12/16/2023,4.56,"[-58.38629, -34.61033]",69.0,USD,"['Bathtub', 'Hair dryer', 'Cleaning products', 'Body soap', 'Bidet', 'Hot water', 'Washer', 'Essentials', 'Towels, bed sheets, soap, and toilet paper', 'Hangers', 'Bed linens', 'Cotton linens', 'Room-darkening shades', 'Iron', 'Ceiling fan', 'Portable fa"
771593,https://www.airbnb.com/rooms/771593,Rental unit in Buenos Aires · 1 bedroom · 1 bed,4071339,Javier,11/5/2012,"Buenos Aires, Argentina",,,f,Monserrat,-34.61109,-58.38668,Private room in rental unit,1,,1.0,6,60,0,,,,"[-58.38668, -34.61109]",74.0,USD,"['Unavailable: Lock on bedroom door', 'Lock on bedroom door', 'There is no lock on the bedroom door.', 'Unavailable: Kitchen', 'Kitchen', 'Unavailable: Wifi', 'Wifi', 'Unavailable: TV', 'TV', 'Unavailable: Washer', 'Washer', 'Unavailable: Dryer', 'Dryer'"
772453,https://www.airbnb.com/rooms/772453,Rental unit in Buenos Aires · ?4.74 · 4 bedrooms · 4 beds · 2 baths,3771282,Max,10/5/2012,"Buenos Aires, Argentina",within a few hours,98%,f,Recoleta,-34.5991,-58.3871,Entire rental unit,8,2 baths,4.0,3,180,35,2/18/2013,12/5/2023,4.74,"[-58.3871, -34.5991]",227.0,USD,"['City skyline view', 'Hair dryer', 'Hot water', 'Free washer ? In unit', 'Essentials', 'Towels, bed sheets, soap, and toilet paper', 'Hangers', 'Iron', 'TV with standard cable', 'Crib', 'Air conditioning', 'Heating', 'Wifi', 'Kitchen', 'Space where gues"
773069,https://www.airbnb.com/rooms/773069,Loft in Buenos Aires · ?4.70 · 1 bedroom · 3 beds · 1 bath,251561536,Mariana,3/27/2019,"Buenos Aires, Argentina",within a few hours,90%,f,Palermo,-34.57278,-58.43072,Entire loft,4,1 bath,3.0,2,365,82,4/8/2014,12/15/2023,4.7,"[-58.43072, -34.57278]",63.0,USD,"['Bathtub', 'Hair dryer', 'Shampoo', 'Conditioner', 'Body soap', 'Bidet', 'Hot water', 'Essentials', 'Towels, bed sheets, soap, and toilet paper', 'Hangers', 'Bed linens', 'Cotton linens', 'Room-darkening shades', 'Iron', 'Drying rack for clothing', 'Clo"
776893,https://www.airbnb.com/rooms/776893,Home in Buenos Aires · ?4.56 · 1 bedroom · 1 bed · 1 bath,2034113,Cee Jay,3/29/2012,"Buenos Aires, Argentina",within a few hours,100%,f,Constitucion,-34.62104,-58.38347,Private room in home,2,1 bath,1.0,2,45,128,1/5/2013,11/16/2023,4.56,"[-58.38347, -34.62104]",20.0,USD,"['Bathtub', 'Sachet 2 in 1 shampoo', 'Sachet 2 in 1 conditioner', 'Body soap', 'Bidet', 'Hot water', 'Essentials', 'Towels, bed sheets, soap, and toilet paper', 'Hangers', 'Bed linens', 'Cotton Polycotton linens', 'Extra pillows and blankets', 'Clothing "
777158,https://www.airbnb.com/rooms/777158,Home in Buenos Aires · ?5.0 · 8 bedrooms · 13 beds · 6 shared baths,1864747,Irina,3/5/2012,"Buenos Aires, Argentina",within an hour,100%,f,Almagro,-34.61094,-58.42192,Private room in home,15,6 shared baths,13.0,2,1125,5,8/25/2013,12/30/2019,5.0,"[-58.42192, -34.61094]",20.0,USD,"['Hair dryer', 'Hot water', 'Essentials', 'Towels, bed sheets, soap, and toilet paper', 'Hangers', 'Bed linens', 'Iron', 'Ceiling fan', 'Heating', 'Fire extinguisher', 'Wifi', 'Kitchen', 'Space where guests can cook their own meals', 'Refrigerator', 'Coo"
777160,https://www.airbnb.com/rooms/777160,Home in Buenos Aires · ?4.67 · 8 bedrooms · 14 beds · 6 baths,1864747,Irina,3/5/2012,"Buenos Aires, Argentina",within an hour,100%,f,Almagro,-34.61094,-58.42192,Private room in home,15,6 baths,14.0,2,1125,4,11/24/2012,12/5/2017,4.67,"[-58.42192, -34.61094]",16.0,USD,"['Hair dryer', 'Hot water', 'Essentials', 'Towels, bed sheets, soap, and toilet paper', 'Hangers', 'Iron', 'TV with standard cable', 'Children?s books and toys', 'Heating', 'Fire extinguisher', 'Wifi', 'Kitchen', 'Space where guests can cook their own me"
778633,https://www.airbnb.com/rooms/778633,Rental unit in Buenos Aires · ?4.17 · 1 bedroom · 2 beds · 1 bath,4105638,Matías,11/9/2012,"Buenos Aires, Argentina",,,f,Recoleta,-34.58945,-58.40458,Entire rental unit,3,1 bath,2.0,10,180,6,1/30/2016,11/30/2018,4.17,"[-58.40458, -34.58945]",29.0,USD,"['Washer', 'Essentials', 'Towels, bed sheets, soap, and toilet paper', 'Hangers', 'Iron', 'TV', 'Air conditioning', 'Heating', 'Wifi', 'Kitchen', 'Space where guests can cook their own meals']"
780165,https://www.airbnb.com/rooms/780165,Condo in Buenos Aires · ?4.61 · 2 bedrooms · 3 beds · 1.5 baths,233651,Cameron,9/13/2010,"Buenos Aires, Argentina",within an hour,100%,f,Palermo,-34.5841,-58.42353,Entire condo,6,1.5 baths,3.0,5,1125,109,12/27/2012,5/18/2020,4.61,"[-58.42353, -34.5841]",165.0,USD,"['Bathtub', 'Hair dryer', 'Bidet', 'Hot water', 'Paid washer â?? In building', 'Paid dryer â?? In building', 'Essentials', 'Towels, bed sheets, soap, and toilet paper', 'Hangers', 'Bed linens', 'Room-darkening shades', 'Iron', 'Ethernet connection', 'TV "
780906,https://www.airbnb.com/rooms/780906,Rental unit in Buenos Aires · ?4.80 · 1 bedroom · 4 beds · 1.5 baths,4118340,Familia,11/11/2012,"Buenos Aires, Argentina",within an hour,98%,t,Chacarita,-34.58158,-58.45122,Entire rental unit,4,1.5 baths,4.0,2,365,154,1/3/2013,11/12/2023,4.8,"[-58.45122, -34.58158]",44.0,USD,"['Bathtub', 'Hair dryer', 'Cleaning products', 'Famaciy conditioner', 'Liqudo body soap', 'Bidet', 'Hot water', 'Washer', 'Dryer', 'Essentials', 'Towels, bed sheets, soap, and toilet paper', 'Hangers', 'Bed linens', 'Extra pillows and blankets', 'Room-da"
781546,https://www.airbnb.com/rooms/781546,Rental unit in Buenos Aires · ?4.68 · 1 bedroom · 1 bed · 1 bath,4122313,Rodrigue,11/11/2012,"Buenos Aires, Argentina",within an hour,100%,t,Palermo,-34.58579,-58.43642,Entire rental unit,2,1 bath,1.0,2,1125,78,1/7/2013,12/2/2023,4.68,"[-58.43642, -34.58579]",48.0,USD,"['Bathtub', 'Hair dryer', 'Bidet', 'Hot water', 'Washer', 'Essentials', 'Towels, bed sheets, soap, and toilet paper', 'Hangers', 'Iron', 'Drying rack for clothing', 'TV with standard cable', 'Books and reading material', 'Air conditioning', 'Radiant heat"
783377,https://www.airbnb.com/rooms/783377,"Rental unit in Las Canitas, Buenos Aires · ?4.76 · 1 bedroom · 1 bed · 1.5 baths",4130739,Maria Alejandra,11/12/2012,"Los Angeles, CA",within an hour,100%,t,Palermo,-34.56994,-58.43448,Entire rental unit,2,1.5 baths,1.0,2,730,38,4/3/2015,7/31/2023,4.76,"[-58.43448, -34.56994]",54.0,USD,"['Bathtub', 'Hair dryer', 'Cleaning products', 'Shampoo', 'Body soap', 'Bidet', 'Hot water', 'Paid washer ? In building', 'Paid dryer ? In building', 'Essentials', 'Towels, bed sheets, soap, and toilet paper', 'Hangers', 'Bed linens', 'Extra pillows and "
785860,https://www.airbnb.com/rooms/785860,Condo in Buenos Aires · ?4.75 · 2 bedrooms · 1 bed · 2 shared baths,4142864,Alicia,11/13/2012,"Buenos Aires, Argentina",within an hour,100%,f,Colegiales,-34.57127,-58.44283,Private room in condo,1,2 shared baths,1.0,3,30,4,12/5/2012,4/8/2022,4.75,"[-58.44283, -34.57127]",33.0,USD,"['Essentials', 'Towels, bed sheets, soap, and toilet paper', 'Bed linens', 'Cotton linens', 'TV with standard cable', 'Wifi', 'Kitchen', 'Space where guests can cook their own meals', 'Refrigerator', 'Elevator', 'The home or building has an elevator that"
787156,https://www.airbnb.com/rooms/787156,Rental unit in Buenos Aires · 1 bedroom · 1 bed · 1 bath,4149346,Natalia Alejandra,11/14/2012,"Buenos Aires, Argentina",within an hour,100%,t,Belgrano,-34.56451012916242,-58.4545205228216,Entire rental unit,2,1 bath,1.0,15,120,1,12/16/2023,12/16/2023,5.0,"[-58.454520522821596, -34.56451012916242]",30.0,USD,"['Bathtub', 'Hair dryer', 'Cleaning products', 'Body soap', 'Bidet', 'Hot water', 'Essentials', 'Towels, bed sheets, soap, and toilet paper', 'Hangers', 'Bed linens', 'Extra pillows and blankets', 'Room-darkening shades', 'Iron', 'Clothing storage: close"
787938,https://www.airbnb.com/rooms/787938,Home in Buenos Aires · ?4.70 · 3 bedrooms · 3 beds · 3 baths,530261,Luciano,4/23/2011,"Buenos Aires, Argentina",within an hour,100%,t,Palermo,-34.5882,-58.43105,Entire home,5,3 baths,3.0,7,1125,40,8/31/2014,12/1/2023,4.7,"[-58.43105, -34.5882]",245.0,USD,"['Hair dryer', 'Washer', 'Dryer', 'Essentials', 'Towels, bed sheets, soap, and toilet paper', 'Hangers', 'Iron', 'TV with standard cable', 'Air conditioning', 'Indoor fireplace', 'Heating', 'Wifi', 'Dedicated workspace', 'Kitchen', 'Space where guests ca"
791067,https://www.airbnb.com/rooms/791067,Rental unit in Buenos Aires · ?4.85 · 3 bedrooms · 4 beds · 2.5 baths,4167628,Gaston,11/16/2012,"Buenos Aires, Argentina",within a few hours,100%,t,Recoleta,-34.5903,-58.40255,Entire rental unit,5,2.5 baths,4.0,5,1125,62,12/22/2020,11/16/2023,4.85,"[-58.40255, -34.5903]",,,
795812,https://www.airbnb.com/rooms/795812,Rental unit in Buenos Aires · ?5.0 · 4 bedrooms · 1 bed · 1 shared bath,4191868,Piso Compartido Buenos Aires,11/19/2012,"Buenos Aires, Argentina",within an hour,100%,f,Monserrat,-34.61541,-58.3789,Private room in rental unit,1,1 shared bath,1.0,18,180,5,12/3/2018,6/4/2023,5.0,"[-58.3789, -34.61541]",15.0,USD,"['Bathtub', 'Bidet', 'Hot water', 'Washer', 'Essentials', 'Towels, bed sheets, soap, and toilet paper', 'Hangers', 'HDTV with Netflix', 'Heating', 'Wifi', 'Dedicated workspace', 'Kitchen', 'Space where guests can cook their own meals', 'Refrigerator', 'C"
796411,https://www.airbnb.com/rooms/796411,Rental unit in Buenos Aires · ?4.69 · 1 bedroom · 1 bed · 1 bath,1838943,Sunnie/Randolph,3/1/2012,"Chicago, IL",within an hour,100%,t,Palermo,-34.5854,-58.42739,Entire rental unit,2,1 bath,1.0,3,1125,100,2/19/2013,7/24/2023,4.69,"[-58.42739, -34.5854]",37.0,USD,"['Hair dryer', 'Free washer ? In unit', 'Essentials', 'Towels, bed sheets, soap, and toilet paper', 'Hangers', 'Iron', 'TV with standard cable', 'AC - split type ductless system', 'Heating', 'Wifi', 'Kitchen', 'Space where guests can cook their own meals"
798023,https://www.airbnb.com/rooms/798023,Rental unit in Buenos Aires · 1 bedroom · 1 bed · 1 bath,4200777,Hugo,11/20/2012,"Buenos Aires, Argentina",within a day,86%,f,Recoleta,-34.59148,-58.40378,Entire rental unit,2,1 bath,1.0,4,180,2,4/20/2017,3/4/2022,5.0,"[-58.40378, -34.59148]",24.0,USD,"['Bathtub', 'Hair dryer', 'Hot water', 'Essentials', 'Towels, bed sheets, soap, and toilet paper', 'Hangers', 'Bed linens', 'Extra pillows and blankets', 'Iron', 'TV with standard cable', 'Pack â??n play/Travel crib', 'Air conditioning', 'Heating', 'Wifi"
799545,https://www.airbnb.com/rooms/799545,Rental unit in Buenos Aires · ?4.81 · 1 bedroom · 2 beds · 2 baths,499463,Agostina,4/11/2011,"Istanbul, Turkey",within a day,100%,t,Palermo,-34.58061,-58.43274,Entire rental unit,4,2 baths,2.0,30,1125,71,12/11/2012,5/26/2023,4.81,"[-58.43274, -34.58061]",78.0,USD,"['Bathtub', 'Hair dryer', 'Bidet', 'Hot water', 'Essentials', 'Towels, bed sheets, soap, and toilet paper', 'Hangers', 'Bed linens', 'Extra pillows and blankets', 'Room-darkening shades', 'Iron', 'Safe', 'Clothing storage: closet', 'Ethernet connection',"
799676,https://www.airbnb.com/rooms/799676,Rental unit in Buenos Aires · ?4.17 · 2 bedrooms · 2 beds · 2 baths,622759,Barbara,5/24/2011,"Buenos Aires, Argentina",within a few hours,100%,t,Colegiales,-34.57148,-58.45195,Entire rental unit,3,2 baths,2.0,10,300,6,1/18/2013,1/4/2015,4.17,"[-58.45195, -34.57148]",,,
800875,https://www.airbnb.com/rooms/800875,Home in Buenos Aires · ?4.88 · 4 bedrooms · 9 beds · 3.5 baths,4215940,Lilian,11/22/2012,"Buenos Aires, Argentina",within a few hours,100%,t,Villa Crespo,-34.5921,-58.43756,Entire home,11,3.5 baths,9.0,2,1125,306,2/5/2013,12/3/2023,4.88,"[-58.43756, -34.5921]",341.0,USD,"['Hair dryer', 'Hot water', 'Washer', 'Essentials', 'Towels, bed sheets, soap, and toilet paper', 'Hangers', 'Iron', 'TV with standard cable', 'Crib', 'Pack â??n play/Travel crib', 'High chair', 'Air conditioning', 'Indoor fireplace', 'Heating', 'Fire ex"
800959,https://www.airbnb.com/rooms/800959,Rental unit in Buenos Aires · ?4.67 · 2 bedrooms · 2 beds · 1 bath,5488681,Martha,3/16/2013,"Buenos Aires, Argentina",within an hour,100%,t,Recoleta,-34.58506,-58.39933,Entire rental unit,2,1 bath,2.0,5,20,3,10/11/2022,11/19/2023,4.67,"[-58.39933, -34.58506]",79.0,USD,"['Courtyard view', 'Bathtub', 'Hair dryer', 'Cleaning products', 'Shampoo', 'Body soap', 'Bidet', 'Hot water', 'Free washer ? In unit', 'Essentials', 'Towels, bed sheets, soap, and toilet paper', 'Hangers', 'Bed linens', 'Egyptian cotton linens', 'Extra "
801055,https://www.airbnb.com/rooms/801055,Home in Buenos Aires · 1 bedroom · 1 bed · 3 shared baths,4161260,Gustavo,11/15/2012,"Buenos Aires, Argentina",within a few hours,100%,f,San Telmo,-34.62346,-58.37325,Private room in home,1,3 shared baths,1.0,3,7,1,4/1/2019,4/1/2019,5.0,"[-58.37325, -34.62346]",21.0,USD,"['City skyline view', 'Hair dryer', 'Washer', 'Iron', 'TV with standard cable', 'Heating', 'Lock on bedroom door', 'Wifi', 'Dedicated workspace', 'In a common space', 'Kitchen', 'Space where guests can cook their own meals', 'Refrigerator', 'Dishes and s"
801408,https://www.airbnb.com/rooms/801408,Rental unit in Buenos Aires · ?4.86 · 2 bedrooms · 5 beds · 2.5 baths,3176432,Gisela,8/6/2012,"Buenos Aires, Argentina",within a few hours,100%,f,Monserrat,-34.60861,-58.38385,Entire rental unit,4,2.5 baths,5.0,2,1125,95,12/29/2012,12/7/2023,4.86,"[-58.38385, -34.60861]",64.0,USD,"['Hair dryer', 'Shampoo', 'Hot water', 'Washer', 'Essentials', 'Towels, bed sheets, soap, and toilet paper', 'Hangers', 'Extra pillows and blankets', 'Iron', 'TV with standard cable', 'Crib', 'Air conditioning', 'Heating', 'Carbon monoxide alarm', 'Fire "
801415,https://www.airbnb.com/rooms/801415,Rental unit in Buenos Aires · ?4.60 · 1 bedroom · 1 bed · 3 shared baths,4216433,Cristina,11/22/2012,"Buenos Aires, Argentina",within an hour,90%,f,San Telmo,-34.62553,-58.37291,Private room in rental unit,2,3 shared baths,1.0,3,30,5,1/10/2013,11/17/2016,4.6,"[-58.37291, -34.62553]",41.0,USD,"['Hot water', 'Washer', 'Essentials', 'Towels, bed sheets, soap, and toilet paper', '32 HDTV with standard cable', 'Air conditioning', 'Heating', 'Lock on bedroom door', 'Fire extinguisher', 'Wifi', 'Kitchen', 'Space where guests can cook their own meals"
802295,https://www.airbnb.com/rooms/802295,Home in Buenos Aires · 1 bedroom · 1 bed · 3.5 shared baths,4161260,Gustavo,11/15/2012,"Buenos Aires, Argentina",within a few hours,100%,f,San Telmo,-34.62502,-58.37365,Private room in home,2,3.5 shared baths,1.0,3,1125,0,,,,"[-58.37365, -34.62502]",42.0,USD,"['City skyline view', 'Washer', 'Bed linens', 'Extra pillows and blankets', 'TV with standard cable', 'Heating', 'Lock on bedroom door', 'Wifi', 'Dedicated workspace', 'In a room with a door', 'Kitchen', 'Space where guests can cook their own meals', 'Re"
802486,https://www.airbnb.com/rooms/802486,Rental unit in Buenos Aires · 1 bedroom · 1 bed · 3 shared baths,4216433,Cristina,11/22/2012,"Buenos Aires, Argentina",within an hour,90%,f,San Telmo,-34.62525,-58.37493,Private room in rental unit,2,3 shared baths,1.0,3,1125,1,4/15/2018,4/15/2018,5.0,"[-58.37493, -34.62525]",41.0,USD,"['Essentials', 'Towels, bed sheets, soap, and toilet paper', 'TV', 'Heating', 'Lock on bedroom door', 'Fire extinguisher', 'Wifi', 'Kitchen', 'Space where guests can cook their own meals', 'Refrigerator', 'Microwave', 'Cooking basics', 'Pots and pans, oi"
804799,https://www.airbnb.com/rooms/804799,Loft in Buenos Aires · ?4.92 · 1 bedroom · 1 bed · 1 bath,4236058,Carlos,11/25/2012,"Villa La Angostura, Argentina",within an hour,100%,t,Palermo,-34.57185206723009,-58.43146764724136,Entire loft,2,1 bath,1.0,3,180,39,9/6/2016,12/10/2023,4.92,"[-58.431467647241355, -34.57185206723009]",44.0,USD,"['Bathtub', 'Hair dryer', 'Bidet', 'Hot water', 'Washer', 'Dryer', 'Essentials', 'Towels, bed sheets, soap, and toilet paper', 'Hangers', 'Bed linens', 'Extra pillows and blankets', 'Iron', 'Drying rack for clothing', 'Safe', 'Clothing storage: closet', "
806108,https://www.airbnb.com/rooms/806108,Rental unit in Buenos Aires · ?4.42 · 1 bedroom · 1 bed · 1 bath,4243531,Carlos,11/25/2012,"Buenos Aires, Argentina",within an hour,100%,f,Retiro,-34.59364,-58.38561,Entire rental unit,2,1 bath,1.0,3,1125,37,4/2/2013,11/12/2023,4.42,"[-58.38561, -34.59364]",24.0,USD,"['Bathtub', 'Hair dryer', 'Cleaning products', 'Hot water', 'Dryer', 'Essentials', 'Towels, bed sheets, soap, and toilet paper', 'Hangers', 'Bed linens', 'Cotton linens', 'Extra pillows and blankets', 'Room-darkening shades', 'Iron', 'Safe', 'Mosquito ne"
808638,https://www.airbnb.com/rooms/808638,Rental unit in Buenos Aires · ?4.86 · 1 bedroom · 1 bed · 1 bath,91936,Nicolas,3/12/2010,"New York, NY",within an hour,100%,t,Balvanera,-34.60898,-58.39313,Entire rental unit,3,1 bath,1.0,4,1125,51,2/16/2013,12/12/2023,4.86,"[-58.39313, -34.60898]",32.0,USD,"['Hair dryer', 'Hot water', 'Dryer', 'Essentials', 'Towels, bed sheets, soap, and toilet paper', 'Hangers', 'Bed linens', 'Cotton linens', 'Iron', 'Clothing storage: closet', 'TV with standard cable', 'Air conditioning', 'Heating', 'Wifi', 'Kitchen', 'Sp"
809738,https://www.airbnb.com/rooms/809738,Rental unit in Buenos Aires · ?4.68 · 1 bedroom · 1 bed · 1.5 baths,4259652,Maria Ayelen,11/27/2012,"Carmelo, Uruguay",within an hour,100%,t,San Telmo,-34.62178,-58.3767,Entire rental unit,3,1.5 baths,1.0,3,1125,403,12/20/2012,12/17/2023,4.68,"[-58.3767, -34.62178]",29.0,USD,"['Bathtub', 'Hair dryer', 'Cleaning products', 'Bidet', 'Hot water', 'Washer', 'Essentials', 'Towels, bed sheets, soap, and toilet paper', 'Hangers', 'Bed linens', 'Extra pillows and blankets', 'Room-darkening shades', 'Drying rack for clothing', 'Clothi"
811357,https://www.airbnb.com/rooms/811357,Rental unit in Buenos Aires · ?4.76 · 1 bedroom · 1 bed · 1 bath,4266577,Tincho,11/27/2012,"Buenos Aires, Argentina",within an hour,100%,t,Belgrano,-34.55851,-58.4644,Entire rental unit,2,1 bath,1.0,1,40,110,5/16/2013,11/12/2023,4.76,"[-58.4644, -34.55851]",29.0,USD,"['Bathtub', 'Hair dryer', 'Cleaning products', 'Shampoo', 'Conditioner', 'Body soap', 'Bidet', 'Hot water', 'Essentials', 'Towels, bed sheets, soap, and toilet paper', 'Hangers', 'Bed linens', 'Extra pillows and blankets', 'Room-darkening shades', 'Iron'"
815069,https://www.airbnb.com/rooms/815069,Condo in Buenos Aires · ?4.82 · 2 bedrooms · 4 beds · 2 baths,4281926,Ana,11/29/2012,Argentina,within an hour,100%,f,Recoleta,-34.59577,-58.40691,Entire condo,4,2 baths,4.0,4,1125,44,10/12/2014,12/17/2023,4.82,"[-58.40691, -34.59577]",51.0,USD,"['City skyline view', 'Bathtub', 'Hair dryer', 'Cleaning products', 'Bidet', 'Hot water', 'Paid washer ? In building', 'Paid dryer ? In building', 'Essentials', 'Towels, bed sheets, soap, and toilet paper', 'Hangers', 'Bed linens', 'Cotton linens', 'Extr"
817636,https://www.airbnb.com/rooms/817636,Rental unit in Buenos Aires · ?4.50 · 1 bedroom · 1 bed · 3 shared baths,4216433,Cristina,11/22/2012,"Buenos Aires, Argentina",within an hour,90%,f,San Telmo,-34.61946,-58.37383,Private room in rental unit,2,3 shared baths,1.0,3,30,4,3/27/2014,11/12/2023,4.5,"[-58.37383, -34.61946]",34.0,USD,"['Cleaning products', 'Body soap', 'Hot water', 'Washer', 'Essentials', 'Towels, bed sheets, soap, and toilet paper', 'TV with standard cable', 'High chair', 'Heating', 'Lock on bedroom door', 'Fire extinguisher', 'Wifi', 'Dedicated workspace', 'In a roo"
817637,https://www.airbnb.com/rooms/817637,Rental unit in Buenos Aires · ?2.67 · 1 bedroom · 1 bed · 3 shared baths,4216433,Cristina,11/22/2012,"Buenos Aires, Argentina",within an hour,90%,f,San Telmo,-34.6211,-58.37364,Private room in rental unit,1,3 shared baths,1.0,3,30,3,10/19/2014,11/13/2023,2.67,"[-58.37364, -34.6211]",19.0,USD,"['Hot water', 'Washer', 'Essentials', 'Towels, bed sheets, soap, and toilet paper', 'TV with standard cable', 'Heating', 'Lock on bedroom door', 'Fire extinguisher', 'Wifi', 'Dedicated workspace', 'In a common space', 'Kitchen', 'Space where guests can c"
821420,https://www.airbnb.com/rooms/821420,Home in Buenos Aires · 1 bedroom · 1 bed · 1 shared bath,4161260,Gustavo,11/15/2012,"Buenos Aires, Argentina",within a few hours,100%,f,San Telmo,-34.62282354785003,-58.373595301707866,Private room in home,1,1 shared bath,1.0,3,30,0,,,,"[-58.373595301707866, -34.62282354785003]",19.0,USD,"['Essentials', 'Towels, bed sheets, soap, and toilet paper', 'Hangers', 'Heating', 'Lock on bedroom door', 'Security cameras on property', 'la casa cuenta con un siostema de seguridad con camaras de grabaciÃ²n y fotografÃ¬as con aviso inmediato a la poli"
821921,https://www.airbnb.com/rooms/821921,Rental unit in Buenos Aires · ?4.40 · 1 bedroom · 1 bed · 1 shared bath,4216433,Cristina,11/22/2012,"Buenos Aires, Argentina",within an hour,90%,f,San Telmo,-34.62385,-58.37184,Private room in rental unit,1,1 shared bath,1.0,4,30,33,1/29/2013,11/25/2023,4.4,"[-58.37184, -34.62385]",,,
827594,https://www.airbnb.com/rooms/827594,Rental unit in Buenos Aires · ?4.67 · 2 bedrooms · 2 beds · 2.5 baths,530261,Luciano,4/23/2011,"Buenos Aires, Argentina",within an hour,100%,t,Palermo,-34.58126,-58.42688,Entire rental unit,4,2.5 baths,2.0,7,1125,27,12/20/2012,10/8/2023,4.67,"[-58.42688, -34.58126]",147.0,USD,"['Hair dryer', 'Washer', 'Hangers', 'Iron', 'TV with standard cable', 'Air conditioning', 'Heating', 'Wifi', 'Dedicated workspace', 'Kitchen', 'Space where guests can cook their own meals', 'Cooking basics', 'Pots and pans, oil, salt and pepper', 'Elevat"
833347,https://www.airbnb.com/rooms/833347,Rental unit in Buenos Aires · ?4.55 · 2 bedrooms · 2 beds · 1.5 baths,2178724,Victoria,4/19/2012,"Berlin, Germany",within a day,80%,f,Monserrat,-34.61357,-58.37685,Entire rental unit,4,1.5 baths,2.0,14,999,11,7/13/2014,10/28/2023,4.55,"[-58.37685, -34.61357]",43.0,USD,"['City skyline view', 'Bathtub', 'Hair dryer', 'Hot water', 'Free washer ? In unit', 'Essentials', 'Towels, bed sheets, soap, and toilet paper', 'Hangers', 'Bed linens', 'Extra pillows and blankets', 'Iron', 'Ethernet connection', 'TV with standard cable"
836605,https://www.airbnb.com/rooms/836605,Rental unit in Buenos Aires · ?4.15 · 1 bedroom · 3 beds · 2 shared baths,4372509,Vicky,12/10/2012,"Buenos Aires, Argentina",within a few hours,100%,f,San Telmo,-34.61751,-58.37158,Private room in rental unit,1,2 shared baths,3.0,3,1125,13,1/20/2013,10/28/2023,4.15,"[-58.37158, -34.61751]",19.0,USD,"['City skyline view', 'Courtyard view', 'Hot water', 'Free washer ? In unit', 'Essentials', 'Towels, bed sheets, soap, and toilet paper', 'Bed linens', 'Extra pillows and blankets', '30 HDTV with Roku', 'Heating', 'Lock on bedroom door', 'Wifi', 'Dedicat"
839120,https://www.airbnb.com/rooms/839120,Rental unit in Monserrat · 2 bedrooms · 2 beds · 1 bath,4383436,Eugenia,12/11/2012,"Buenos Aires, Argentina",,,f,Monserrat,-34.61518,-58.37743,Entire rental unit,2,1 bath,2.0,5,1125,0,,,,"[-58.37743, -34.61518]",21.0,USD,"['Hot water', 'Hangers', 'Bed linens', 'Extra pillows and blankets', 'Iron', 'TV with standard cable', 'Air conditioning', 'Heating', 'Wifi', 'Kitchen', 'Space where guests can cook their own meals', 'Free street parking', 'Long term stays allowed', 'All"
839233,https://www.airbnb.com/rooms/839233,Rental unit in Buenos Aires · ?4.99 · 1 bedroom · 1 bed · 1 private bath,3758647,Agustin & Maria,10/4/2012,"Buenos Aires, Argentina",within an hour,100%,t,Recoleta,-34.59027,-58.40729,Private room in rental unit,2,1 private bath,1.0,2,1125,109,1/13/2013,12/14/2023,4.99,"[-58.40729, -34.59027]",28.0,USD,"['Courtyard view', 'Bathtub', 'Hair dryer', 'Cleaning products', 'PANTENE shampoo', 'PANTENE conditioner', 'Líquido body soap', 'Bidet', 'Hot water', 'Paid washer ? In unit', 'Essentials', 'Towels, bed sheets, soap, and toilet paper', 'Hangers', 'Bed lin"
840958,https://www.airbnb.com/rooms/840958,Rental unit in Buenos Aires · ?4.63 · 1 bedroom · 2 beds · 1 bath,444416,Claudia,3/15/2011,"Buenos Aires, Argentina",within a few hours,100%,f,Palermo,-34.59689,-58.4218,Entire rental unit,2,1 bath,2.0,3,1125,32,2/6/2013,11/14/2023,4.63,"[-58.4218, -34.59689]",20.0,USD,"['Hot water', 'Washer', 'Essentials', 'Towels, bed sheets, soap, and toilet paper', 'Bed linens', 'TV with standard cable', 'Air conditioning', 'Heating', 'Wifi', 'Kitchen', 'Space where guests can cook their own meals', 'Microwave', 'Dishes and silverwa"
842433,https://www.airbnb.com/rooms/842433,Hostel in Buenos Aires · 1 bedroom,915313,Liliana,8/3/2011,"Buenos Aires, Argentina",,,f,Belgrano,-34.56825,-58.45821,Private room in hostel,1,,,1,1125,0,,,,"[-58.45821, -34.56825]",49.0,USD,[]
847685,https://www.airbnb.com/rooms/847685,Rental unit in Buenos Aires · ?4.66 · 1 bedroom · 1 bed · 1 bath,50665721,Shan,12/6/2015,"Buenos Aires, Argentina",within a few hours,100%,t,Recoleta,-34.58772,-58.4018,Entire rental unit,2,1 bath,1.0,7,1125,221,12/29/2012,12/10/2023,4.66,"[-58.4018, -34.58772]",24.0,USD,"['Hair dryer', 'Hot water', 'Essentials', 'Towels, bed sheets, soap, and toilet paper', 'Hangers', 'TV with standard cable', 'Air conditioning', 'Heating', 'Wifi', 'Kitchen', 'Space where guests can cook their own meals', 'Refrigerator', 'Microwave', 'Co"
847807,https://www.airbnb.com/rooms/847807,Rental unit in Buenos Aires · ?4.44 · 1 bedroom · 3 beds · 1 bath,2178724,Victoria,4/19/2012,"Berlin, Germany",within a day,80%,f,Retiro,-34.59739,-58.38147,Entire rental unit,2,1 bath,3.0,15,999,9,9/25/2015,10/28/2023,4.44,"[-58.38147, -34.59739]",25.0,USD,"['Bathtub', 'Hair dryer', 'Bidet', 'Hot water', 'Free washer ? In unit', 'Essentials', 'Towels, bed sheets, soap, and toilet paper', 'Hangers', 'Bed linens', 'Extra pillows and blankets', 'Room-darkening shades', 'Iron', 'Drying rack for clothing', 'Clot"
848620,https://www.airbnb.com/rooms/848620,Rental unit in Buenos Aires · ?4.50 · 1 bedroom · 3 beds · 1 bath,4243531,Carlos,11/25/2012,"Buenos Aires, Argentina",within an hour,100%,f,Recoleta,-34.58578,-58.40639,Entire rental unit,4,1 bath,3.0,3,1125,18,4/6/2014,11/6/2023,4.5,"[-58.40639, -34.58578]",45.0,USD,"['Bathtub', 'Hair dryer', 'Shampoo', 'Conditioner', 'Body soap', 'Bidet', 'Hot water', 'Essentials', 'Towels, bed sheets, soap, and toilet paper', 'Hangers', 'Bed linens', 'Extra pillows and blankets', 'Room-darkening shades', 'Iron', 'Clothing storage: "
848646,https://www.airbnb.com/rooms/848646,Rental unit in Buenos Aires · ?4.56 · 2 bedrooms · 3 beds · 1 bath,4243531,Carlos,11/25/2012,"Buenos Aires, Argentina",within an hour,100%,f,Palermo,-34.58236,-58.42878,Entire rental unit,4,1 bath,3.0,3,1125,18,9/3/2013,1/7/2016,4.56,"[-58.42878, -34.58236]",147.0,USD,"['Hair dryer', 'Shampoo', 'Hangers', 'Iron', 'TV with standard cable', 'Air conditioning', 'Heating', 'Smoke alarm', 'Carbon monoxide alarm', 'Fire extinguisher', 'First aid kit', 'Wifi', 'Kitchen', 'Space where guests can cook their own meals', 'Elevato"
851649,https://www.airbnb.com/rooms/851649,Rental unit in Buenos Aires · ?4.82 · 1 bedroom · 1 bed · 1 bath,4446235,Karina,12/19/2012,"Vienna, Austria",,,f,Palermo,-34.59024,-58.4325,Entire rental unit,2,1 bath,1.0,30,180,28,6/6/2013,2/23/2022,4.82,"[-58.4325, -34.59024]",30.0,USD,"['Hot water', 'Essentials', 'Towels, bed sheets, soap, and toilet paper', 'Hangers', 'Bed linens', 'Room-darkening shades', 'Iron', 'TV with standard cable', 'Air conditioning', 'Heating', 'Wifi', 'Kitchen', 'Space where guests can cook their own meals',"
855440,https://www.airbnb.com/rooms/855440,Rental unit in Buenos Aires · ?4.76 · 1 bedroom · 1 bed · 1 bath,559463,Martin,5/5/2011,"Buenos Aires, Argentina",within an hour,100%,t,Palermo,-34.58374,-58.42368,Entire rental unit,3,1 bath,1.0,3,1125,52,7/19/2013,12/17/2023,4.76,"[-58.42368, -34.58374]",38.0,USD,"['City skyline view', 'Bathtub', 'Cleaning products', 'Shampoo', 'Conditioner', 'Body soap', 'Bidet', 'Hot water', 'Essentials', 'Towels, bed sheets, soap, and toilet paper', 'Hangers', 'Bed linens', 'Extra pillows and blankets', 'Room-darkening shades',"
855824,https://www.airbnb.com/rooms/855824,Rental unit in Buenos Aires · ?4.83 · 1 bedroom · 3 beds · 1 bath,4473224,Mariana,12/23/2012,"Buenos Aires, Argentina",within a few hours,100%,t,Palermo,-34.58469,-58.42137,Entire rental unit,3,1 bath,3.0,7,365,41,5/9/2013,7/24/2023,4.83,"[-58.42137, -34.58469]",69.0,USD,"['City skyline view', 'Bathtub', 'Hair dryer', 'Body soap', 'Bidet', 'Hot water', 'Washer', 'Dryer', 'Essentials', 'Towels, bed sheets, soap, and toilet paper', 'Hangers', 'Bed linens', 'Cotton linens', 'Extra pillows and blankets', 'Room-darkening shade"
856198,https://www.airbnb.com/rooms/856198,Rental unit in Buenos Aires · ?4.60 · 1 bedroom · 1 bed · 1 bath,4475935,Macarena,12/23/2012,"Buenos Aires, Argentina",within an hour,100%,f,Constitucion,-34.61779,-58.384,Entire rental unit,3,1 bath,1.0,4,360,84,3/27/2013,11/15/2023,4.6,"[-58.384, -34.61779]",25.0,USD,"['Bathtub', 'Hair dryer', 'Cleaning products', 'Body soap', 'Bidet', 'Hot water', 'Essentials', 'Towels, bed sheets, soap, and toilet paper', 'Hangers', 'Bed linens', 'Extra pillows and blankets', 'Room-darkening shades', 'Clothing storage: closet', '32 "
856793,https://www.airbnb.com/rooms/856793,Rental unit in Buenos Aires · ?4.45 · 1 bedroom · 1 bed · 1 bath,444416,Claudia,3/15/2011,"Buenos Aires, Argentina",within a few hours,100%,f,Palermo,-34.59683,-58.42115,Entire rental unit,2,1 bath,1.0,3,1125,22,1/24/2013,11/9/2023,4.45,"[-58.42115, -34.59683]",20.0,USD,"['Hot water', 'Washer', 'Essentials', 'Towels, bed sheets, soap, and toilet paper', 'Bed linens', 'TV with standard cable', 'Air conditioning', 'Heating', 'Wifi', 'Kitchen', 'Space where guests can cook their own meals', 'Microwave', 'Dishes and silverwa"
858011,https://www.airbnb.com/rooms/858011,Rental unit in Buenos Aires · ?4.78 · 1 bedroom · 1 bed · 1 bath,3696206,Ivana,9/27/2012,,within a few hours,100%,f,Palermo,-34.58135,-58.4218,Entire rental unit,2,1 bath,1.0,2,1825,52,1/10/2013,12/14/2023,4.78,"[-58.4218, -34.58135]",34.0,USD,"['Hair dryer', 'Essentials', 'Towels, bed sheets, soap, and toilet paper', 'Hangers', 'Air conditioning', 'Heating', 'Fire extinguisher', 'First aid kit', 'Wifi', 'Kitchen', 'Space where guests can cook their own meals', 'Elevator', 'The home or building"
858120,https://www.airbnb.com/rooms/858120,Rental unit in Buenos Aires · ?4.20 · 1 bedroom · 3 beds · 1.5 baths,3334331,Aida,8/21/2012,"Buenos Aires, Argentina",within an hour,100%,f,Palermo,-34.58531,-58.42646,Entire rental unit,3,1.5 baths,3.0,5,180,6,1/31/2013,11/13/2019,4.2,"[-58.42646, -34.58531]",132.0,USD,"['Hair dryer', 'Washer', 'Essentials', 'Towels, bed sheets, soap, and toilet paper', 'Bed linens', 'Extra pillows and blankets', 'Iron', 'TV with standard cable', 'Air conditioning', 'Heating', 'Wifi', 'Dedicated workspace', 'Pocket wifi', 'Kitchen', 'Sp"
860341,https://www.airbnb.com/rooms/860341,Rental unit in Buenos Aires · ?4.46 · 1 bedroom · 1 bed · 1 bath,4435671,Martin,12/18/2012,"Buenos Aires, Argentina",within an hour,100%,f,Palermo,-34.57813,-58.43806,Entire rental unit,2,1 bath,1.0,3,365,185,2/10/2013,12/4/2023,4.46,"[-58.43806, -34.57813]",27.0,USD,"['Bathtub', 'Bidet', 'Hot water', 'Essentials', 'Towels, bed sheets, soap, and toilet paper', 'Hangers', 'Bed linens', 'TV with standard cable', 'Air conditioning', 'Heating', 'Wifi', 'Kitchen', 'Space where guests can cook their own meals', 'Refrigerato"
860769,https://www.airbnb.com/rooms/860769,Rental unit in Buenos Aires · ?4.81 · 1 bedroom · 1 bed · 1 bath,1673915,Alvaro,1/30/2012,"Buenos Aires, Argentina",within an hour,100%,f,Monserrat,-34.6138,-58.37489,Entire rental unit,2,1 bath,1.0,3,1125,129,1/18/2013,12/16/2019,4.81,"[-58.37489, -34.6138]",28.0,USD,"['Bathtub', 'Hair dryer', 'Hot water', 'Essentials', 'Towels, bed sheets, soap, and toilet paper', 'Hangers', 'Iron', 'TV', 'Air conditioning', 'Heating', 'Wifi', 'Dedicated workspace', 'Kitchen', 'Space where guests can cook their own meals', 'Refrigera"
860860,https://www.airbnb.com/rooms/860860,Rental unit in Buenos Aires · ?4.65 · 1 bedroom · 2 beds · 1 shared bath,1698050,Laura,2/4/2012,"Buenos Aires, Argentina",within an hour,100%,t,San Nicolas,-34.60062,-58.38074,Private room in rental unit,2,1 shared bath,2.0,2,1125,18,6/5/2013,11/5/2023,4.65,"[-58.38074, -34.60062]",34.0,USD,"['Heating', 'Wifi', 'Kitchen', 'Space where guests can cook their own meals', 'Stove', 'Oven', 'Free street parking', 'Elevator', 'The home or building has an elevator that?s at least 52 inches deep and a doorway at least 32 inches wide.', 'Unavailable: "
861444,https://www.airbnb.com/rooms/861444,Rental unit in Buenos Aires · ?4.67 · 1 bedroom · 2 beds · 1.5 baths,4513552,Silvia,12/28/2012,"Buenos Aires, Argentina",within a few hours,100%,f,Colegiales,-34.57166,-58.44309,Entire rental unit,3,1.5 baths,2.0,6,1125,30,4/18/2013,8/31/2023,4.67,"[-58.44309, -34.57166]",26.0,USD,"['Bathtub', 'Cleaning products', 'Body soap', 'Bidet', 'Essentials', 'Towels, bed sheets, soap, and toilet paper', 'Bed linens', 'Extra pillows and blankets', 'Clothing storage', 'TV with standard cable', 'Air conditioning', 'Portable fans', 'Heating', '"
862526,https://www.airbnb.com/rooms/862526,Rental unit in Buenos Aires · ?4.57 · 1 bedroom · 1 bed · 3.5 shared baths,4372509,Vicky,12/10/2012,"Buenos Aires, Argentina",within a few hours,100%,f,San Telmo,-34.61723,-58.37183,Private room in rental unit,2,3.5 shared baths,1.0,30,1125,28,1/14/2013,12/16/2022,4.57,"[-58.37183, -34.61723]",24.0,USD,"['Hot water', 'Washer', 'Dryer', 'TV with standard cable', 'Heating', 'Lock on bedroom door', 'Wifi', 'Dedicated workspace', 'Kitchen', 'Space where guests can cook their own meals', 'Refrigerator', 'Microwave', 'Cooking basics', 'Pots and pans, oil, sal"
862957,https://www.airbnb.com/rooms/862957,Rental unit in Buenos Aires · ?4.91 · 1 bedroom · 1 bed · 2 shared baths,1516002,Maria Agustina,12/18/2011,"Buenos Aires, Argentina",within a day,90%,t,Palermo,-34.58981,-58.42531,Private room in rental unit,6,2 shared baths,1.0,14,1125,23,2/7/2013,11/22/2023,4.91,"[-58.42531, -34.58981]",15.0,USD,"['Essentials', 'Towels, bed sheets, soap, and toilet paper', 'TV', 'Heating', 'Lock on bedroom door', 'Wifi', 'Kitchen', 'Space where guests can cook their own meals', 'Refrigerator']"
864101,https://www.airbnb.com/rooms/864101,Rental unit in Buenos Aires · ?4.74 · Studio · 2 beds · 1 bath,2068724,Mauro,4/4/2012,"Buenos Aires, Argentina",within an hour,100%,f,Palermo,-34.5815,-58.42372,Entire rental unit,3,1 bath,2.0,13,1125,23,2/6/2013,10/18/2023,4.74,"[-58.42372, -34.5815]",39.0,USD,"['Hair dryer', 'Shampoo', 'Hot water', 'Washer', 'Paid dryer â?? In building', 'Essentials', 'Towels, bed sheets, soap, and toilet paper', 'Hangers', 'Iron', 'TV with standard cable', 'Air conditioning', 'Heating', 'Wifi', 'Kitchen', 'Space where guests "
864202,https://www.airbnb.com/rooms/864202,Loft in Buenos Aires · Studio · 2 beds · 1 bath,1864747,Irina,3/5/2012,"Buenos Aires, Argentina",within an hour,100%,f,Almagro,-34.61095,-58.42192,Entire loft,3,1 bath,2.0,2,1125,1,2/25/2023,2/25/2023,4.0,"[-58.42192, -34.61095]",30.0,USD,"['Hair dryer', 'Hot water', 'Washer', 'Essentials', 'Towels, bed sheets, soap, and toilet paper', 'Hangers', 'Iron', 'TV with standard cable', 'Children?s books and toys', 'Air conditioning', 'Heating', 'Fire extinguisher', 'Wifi', 'Kitchen', 'Space wher"
864723,https://www.airbnb.com/rooms/864723,Home in Buenos Aires · ?4.65 · 1 bedroom · 1 bed · 1 shared bath,1516002,Maria Agustina,12/18/2011,"Buenos Aires, Argentina",within a day,90%,t,Palermo,-34.59084,-58.4234,Private room in home,2,1 shared bath,1.0,15,1125,17,3/14/2013,3/25/2022,4.65,"[-58.4234, -34.59084]",16.0,USD,"['Essentials', 'Towels, bed sheets, soap, and toilet paper', 'TV', 'Heating', 'Lock on bedroom door', 'Wifi', 'Kitchen', 'Space where guests can cook their own meals', 'Coffee maker']"
865397,https://www.airbnb.com/rooms/865397,Rental unit in Buenos Aires · ?4.82 · 1 bedroom · 1 bed · 1 bath,10812287,Silvia,12/25/2013,"Buenos Aires, Argentina",,,f,Palermo,-34.58627,-58.41024,Entire rental unit,2,1 bath,1.0,3,90,11,1/20/2013,11/30/2023,4.82,"[-58.41024, -34.58627]",39.0,USD,"['Bathtub', 'Bidet', 'Hot water', 'Washer', 'Dryer', 'TV', 'Air conditioning', 'Heating', 'Wifi', 'Kitchen', 'Space where guests can cook their own meals', 'Elevator', 'The home or building has an elevator thatâ??s at least 52 inches deep and a doorway a"
867441,https://www.airbnb.com/rooms/867441,Home in Buenos Aires · ?4.80 · 1 bedroom · 2 beds · 1 private bath,1864747,Irina,3/5/2012,"Buenos Aires, Argentina",within an hour,100%,f,Almagro,-34.61095,-58.42192,Private room in home,2,1 private bath,2.0,2,1125,10,2/10/2016,7/10/2023,4.8,"[-58.42192, -34.61095]",20.0,USD,"['Hair dryer', 'Hot water', 'Essentials', 'Towels, bed sheets, soap, and toilet paper', 'Hangers', 'Iron', 'TV with standard cable', 'Children?s books and toys', 'Heating', 'Lock on bedroom door', 'Fire extinguisher', 'Wifi', 'Kitchen', 'Space where gues"
871025,https://www.airbnb.com/rooms/871025,Loft in Buenos Aires · ?5.0 · Studio · 2 beds · 1 bath,1864747,Irina,3/5/2012,"Buenos Aires, Argentina",within an hour,100%,f,Almagro,-34.61095,-58.42192,Entire loft,3,1 bath,2.0,2,1125,5,12/17/2014,12/2/2021,5.0,"[-58.42192, -34.61095]",30.0,USD,"['Hair dryer', 'Hot water', 'Washer', 'Essentials', 'Towels, bed sheets, soap, and toilet paper', 'Hangers', 'Iron', 'TV with standard cable', 'Children?s books and toys', 'Air conditioning', 'Heating', 'Fire extinguisher', 'Wifi', 'Kitchen', 'Space wher"
874540,https://www.airbnb.com/rooms/874540,Rental unit in Buenos Aires · ?4.55 · Studio · 1 bed · 1 bath,1538637,Ilana,12/27/2011,"Buenos Aires, Argentina",within an hour,100%,f,Palermo,-34.5860595703125,-58.424095153808594,Entire rental unit,2,1 bath,1.0,2,1125,11,2/26/2013,4/26/2019,4.55,"[-58.424095153808594, -34.5860595703125]",88.0,USD,"['Courtyard view', 'Hair dryer', 'Cleaning products', 'Bidet', 'Hot water', 'Essentials', 'Towels, bed sheets, soap, and toilet paper', 'Hangers', 'Bed linens', 'Cotton linens', 'Extra pillows and blankets', 'Room-darkening shades', 'Iron', 'Safe', 'Clot"
875139,https://www.airbnb.com/rooms/875139,Rental unit in Buenos Aires · ?4.0 · 1 bedroom · 1 bed · 1.5 baths,3334331,Aida,8/21/2012,"Buenos Aires, Argentina",within an hour,100%,f,Palermo,-34.5872,-58.42652,Entire rental unit,3,1.5 baths,1.0,5,180,6,6/25/2013,2/16/2018,4.0,"[-58.42652, -34.5872]",117.0,USD,"['Bathtub', 'Hair dryer', 'Body soap', 'Bidet', 'Hot water', 'Washer', 'Essentials', 'Towels, bed sheets, soap, and toilet paper', 'Hangers', 'Bed linens', 'Extra pillows and blankets', 'Room-darkening shades', 'Iron', 'Safe', 'Clothing storage: closet',"
875289,https://www.airbnb.com/rooms/875289,Rental unit in Buenos Aires · ?4.75 · 1 bedroom · 2 beds · 1.5 baths,3334331,Aida,8/21/2012,"Buenos Aires, Argentina",within an hour,100%,f,Palermo,-34.58687,-58.42492,Entire rental unit,3,1.5 baths,2.0,5,180,8,12/19/2014,4/21/2023,4.75,"[-58.42492, -34.58687]",132.0,USD,"['Hair dryer', 'Washer', 'Essentials', 'Towels, bed sheets, soap, and toilet paper', 'Bed linens', 'Extra pillows and blankets', 'Iron', 'TV with standard cable', 'Air conditioning', 'Heating', 'Wifi', 'Dedicated workspace', 'Pocket wifi', 'Kitchen', 'Sp"
880694,https://www.airbnb.com/rooms/880694,Home in Palermo · ?4.83 · 1 bedroom · 1 bed · 1 bath,30987187,Marisa,4/10/2015,Argentina,,,f,Palermo,-34.58365,-58.43457,Entire home,2,1 bath,1.0,7,30,188,2/3/2013,3/16/2020,4.83,"[-58.43457, -34.58365]",49.0,USD,"['Hair dryer', 'Cleaning products', 'Body soap', 'Bidet', 'Outdoor shower', 'Hot water', 'Essentials', 'Towels, bed sheets, soap, and toilet paper', 'Hangers', 'Bed linens', 'Cotton linens', 'Extra pillows and blankets', 'Room-darkening shades', 'Iron', "
880746,https://www.airbnb.com/rooms/880746,Rental unit in Ciudad Autónoma De Buenos Aires · ?5.0 · 1 bedroom · 1 bed · 1 bath,4658785,Margarita,1/10/2013,"Buenos Aires, Argentina",within an hour,100%,t,Constitucion,-34.62172,-58.38311,Entire rental unit,1,1 bath,1.0,69,365,12,11/16/2018,6/28/2023,5.0,"[-58.38311, -34.62172]",22.0,USD,"['City skyline view', 'Shampoo', 'Gel ducha body soap', 'Bidet', 'Hot water', 'Shower gel', 'Essentials', 'Towels, bed sheets, soap, and toilet paper', 'Hangers', 'Bed linens', 'Extra pillows and blankets', 'Room-darkening shades', 'Clothing storage: clo"
883743,https://www.airbnb.com/rooms/883743,Rental unit in Buenos Aires · ?4.79 · 1 bedroom · 2 beds · 1 bath,3990486,Leonardo,10/27/2012,"Buenos Aires, Argentina",within an hour,100%,t,San Telmo,-34.6252,-58.37031,Entire rental unit,2,1 bath,2.0,3,180,39,11/21/2013,12/18/2023,4.79,"[-58.37031, -34.6252]",34.0,USD,"['City skyline view', 'Bathtub', 'Bidet', 'Hot water', 'Essentials', 'Towels, bed sheets, soap, and toilet paper', 'Hangers', 'Bed linens', 'Extra pillows and blankets', 'Room-darkening shades', 'Air conditioning', 'Heating', 'Wifi', 'Kitchen', 'Space wh"
886248,https://www.airbnb.com/rooms/886248,Rental unit in Buenos Aires · ?4.67 · 1 bedroom · 3 beds · 1 bath,2164622,Mariano,4/17/2012,"Buenos Aires, Argentina",within a day,56%,f,Retiro,-34.59368,-58.38,Entire rental unit,3,1 bath,3.0,3,35,100,1/12/2015,4/10/2023,4.67,"[-58.38, -34.59368]",59.0,USD,"['Bathtub', 'Hair dryer', 'Shampoo', 'Hot water', 'Essentials', 'Towels, bed sheets, soap, and toilet paper', 'Hangers', 'Bed linens', 'Extra pillows and blankets', 'Iron', 'TV with standard cable', 'Air conditioning', 'Heating', 'Wifi', 'Kitchen', 'Spac"
887548,https://www.airbnb.com/rooms/887548,Villa in Buenos Aires · 1 bedroom · 2 beds · 1 private bath,4703352,Javier,1/14/2013,"Buenos Aires, Argentina",within a day,80%,f,Villa Devoto,-34.60543,-58.52181,Private room in villa,1,1 private bath,2.0,30,1125,1,8/8/2018,8/8/2018,5.0,"[-58.52181, -34.60543]",5.0,USD,"['Bathtub', 'Hair dryer', 'Cleaning products', 'Shampoo', 'Alguno conditioner', 'Johnson body soap', 'Bidet', 'Hot water', 'Washer', 'Essentials', 'Towels, bed sheets, soap, and toilet paper', 'Hangers', 'Bed linens', 'Cotton linens', 'Extra pillows and "
888827,https://www.airbnb.com/rooms/888827,Rental unit in Buenos Aires · ?4.89 · 1 bedroom · 3 beds · 1 bath,4713879,Esteban,1/15/2013,"Buenos Aires, Argentina",within an hour,100%,t,Palermo,-34.58685,-58.42267,Entire rental unit,4,1 bath,3.0,3,1125,36,12/28/2019,12/12/2023,4.89,"[-58.42267, -34.58685]",34.0,USD,"['Bathtub', 'Hair dryer', 'Body soap', 'Bidet', 'Hot water', 'Essentials', 'Towels, bed sheets, soap, and toilet paper', 'Hangers', 'Extra pillows and blankets', 'Room-darkening shades', 'Iron', 'Drying rack for clothing', 'Clothing storage', 'TV', 'Air "
889933,https://www.airbnb.com/rooms/889933,Rental unit in Buenos Aires · ?4.50 · 1 bedroom · 1 bed · 1 bath,1526962,Eleonora,12/22/2011,"Punta del Este, Uruguay",within a few hours,100%,f,Recoleta,-34.593172928386025,-58.39586051448542,Entire rental unit,2,1 bath,1.0,4,30,4,4/30/2013,7/29/2023,4.5,"[-58.39586051448542, -34.593172928386025]",24.0,USD,"['Bidet', 'Essentials', 'Towels, bed sheets, soap, and toilet paper', 'Portable heater', 'Wifi', 'Kitchen', 'Space where guests can cook their own meals', 'Refrigerator', 'Cooking basics', 'Pots and pans, oil, salt and pepper', 'Dishes and silverware', '"
897005,https://www.airbnb.com/rooms/897005,Rental unit in Buenos Aires · ?4.82 · Studio · 1 bed · 1 bath,4785551,Ana,1/21/2013,"Buenos Aires, Argentina",within a few hours,100%,f,San Nicolas,-34.60194,-58.3806,Entire rental unit,2,1 bath,1.0,3,120,56,8/6/2013,12/19/2023,4.82,"[-58.3806, -34.60194]",23.0,USD,"['Bathtub', 'Hair dryer', 'Cleaning products', 'Shampoo', 'Conditioner', 'Body soap', 'Bidet', 'Hot water', 'Essentials', 'Towels, bed sheets, soap, and toilet paper', 'Hangers', 'Bed linens', 'Extra pillows and blankets', 'Iron', 'Safe', 'Clothing stora"
897648,https://www.airbnb.com/rooms/897648,Rental unit in Buenos Aires · ?4.52 · 1 bedroom · 3 beds · 1 bath,4789154,Mauricio,1/21/2013,"Buenos Aires, Argentina",within a day,100%,f,Recoleta,-34.59564,-58.39372,Entire rental unit,2,1 bath,3.0,7,1125,23,8/14/2014,8/1/2023,4.52,"[-58.39372, -34.59564]",24.0,USD,"['TV with standard cable', 'Air conditioning', 'Heating', 'Wifi', 'Kitchen', 'Space where guests can cook their own meals', 'Elevator', 'The home or building has an elevator thatâ??s at least 52 inches deep and a doorway at least 32 inches wide.', 'Smoki"
897687,https://www.airbnb.com/rooms/897687,Condo in Buenos Aires · ?4.86 · 3 bedrooms · 3 beds · 2 baths,4789408,Jim,1/21/2013,"Blackrock, Ireland",within a few hours,100%,f,Recoleta,-34.59391,-58.39208,Entire condo,6,2 baths,3.0,3,1125,7,3/10/2013,11/26/2023,4.86,"[-58.39208, -34.59391]",147.0,USD,"['Bathtub', 'Hair dryer', 'Body soap', 'Bidet', 'Hot water', 'Washer', 'Essentials', 'Towels, bed sheets, soap, and toilet paper', 'Hangers', 'Bed linens', 'Room-darkening shades', 'Iron', 'Drying rack for clothing', 'Safe', 'Clothing storage: closet', '"
899436,https://www.airbnb.com/rooms/899436,Loft in Buenos Aires · ?4.91 · 1 bedroom · 1 bed · 1 bath,1724494,Pablo,2/9/2012,"Buenos Aires, Argentina",within a few hours,100%,f,Monserrat,-34.61516,-58.37884,Entire loft,2,1 bath,1.0,2,35,37,2/26/2013,12/16/2022,4.91,"[-58.37884, -34.61516]",61.0,USD,"['Bathtub', 'Bidet', 'Hot water', 'Paid washer ? In building', 'Dryer', 'Essentials', 'Towels, bed sheets, soap, and toilet paper', 'Hangers', 'Bed linens', 'Room-darkening shades', 'Iron', 'Clothing storage: walk-in closet', 'Ethernet connection', '32 T"
899530,https://www.airbnb.com/rooms/899530,Condo in Buenos Aires · 2 bedrooms · 4 beds · 1 bath,148060,Marcela,6/20/2010,"Buenos Aires, Argentina",within a day,90%,f,Balvanera,-34.608,-58.39408,Entire condo,4,1 bath,4.0,21,90,1,2/23/2015,2/23/2015,3.0,"[-58.39408, -34.608]",44.0,USD,"['Bathtub', 'Cleaning products', 'Bidet', 'Hot water', 'Free washer â?? In unit', 'Essentials', 'Towels, bed sheets, soap, and toilet paper', 'Hangers', 'Extra pillows and blankets', 'Room-darkening shades', 'HDTV with standard cable, Netflix', 'Window A"
899560,https://www.airbnb.com/rooms/899560,Rental unit in Buenos Aires · ?4.73 · 2 bedrooms · 2 beds · 1 bath,4757869,Mabel,1/18/2013,"Buenos Aires, Argentina",within an hour,100%,f,Palermo,-34.57811,-58.43351,Entire rental unit,3,1 bath,2.0,3,58,230,2/22/2013,12/19/2023,4.73,"[-58.43351, -34.57811]",34.0,USD,"['City skyline view', 'Bathtub', 'Hair dryer', 'Cleaning products', 'Body soap', 'Bidet', 'Hot water', 'Essentials', 'Towels, bed sheets, soap, and toilet paper', 'Hangers', 'Bed linens', 'Cotton linens', 'Extra pillows and blankets', 'Room-darkening sha"
903719,https://www.airbnb.com/rooms/903719,Rental unit in Buenos Aires · ?4.53 · 1 bedroom · 1 bed · 1 bath,1569462,Eleonora,1/5/2012,"Berlin, Germany",within a few hours,100%,f,Balvanera,-34.61035,-58.40291,Entire rental unit,2,1 bath,1.0,5,1125,56,7/21/2013,7/17/2023,4.53,"[-58.40291, -34.61035]",26.0,USD,"['Hot water', 'Essentials', 'Towels, bed sheets, soap, and toilet paper', 'Hangers', 'Bed linens', 'Extra pillows and blankets', 'TV with standard cable', 'Heating', 'Fire extinguisher', 'Wifi', 'Kitchen', 'Space where guests can cook their own meals', '"
907147,https://www.airbnb.com/rooms/907147,Rental unit in Monserrat · ?4.82 · 1 bedroom · 2 beds · 1 bath,4857924,Marcelo Nestor,1/26/2013,"Buenos Aires, Argentina",within a day,90%,t,Monserrat,-34.612031,-58.370613,Entire rental unit,2,1 bath,2.0,3,60,11,1/7/2014,7/24/2023,4.82,"[-58.370613, -34.612031]",101.0,USD,"['Bathtub', 'Hair dryer', 'Cleaning products', 'Sedal shampoo', 'Sedal conditioner', 'Body soap', 'Bidet', 'Hot water', 'Essentials', 'Towels, bed sheets, soap, and toilet paper', 'Hangers', 'Bed linens', 'Cotton linens', 'Extra pillows and blankets', 'R"
910319,https://www.airbnb.com/rooms/910319,Rental unit in Buenos Aires · ?4.95 · 2 bedrooms · 2 beds · 1 bath,2597448,Tomas Nicolas,6/10/2012,"Buenos Aires, Argentina",a few days or more,0%,f,Palermo,-34.58244,-58.40576,Entire rental unit,2,1 bath,2.0,6,29,22,7/26/2013,1/14/2019,4.95,"[-58.40576, -34.58244]",43.0,USD,"['Bathtub', 'Hair dryer', 'Cleaning products', 'Body soap', 'Bidet', 'Hot water', 'Essentials', 'Towels, bed sheets, soap, and toilet paper', 'Hangers', 'Bed linens', 'Extra pillows and blankets', 'Iron', 'Safe', 'Clothing storage: closet and wardrobe', "
910751,https://www.airbnb.com/rooms/910751,Rental unit in Buenos Aires · ?4.78 · 1 bedroom · 2 beds · 1 bath,4886514,Nora,1/28/2013,"Buenos Aires, Argentina",within an hour,100%,t,San Telmo,-34.61883,-58.37503,Entire rental unit,3,1 bath,2.0,1,180,378,6/6/2013,12/26/2023,4.78,"[-58.37503, -34.61883]",24.0,USD,"['Courtyard view', 'Hair dryer', 'Cleaning products', 'Shampoo', 'Pantene conditioner', 'Lux body soap', 'Bidet', 'Hot water', 'Shower gel', 'Essentials', 'Towels, bed sheets, soap, and toilet paper', 'Hangers', 'Bed linens', 'Extra pillows and blankets'"
911942,https://www.airbnb.com/rooms/911942,Rental unit in Buenos Aires · ?4.60 · 1 bedroom · 1 bed · 1 bath,4892817,Damian,1/29/2013,"Buenos Aires, Argentina",within an hour,100%,f,Palermo,-34.58995,-58.42876,Entire rental unit,3,1 bath,1.0,1,1125,178,2/11/2013,12/3/2023,4.6,"[-58.42876, -34.58995]",29.0,USD,"['Hair dryer', 'Shampoo', 'Essentials', 'Towels, bed sheets, soap, and toilet paper', 'Iron', 'TV with standard cable', 'High chair', 'Air conditioning', 'Indoor fireplace', 'Heating', 'Wifi', 'Dedicated workspace', 'In a room with a door', 'Kitchen', 'S"
912690,https://www.airbnb.com/rooms/912690,Rental unit in Buenos Aires · ?4.36 · 1 bedroom · 1 bed · 1 bath,4843078,Paula,1/25/2013,"Buenos Aires, Argentina",within an hour,100%,f,Recoleta,-34.59112,-58.39837,Entire rental unit,3,1 bath,1.0,3,31,106,2/19/2013,3/5/2023,4.36,"[-58.39837, -34.59112]",31.0,USD,"['Hair dryer', 'Hot water', 'Dryer', 'Essentials', 'Towels, bed sheets, soap, and toilet paper', 'Hangers', 'Iron', 'TV with standard cable', 'Air conditioning', 'Heating', 'Wifi', 'Kitchen', 'Space where guests can cook their own meals', 'Refrigerator',"
917026,https://www.airbnb.com/rooms/917026,Rental unit in Buenos Aires · ?4.79 · 2 bedrooms · 2 beds · 2 baths,4924208,Norman And Yamilis,1/31/2013,"San Diego, CA",within an hour,100%,t,San Telmo,-34.6206,-58.37233,Entire rental unit,4,2 baths,2.0,3,1125,62,3/17/2013,12/23/2023,4.79,"[-58.37233, -34.6206]",89.0,USD,"['Hair dryer', 'Hot water', 'Washer', 'Dryer', 'Essentials', 'Towels, bed sheets, soap, and toilet paper', 'Hangers', 'Iron', 'TV with standard cable', 'Air conditioning', 'Heating', 'Smoke alarm', 'Carbon monoxide alarm', 'Fast wifi ? 51 Mbps', 'Verifie"
918698,https://www.airbnb.com/rooms/918698,Rental unit in Buenos Aires · 2 bedrooms · 6 beds · 1 bath,4934311,Silvina,2/1/2013,"Buenos Aires, Argentina",,,f,Flores,-34.61648,-58.46375,Entire rental unit,6,1 bath,6.0,1,1125,0,,,,"[-58.46375, -34.61648]",392.0,USD,"['TV with standard cable', 'Heating', 'Kitchen', 'Space where guests can cook their own meals', 'Pets allowed', 'Assistance animals are always allowed', 'Smoking allowed']"
919998,https://www.airbnb.com/rooms/919998,Rental unit in Buenos Aires · ?4.86 · 2 bedrooms · 2 beds · 2 baths,4924208,Norman And Yamilis,1/31/2013,"San Diego, CA",within an hour,100%,t,San Telmo,-34.62065,-58.37191,Entire rental unit,4,2 baths,2.0,3,1125,154,9/2/2013,12/10/2023,4.86,"[-58.37191, -34.62065]",89.0,USD,"['Hair dryer', 'Shampoo', 'Hot water', 'Free washer ? In unit', 'Free dryer ? In unit', 'Essentials', 'Towels, bed sheets, soap, and toilet paper', 'Hangers', 'Iron', 'TV with standard cable', 'AC - split type ductless system', 'Heating', 'Smoke alarm', "
920648,https://www.airbnb.com/rooms/920648,Home in Buenos Aires · ?4.99 · 4 bedrooms · 4 beds · 6 baths,4948278,John,2/3/2013,,within an hour,100%,t,Palermo,-34.59444,-58.42538,Entire home,8,6 baths,4.0,1,1125,96,9/30/2013,12/20/2023,4.99,"[-58.42538, -34.59444]",575.0,USD,"['Hair dryer', 'Cleaning products', 'Shampoo', 'Conditioner', 'Body soap', 'Bidet', 'Outdoor shower', 'Hot water', 'Shower gel', 'Washer', 'Dryer', 'Essentials', 'Towels, bed sheets, soap, and toilet paper', 'Hangers', 'Bed linens', 'Extra pillows and bl"
921795,https://www.airbnb.com/rooms/921795,Condo in Buenos Aires · 1 bedroom · 2 beds · 1 private bath,3964813,Alejandra,10/24/2012,"Buenos Aires, Argentina",within an hour,100%,f,Recoleta,-34.59719,-58.3943,Private room in condo,2,1 private bath,2.0,4,60,0,,,,"[-58.3943, -34.59719]",20.0,USD,"['Garden view', 'Hot water', 'Essentials', 'Towels, bed sheets, soap, and toilet paper', 'Hangers', 'Bed linens', 'Cotton linens', 'Extra pillows and blankets', 'Room-darkening shades', 'Iron', 'Mosquito net', 'Clothing storage: closet', 'TV with standar"
925662,https://www.airbnb.com/rooms/925662,Loft in Buenos Aires · ?5.0 · 1 bedroom · 1 bed · 1 bath,19041021,Graciela,7/28/2014,"Buenos Aires, Argentina",,,f,Almagro,-34.60588,-58.41734,Entire loft,2,1 bath,1.0,3,15,4,12/16/2013,10/17/2023,5.0,"[-58.41734, -34.60588]",37.0,USD,"['Hair dryer', 'Cleaning products', 'Bidet', 'Hot water', 'Washer', 'Essentials', 'Towels, bed sheets, soap, and toilet paper', 'Hangers', 'Bed linens', 'Cotton linens', 'Room-darkening shades', 'Iron', 'Drying rack for clothing', 'Clothing storage: clos"
930504,https://www.airbnb.com/rooms/930504,Rental unit in Buenos Aires · ?4.81 · 2 bedrooms · 2 beds · 1.5 baths,850322,Agostina,7/21/2011,"Buenos Aires, Argentina",within a few hours,100%,t,Retiro,-34.59103,-58.37959,Entire rental unit,3,1.5 baths,2.0,28,1125,26,4/18/2014,10/1/2023,4.81,"[-58.37959, -34.59103]",47.0,USD,"['Bathtub', 'Hair dryer', 'Shampoo', 'Bidet', 'Hot water', 'Washer', 'Dryer', 'Essentials', 'Towels, bed sheets, soap, and toilet paper', 'Hangers', 'Bed linens', 'Cotton linens', 'Extra pillows and blankets', 'Room-darkening shades', 'Iron', 'Drying rac"
930530,https://www.airbnb.com/rooms/930530,Rental unit in Buenos Aires · ?4.50 · 1 bedroom · 1 bed · 1 bath,5012071,Laura,2/8/2013,"Buenos Aires, Argentina",within a few hours,100%,f,Palermo,-34.59259,-58.41416,Entire rental unit,2,1 bath,1.0,5,60,40,11/15/2013,3/11/2020,4.5,"[-58.41416, -34.59259]",37.0,USD,"['Bathtub', 'Hair dryer', 'Cleaning products', 'Body soap', 'Bidet', 'Hot water', 'Essentials', 'Towels, bed sheets, soap, and toilet paper', 'Hangers', 'Bed linens', 'Extra pillows and blankets', 'Room-darkening shades', 'Iron', 'Drying rack for clothin"
930748,https://www.airbnb.com/rooms/930748,Rental unit in Buenos Aires · 1 bedroom · 3 beds · 1 bath,5013136,Cecilia,2/8/2013,"England, United Kingdom",,,f,Palermo,-34.58492,-58.41621,Entire rental unit,4,1 bath,3.0,3,365,0,,,,"[-58.41621, -34.58492]",63.0,USD,"['Hair dryer', 'Hot water', 'Essentials', 'Towels, bed sheets, soap, and toilet paper', 'Hangers', 'Iron', 'TV with standard cable', 'Air conditioning', 'Heating', 'Wifi', 'Kitchen', 'Space where guests can cook their own meals', 'Elevator', 'The home or"
930911,https://www.airbnb.com/rooms/930911,Rental unit in Buenos Aires · ?4.72 · 1 bedroom · 1 bed · 1.5 baths,5032869,Cesar,2/10/2013,"Buenos Aires, Argentina",within a day,100%,f,Monserrat,-34.61277,-58.39043,Entire rental unit,2,1.5 baths,1.0,2,60,252,6/4/2013,10/19/2023,4.72,"[-58.39043, -34.61277]",20.0,USD,"['City skyline view', 'Hair dryer', 'Shampoo', 'Hot water', 'Essentials', 'Towels, bed sheets, soap, and toilet paper', 'Hangers', 'Iron', 'Air conditioning', 'Heating', 'Wifi', 'Kitchen', 'Space where guests can cook their own meals', 'Refrigerator', 'M"
931215,https://www.airbnb.com/rooms/931215,Rental unit in Buenos Aires · ?4.89 · 1 bedroom · 1 bed · 1 bath,4789154,Mauricio,1/21/2013,"Buenos Aires, Argentina",within a day,100%,f,Recoleta,-34.59131,-58.3941,Entire rental unit,2,1 bath,1.0,7,1125,19,11/8/2015,10/1/2023,4.89,"[-58.3941, -34.59131]",29.0,USD,"['Hot water', 'Essentials', 'Towels, bed sheets, soap, and toilet paper', 'Hangers', 'Iron', 'TV with standard cable', 'Air conditioning', 'Heating', 'Wifi', 'Kitchen', 'Space where guests can cook their own meals', 'Elevator', 'The home or building has "
932535,https://www.airbnb.com/rooms/932535,Rental unit in Buenos Aires · ?4.48 · 1 bedroom · 1 bed · 1 bath,5025539,Gunther,2/9/2013,"Buenos Aires, Argentina",,,f,San Nicolas,-34.60128,-58.37956,Entire rental unit,2,1 bath,1.0,3,365,29,3/27/2013,11/6/2023,4.48,"[-58.37956, -34.60128]",58.0,USD,"['Hair dryer', 'Washer', 'Dryer', 'TV with standard cable', 'Air conditioning', 'Indoor fireplace', 'Heating', 'Wifi', 'Kitchen', 'Space where guests can cook their own meals', 'Refrigerator', 'Microwave', 'Cooking basics', 'Pots and pans, oil, salt and "
939689,https://www.airbnb.com/rooms/939689,Rental unit in Buenos Aires · ?4.81 · 1 bedroom · 1 bed · 1 bath,5077070,Ana,2/13/2013,"Buenos Aires, Argentina",within an hour,100%,t,Recoleta,-34.59182,-58.39844,Entire rental unit,3,1 bath,1.0,3,1125,186,4/22/2013,12/11/2023,4.81,"[-58.39844, -34.59182]",34.0,USD,"['Bathtub', 'Hair dryer', 'Cleaning products', 'Body soap', 'Hot water', 'Essentials', 'Towels, bed sheets, soap, and toilet paper', 'Hangers', 'Bed linens', 'Extra pillows and blankets', 'Room-darkening shades', 'Iron', 'Clothing storage: closet', 'TV w"
941458,https://www.airbnb.com/rooms/941458,Rental unit in Buenos Aires · ?4.73 · 1 bedroom · 1 bed · 1 bath,324002,Lucila,12/21/2010,United States,within an hour,100%,f,Palermo,-34.58506,-58.41263,Entire rental unit,2,1 bath,1.0,10,90,59,3/31/2015,11/24/2023,4.73,"[-58.41263, -34.58506]",28.0,USD,"['Hair dryer', 'Shampoo', 'Hot water', 'Free washer ? In unit', 'Essentials', 'Towels, bed sheets, soap, and toilet paper', 'Hangers', 'Bed linens', 'Extra pillows and blankets', 'Iron', 'HDTV with Netflix, standard cable, premium cable', 'Baby bath', 'A"
946673,https://www.airbnb.com/rooms/946673,Rental unit in Buenos Aires · ?4.60 · 1 bedroom · 1 bed · 3 shared baths,4216433,Cristina,11/22/2012,"Buenos Aires, Argentina",within an hour,90%,f,San Telmo,-34.6247,-58.37166,Private room in rental unit,2,3 shared baths,1.0,3,1125,30,4/6/2013,11/27/2023,4.6,"[-58.37166, -34.6247]",41.0,USD,"['Cleaning products', 'Body soap', 'Hot water', 'Washer', 'Dryer', 'Essentials', 'Towels, bed sheets, soap, and toilet paper', 'TV with standard cable', 'Heating', 'Lock on bedroom door', 'Fire extinguisher', 'Wifi', 'Dedicated workspace', 'In a room wit"
946685,https://www.airbnb.com/rooms/946685,Rental unit in Buenos Aires · ?3.88 · 1 bedroom · 3 shared baths,4216433,Cristina,11/22/2012,"Buenos Aires, Argentina",within an hour,90%,f,San Telmo,-34.62386,-58.37365,Private room in rental unit,1,3 shared baths,,3,1125,8,4/2/2013,4/16/2022,3.88,"[-58.37365, -34.62386]",24.0,USD,"['Hot water', 'Washer', 'Essentials', 'Towels, bed sheets, soap, and toilet paper', '32 HDTV', 'Heating', 'Lock on bedroom door', 'Fire extinguisher', 'Wifi', 'Kitchen', 'Space where guests can cook their own meals', 'Refrigerator', 'Dishes and silverwar"
947208,https://www.airbnb.com/rooms/947208,Rental unit in Buenos Aires · ?4.72 · 1 bedroom · 1 bed · 1 bath,5133068,Marcia,2/18/2013,"Buenos Aires, Argentina",within a few hours,100%,t,Palermo,-34.58864,-58.42162,Entire rental unit,2,1 bath,1.0,4,1125,68,11/30/2014,5/16/2023,4.72,"[-58.42162, -34.58864]",39.0,USD,"['Bathtub', 'Cleaning products', 'Hot water', 'Shower gel', 'Free washer ? In unit', 'Essentials', 'Towels, bed sheets, soap, and toilet paper', 'Hangers', 'Bed linens', 'Extra pillows and blankets', 'Iron', '48 HDTV with standard cable', 'Air conditioni"
947319,https://www.airbnb.com/rooms/947319,Rental unit in Buenos Aires · ?4.50 · 1 bedroom · 1 bed · 1 bath,552550,Maria,5/2/2011,"Buenos Aires, Argentina",within a day,67%,f,Almagro,-34.5997,-58.42955,Entire rental unit,2,1 bath,1.0,15,365,8,8/29/2013,1/8/2017,4.5,"[-58.42955, -34.5997]",27.0,USD,"['Bathtub', 'Cleaning products', 'Bidet', 'Hot water', 'Paid washer â?? In building', 'Paid dryer â?? In building', 'Essentials', 'Towels, bed sheets, soap, and toilet paper', 'Hangers', 'Bed linens', 'Cotton linens', 'Clothing storage: walk-in closet', "
947431,https://www.airbnb.com/rooms/947431,Rental unit in Buenos Aires · ?4.81 · 2 bedrooms · 2 beds · 2.5 baths,3771282,Max,10/5/2012,"Buenos Aires, Argentina",within a few hours,98%,f,Palermo,-34.57741,-58.43881,Entire rental unit,4,2.5 baths,2.0,3,180,32,3/12/2013,10/11/2023,4.81,"[-58.43881, -34.57741]",174.0,USD,"['City skyline view', 'Bathtub', 'Bidet', 'Hot water', 'Paid washer ? In building', 'Iron', 'Safe', 'Clothing storage: walk-in closet and closet', 'TV with standard cable', 'Crib - available upon request', 'Air conditioning', 'Radiant heating', 'Wifi', '"
952719,https://www.airbnb.com/rooms/952719,Rental unit in Buenos Aires · ?5.0 · 2 bedrooms · 3 beds · 2 baths,5159274,Diego,2/20/2013,"Buenos Aires, Argentina",within a day,75%,f,Belgrano,-34.55856,-58.45581,Entire rental unit,4,2 baths,3.0,3,90,4,12/9/2018,10/31/2022,5.0,"[-58.45581, -34.55856]",88.0,USD,"['Hot water', 'Washer', 'Dryer', 'Essentials', 'Towels, bed sheets, soap, and toilet paper', 'Hangers', 'Iron', 'TV with standard cable', 'Air conditioning', 'Heating', 'Wifi', 'Kitchen', 'Space where guests can cook their own meals', 'Free street parkin"
958218,https://www.airbnb.com/rooms/958218,Rental unit in Buenos Aires · ?4.87 · 1 bedroom · 1 bed · 1 bath,513885,Susana,4/16/2011,"Buenos Aires, Argentina",within a day,78%,f,Palermo,-34.57125,-58.43372,Entire rental unit,2,1 bath,1.0,3,90,55,4/16/2013,7/24/2023,4.87,"[-58.43372, -34.57125]",34.0,USD,"['Bathtub', 'Cleaning products', 'Shampoo', 'Tocador body soap', 'Bidet', 'Outdoor shower', 'Hot water', 'Washer', 'Paid dryer â?? In building', 'Essentials', 'Towels, bed sheets, soap, and toilet paper', 'Hangers', 'Bed linens', 'Extra pillows and blank"
959675,https://www.airbnb.com/rooms/959675,Rental unit in Palermo · ?4.77 · 1 bedroom · 1 bed · 1 bath,5222671,Camila,2/25/2013,"Buenos Aires, Argentina",within a day,100%,f,Palermo,-34.5829,-58.40773,Entire rental unit,2,1 bath,1.0,4,1125,30,5/26/2013,11/20/2023,4.77,"[-58.40773, -34.5829]",34.0,USD,"['Hair dryer', 'Shampoo', 'Hot water', 'Washer', 'Dryer', 'Essentials', 'Towels, bed sheets, soap, and toilet paper', 'Hangers', 'Bed linens', 'Extra pillows and blankets', 'Iron', 'TV with standard cable', 'Air conditioning', 'Heating', 'Wifi', 'Kitchen"
965298,https://www.airbnb.com/rooms/965298,Rental unit in Buenos Aires · ?4.63 · 1 bedroom · 1 bed · 1 bath,5262752,Gabriela,2/28/2013,"Buenos Aires, Argentina",within an hour,100%,f,Recoleta,-34.59398,-58.40265,Entire rental unit,2,1 bath,1.0,5,180,38,12/24/2013,2/25/2022,4.63,"[-58.40265, -34.59398]",61.0,USD,"['Hair dryer', 'Cleaning products', 'All Vegan natural products shampoo', 'All Vegan natural products conditioner', 'Vegan Almond / Coconut body soap', 'Hot water', 'Shower gel', 'Essentials', 'Towels, bed sheets, soap, and toilet paper', 'Hangers', 'Bed"
965578,https://www.airbnb.com/rooms/965578,Rental unit in Buenos Aires · 1 bedroom · 1 bed · 1 bath,1837382,Barbie,3/1/2012,"Buenos Aires, Argentina",,,f,Palermo,-34.56672,-58.43284,Entire rental unit,2,1 bath,1.0,90,1125,2,4/3/2014,2/21/2015,5.0,"[-58.43284, -34.56672]",24.0,USD,"['Hot water', 'Washer', 'Dryer', 'Essentials', 'Towels, bed sheets, soap, and toilet paper', 'Hangers', 'TV with standard cable', 'High chair', 'Air conditioning', 'Heating', 'First aid kit', 'Wifi', 'Kitchen', 'Space where guests can cook their own meal"
966084,https://www.airbnb.com/rooms/966084,Home in Buenos Aires · ?5.0 · 1 bedroom · 1 bed · 2 shared baths,5268729,Gustavo,2/28/2013,"Buenos Aires, Argentina",,,f,Parque Chacabuco,-34.63218,-58.44987,Private room in home,1,2 shared baths,1.0,3,71,5,3/1/2018,12/8/2022,5.0,"[-58.44987, -34.63218]",23.0,USD,"['Hot water', 'Washer', 'Essentials', 'Towels, bed sheets, soap, and toilet paper', 'Hangers', 'Bed linens', 'Iron', 'TV with standard cable', 'Air conditioning', 'Heating', 'Lock on bedroom door', 'Wifi', 'Kitchen', 'Space where guests can cook their ow"
967146,https://www.airbnb.com/rooms/967146,Rental unit in Buenos Aires · ?4.78 · 3 bedrooms · 4 beds · 2 baths,3771282,Max,10/5/2012,"Buenos Aires, Argentina",within a few hours,98%,f,Recoleta,-34.5988,-58.38923,Entire rental unit,6,2 baths,4.0,3,180,23,7/23/2017,7/9/2023,4.78,"[-58.38923, -34.5988]",108.0,USD,"['Hair dryer', 'Hot water', 'Essentials', 'Towels, bed sheets, soap, and toilet paper', 'Hangers', 'Iron', 'TV', 'Crib', 'Air conditioning', 'Heating', 'Wifi', 'Kitchen', 'Space where guests can cook their own meals', 'Refrigerator', 'Microwave', 'Cookin"
973497,https://www.airbnb.com/rooms/973497,Rental unit in Buenos Aires · ?4.75 · 1 bedroom · 1 bed · 1 bath,4025339,Hugo,10/31/2012,"Buenos Aires, Argentina",within a day,100%,f,Palermo,-34.56471,-58.44101,Entire rental unit,2,1 bath,1.0,7,30,12,9/25/2015,7/28/2022,4.75,"[-58.44101, -34.56471]",43.0,USD,"['Hair dryer', 'Essentials', 'Towels, bed sheets, soap, and toilet paper', 'Hangers', 'TV with standard cable', 'Air conditioning', 'Heating', 'Wifi', 'Kitchen', 'Space where guests can cook their own meals', 'Elevator', 'The home or building has an elev"
975593,https://www.airbnb.com/rooms/975593,Bed and breakfast in Buenos Aires · ?4.80 · 1 bedroom · 1 bed · 1.5 shared baths,5336670,Dora,3/5/2013,"Buenos Aires, Argentina",within a few hours,100%,f,Almagro,-34.61331,-58.41868,Private room in bed and breakfast,1,1.5 shared baths,1.0,2,90,40,3/29/2013,12/17/2023,4.8,"[-58.41868, -34.61331]",20.0,USD,"['Garden view', 'Bathtub', 'Hair dryer', 'Bidet', 'Hot water', 'Essentials', 'Towels, bed sheets, soap, and toilet paper', 'Hangers', 'Bed linens', 'Extra pillows and blankets', 'Room-darkening shades', 'Iron', 'Drying rack for clothing', 'Clothing stora"
982159,https://www.airbnb.com/rooms/982159,Rental unit in Buenos Aires · ?4.90 · 1 bedroom · 4 beds · 1 bath,3464544,Jonathan_kremer,9/4/2012,"Buenos Aires, Argentina",within an hour,100%,t,Almagro,-34.60098,-58.43031,Entire rental unit,4,1 bath,4.0,3,1125,41,11/10/2013,1/10/2023,4.9,"[-58.43031, -34.60098]",49.0,USD,"['Hair dryer', 'Cleaning products', 'Shampoo', 'Hot water', 'Free washer ? In building', 'Essentials', 'Towels, bed sheets, soap, and toilet paper', 'Hangers', 'Bed linens', 'Extra pillows and blankets', 'Room-darkening shades', 'Iron', 'Drying rack for "
982180,https://www.airbnb.com/rooms/982180,Rental unit in Buenos Aires · ?4.69 · 1 bedroom · 1 bed · 1 bath,4757869,Mabel,1/18/2013,"Buenos Aires, Argentina",within an hour,100%,f,Palermo,-34.58268,-58.43488,Entire rental unit,2,1 bath,1.0,3,58,294,3/20/2013,12/11/2023,4.69,"[-58.43488, -34.58268]",22.0,USD,"['City skyline view', 'Bathtub', 'Hair dryer', 'Cleaning products', 'Body soap', 'Bidet', 'Hot water', 'Essentials', 'Towels, bed sheets, soap, and toilet paper', 'Hangers', 'Bed linens', 'Extra pillows and blankets', 'Room-darkening shades', 'Iron', 'Dr"
982269,https://www.airbnb.com/rooms/982269,Rental unit in Buenos Aires · ?4.87 · 1 bedroom · 1 bed · 1 bath,370901,Rocio & Nicolas,1/31/2011,"Buenos Aires, Argentina",within an hour,100%,t,Palermo,-34.58196,-58.40686,Entire rental unit,3,1 bath,1.0,1,1125,490,3/16/2013,10/31/2023,4.87,"[-58.40686, -34.58196]",71.0,USD,"['Park view', 'Hair dryer', 'Shampoo', 'Hot water', 'Essentials', 'Towels, bed sheets, soap, and toilet paper', 'Hangers', 'Iron', 'TV with standard cable', 'Air conditioning', 'Heating', 'Fire extinguisher', 'Wifi', 'Kitchen', 'Space where guests can co"
983752,https://www.airbnb.com/rooms/983752,Rental unit in Buenos Aires · ?4.76 · 1 bedroom · 4 beds · 1 bath,5393026,Emilia,3/9/2013,"Buenos Aires, Argentina",within an hour,100%,t,Palermo,-34.58204,-58.40899,Entire rental unit,3,1 bath,4.0,3,1125,258,9/5/2013,11/13/2023,4.76,"[-58.40899, -34.58204]",28.0,USD,"['Park view', 'Bathtub', 'Hair dryer', 'Any body soap', 'Bidet', 'Hot water', 'Essentials', 'Towels, bed sheets, soap, and toilet paper', 'Hangers', 'Bed linens', 'Cotton linens', 'Extra pillows and blankets', 'Room-darkening shades', 'Iron', 'Clothing s"
983893,https://www.airbnb.com/rooms/983893,Rental unit in Buenos Aires · ?4.38 · 1 bedroom · 3 beds · 1 bath,5394559,Ramiro,3/10/2013,"Houston, TX",within a day,100%,f,Palermo,-34.58872,-58.41847,Entire rental unit,4,1 bath,3.0,3,1095,65,4/16/2013,11/15/2023,4.38,"[-58.41847, -34.58872]",29.0,USD,"['Essentials', 'Towels, bed sheets, soap, and toilet paper', 'TV with standard cable', 'Air conditioning', 'Heating', 'Wifi', 'Kitchen', 'Space where guests can cook their own meals', 'Refrigerator', 'Microwave', 'Stove', 'Coffee maker', 'Elevator', 'The"
985093,https://www.airbnb.com/rooms/985093,Rental unit in Ciudad Autónoma de Buenos Aires · ?4.52 · 1 bedroom · 1 bed · 1 bath,5404082,Rocio,3/10/2013,"Marbella, Spain",within a few hours,100%,f,Palermo,-34.58099,-58.42806,Entire rental unit,2,1 bath,1.0,7,360,23,3/26/2013,4/30/2023,4.52,"[-58.42806, -34.58099]",64.0,USD,"['Bathtub', 'Hair dryer', 'Bidet', 'Hot water', 'Washer', 'Dryer', 'Essentials', 'Towels, bed sheets, soap, and toilet paper', 'Hangers', 'Bed linens', 'Iron', 'Clothing storage: closet', 'TV with standard cable', 'Air conditioning', 'Heating', 'Fire ext"
987714,https://www.airbnb.com/rooms/987714,Rental unit in Buenos Aires · ?4.67 · 1 bedroom · 1 bed · 1 shared bath,5419265,Carina,3/11/2013,"Buenos Aires, Argentina",within an hour,100%,t,Palermo,-34.58003,-58.43299,Private room in rental unit,2,1 shared bath,1.0,30,1125,3,12/28/2015,2/6/2020,4.67,"[-58.43299, -34.58003]",13.0,USD,"['Bathtub', 'Hair dryer', 'Bidet', 'Hot water', 'Hangers', 'Ceiling fan', 'Heating', 'Fire extinguisher', 'Wifi', 'Kitchen', 'Space where guests can cook their own meals', 'Refrigerator', 'Microwave', 'Dishes and silverware', 'Bowls, chopsticks, plates, "
