id,year,month,day,dep_time,sched_dep_time,dep_delay,arr_time,sched_arr_time,arr_delay,carrier,flight,tailnum,origin,Ori_Airp_Name,Ori_Lon,Ori_Lat,dest,Des_Airp_Name,Des_Lon,Des_Lat,air_time,distance,hour,minute,time_hour,name,geocode
27955,2013,10,1,2150.0,2159,-9.0,2246.0,2308,-22.0,9E,3525,N922XJ,LGA,Aeropuerto de La Guardia,-73.872597,40.777199,SYR,Aeropuerto Internacional Syracuse Hancock,-76.1063,43.111198,34.0,198,21,59,2013-10-01 21:00:00,Endeavor Air Inc.,US_KLGA
28933,2013,10,2,2154.0,2159,-5.0,2248.0,2308,-20.0,9E,3525,N916XJ,LGA,Aeropuerto de La Guardia,-73.872597,40.777199,SYR,Aeropuerto Internacional Syracuse Hancock,-76.1063,43.111198,36.0,198,21,59,2013-10-02 21:00:00,Endeavor Air Inc.,US_KLGA
29932,2013,10,3,2312.0,2159,73.0,9.0,2308,61.0,9E,3525,N932XJ,LGA,Aeropuerto de La Guardia,-73.872597,40.777199,SYR,Aeropuerto Internacional Syracuse Hancock,-76.1063,43.111198,35.0,198,21,59,2013-10-03 21:00:00,Endeavor Air Inc.,US_KLGA
30916,2013,10,4,2208.0,2159,9.0,2307.0,2308,-1.0,9E,3525,N921XJ,LGA,Aeropuerto de La Guardia,-73.872597,40.777199,SYR,Aeropuerto Internacional Syracuse Hancock,-76.1063,43.111198,41.0,198,21,59,2013-10-04 21:00:00,Endeavor Air Inc.,US_KLGA
32514,2013,10,6,2152.0,2159,-7.0,2259.0,2308,-9.0,9E,3525,N605LR,LGA,Aeropuerto de La Guardia,-73.872597,40.777199,SYR,Aeropuerto Internacional Syracuse Hancock,-76.1063,43.111198,37.0,198,21,59,2013-10-06 21:00:00,Endeavor Air Inc.,US_KLGA
33524,2013,10,7,,2159,,,2308,,9E,3525,,LGA,Aeropuerto de La Guardia,-73.872597,40.777199,SYR,Aeropuerto Internacional Syracuse Hancock,-76.1063,43.111198,,198,21,59,2013-10-07 21:00:00,Endeavor Air Inc.,US_KLGA
34495,2013,10,8,,2159,,,2308,,9E,3525,,LGA,Aeropuerto de La Guardia,-73.872597,40.777199,SYR,Aeropuerto Internacional Syracuse Hancock,-76.1063,43.111198,,198,21,59,2013-10-08 21:00:00,Endeavor Air Inc.,US_KLGA
35460,2013,10,9,2303.0,2159,64.0,5.0,2308,57.0,9E,3525,N925XJ,LGA,Aeropuerto de La Guardia,-73.872597,40.777199,SYR,Aeropuerto Internacional Syracuse Hancock,-76.1063,43.111198,36.0,198,21,59,2013-10-09 21:00:00,Endeavor Air Inc.,US_KLGA
36444,2013,10,10,2353.0,2159,114.0,46.0,2308,98.0,9E,3525,N913XJ,LGA,Aeropuerto de La Guardia,-73.872597,40.777199,SYR,Aeropuerto Internacional Syracuse Hancock,-76.1063,43.111198,32.0,198,21,59,2013-10-10 21:00:00,Endeavor Air Inc.,US_KLGA
37448,2013,10,11,,2159,,,2308,,9E,3525,,LGA,Aeropuerto de La Guardia,-73.872597,40.777199,SYR,Aeropuerto Internacional Syracuse Hancock,-76.1063,43.111198,,198,21,59,2013-10-11 21:00:00,Endeavor Air Inc.,US_KLGA
39019,2013,10,13,2217.0,2159,18.0,2313.0,2308,5.0,9E,3525,N935XJ,LGA,Aeropuerto de La Guardia,-73.872597,40.777199,SYR,Aeropuerto Internacional Syracuse Hancock,-76.1063,43.111198,34.0,198,21,59,2013-10-13 21:00:00,Endeavor Air Inc.,US_KLGA
40007,2013,10,14,2205.0,2159,6.0,2308.0,2308,0.0,9E,3525,N922XJ,LGA,Aeropuerto de La Guardia,-73.872597,40.777199,SYR,Aeropuerto Internacional Syracuse Hancock,-76.1063,43.111198,38.0,198,21,59,2013-10-14 21:00:00,Endeavor Air Inc.,US_KLGA
40962,2013,10,15,2151.0,2159,-8.0,2258.0,2308,-10.0,9E,3525,N928XJ,LGA,Aeropuerto de La Guardia,-73.872597,40.777199,SYR,Aeropuerto Internacional Syracuse Hancock,-76.1063,43.111198,36.0,198,21,59,2013-10-15 21:00:00,Endeavor Air Inc.,US_KLGA
41943,2013,10,16,2156.0,2159,-3.0,2257.0,2308,-11.0,9E,3525,N931XJ,LGA,Aeropuerto de La Guardia,-73.872597,40.777199,SYR,Aeropuerto Internacional Syracuse Hancock,-76.1063,43.111198,35.0,198,21,59,2013-10-16 21:00:00,Endeavor Air Inc.,US_KLGA
42939,2013,10,17,2241.0,2159,42.0,2339.0,2308,31.0,EV,5405,N612QX,LGA,Aeropuerto de La Guardia,-73.872597,40.777199,SYR,Aeropuerto Internacional Syracuse Hancock,-76.1063,43.111198,37.0,198,21,59,2013-10-17 21:00:00,ExpressJet Airlines Inc.,US_KLGA
43927,2013,10,18,2155.0,2159,-4.0,2253.0,2308,-15.0,9E,3525,N909XJ,LGA,Aeropuerto de La Guardia,-73.872597,40.777199,SYR,Aeropuerto Internacional Syracuse Hancock,-76.1063,43.111198,38.0,198,21,59,2013-10-18 21:00:00,Endeavor Air Inc.,US_KLGA
45531,2013,10,20,2156.0,2159,-3.0,2255.0,2308,-13.0,9E,3525,N910XJ,LGA,Aeropuerto de La Guardia,-73.872597,40.777199,SYR,Aeropuerto Internacional Syracuse Hancock,-76.1063,43.111198,37.0,198,21,59,2013-10-20 21:00:00,Endeavor Air Inc.,US_KLGA
46522,2013,10,21,2226.0,2159,27.0,2311.0,2308,3.0,9E,3525,N932XJ,LGA,Aeropuerto de La Guardia,-73.872597,40.777199,SYR,Aeropuerto Internacional Syracuse Hancock,-76.1063,43.111198,32.0,198,21,59,2013-10-21 21:00:00,Endeavor Air Inc.,US_KLGA
47486,2013,10,22,2157.0,2159,-2.0,2248.0,2308,-20.0,9E,3525,N292PQ,LGA,Aeropuerto de La Guardia,-73.872597,40.777199,SYR,Aeropuerto Internacional Syracuse Hancock,-76.1063,43.111198,36.0,198,21,59,2013-10-22 21:00:00,Endeavor Air Inc.,US_KLGA
48458,2013,10,23,2153.0,2159,-6.0,2304.0,2308,-4.0,9E,3525,N601LR,LGA,Aeropuerto de La Guardia,-73.872597,40.777199,SYR,Aeropuerto Internacional Syracuse Hancock,-76.1063,43.111198,42.0,198,21,59,2013-10-23 21:00:00,Endeavor Air Inc.,US_KLGA
49460,2013,10,24,2309.0,2159,70.0,6.0,2308,58.0,9E,3525,N918XJ,LGA,Aeropuerto de La Guardia,-73.872597,40.777199,SYR,Aeropuerto Internacional Syracuse Hancock,-76.1063,43.111198,37.0,198,21,59,2013-10-24 21:00:00,Endeavor Air Inc.,US_KLGA
50430,2013,10,25,2156.0,2159,-3.0,2301.0,2308,-7.0,9E,3525,N936XJ,LGA,Aeropuerto de La Guardia,-73.872597,40.777199,SYR,Aeropuerto Internacional Syracuse Hancock,-76.1063,43.111198,39.0,198,21,59,2013-10-25 21:00:00,Endeavor Air Inc.,US_KLGA
51494,2013,10,27,1243.0,1239,4.0,1341.0,1359,-18.0,9E,3982,N8506C,LGA,Aeropuerto de La Guardia,-73.872597,40.777199,SYR,Aeropuerto Internacional Syracuse Hancock,-76.1063,43.111198,40.0,198,12,39,2013-10-27 12:00:00,Endeavor Air Inc.,US_KLGA
52029,2013,10,27,2150.0,2159,-9.0,2241.0,2308,-27.0,9E,3525,N920XJ,LGA,Aeropuerto de La Guardia,-73.872597,40.777199,SYR,Aeropuerto Internacional Syracuse Hancock,-76.1063,43.111198,36.0,198,21,59,2013-10-27 21:00:00,Endeavor Air Inc.,US_KLGA
53013,2013,10,28,2150.0,2159,-9.0,2258.0,2308,-10.0,9E,3525,N600LR,LGA,Aeropuerto de La Guardia,-73.872597,40.777199,SYR,Aeropuerto Internacional Syracuse Hancock,-76.1063,43.111198,38.0,198,21,59,2013-10-28 21:00:00,Endeavor Air Inc.,US_KLGA
53978,2013,10,29,2151.0,2159,-8.0,2248.0,2308,-20.0,9E,3525,N915XJ,LGA,Aeropuerto de La Guardia,-73.872597,40.777199,SYR,Aeropuerto Internacional Syracuse Hancock,-76.1063,43.111198,39.0,198,21,59,2013-10-29 21:00:00,Endeavor Air Inc.,US_KLGA
54948,2013,10,30,2144.0,2159,-15.0,2251.0,2308,-17.0,9E,3525,N908XJ,LGA,Aeropuerto de La Guardia,-73.872597,40.777199,SYR,Aeropuerto Internacional Syracuse Hancock,-76.1063,43.111198,39.0,198,21,59,2013-10-30 21:00:00,Endeavor Air Inc.,US_KLGA
55871,2013,10,31,2156.0,2159,-3.0,2258.0,2308,-10.0,9E,3525,N910XJ,LGA,Aeropuerto de La Guardia,-73.872597,40.777199,SYR,Aeropuerto Internacional Syracuse Hancock,-76.1063,43.111198,35.0,198,21,59,2013-10-31 21:00:00,Endeavor Air Inc.,US_KLGA
56819,2013,11,1,2159.0,2159,0.0,2301.0,2308,-7.0,9E,3525,N923XJ,LGA,Aeropuerto de La Guardia,-73.872597,40.777199,SYR,Aeropuerto Internacional Syracuse Hancock,-76.1063,43.111198,33.0,198,21,59,2013-11-01 21:00:00,Endeavor Air Inc.,US_KLGA
57146,2013,11,2,1122.0,1125,-3.0,1230.0,1247,-17.0,9E,3296,N936XJ,LGA,Aeropuerto de La Guardia,-73.872597,40.777199,SYR,Aeropuerto Internacional Syracuse Hancock,-76.1063,43.111198,40.0,198,11,25,2013-11-02 11:00:00,Endeavor Air Inc.,US_KLGA
58085,2013,11,3,1530.0,1529,1.0,1636.0,1657,-21.0,EV,5455,N720EV,LGA,Aeropuerto de La Guardia,-73.872597,40.777199,SYR,Aeropuerto Internacional Syracuse Hancock,-76.1063,43.111198,39.0,198,15,29,2013-11-03 15:00:00,ExpressJet Airlines Inc.,US_KLGA
58455,2013,11,3,2157.0,2159,-2.0,2303.0,2307,-4.0,9E,3525,N600LR,LGA,Aeropuerto de La Guardia,-73.872597,40.777199,SYR,Aeropuerto Internacional Syracuse Hancock,-76.1063,43.111198,39.0,198,21,59,2013-11-03 21:00:00,Endeavor Air Inc.,US_KLGA
59067,2013,11,4,1529.0,1529,0.0,1657.0,1657,0.0,EV,5455,N371CA,LGA,Aeropuerto de La Guardia,-73.872597,40.777199,SYR,Aeropuerto Internacional Syracuse Hancock,-76.1063,43.111198,38.0,198,15,29,2013-11-04 15:00:00,ExpressJet Airlines Inc.,US_KLGA
59433,2013,11,4,2155.0,2159,-4.0,2256.0,2307,-11.0,9E,3525,N903XJ,LGA,Aeropuerto de La Guardia,-73.872597,40.777199,SYR,Aeropuerto Internacional Syracuse Hancock,-76.1063,43.111198,39.0,198,21,59,2013-11-04 21:00:00,Endeavor Air Inc.,US_KLGA
59863,2013,11,5,1236.0,1240,-4.0,1337.0,1356,-19.0,9E,3371,N922XJ,LGA,Aeropuerto de La Guardia,-73.872597,40.777199,SYR,Aeropuerto Internacional Syracuse Hancock,-76.1063,43.111198,40.0,198,12,40,2013-11-05 12:00:00,Endeavor Air Inc.,US_KLGA
60030,2013,11,5,1524.0,1529,-5.0,1621.0,1657,-36.0,EV,5455,N713EV,LGA,Aeropuerto de La Guardia,-73.872597,40.777199,SYR,Aeropuerto Internacional Syracuse Hancock,-76.1063,43.111198,38.0,198,15,29,2013-11-05 15:00:00,ExpressJet Airlines Inc.,US_KLGA
60397,2013,11,5,2155.0,2159,-4.0,2249.0,2307,-18.0,9E,3525,N602LR,LGA,Aeropuerto de La Guardia,-73.872597,40.777199,SYR,Aeropuerto Internacional Syracuse Hancock,-76.1063,43.111198,37.0,198,21,59,2013-11-05 21:00:00,Endeavor Air Inc.,US_KLGA
60831,2013,11,6,1235.0,1240,-5.0,1340.0,1356,-16.0,9E,3371,N918XJ,LGA,Aeropuerto de La Guardia,-73.872597,40.777199,SYR,Aeropuerto Internacional Syracuse Hancock,-76.1063,43.111198,40.0,198,12,40,2013-11-06 12:00:00,Endeavor Air Inc.,US_KLGA
60994,2013,11,6,1526.0,1529,-3.0,1624.0,1657,-33.0,EV,5455,N719EV,LGA,Aeropuerto de La Guardia,-73.872597,40.777199,SYR,Aeropuerto Internacional Syracuse Hancock,-76.1063,43.111198,36.0,198,15,29,2013-11-06 15:00:00,ExpressJet Airlines Inc.,US_KLGA
61364,2013,11,6,2153.0,2159,-6.0,2259.0,2307,-8.0,9E,3525,N928XJ,LGA,Aeropuerto de La Guardia,-73.872597,40.777199,SYR,Aeropuerto Internacional Syracuse Hancock,-76.1063,43.111198,40.0,198,21,59,2013-11-06 21:00:00,Endeavor Air Inc.,US_KLGA
61990,2013,11,7,1609.0,1529,40.0,1728.0,1657,31.0,EV,5455,N738EV,LGA,Aeropuerto de La Guardia,-73.872597,40.777199,SYR,Aeropuerto Internacional Syracuse Hancock,-76.1063,43.111198,39.0,198,15,29,2013-11-07 15:00:00,ExpressJet Airlines Inc.,US_KLGA
62332,2013,11,7,2214.0,2159,15.0,2347.0,2307,40.0,9E,3525,N914XJ,LGA,Aeropuerto de La Guardia,-73.872597,40.777199,SYR,Aeropuerto Internacional Syracuse Hancock,-76.1063,43.111198,39.0,198,21,59,2013-11-07 21:00:00,Endeavor Air Inc.,US_KLGA
62967,2013,11,8,1535.0,1529,6.0,1639.0,1657,-18.0,EV,5455,N716EV,LGA,Aeropuerto de La Guardia,-73.872597,40.777199,SYR,Aeropuerto Internacional Syracuse Hancock,-76.1063,43.111198,42.0,198,15,29,2013-11-08 15:00:00,ExpressJet Airlines Inc.,US_KLGA
63335,2013,11,8,2152.0,2159,-7.0,2302.0,2307,-5.0,9E,3525,N905XJ,LGA,Aeropuerto de La Guardia,-73.872597,40.777199,SYR,Aeropuerto Internacional Syracuse Hancock,-76.1063,43.111198,42.0,198,21,59,2013-11-08 21:00:00,Endeavor Air Inc.,US_KLGA
64578,2013,11,10,1522.0,1529,-7.0,1631.0,1657,-26.0,EV,5455,N708EV,LGA,Aeropuerto de La Guardia,-73.872597,40.777199,SYR,Aeropuerto Internacional Syracuse Hancock,-76.1063,43.111198,39.0,198,15,29,2013-11-10 15:00:00,ExpressJet Airlines Inc.,US_KLGA
64969,2013,11,10,2329.0,2159,90.0,33.0,2307,86.0,9E,3525,N279PQ,LGA,Aeropuerto de La Guardia,-73.872597,40.777199,SYR,Aeropuerto Internacional Syracuse Hancock,-76.1063,43.111198,39.0,198,21,59,2013-11-10 21:00:00,Endeavor Air Inc.,US_KLGA
65939,2013,11,11,2158.0,2159,-1.0,2259.0,2307,-8.0,9E,3525,N908XJ,LGA,Aeropuerto de La Guardia,-73.872597,40.777199,SYR,Aeropuerto Internacional Syracuse Hancock,-76.1063,43.111198,37.0,198,21,59,2013-11-11 21:00:00,Endeavor Air Inc.,US_KLGA
65956,2013,11,11,,1529,,,1657,,EV,5455,N391CA,LGA,Aeropuerto de La Guardia,-73.872597,40.777199,SYR,Aeropuerto Internacional Syracuse Hancock,-76.1063,43.111198,,198,15,29,2013-11-11 15:00:00,ExpressJet Airlines Inc.,US_KLGA
66365,2013,11,12,1236.0,1240,-4.0,1346.0,1356,-10.0,9E,3371,N930XJ,LGA,Aeropuerto de La Guardia,-73.872597,40.777199,SYR,Aeropuerto Internacional Syracuse Hancock,-76.1063,43.111198,39.0,198,12,40,2013-11-12 12:00:00,Endeavor Air Inc.,US_KLGA
66548,2013,11,12,1544.0,1529,15.0,1714.0,1657,17.0,EV,5455,N708EV,LGA,Aeropuerto de La Guardia,-73.872597,40.777199,SYR,Aeropuerto Internacional Syracuse Hancock,-76.1063,43.111198,42.0,198,15,29,2013-11-12 15:00:00,ExpressJet Airlines Inc.,US_KLGA
66901,2013,11,12,2152.0,2159,-7.0,2302.0,2307,-5.0,9E,3525,N927XJ,LGA,Aeropuerto de La Guardia,-73.872597,40.777199,SYR,Aeropuerto Internacional Syracuse Hancock,-76.1063,43.111198,39.0,198,21,59,2013-11-12 21:00:00,Endeavor Air Inc.,US_KLGA
67344,2013,11,13,1233.0,1240,-7.0,1345.0,1356,-11.0,9E,3371,N908XJ,LGA,Aeropuerto de La Guardia,-73.872597,40.777199,SYR,Aeropuerto Internacional Syracuse Hancock,-76.1063,43.111198,42.0,198,12,40,2013-11-13 12:00:00,Endeavor Air Inc.,US_KLGA
67511,2013,11,13,1523.0,1529,-6.0,1651.0,1657,-6.0,EV,5455,N753EV,LGA,Aeropuerto de La Guardia,-73.872597,40.777199,SYR,Aeropuerto Internacional Syracuse Hancock,-76.1063,43.111198,37.0,198,15,29,2013-11-13 15:00:00,ExpressJet Airlines Inc.,US_KLGA
67891,2013,11,13,2205.0,2159,6.0,2314.0,2307,7.0,9E,3525,N923XJ,LGA,Aeropuerto de La Guardia,-73.872597,40.777199,SYR,Aeropuerto Internacional Syracuse Hancock,-76.1063,43.111198,43.0,198,21,59,2013-11-13 21:00:00,Endeavor Air Inc.,US_KLGA
68492,2013,11,14,1524.0,1529,-5.0,1638.0,1657,-19.0,EV,5455,N605QX,LGA,Aeropuerto de La Guardia,-73.872597,40.777199,SYR,Aeropuerto Internacional Syracuse Hancock,-76.1063,43.111198,40.0,198,15,29,2013-11-14 15:00:00,ExpressJet Airlines Inc.,US_KLGA
68873,2013,11,14,2152.0,2159,-7.0,2257.0,2307,-10.0,9E,3525,N605LR,LGA,Aeropuerto de La Guardia,-73.872597,40.777199,SYR,Aeropuerto Internacional Syracuse Hancock,-76.1063,43.111198,39.0,198,21,59,2013-11-14 21:00:00,Endeavor Air Inc.,US_KLGA
69572,2013,11,15,1647.0,1529,78.0,1751.0,1657,54.0,EV,5455,N712EV,LGA,Aeropuerto de La Guardia,-73.872597,40.777199,SYR,Aeropuerto Internacional Syracuse Hancock,-76.1063,43.111198,35.0,198,15,29,2013-11-15 15:00:00,ExpressJet Airlines Inc.,US_KLGA
69865,2013,11,15,2155.0,2159,-4.0,2253.0,2307,-14.0,9E,3525,N292PQ,LGA,Aeropuerto de La Guardia,-73.872597,40.777199,SYR,Aeropuerto Internacional Syracuse Hancock,-76.1063,43.111198,38.0,198,21,59,2013-11-15 21:00:00,Endeavor Air Inc.,US_KLGA
71093,2013,11,17,1534.0,1529,5.0,1635.0,1657,-22.0,EV,5455,N730EV,LGA,Aeropuerto de La Guardia,-73.872597,40.777199,SYR,Aeropuerto Internacional Syracuse Hancock,-76.1063,43.111198,41.0,198,15,29,2013-11-17 15:00:00,ExpressJet Airlines Inc.,US_KLGA
71467,2013,11,17,2356.0,2159,117.0,57.0,2307,110.0,9E,3525,N923XJ,LGA,Aeropuerto de La Guardia,-73.872597,40.777199,SYR,Aeropuerto Internacional Syracuse Hancock,-76.1063,43.111198,39.0,198,21,59,2013-11-17 21:00:00,Endeavor Air Inc.,US_KLGA
72053,2013,11,18,1525.0,1529,-4.0,1637.0,1657,-20.0,EV,5455,N730EV,LGA,Aeropuerto de La Guardia,-73.872597,40.777199,SYR,Aeropuerto Internacional Syracuse Hancock,-76.1063,43.111198,36.0,198,15,29,2013-11-18 15:00:00,ExpressJet Airlines Inc.,US_KLGA
72436,2013,11,18,2154.0,2159,-5.0,2253.0,2307,-14.0,9E,3525,N294PQ,LGA,Aeropuerto de La Guardia,-73.872597,40.777199,SYR,Aeropuerto Internacional Syracuse Hancock,-76.1063,43.111198,36.0,198,21,59,2013-11-18 21:00:00,Endeavor Air Inc.,US_KLGA
72886,2013,11,19,1231.0,1240,-9.0,1359.0,1356,3.0,9E,3371,N912XJ,LGA,Aeropuerto de La Guardia,-73.872597,40.777199,SYR,Aeropuerto Internacional Syracuse Hancock,-76.1063,43.111198,42.0,198,12,40,2013-11-19 12:00:00,Endeavor Air Inc.,US_KLGA
73052,2013,11,19,1523.0,1529,-6.0,1700.0,1657,3.0,EV,5455,N730EV,LGA,Aeropuerto de La Guardia,-73.872597,40.777199,SYR,Aeropuerto Internacional Syracuse Hancock,-76.1063,43.111198,46.0,198,15,29,2013-11-19 15:00:00,ExpressJet Airlines Inc.,US_KLGA
73430,2013,11,19,2151.0,2159,-8.0,2252.0,2307,-15.0,9E,3525,N926XJ,LGA,Aeropuerto de La Guardia,-73.872597,40.777199,SYR,Aeropuerto Internacional Syracuse Hancock,-76.1063,43.111198,40.0,198,21,59,2013-11-19 21:00:00,Endeavor Air Inc.,US_KLGA
73859,2013,11,20,1236.0,1240,-4.0,1353.0,1356,-3.0,9E,3371,N605LR,LGA,Aeropuerto de La Guardia,-73.872597,40.777199,SYR,Aeropuerto Internacional Syracuse Hancock,-76.1063,43.111198,40.0,198,12,40,2013-11-20 12:00:00,Endeavor Air Inc.,US_KLGA
74033,2013,11,20,1527.0,1529,-2.0,1649.0,1657,-8.0,EV,5455,N712EV,LGA,Aeropuerto de La Guardia,-73.872597,40.777199,SYR,Aeropuerto Internacional Syracuse Hancock,-76.1063,43.111198,40.0,198,15,29,2013-11-20 15:00:00,ExpressJet Airlines Inc.,US_KLGA
74408,2013,11,20,2203.0,2159,4.0,2303.0,2307,-4.0,9E,3525,N934XJ,LGA,Aeropuerto de La Guardia,-73.872597,40.777199,SYR,Aeropuerto Internacional Syracuse Hancock,-76.1063,43.111198,39.0,198,21,59,2013-11-20 21:00:00,Endeavor Air Inc.,US_KLGA
75035,2013,11,21,1538.0,1529,9.0,1654.0,1657,-3.0,EV,5455,N750EV,LGA,Aeropuerto de La Guardia,-73.872597,40.777199,SYR,Aeropuerto Internacional Syracuse Hancock,-76.1063,43.111198,39.0,198,15,29,2013-11-21 15:00:00,ExpressJet Airlines Inc.,US_KLGA
75403,2013,11,21,2153.0,2159,-6.0,2253.0,2307,-14.0,9E,3525,N272PQ,LGA,Aeropuerto de La Guardia,-73.872597,40.777199,SYR,Aeropuerto Internacional Syracuse Hancock,-76.1063,43.111198,38.0,198,21,59,2013-11-21 21:00:00,Endeavor Air Inc.,US_KLGA
76039,2013,11,22,1557.0,1529,28.0,1702.0,1657,5.0,EV,5455,N712EV,LGA,Aeropuerto de La Guardia,-73.872597,40.777199,SYR,Aeropuerto Internacional Syracuse Hancock,-76.1063,43.111198,43.0,198,15,29,2013-11-22 15:00:00,ExpressJet Airlines Inc.,US_KLGA
76413,2013,11,22,2304.0,2159,65.0,10.0,2307,63.0,9E,3525,N901XJ,LGA,Aeropuerto de La Guardia,-73.872597,40.777199,SYR,Aeropuerto Internacional Syracuse Hancock,-76.1063,43.111198,40.0,198,21,59,2013-11-22 21:00:00,Endeavor Air Inc.,US_KLGA
77035,2013,11,23,1753.0,1800,-7.0,1900.0,1921,-21.0,9E,3292,N917XJ,LGA,Aeropuerto de La Guardia,-73.872597,40.777199,SYR,Aeropuerto Internacional Syracuse Hancock,-76.1063,43.111198,43.0,198,18,0,2013-11-23 18:00:00,Endeavor Air Inc.,US_KLGA
77686,2013,11,24,1550.0,1529,21.0,1652.0,1657,-5.0,EV,5455,N709EV,LGA,Aeropuerto de La Guardia,-73.872597,40.777199,SYR,Aeropuerto Internacional Syracuse Hancock,-76.1063,43.111198,40.0,198,15,29,2013-11-24 15:00:00,ExpressJet Airlines Inc.,US_KLGA
78039,2013,11,24,2233.0,2159,34.0,2326.0,2307,19.0,9E,3525,N908XJ,LGA,Aeropuerto de La Guardia,-73.872597,40.777199,SYR,Aeropuerto Internacional Syracuse Hancock,-76.1063,43.111198,39.0,198,21,59,2013-11-24 21:00:00,Endeavor Air Inc.,US_KLGA
78460,2013,11,25,1234.0,1241,-7.0,1323.0,1357,-34.0,EV,5101,N741EV,LGA,Aeropuerto de La Guardia,-73.872597,40.777199,SYR,Aeropuerto Internacional Syracuse Hancock,-76.1063,43.111198,35.0,198,12,41,2013-11-25 12:00:00,ExpressJet Airlines Inc.,US_KLGA
78870,2013,11,25,1923.0,1930,-7.0,2025.0,2049,-24.0,9E,3720,N8914A,LGA,Aeropuerto de La Guardia,-73.872597,40.777199,SYR,Aeropuerto Internacional Syracuse Hancock,-76.1063,43.111198,39.0,198,19,30,2013-11-25 19:00:00,Endeavor Air Inc.,US_KLGA
78986,2013,11,25,2153.0,2159,-6.0,2252.0,2307,-15.0,9E,3525,N924XJ,LGA,Aeropuerto de La Guardia,-73.872597,40.777199,SYR,Aeropuerto Internacional Syracuse Hancock,-76.1063,43.111198,37.0,198,21,59,2013-11-25 21:00:00,Endeavor Air Inc.,US_KLGA
79978,2013,11,26,2230.0,2159,31.0,2337.0,2307,30.0,9E,3525,N927XJ,LGA,Aeropuerto de La Guardia,-73.872597,40.777199,SYR,Aeropuerto Internacional Syracuse Hancock,-76.1063,43.111198,38.0,198,21,59,2013-11-26 21:00:00,Endeavor Air Inc.,US_KLGA
80557,2013,11,27,1525.0,1529,-4.0,1644.0,1657,-13.0,EV,5455,N741EV,LGA,Aeropuerto de La Guardia,-73.872597,40.777199,SYR,Aeropuerto Internacional Syracuse Hancock,-76.1063,43.111198,39.0,198,15,29,2013-11-27 15:00:00,ExpressJet Airlines Inc.,US_KLGA
80965,2013,11,27,2255.0,2159,56.0,4.0,2307,57.0,9E,3525,N907XJ,LGA,Aeropuerto de La Guardia,-73.872597,40.777199,SYR,Aeropuerto Internacional Syracuse Hancock,-76.1063,43.111198,40.0,198,21,59,2013-11-27 21:00:00,Endeavor Air Inc.,US_KLGA
81883,2013,11,29,1234.0,1240,-6.0,1350.0,1356,-6.0,EV,5101,N614QX,LGA,Aeropuerto de La Guardia,-73.872597,40.777199,SYR,Aeropuerto Internacional Syracuse Hancock,-76.1063,43.111198,45.0,198,12,40,2013-11-29 12:00:00,ExpressJet Airlines Inc.,US_KLGA
83145,2013,11,30,2156.0,2159,-3.0,2254.0,2305,-11.0,9E,3525,N605LR,LGA,Aeropuerto de La Guardia,-73.872597,40.777199,SYR,Aeropuerto Internacional Syracuse Hancock,-76.1063,43.111198,38.0,198,21,59,2013-11-30 21:00:00,Endeavor Air Inc.,US_KLGA
84002,2013,12,1,1936.0,1529,247.0,2105.0,1657,248.0,EV,5455,N615QX,LGA,Aeropuerto de La Guardia,-73.872597,40.777199,SYR,Aeropuerto Internacional Syracuse Hancock,-76.1063,43.111198,39.0,198,15,29,2013-12-01 15:00:00,ExpressJet Airlines Inc.,US_KLGA
84126,2013,12,1,2219.0,2159,20.0,2333.0,2307,26.0,9E,3525,N933XJ,LGA,Aeropuerto de La Guardia,-73.872597,40.777199,SYR,Aeropuerto Internacional Syracuse Hancock,-76.1063,43.111198,38.0,198,21,59,2013-12-01 21:00:00,Endeavor Air Inc.,US_KLGA
84746,2013,12,2,1531.0,1529,2.0,1648.0,1657,-9.0,EV,5455,N724EV,LGA,Aeropuerto de La Guardia,-73.872597,40.777199,SYR,Aeropuerto Internacional Syracuse Hancock,-76.1063,43.111198,39.0,198,15,29,2013-12-02 15:00:00,ExpressJet Airlines Inc.,US_KLGA
85136,2013,12,2,2219.0,2159,20.0,2314.0,2307,7.0,9E,3525,N279PQ,LGA,Aeropuerto de La Guardia,-73.872597,40.777199,SYR,Aeropuerto Internacional Syracuse Hancock,-76.1063,43.111198,36.0,198,21,59,2013-12-02 21:00:00,Endeavor Air Inc.,US_KLGA
85718,2013,12,3,1508.0,1515,-7.0,1624.0,1643,-19.0,EV,5302,N707EV,LGA,Aeropuerto de La Guardia,-73.872597,40.777199,SYR,Aeropuerto Internacional Syracuse Hancock,-76.1063,43.111198,39.0,198,15,15,2013-12-03 15:00:00,ExpressJet Airlines Inc.,US_KLGA
86106,2013,12,3,2202.0,2159,3.0,2301.0,2307,-6.0,9E,3843,N932XJ,LGA,Aeropuerto de La Guardia,-73.872597,40.777199,SYR,Aeropuerto Internacional Syracuse Hancock,-76.1063,43.111198,33.0,198,21,59,2013-12-03 21:00:00,Endeavor Air Inc.,US_KLGA
86693,2013,12,4,1536.0,1515,21.0,1642.0,1643,-1.0,EV,5302,N712EV,LGA,Aeropuerto de La Guardia,-73.872597,40.777199,SYR,Aeropuerto Internacional Syracuse Hancock,-76.1063,43.111198,38.0,198,15,15,2013-12-04 15:00:00,ExpressJet Airlines Inc.,US_KLGA
87056,2013,12,4,2158.0,2159,-1.0,2257.0,2307,-10.0,9E,3843,N906XJ,LGA,Aeropuerto de La Guardia,-73.872597,40.777199,SYR,Aeropuerto Internacional Syracuse Hancock,-76.1063,43.111198,37.0,198,21,59,2013-12-04 21:00:00,Endeavor Air Inc.,US_KLGA
87083,2013,12,5,16.0,2159,137.0,117.0,2307,130.0,9E,3525,N602LR,LGA,Aeropuerto de La Guardia,-73.872597,40.777199,SYR,Aeropuerto Internacional Syracuse Hancock,-76.1063,43.111198,38.0,198,21,59,2013-12-05 21:00:00,Endeavor Air Inc.,US_KLGA
87758,2013,12,5,1936.0,1515,261.0,2035.0,1643,232.0,EV,5302,N740EV,LGA,Aeropuerto de La Guardia,-73.872597,40.777199,SYR,Aeropuerto Internacional Syracuse Hancock,-76.1063,43.111198,37.0,198,15,15,2013-12-05 15:00:00,ExpressJet Airlines Inc.,US_KLGA
87900,2013,12,5,,1235,,,1351,,9E,3340,,LGA,Aeropuerto de La Guardia,-73.872597,40.777199,SYR,Aeropuerto Internacional Syracuse Hancock,-76.1063,43.111198,,198,12,35,2013-12-05 12:00:00,Endeavor Air Inc.,US_KLGA
88437,2013,12,6,1231.0,1235,-4.0,1358.0,1351,7.0,9E,3340,N298PQ,LGA,Aeropuerto de La Guardia,-73.872597,40.777199,SYR,Aeropuerto Internacional Syracuse Hancock,-76.1063,43.111198,43.0,198,12,35,2013-12-06 12:00:00,Endeavor Air Inc.,US_KLGA
88936,2013,12,6,2207.0,2159,8.0,2311.0,2307,4.0,9E,3525,N930XJ,LGA,Aeropuerto de La Guardia,-73.872597,40.777199,SYR,Aeropuerto Internacional Syracuse Hancock,-76.1063,43.111198,36.0,198,21,59,2013-12-06 21:00:00,Endeavor Air Inc.,US_KLGA
89005,2013,12,6,,1515,,,1643,,EV,5302,N614QX,LGA,Aeropuerto de La Guardia,-73.872597,40.777199,SYR,Aeropuerto Internacional Syracuse Hancock,-76.1063,43.111198,,198,15,15,2013-12-06 15:00:00,ExpressJet Airlines Inc.,US_KLGA
90032,2013,12,8,1241.0,1235,6.0,1358.0,1351,7.0,9E,3340,N924XJ,LGA,Aeropuerto de La Guardia,-73.872597,40.777199,SYR,Aeropuerto Internacional Syracuse Hancock,-76.1063,43.111198,40.0,198,12,35,2013-12-08 12:00:00,Endeavor Air Inc.,US_KLGA
90171,2013,12,8,1512.0,1515,-3.0,1619.0,1643,-24.0,EV,5302,N752EV,LGA,Aeropuerto de La Guardia,-73.872597,40.777199,SYR,Aeropuerto Internacional Syracuse Hancock,-76.1063,43.111198,40.0,198,15,15,2013-12-08 15:00:00,ExpressJet Airlines Inc.,US_KLGA
90506,2013,12,8,2239.0,2159,40.0,2400.0,2307,53.0,9E,3525,N922XJ,LGA,Aeropuerto de La Guardia,-73.872597,40.777199,SYR,Aeropuerto Internacional Syracuse Hancock,-76.1063,43.111198,42.0,198,21,59,2013-12-08 21:00:00,Endeavor Air Inc.,US_KLGA
91018,2013,12,9,1345.0,1235,70.0,1542.0,1351,111.0,9E,3340,N294PQ,LGA,Aeropuerto de La Guardia,-73.872597,40.777199,SYR,Aeropuerto Internacional Syracuse Hancock,-76.1063,43.111198,47.0,198,12,35,2013-12-09 12:00:00,Endeavor Air Inc.,US_KLGA
91289,2013,12,9,1832.0,1515,197.0,1943.0,1643,180.0,EV,5302,N710EV,LGA,Aeropuerto de La Guardia,-73.872597,40.777199,SYR,Aeropuerto Internacional Syracuse Hancock,-76.1063,43.111198,39.0,198,15,15,2013-12-09 15:00:00,ExpressJet Airlines Inc.,US_KLGA
91494,2013,12,9,,2159,,,2307,,9E,3525,,LGA,Aeropuerto de La Guardia,-73.872597,40.777199,SYR,Aeropuerto Internacional Syracuse Hancock,-76.1063,43.111198,,198,21,59,2013-12-09 21:00:00,Endeavor Air Inc.,US_KLGA
92295,2013,12,10,,2159,,,2307,,9E,3843,,LGA,Aeropuerto de La Guardia,-73.872597,40.777199,SYR,Aeropuerto Internacional Syracuse Hancock,-76.1063,43.111198,,198,21,59,2013-12-10 21:00:00,Endeavor Air Inc.,US_KLGA
92392,2013,12,10,,1515,,,1643,,EV,5302,N752EV,LGA,Aeropuerto de La Guardia,-73.872597,40.777199,SYR,Aeropuerto Internacional Syracuse Hancock,-76.1063,43.111198,,198,15,15,2013-12-10 15:00:00,ExpressJet Airlines Inc.,US_KLGA
93199,2013,12,11,1742.0,1515,147.0,1854.0,1643,131.0,EV,5302,N760EV,LGA,Aeropuerto de La Guardia,-73.872597,40.777199,SYR,Aeropuerto Internacional Syracuse Hancock,-76.1063,43.111198,38.0,198,15,15,2013-12-11 15:00:00,ExpressJet Airlines Inc.,US_KLGA
93426,2013,12,11,2225.0,2159,26.0,2324.0,2307,17.0,9E,3843,N905XJ,LGA,Aeropuerto de La Guardia,-73.872597,40.777199,SYR,Aeropuerto Internacional Syracuse Hancock,-76.1063,43.111198,42.0,198,21,59,2013-12-11 21:00:00,Endeavor Air Inc.,US_KLGA
93868,2013,12,12,1257.0,1235,22.0,1406.0,1351,15.0,9E,3340,N602LR,LGA,Aeropuerto de La Guardia,-73.872597,40.777199,SYR,Aeropuerto Internacional Syracuse Hancock,-76.1063,43.111198,41.0,198,12,35,2013-12-12 12:00:00,Endeavor Air Inc.,US_KLGA
94008,2013,12,12,1523.0,1515,8.0,1641.0,1643,-2.0,EV,5302,N761ND,LGA,Aeropuerto de La Guardia,-73.872597,40.777199,SYR,Aeropuerto Internacional Syracuse Hancock,-76.1063,43.111198,46.0,198,15,15,2013-12-12 15:00:00,ExpressJet Airlines Inc.,US_KLGA
94392,2013,12,12,2159.0,2159,0.0,2307.0,2307,0.0,9E,3525,N905XJ,LGA,Aeropuerto de La Guardia,-73.872597,40.777199,SYR,Aeropuerto Internacional Syracuse Hancock,-76.1063,43.111198,42.0,198,21,59,2013-12-12 21:00:00,Endeavor Air Inc.,US_KLGA
94416,2013,12,13,120.0,2159,201.0,218.0,2307,191.0,9E,3525,N901XJ,LGA,Aeropuerto de La Guardia,-73.872597,40.777199,SYR,Aeropuerto Internacional Syracuse Hancock,-76.1063,43.111198,37.0,198,21,59,2013-12-13 21:00:00,Endeavor Air Inc.,US_KLGA
94819,2013,12,13,1232.0,1235,-3.0,1333.0,1351,-18.0,9E,3340,N292PQ,LGA,Aeropuerto de La Guardia,-73.872597,40.777199,SYR,Aeropuerto Internacional Syracuse Hancock,-76.1063,43.111198,43.0,198,12,35,2013-12-13 12:00:00,Endeavor Air Inc.,US_KLGA
95036,2013,12,13,1611.0,1515,56.0,1731.0,1643,48.0,EV,5302,N748EV,LGA,Aeropuerto de La Guardia,-73.872597,40.777199,SYR,Aeropuerto Internacional Syracuse Hancock,-76.1063,43.111198,43.0,198,15,15,2013-12-13 15:00:00,ExpressJet Airlines Inc.,US_KLGA
96342,2013,12,15,1228.0,1235,-7.0,1323.0,1351,-28.0,9E,3340,N605LR,LGA,Aeropuerto de La Guardia,-73.872597,40.777199,SYR,Aeropuerto Internacional Syracuse Hancock,-76.1063,43.111198,38.0,198,12,35,2013-12-15 12:00:00,Endeavor Air Inc.,US_KLGA
96477,2013,12,15,1506.0,1515,-9.0,1621.0,1643,-22.0,EV,5302,N755EV,LGA,Aeropuerto de La Guardia,-73.872597,40.777199,SYR,Aeropuerto Internacional Syracuse Hancock,-76.1063,43.111198,41.0,198,15,15,2013-12-15 15:00:00,ExpressJet Airlines Inc.,US_KLGA
96873,2013,12,15,2225.0,2159,26.0,2326.0,2307,19.0,9E,3525,N916XJ,LGA,Aeropuerto de La Guardia,-73.872597,40.777199,SYR,Aeropuerto Internacional Syracuse Hancock,-76.1063,43.111198,36.0,198,21,59,2013-12-15 21:00:00,Endeavor Air Inc.,US_KLGA
97363,2013,12,16,1235.0,1235,0.0,1339.0,1351,-12.0,9E,3340,N279PQ,LGA,Aeropuerto de La Guardia,-73.872597,40.777199,SYR,Aeropuerto Internacional Syracuse Hancock,-76.1063,43.111198,41.0,198,12,35,2013-12-16 12:00:00,Endeavor Air Inc.,US_KLGA
97511,2013,12,16,1516.0,1515,1.0,1638.0,1643,-5.0,EV,5302,N716EV,LGA,Aeropuerto de La Guardia,-73.872597,40.777199,SYR,Aeropuerto Internacional Syracuse Hancock,-76.1063,43.111198,41.0,198,15,15,2013-12-16 15:00:00,ExpressJet Airlines Inc.,US_KLGA
97909,2013,12,16,2240.0,2159,41.0,2335.0,2307,28.0,9E,3525,N299PQ,LGA,Aeropuerto de La Guardia,-73.872597,40.777199,SYR,Aeropuerto Internacional Syracuse Hancock,-76.1063,43.111198,38.0,198,21,59,2013-12-16 21:00:00,Endeavor Air Inc.,US_KLGA
98497,2013,12,17,1714.0,1515,119.0,1909.0,1643,146.0,EV,5302,N615QX,LGA,Aeropuerto de La Guardia,-73.872597,40.777199,SYR,Aeropuerto Internacional Syracuse Hancock,-76.1063,43.111198,39.0,198,15,15,2013-12-17 15:00:00,ExpressJet Airlines Inc.,US_KLGA
98767,2013,12,17,,2159,,,2307,,9E,3843,,LGA,Aeropuerto de La Guardia,-73.872597,40.777199,SYR,Aeropuerto Internacional Syracuse Hancock,-76.1063,43.111198,,198,21,59,2013-12-17 21:00:00,Endeavor Air Inc.,US_KLGA
99520,2013,12,18,1657.0,1515,102.0,1818.0,1643,95.0,EV,5302,N722EV,LGA,Aeropuerto de La Guardia,-73.872597,40.777199,SYR,Aeropuerto Internacional Syracuse Hancock,-76.1063,43.111198,38.0,198,15,15,2013-12-18 15:00:00,ExpressJet Airlines Inc.,US_KLGA
99803,2013,12,18,2210.0,2159,11.0,2305.0,2307,-2.0,9E,3843,N928XJ,LGA,Aeropuerto de La Guardia,-73.872597,40.777199,SYR,Aeropuerto Internacional Syracuse Hancock,-76.1063,43.111198,40.0,198,21,59,2013-12-18 21:00:00,Endeavor Air Inc.,US_KLGA
100643,2013,12,19,1923.0,1929,-6.0,2030.0,2055,-25.0,EV,5289,N600QX,LGA,Aeropuerto de La Guardia,-73.872597,40.777199,SYR,Aeropuerto Internacional Syracuse Hancock,-76.1063,43.111198,35.0,198,19,29,2013-12-19 19:00:00,ExpressJet Airlines Inc.,US_KLGA
100760,2013,12,19,2200.0,2159,1.0,2305.0,2308,-3.0,9E,3525,N929XJ,LGA,Aeropuerto de La Guardia,-73.872597,40.777199,SYR,Aeropuerto Internacional Syracuse Hancock,-76.1063,43.111198,41.0,198,21,59,2013-12-19 21:00:00,Endeavor Air Inc.,US_KLGA
101724,2013,12,20,2152.0,2159,-7.0,2252.0,2308,-16.0,9E,3525,N296PQ,LGA,Aeropuerto de La Guardia,-73.872597,40.777199,SYR,Aeropuerto Internacional Syracuse Hancock,-76.1063,43.111198,38.0,198,21,59,2013-12-20 21:00:00,Endeavor Air Inc.,US_KLGA
102203,2013,12,21,1432.0,1410,22.0,1601.0,1525,36.0,9E,3403,N8918B,LGA,Aeropuerto de La Guardia,-73.872597,40.777199,SYR,Aeropuerto Internacional Syracuse Hancock,-76.1063,43.111198,39.0,198,14,10,2013-12-21 14:00:00,Endeavor Air Inc.,US_KLGA
102534,2013,12,21,2103.0,2105,-2.0,2203.0,2215,-12.0,9E,3525,N910XJ,LGA,Aeropuerto de La Guardia,-73.872597,40.777199,SYR,Aeropuerto Internacional Syracuse Hancock,-76.1063,43.111198,36.0,198,21,5,2013-12-21 21:00:00,Endeavor Air Inc.,US_KLGA
103095,2013,12,22,1554.0,1559,-5.0,1655.0,1724,-29.0,EV,5302,N605QX,LGA,Aeropuerto de La Guardia,-73.872597,40.777199,SYR,Aeropuerto Internacional Syracuse Hancock,-76.1063,43.111198,41.0,198,15,59,2013-12-22 15:00:00,ExpressJet Airlines Inc.,US_KLGA
103404,2013,12,22,2130.0,2105,25.0,2227.0,2216,11.0,9E,3525,N298PQ,LGA,Aeropuerto de La Guardia,-73.872597,40.777199,SYR,Aeropuerto Internacional Syracuse Hancock,-76.1063,43.111198,38.0,198,21,5,2013-12-22 21:00:00,Endeavor Air Inc.,US_KLGA
104387,2013,12,23,2149.0,2120,29.0,2250.0,2231,19.0,9E,3525,N279PQ,LGA,Aeropuerto de La Guardia,-73.872597,40.777199,SYR,Aeropuerto Internacional Syracuse Hancock,-76.1063,43.111198,40.0,198,21,20,2013-12-23 21:00:00,Endeavor Air Inc.,US_KLGA
105097,2013,12,24,1806.0,1815,-9.0,1911.0,1936,-25.0,9E,3525,N294PQ,LGA,Aeropuerto de La Guardia,-73.872597,40.777199,SYR,Aeropuerto Internacional Syracuse Hancock,-76.1063,43.111198,37.0,198,18,15,2013-12-24 18:00:00,Endeavor Air Inc.,US_KLGA
105787,2013,12,25,1809.0,1815,-6.0,1912.0,1936,-24.0,9E,3525,N932XJ,LGA,Aeropuerto de La Guardia,-73.872597,40.777199,SYR,Aeropuerto Internacional Syracuse Hancock,-76.1063,43.111198,38.0,198,18,15,2013-12-25 18:00:00,Endeavor Air Inc.,US_KLGA
106818,2013,12,26,2053.0,2105,-12.0,2151.0,2216,-25.0,9E,3525,N934XJ,LGA,Aeropuerto de La Guardia,-73.872597,40.777199,SYR,Aeropuerto Internacional Syracuse Hancock,-76.1063,43.111198,36.0,198,21,5,2013-12-26 21:00:00,Endeavor Air Inc.,US_KLGA
107802,2013,12,27,2115.0,2105,10.0,2215.0,2216,-1.0,9E,3525,N904XJ,LGA,Aeropuerto de La Guardia,-73.872597,40.777199,SYR,Aeropuerto Internacional Syracuse Hancock,-76.1063,43.111198,37.0,198,21,5,2013-12-27 21:00:00,Endeavor Air Inc.,US_KLGA
108323,2013,12,28,1513.0,1410,63.0,1619.0,1525,54.0,9E,3403,N8665A,LGA,Aeropuerto de La Guardia,-73.872597,40.777199,SYR,Aeropuerto Internacional Syracuse Hancock,-76.1063,43.111198,38.0,198,14,10,2013-12-28 14:00:00,Endeavor Air Inc.,US_KLGA
108616,2013,12,28,2057.0,2105,-8.0,2159.0,2215,-16.0,9E,3525,N917XJ,LGA,Aeropuerto de La Guardia,-73.872597,40.777199,SYR,Aeropuerto Internacional Syracuse Hancock,-76.1063,43.111198,34.0,198,21,5,2013-12-28 21:00:00,Endeavor Air Inc.,US_KLGA
109452,2013,12,29,2104.0,2105,-1.0,2217.0,2216,1.0,9E,3525,N905XJ,LGA,Aeropuerto de La Guardia,-73.872597,40.777199,SYR,Aeropuerto Internacional Syracuse Hancock,-76.1063,43.111198,39.0,198,21,5,2013-12-29 21:00:00,Endeavor Air Inc.,US_KLGA
110488,2013,12,30,2229.0,2120,69.0,2332.0,2231,61.0,9E,3525,N920XJ,LGA,Aeropuerto de La Guardia,-73.872597,40.777199,SYR,Aeropuerto Internacional Syracuse Hancock,-76.1063,43.111198,36.0,198,21,20,2013-12-30 21:00:00,Endeavor Air Inc.,US_KLGA
111156,2013,12,31,1812.0,1815,-3.0,1910.0,1936,-26.0,EV,5003,N724EV,LGA,Aeropuerto de La Guardia,-73.872597,40.777199,SYR,Aeropuerto Internacional Syracuse Hancock,-76.1063,43.111198,41.0,198,18,15,2013-12-31 18:00:00,ExpressJet Airlines Inc.,US_KLGA
137824,2013,3,2,1825.0,1800,25.0,1935.0,1917,18.0,EV,5348,N759EV,LGA,Aeropuerto de La Guardia,-73.872597,40.777199,SYR,Aeropuerto Internacional Syracuse Hancock,-76.1063,43.111198,42.0,198,18,0,2013-03-02 18:00:00,ExpressJet Airlines Inc.,US_KLGA
144352,2013,3,9,1757.0,1800,-3.0,1854.0,1917,-23.0,EV,5348,N730EV,LGA,Aeropuerto de La Guardia,-73.872597,40.777199,SYR,Aeropuerto Internacional Syracuse Hancock,-76.1063,43.111198,34.0,198,18,0,2013-03-09 18:00:00,ExpressJet Airlines Inc.,US_KLGA
150923,2013,3,16,1816.0,1800,16.0,1946.0,1917,29.0,EV,5348,N718EV,LGA,Aeropuerto de La Guardia,-73.872597,40.777199,SYR,Aeropuerto Internacional Syracuse Hancock,-76.1063,43.111198,39.0,198,18,0,2013-03-16 18:00:00,ExpressJet Airlines Inc.,US_KLGA
157457,2013,3,23,1800.0,1800,0.0,1859.0,1917,-18.0,EV,5348,N730EV,LGA,Aeropuerto de La Guardia,-73.872597,40.777199,SYR,Aeropuerto Internacional Syracuse Hancock,-76.1063,43.111198,37.0,198,18,0,2013-03-23 18:00:00,ExpressJet Airlines Inc.,US_KLGA
170597,2013,4,6,1755.0,1800,-5.0,1854.0,1917,-23.0,EV,5348,N740EV,LGA,Aeropuerto de La Guardia,-73.872597,40.777199,SYR,Aeropuerto Internacional Syracuse Hancock,-76.1063,43.111198,37.0,198,18,0,2013-04-06 18:00:00,ExpressJet Airlines Inc.,US_KLGA
177067,2013,4,13,1528.0,1530,-2.0,1629.0,1653,-24.0,EV,5274,N719EV,LGA,Aeropuerto de La Guardia,-73.872597,40.777199,SYR,Aeropuerto Internacional Syracuse Hancock,-76.1063,43.111198,41.0,198,15,30,2013-04-13 15:00:00,ExpressJet Airlines Inc.,US_KLGA
183732,2013,4,20,1617.0,1530,47.0,1722.0,1653,29.0,EV,5274,N612QX,LGA,Aeropuerto de La Guardia,-73.872597,40.777199,SYR,Aeropuerto Internacional Syracuse Hancock,-76.1063,43.111198,38.0,198,15,30,2013-04-20 15:00:00,ExpressJet Airlines Inc.,US_KLGA
190317,2013,4,27,1613.0,1530,43.0,1730.0,1653,37.0,EV,5274,N717EV,LGA,Aeropuerto de La Guardia,-73.872597,40.777199,SYR,Aeropuerto Internacional Syracuse Hancock,-76.1063,43.111198,36.0,198,15,30,2013-04-27 15:00:00,ExpressJet Airlines Inc.,US_KLGA
194361,2013,5,1,2220.0,2225,-5.0,2313.0,2337,-24.0,EV,5215,N600QX,LGA,Aeropuerto de La Guardia,-73.872597,40.777199,SYR,Aeropuerto Internacional Syracuse Hancock,-76.1063,43.111198,35.0,198,22,25,2013-05-01 22:00:00,ExpressJet Airlines Inc.,US_KLGA
195341,2013,5,2,2236.0,2225,11.0,2330.0,2337,-7.0,EV,5215,N712EV,LGA,Aeropuerto de La Guardia,-73.872597,40.777199,SYR,Aeropuerto Internacional Syracuse Hancock,-76.1063,43.111198,35.0,198,22,25,2013-05-02 22:00:00,ExpressJet Airlines Inc.,US_KLGA
196316,2013,5,3,2334.0,2225,69.0,29.0,2337,52.0,EV,5215,N724EV,LGA,Aeropuerto de La Guardia,-73.872597,40.777199,SYR,Aeropuerto Internacional Syracuse Hancock,-76.1063,43.111198,33.0,198,22,25,2013-05-03 22:00:00,ExpressJet Airlines Inc.,US_KLGA
197978,2013,5,5,2224.0,2225,-1.0,2320.0,2337,-17.0,EV,5215,N719EV,LGA,Aeropuerto de La Guardia,-73.872597,40.777199,SYR,Aeropuerto Internacional Syracuse Hancock,-76.1063,43.111198,34.0,198,22,25,2013-05-05 22:00:00,ExpressJet Airlines Inc.,US_KLGA
198957,2013,5,6,2220.0,2225,-5.0,2325.0,2337,-12.0,EV,5215,N724EV,LGA,Aeropuerto de La Guardia,-73.872597,40.777199,SYR,Aeropuerto Internacional Syracuse Hancock,-76.1063,43.111198,38.0,198,22,25,2013-05-06 22:00:00,ExpressJet Airlines Inc.,US_KLGA
199915,2013,5,7,2219.0,2225,-6.0,2309.0,2337,-28.0,EV,5215,N600QX,LGA,Aeropuerto de La Guardia,-73.872597,40.777199,SYR,Aeropuerto Internacional Syracuse Hancock,-76.1063,43.111198,34.0,198,22,25,2013-05-07 22:00:00,ExpressJet Airlines Inc.,US_KLGA
200869,2013,5,8,,2225,,,2337,,EV,5215,N754EV,LGA,Aeropuerto de La Guardia,-73.872597,40.777199,SYR,Aeropuerto Internacional Syracuse Hancock,-76.1063,43.111198,,198,22,25,2013-05-08 22:00:00,ExpressJet Airlines Inc.,US_KLGA
201854,2013,5,9,2348.0,2225,83.0,36.0,2337,59.0,EV,5215,N740EV,LGA,Aeropuerto de La Guardia,-73.872597,40.777199,SYR,Aeropuerto Internacional Syracuse Hancock,-76.1063,43.111198,33.0,198,22,25,2013-05-09 22:00:00,ExpressJet Airlines Inc.,US_KLGA
202833,2013,5,10,2235.0,2225,10.0,2330.0,2337,-7.0,EV,5215,N716EV,LGA,Aeropuerto de La Guardia,-73.872597,40.777199,SYR,Aeropuerto Internacional Syracuse Hancock,-76.1063,43.111198,36.0,198,22,25,2013-05-10 22:00:00,ExpressJet Airlines Inc.,US_KLGA
204469,2013,5,12,2220.0,2225,-5.0,2311.0,2337,-26.0,EV,5215,N604QX,LGA,Aeropuerto de La Guardia,-73.872597,40.777199,SYR,Aeropuerto Internacional Syracuse Hancock,-76.1063,43.111198,35.0,198,22,25,2013-05-12 22:00:00,ExpressJet Airlines Inc.,US_KLGA
205441,2013,5,13,2221.0,2225,-4.0,2316.0,2337,-21.0,EV,5215,N719EV,LGA,Aeropuerto de La Guardia,-73.872597,40.777199,SYR,Aeropuerto Internacional Syracuse Hancock,-76.1063,43.111198,36.0,198,22,25,2013-05-13 22:00:00,ExpressJet Airlines Inc.,US_KLGA
206407,2013,5,14,2241.0,2225,16.0,2332.0,2337,-5.0,EV,5215,N391CA,LGA,Aeropuerto de La Guardia,-73.872597,40.777199,SYR,Aeropuerto Internacional Syracuse Hancock,-76.1063,43.111198,35.0,198,22,25,2013-05-14 22:00:00,ExpressJet Airlines Inc.,US_KLGA
207355,2013,5,15,2217.0,2225,-8.0,2314.0,2337,-23.0,EV,5215,N604QX,LGA,Aeropuerto de La Guardia,-73.872597,40.777199,SYR,Aeropuerto Internacional Syracuse Hancock,-76.1063,43.111198,38.0,198,22,25,2013-05-15 22:00:00,ExpressJet Airlines Inc.,US_KLGA
208352,2013,5,16,2223.0,2225,-2.0,2318.0,2337,-19.0,EV,5215,N738EV,LGA,Aeropuerto de La Guardia,-73.872597,40.777199,SYR,Aeropuerto Internacional Syracuse Hancock,-76.1063,43.111198,40.0,198,22,25,2013-05-16 22:00:00,ExpressJet Airlines Inc.,US_KLGA
209335,2013,5,17,2227.0,2225,2.0,2320.0,2337,-17.0,EV,5215,N738EV,LGA,Aeropuerto de La Guardia,-73.872597,40.777199,SYR,Aeropuerto Internacional Syracuse Hancock,-76.1063,43.111198,34.0,198,22,25,2013-05-17 22:00:00,ExpressJet Airlines Inc.,US_KLGA
210103,2013,5,19,44.0,2225,139.0,148.0,2337,131.0,EV,5215,N754EV,LGA,Aeropuerto de La Guardia,-73.872597,40.777199,SYR,Aeropuerto Internacional Syracuse Hancock,-76.1063,43.111198,42.0,198,22,25,2013-05-19 22:00:00,ExpressJet Airlines Inc.,US_KLGA
211011,2013,5,20,40.0,2225,135.0,203.0,2337,146.0,EV,5215,N709EV,LGA,Aeropuerto de La Guardia,-73.872597,40.777199,SYR,Aeropuerto Internacional Syracuse Hancock,-76.1063,43.111198,64.0,198,22,25,2013-05-20 22:00:00,ExpressJet Airlines Inc.,US_KLGA
212937,2013,5,21,2305.0,2225,40.0,12.0,2337,35.0,EV,5215,N744EV,LGA,Aeropuerto de La Guardia,-73.872597,40.777199,SYR,Aeropuerto Internacional Syracuse Hancock,-76.1063,43.111198,39.0,198,22,25,2013-05-21 22:00:00,ExpressJet Airlines Inc.,US_KLGA
212960,2013,5,22,39.0,2225,134.0,130.0,2337,113.0,EV,5215,N712EV,LGA,Aeropuerto de La Guardia,-73.872597,40.777199,SYR,Aeropuerto Internacional Syracuse Hancock,-76.1063,43.111198,33.0,198,22,25,2013-05-22 22:00:00,ExpressJet Airlines Inc.,US_KLGA
214862,2013,5,23,,2225,,,2337,,EV,5215,N716EV,LGA,Aeropuerto de La Guardia,-73.872597,40.777199,SYR,Aeropuerto Internacional Syracuse Hancock,-76.1063,43.111198,,198,22,25,2013-05-23 22:00:00,ExpressJet Airlines Inc.,US_KLGA
215850,2013,5,24,2307.0,2225,42.0,11.0,2337,34.0,EV,5215,N398CA,LGA,Aeropuerto de La Guardia,-73.872597,40.777199,SYR,Aeropuerto Internacional Syracuse Hancock,-76.1063,43.111198,38.0,198,22,25,2013-05-24 22:00:00,ExpressJet Airlines Inc.,US_KLGA
218264,2013,5,27,2221.0,2225,-4.0,2318.0,2337,-19.0,EV,5215,N615QX,LGA,Aeropuerto de La Guardia,-73.872597,40.777199,SYR,Aeropuerto Internacional Syracuse Hancock,-76.1063,43.111198,33.0,198,22,25,2013-05-27 22:00:00,ExpressJet Airlines Inc.,US_KLGA
219233,2013,5,28,2221.0,2225,-4.0,2329.0,2337,-8.0,EV,5215,N722EV,LGA,Aeropuerto de La Guardia,-73.872597,40.777199,SYR,Aeropuerto Internacional Syracuse Hancock,-76.1063,43.111198,48.0,198,22,25,2013-05-28 22:00:00,ExpressJet Airlines Inc.,US_KLGA
220212,2013,5,29,2230.0,2225,5.0,2327.0,2337,-10.0,EV,5215,N608QX,LGA,Aeropuerto de La Guardia,-73.872597,40.777199,SYR,Aeropuerto Internacional Syracuse Hancock,-76.1063,43.111198,38.0,198,22,25,2013-05-29 22:00:00,ExpressJet Airlines Inc.,US_KLGA
221198,2013,5,30,2223.0,2225,-2.0,2316.0,2337,-21.0,EV,5215,N604QX,LGA,Aeropuerto de La Guardia,-73.872597,40.777199,SYR,Aeropuerto Internacional Syracuse Hancock,-76.1063,43.111198,36.0,198,22,25,2013-05-30 22:00:00,ExpressJet Airlines Inc.,US_KLGA
222184,2013,5,31,2258.0,2225,33.0,,2337,,EV,5215,N751EV,LGA,Aeropuerto de La Guardia,-73.872597,40.777199,SYR,Aeropuerto Internacional Syracuse Hancock,-76.1063,43.111198,,198,22,25,2013-05-31 22:00:00,ExpressJet Airlines Inc.,US_KLGA
223774,2013,6,2,2322.0,2225,57.0,16.0,2337,39.0,EV,5215,N755EV,LGA,Aeropuerto de La Guardia,-73.872597,40.777199,SYR,Aeropuerto Internacional Syracuse Hancock,-76.1063,43.111198,35.0,198,22,25,2013-06-02 22:00:00,ExpressJet Airlines Inc.,US_KLGA
224852,2013,6,3,,2225,,,2337,,EV,5215,N391CA,LGA,Aeropuerto de La Guardia,-73.872597,40.777199,SYR,Aeropuerto Internacional Syracuse Hancock,-76.1063,43.111198,,198,22,25,2013-06-03 22:00:00,ExpressJet Airlines Inc.,US_KLGA
225798,2013,6,4,2218.0,2225,-7.0,2309.0,2337,-28.0,EV,5215,N759EV,LGA,Aeropuerto de La Guardia,-73.872597,40.777199,SYR,Aeropuerto Internacional Syracuse Hancock,-76.1063,43.111198,33.0,198,22,25,2013-06-04 22:00:00,ExpressJet Airlines Inc.,US_KLGA
226769,2013,6,5,2232.0,2225,7.0,2338.0,2337,1.0,EV,5215,N398CA,LGA,Aeropuerto de La Guardia,-73.872597,40.777199,SYR,Aeropuerto Internacional Syracuse Hancock,-76.1063,43.111198,38.0,198,22,25,2013-06-05 22:00:00,ExpressJet Airlines Inc.,US_KLGA
227749,2013,6,6,2344.0,2225,79.0,40.0,2337,63.0,EV,5215,N718EV,LGA,Aeropuerto de La Guardia,-73.872597,40.777199,SYR,Aeropuerto Internacional Syracuse Hancock,-76.1063,43.111198,37.0,198,22,25,2013-06-06 22:00:00,ExpressJet Airlines Inc.,US_KLGA
228668,2013,6,7,2318.0,2225,53.0,18.0,2337,41.0,EV,5215,N744EV,LGA,Aeropuerto de La Guardia,-73.872597,40.777199,SYR,Aeropuerto Internacional Syracuse Hancock,-76.1063,43.111198,39.0,198,22,25,2013-06-07 22:00:00,ExpressJet Airlines Inc.,US_KLGA
230410,2013,6,9,2242.0,2225,17.0,2337.0,2337,0.0,EV,5215,N748EV,LGA,Aeropuerto de La Guardia,-73.872597,40.777199,SYR,Aeropuerto Internacional Syracuse Hancock,-76.1063,43.111198,40.0,198,22,25,2013-06-09 22:00:00,ExpressJet Airlines Inc.,US_KLGA
252585,2013,7,3,850.0,850,0.0,959.0,1017,-18.0,EV,5132,N713EV,LGA,Aeropuerto de La Guardia,-73.872597,40.777199,SYR,Aeropuerto Internacional Syracuse Hancock,-76.1063,43.111198,33.0,198,8,50,2013-07-03 08:00:00,ExpressJet Airlines Inc.,US_KLGA
253722,2013,7,4,1322.0,1330,-8.0,1414.0,1449,-35.0,9E,3778,N8905F,LGA,Aeropuerto de La Guardia,-73.872597,40.777199,SYR,Aeropuerto Internacional Syracuse Hancock,-76.1063,43.111198,34.0,198,13,30,2013-07-04 13:00:00,Endeavor Air Inc.,US_KLGA
255901,2013,7,7,843.0,850,-7.0,943.0,1017,-34.0,EV,5132,N740EV,LGA,Aeropuerto de La Guardia,-73.872597,40.777199,SYR,Aeropuerto Internacional Syracuse Hancock,-76.1063,43.111198,38.0,198,8,50,2013-07-07 08:00:00,ExpressJet Airlines Inc.,US_KLGA
257220,2013,7,8,1556.0,1245,191.0,1648.0,1404,164.0,EV,5132,N391CA,LGA,Aeropuerto de La Guardia,-73.872597,40.777199,SYR,Aeropuerto Internacional Syracuse Hancock,-76.1063,43.111198,33.0,198,12,45,2013-07-08 12:00:00,ExpressJet Airlines Inc.,US_KLGA
258061,2013,7,9,1245.0,1245,0.0,1354.0,1404,-10.0,EV,5132,N738EV,LGA,Aeropuerto de La Guardia,-73.872597,40.777199,SYR,Aeropuerto Internacional Syracuse Hancock,-76.1063,43.111198,40.0,198,12,45,2013-07-09 12:00:00,ExpressJet Airlines Inc.,US_KLGA
259079,2013,7,10,1238.0,1245,-7.0,1418.0,1404,14.0,EV,5132,N754EV,LGA,Aeropuerto de La Guardia,-73.872597,40.777199,SYR,Aeropuerto Internacional Syracuse Hancock,-76.1063,43.111198,44.0,198,12,45,2013-07-10 12:00:00,ExpressJet Airlines Inc.,US_KLGA
260165,2013,7,11,1506.0,1245,141.0,1611.0,1404,127.0,EV,5132,N754EV,LGA,Aeropuerto de La Guardia,-73.872597,40.777199,SYR,Aeropuerto Internacional Syracuse Hancock,-76.1063,43.111198,34.0,198,12,45,2013-07-11 12:00:00,ExpressJet Airlines Inc.,US_KLGA
261087,2013,7,12,1250.0,1245,5.0,1411.0,1404,7.0,EV,5132,N614QX,LGA,Aeropuerto de La Guardia,-73.872597,40.777199,SYR,Aeropuerto Internacional Syracuse Hancock,-76.1063,43.111198,35.0,198,12,45,2013-07-12 12:00:00,ExpressJet Airlines Inc.,US_KLGA
262640,2013,7,14,843.0,850,-7.0,930.0,1017,-47.0,EV,5132,N604QX,LGA,Aeropuerto de La Guardia,-73.872597,40.777199,SYR,Aeropuerto Internacional Syracuse Hancock,-76.1063,43.111198,34.0,198,8,50,2013-07-14 08:00:00,ExpressJet Airlines Inc.,US_KLGA
263820,2013,7,15,1239.0,1245,-6.0,1328.0,1404,-36.0,EV,5132,N720EV,LGA,Aeropuerto de La Guardia,-73.872597,40.777199,SYR,Aeropuerto Internacional Syracuse Hancock,-76.1063,43.111198,35.0,198,12,45,2013-07-15 12:00:00,ExpressJet Airlines Inc.,US_KLGA
264817,2013,7,16,1238.0,1245,-7.0,1411.0,1404,7.0,EV,5132,N751EV,LGA,Aeropuerto de La Guardia,-73.872597,40.777199,SYR,Aeropuerto Internacional Syracuse Hancock,-76.1063,43.111198,36.0,198,12,45,2013-07-16 12:00:00,ExpressJet Airlines Inc.,US_KLGA
265813,2013,7,17,1237.0,1245,-8.0,1349.0,1404,-15.0,EV,5132,N751EV,LGA,Aeropuerto de La Guardia,-73.872597,40.777199,SYR,Aeropuerto Internacional Syracuse Hancock,-76.1063,43.111198,36.0,198,12,45,2013-07-17 12:00:00,ExpressJet Airlines Inc.,US_KLGA
266816,2013,7,18,1240.0,1245,-5.0,1336.0,1404,-28.0,EV,5132,N730EV,LGA,Aeropuerto de La Guardia,-73.872597,40.777199,SYR,Aeropuerto Internacional Syracuse Hancock,-76.1063,43.111198,36.0,198,12,45,2013-07-18 12:00:00,ExpressJet Airlines Inc.,US_KLGA
267910,2013,7,19,1424.0,1245,99.0,1522.0,1404,78.0,EV,5132,N718EV,LGA,Aeropuerto de La Guardia,-73.872597,40.777199,SYR,Aeropuerto Internacional Syracuse Hancock,-76.1063,43.111198,37.0,198,12,45,2013-07-19 12:00:00,ExpressJet Airlines Inc.,US_KLGA
269387,2013,7,21,843.0,850,-7.0,948.0,1017,-29.0,EV,5132,N752EV,LGA,Aeropuerto de La Guardia,-73.872597,40.777199,SYR,Aeropuerto Internacional Syracuse Hancock,-76.1063,43.111198,38.0,198,8,50,2013-07-21 08:00:00,ExpressJet Airlines Inc.,US_KLGA
270601,2013,7,22,1316.0,1245,31.0,1500.0,1404,56.0,EV,5132,N611QX,LGA,Aeropuerto de La Guardia,-73.872597,40.777199,SYR,Aeropuerto Internacional Syracuse Hancock,-76.1063,43.111198,38.0,198,12,45,2013-07-22 12:00:00,ExpressJet Airlines Inc.,US_KLGA
271558,2013,7,23,1320.0,1245,35.0,1444.0,1404,40.0,EV,5132,N748EV,LGA,Aeropuerto de La Guardia,-73.872597,40.777199,SYR,Aeropuerto Internacional Syracuse Hancock,-76.1063,43.111198,48.0,198,12,45,2013-07-23 12:00:00,ExpressJet Airlines Inc.,US_KLGA
272538,2013,7,24,1237.0,1245,-8.0,1402.0,1404,-2.0,EV,5132,N608QX,LGA,Aeropuerto de La Guardia,-73.872597,40.777199,SYR,Aeropuerto Internacional Syracuse Hancock,-76.1063,43.111198,44.0,198,12,45,2013-07-24 12:00:00,ExpressJet Airlines Inc.,US_KLGA
273543,2013,7,25,1237.0,1245,-8.0,1342.0,1404,-22.0,EV,5132,N753EV,LGA,Aeropuerto de La Guardia,-73.872597,40.777199,SYR,Aeropuerto Internacional Syracuse Hancock,-76.1063,43.111198,38.0,198,12,45,2013-07-25 12:00:00,ExpressJet Airlines Inc.,US_KLGA
274555,2013,7,26,1243.0,1245,-2.0,1411.0,1404,7.0,EV,5132,N754EV,LGA,Aeropuerto de La Guardia,-73.872597,40.777199,SYR,Aeropuerto Internacional Syracuse Hancock,-76.1063,43.111198,37.0,198,12,45,2013-07-26 12:00:00,ExpressJet Airlines Inc.,US_KLGA
276149,2013,7,28,841.0,850,-9.0,937.0,1017,-40.0,EV,5132,N709EV,LGA,Aeropuerto de La Guardia,-73.872597,40.777199,SYR,Aeropuerto Internacional Syracuse Hancock,-76.1063,43.111198,35.0,198,8,50,2013-07-28 08:00:00,ExpressJet Airlines Inc.,US_KLGA
277861,2013,7,29,,1245,,,1404,,EV,5132,N741EV,LGA,Aeropuerto de La Guardia,-73.872597,40.777199,SYR,Aeropuerto Internacional Syracuse Hancock,-76.1063,43.111198,,198,12,45,2013-07-29 12:00:00,ExpressJet Airlines Inc.,US_KLGA
278293,2013,7,30,1241.0,1245,-4.0,1338.0,1404,-26.0,EV,5132,N723EV,LGA,Aeropuerto de La Guardia,-73.872597,40.777199,SYR,Aeropuerto Internacional Syracuse Hancock,-76.1063,43.111198,36.0,198,12,45,2013-07-30 12:00:00,ExpressJet Airlines Inc.,US_KLGA
279292,2013,7,31,1236.0,1245,-9.0,1329.0,1404,-35.0,EV,5132,N723EV,LGA,Aeropuerto de La Guardia,-73.872597,40.777199,SYR,Aeropuerto Internacional Syracuse Hancock,-76.1063,43.111198,35.0,198,12,45,2013-07-31 12:00:00,ExpressJet Airlines Inc.,US_KLGA
280298,2013,8,1,1241.0,1245,-4.0,1412.0,1404,8.0,EV,5132,N723EV,LGA,Aeropuerto de La Guardia,-73.872597,40.777199,SYR,Aeropuerto Internacional Syracuse Hancock,-76.1063,43.111198,49.0,198,12,45,2013-08-01 12:00:00,ExpressJet Airlines Inc.,US_KLGA
281281,2013,8,2,1241.0,1245,-4.0,1345.0,1404,-19.0,EV,5132,N730EV,LGA,Aeropuerto de La Guardia,-73.872597,40.777199,SYR,Aeropuerto Internacional Syracuse Hancock,-76.1063,43.111198,39.0,198,12,45,2013-08-02 12:00:00,ExpressJet Airlines Inc.,US_KLGA
282858,2013,8,4,841.0,850,-9.0,940.0,1017,-37.0,EV,5132,N713EV,LGA,Aeropuerto de La Guardia,-73.872597,40.777199,SYR,Aeropuerto Internacional Syracuse Hancock,-76.1063,43.111198,42.0,198,8,50,2013-08-04 08:00:00,ExpressJet Airlines Inc.,US_KLGA
284032,2013,8,5,1237.0,1245,-8.0,1336.0,1404,-28.0,EV,5132,N713EV,LGA,Aeropuerto de La Guardia,-73.872597,40.777199,SYR,Aeropuerto Internacional Syracuse Hancock,-76.1063,43.111198,37.0,198,12,45,2013-08-05 12:00:00,ExpressJet Airlines Inc.,US_KLGA
285052,2013,8,6,1259.0,1245,14.0,1412.0,1404,8.0,EV,5132,N713EV,LGA,Aeropuerto de La Guardia,-73.872597,40.777199,SYR,Aeropuerto Internacional Syracuse Hancock,-76.1063,43.111198,40.0,198,12,45,2013-08-06 12:00:00,ExpressJet Airlines Inc.,US_KLGA
286044,2013,8,7,1301.0,1245,16.0,1413.0,1404,9.0,EV,5132,N760EV,LGA,Aeropuerto de La Guardia,-73.872597,40.777199,SYR,Aeropuerto Internacional Syracuse Hancock,-76.1063,43.111198,37.0,198,12,45,2013-08-07 12:00:00,ExpressJet Airlines Inc.,US_KLGA
287585,2013,8,8,,1245,,,1404,,EV,5132,N716EV,LGA,Aeropuerto de La Guardia,-73.872597,40.777199,SYR,Aeropuerto Internacional Syracuse Hancock,-76.1063,43.111198,,198,12,45,2013-08-08 12:00:00,ExpressJet Airlines Inc.,US_KLGA
288042,2013,8,9,1300.0,1245,15.0,1423.0,1404,19.0,EV,5132,N738EV,LGA,Aeropuerto de La Guardia,-73.872597,40.777199,SYR,Aeropuerto Internacional Syracuse Hancock,-76.1063,43.111198,46.0,198,12,45,2013-08-09 12:00:00,ExpressJet Airlines Inc.,US_KLGA
289591,2013,8,11,842.0,850,-8.0,939.0,1017,-38.0,EV,5132,N398CA,LGA,Aeropuerto de La Guardia,-73.872597,40.777199,SYR,Aeropuerto Internacional Syracuse Hancock,-76.1063,43.111198,41.0,198,8,50,2013-08-11 08:00:00,ExpressJet Airlines Inc.,US_KLGA
290781,2013,8,12,1253.0,1245,8.0,1411.0,1404,7.0,EV,5132,N371CA,LGA,Aeropuerto de La Guardia,-73.872597,40.777199,SYR,Aeropuerto Internacional Syracuse Hancock,-76.1063,43.111198,38.0,198,12,45,2013-08-12 12:00:00,ExpressJet Airlines Inc.,US_KLGA
291750,2013,8,13,1315.0,1245,30.0,1415.0,1404,11.0,EV,5132,N371CA,LGA,Aeropuerto de La Guardia,-73.872597,40.777199,SYR,Aeropuerto Internacional Syracuse Hancock,-76.1063,43.111198,38.0,198,12,45,2013-08-13 12:00:00,ExpressJet Airlines Inc.,US_KLGA
292776,2013,8,14,1249.0,1245,4.0,1351.0,1404,-13.0,EV,5132,N717EV,LGA,Aeropuerto de La Guardia,-73.872597,40.777199,SYR,Aeropuerto Internacional Syracuse Hancock,-76.1063,43.111198,39.0,198,12,45,2013-08-14 12:00:00,ExpressJet Airlines Inc.,US_KLGA
293768,2013,8,15,1241.0,1245,-4.0,1354.0,1404,-10.0,EV,5132,N759EV,LGA,Aeropuerto de La Guardia,-73.872597,40.777199,SYR,Aeropuerto Internacional Syracuse Hancock,-76.1063,43.111198,36.0,198,12,45,2013-08-15 12:00:00,ExpressJet Airlines Inc.,US_KLGA
295332,2013,8,16,,1245,,,1404,,EV,5132,N759EV,LGA,Aeropuerto de La Guardia,-73.872597,40.777199,SYR,Aeropuerto Internacional Syracuse Hancock,-76.1063,43.111198,,198,12,45,2013-08-16 12:00:00,ExpressJet Airlines Inc.,US_KLGA
296291,2013,8,18,843.0,850,-7.0,939.0,1017,-38.0,EV,5132,N718EV,LGA,Aeropuerto de La Guardia,-73.872597,40.777199,SYR,Aeropuerto Internacional Syracuse Hancock,-76.1063,43.111198,36.0,198,8,50,2013-08-18 08:00:00,ExpressJet Airlines Inc.,US_KLGA
297530,2013,8,19,1406.0,1245,81.0,1503.0,1404,59.0,EV,5132,N614QX,LGA,Aeropuerto de La Guardia,-73.872597,40.777199,SYR,Aeropuerto Internacional Syracuse Hancock,-76.1063,43.111198,34.0,198,12,45,2013-08-19 12:00:00,ExpressJet Airlines Inc.,US_KLGA
298455,2013,8,20,1245.0,1245,0.0,1339.0,1404,-25.0,EV,4905,N614QX,LGA,Aeropuerto de La Guardia,-73.872597,40.777199,SYR,Aeropuerto Internacional Syracuse Hancock,-76.1063,43.111198,37.0,198,12,45,2013-08-20 12:00:00,ExpressJet Airlines Inc.,US_KLGA
299439,2013,8,21,1240.0,1245,-5.0,,1404,,EV,4905,N709EV,LGA,Aeropuerto de La Guardia,-73.872597,40.777199,SYR,Aeropuerto Internacional Syracuse Hancock,-76.1063,43.111198,,198,12,45,2013-08-21 12:00:00,ExpressJet Airlines Inc.,US_KLGA
300973,2013,8,22,,1245,,,1404,,EV,4905,N713EV,LGA,Aeropuerto de La Guardia,-73.872597,40.777199,SYR,Aeropuerto Internacional Syracuse Hancock,-76.1063,43.111198,,198,12,45,2013-08-22 12:00:00,ExpressJet Airlines Inc.,US_KLGA
301408,2013,8,23,1240.0,1245,-5.0,1345.0,1404,-19.0,EV,4905,N717EV,LGA,Aeropuerto de La Guardia,-73.872597,40.777199,SYR,Aeropuerto Internacional Syracuse Hancock,-76.1063,43.111198,35.0,198,12,45,2013-08-23 12:00:00,ExpressJet Airlines Inc.,US_KLGA
304636,2013,8,26,,1245,,,1404,,EV,4905,N717EV,LGA,Aeropuerto de La Guardia,-73.872597,40.777199,SYR,Aeropuerto Internacional Syracuse Hancock,-76.1063,43.111198,,198,12,45,2013-08-26 12:00:00,ExpressJet Airlines Inc.,US_KLGA
305124,2013,8,27,1401.0,1245,76.0,1508.0,1404,64.0,EV,4905,N717EV,LGA,Aeropuerto de La Guardia,-73.872597,40.777199,SYR,Aeropuerto Internacional Syracuse Hancock,-76.1063,43.111198,37.0,198,12,45,2013-08-27 12:00:00,ExpressJet Airlines Inc.,US_KLGA
306023,2013,8,28,1246.0,1245,1.0,1436.0,1404,32.0,EV,4905,N759EV,LGA,Aeropuerto de La Guardia,-73.872597,40.777199,SYR,Aeropuerto Internacional Syracuse Hancock,-76.1063,43.111198,48.0,198,12,45,2013-08-28 12:00:00,ExpressJet Airlines Inc.,US_KLGA
307001,2013,8,29,1251.0,1245,6.0,1413.0,1404,9.0,EV,4905,N615QX,LGA,Aeropuerto de La Guardia,-73.872597,40.777199,SYR,Aeropuerto Internacional Syracuse Hancock,-76.1063,43.111198,38.0,198,12,45,2013-08-29 12:00:00,ExpressJet Airlines Inc.,US_KLGA
307962,2013,8,30,1238.0,1245,-7.0,1331.0,1404,-33.0,EV,4905,N615QX,LGA,Aeropuerto de La Guardia,-73.872597,40.777199,SYR,Aeropuerto Internacional Syracuse Hancock,-76.1063,43.111198,36.0,198,12,45,2013-08-30 12:00:00,ExpressJet Airlines Inc.,US_KLGA
310412,2013,9,2,1541.0,1245,176.0,1643.0,1404,159.0,EV,4905,N712EV,LGA,Aeropuerto de La Guardia,-73.872597,40.777199,SYR,Aeropuerto Internacional Syracuse Hancock,-76.1063,43.111198,37.0,198,12,45,2013-09-02 12:00:00,ExpressJet Airlines Inc.,US_KLGA
310745,2013,9,2,2318.0,2220,58.0,41.0,2327,74.0,EV,4899,N751EV,LGA,Aeropuerto de La Guardia,-73.872597,40.777199,SYR,Aeropuerto Internacional Syracuse Hancock,-76.1063,43.111198,39.0,198,22,20,2013-09-02 22:00:00,ExpressJet Airlines Inc.,US_KLGA
311091,2013,9,3,915.0,915,0.0,1024.0,1044,-20.0,EV,5480,N605QX,LGA,Aeropuerto de La Guardia,-73.872597,40.777199,SYR,Aeropuerto Internacional Syracuse Hancock,-76.1063,43.111198,36.0,198,9,15,2013-09-03 09:00:00,ExpressJet Airlines Inc.,US_KLGA
311778,2013,9,3,2152.0,2200,-8.0,2257.0,2312,-15.0,9E,3525,N921XJ,LGA,Aeropuerto de La Guardia,-73.872597,40.777199,SYR,Aeropuerto Internacional Syracuse Hancock,-76.1063,43.111198,36.0,198,22,0,2013-09-03 22:00:00,Endeavor Air Inc.,US_KLGA
311796,2013,9,3,,1238,,,1354,,EV,5132,N605QX,LGA,Aeropuerto de La Guardia,-73.872597,40.777199,SYR,Aeropuerto Internacional Syracuse Hancock,-76.1063,43.111198,,198,12,38,2013-09-03 12:00:00,ExpressJet Airlines Inc.,US_KLGA
312072,2013,9,4,930.0,915,15.0,1041.0,1044,-3.0,EV,5480,N713EV,LGA,Aeropuerto de La Guardia,-73.872597,40.777199,SYR,Aeropuerto Internacional Syracuse Hancock,-76.1063,43.111198,38.0,198,9,15,2013-09-04 09:00:00,ExpressJet Airlines Inc.,US_KLGA
312204,2013,9,4,1222.0,1238,-16.0,1318.0,1354,-36.0,9E,3291,N905XJ,LGA,Aeropuerto de La Guardia,-73.872597,40.777199,SYR,Aeropuerto Internacional Syracuse Hancock,-76.1063,43.111198,35.0,198,12,38,2013-09-04 12:00:00,Endeavor Air Inc.,US_KLGA
312737,2013,9,4,2149.0,2200,-11.0,2257.0,2312,-15.0,9E,3525,N925XJ,LGA,Aeropuerto de La Guardia,-73.872597,40.777199,SYR,Aeropuerto Internacional Syracuse Hancock,-76.1063,43.111198,41.0,198,22,0,2013-09-04 22:00:00,Endeavor Air Inc.,US_KLGA
313010,2013,9,5,909.0,915,-6.0,1015.0,1044,-29.0,EV,5480,N750EV,LGA,Aeropuerto de La Guardia,-73.872597,40.777199,SYR,Aeropuerto Internacional Syracuse Hancock,-76.1063,43.111198,37.0,198,9,15,2013-09-05 09:00:00,ExpressJet Airlines Inc.,US_KLGA
313165,2013,9,5,1231.0,1238,-7.0,1339.0,1354,-15.0,9E,3291,N903XJ,LGA,Aeropuerto de La Guardia,-73.872597,40.777199,SYR,Aeropuerto Internacional Syracuse Hancock,-76.1063,43.111198,41.0,198,12,38,2013-09-05 12:00:00,Endeavor Air Inc.,US_KLGA
313711,2013,9,5,2156.0,2200,-4.0,2305.0,2312,-7.0,9E,3525,N928XJ,LGA,Aeropuerto de La Guardia,-73.872597,40.777199,SYR,Aeropuerto Internacional Syracuse Hancock,-76.1063,43.111198,36.0,198,22,0,2013-09-05 22:00:00,Endeavor Air Inc.,US_KLGA
313969,2013,9,6,902.0,915,-13.0,1012.0,1044,-32.0,EV,5480,N753EV,LGA,Aeropuerto de La Guardia,-73.872597,40.777199,SYR,Aeropuerto Internacional Syracuse Hancock,-76.1063,43.111198,38.0,198,9,15,2013-09-06 09:00:00,ExpressJet Airlines Inc.,US_KLGA
314137,2013,9,6,1234.0,1238,-4.0,1336.0,1354,-18.0,EV,5132,N604QX,LGA,Aeropuerto de La Guardia,-73.872597,40.777199,SYR,Aeropuerto Internacional Syracuse Hancock,-76.1063,43.111198,37.0,198,12,38,2013-09-06 12:00:00,ExpressJet Airlines Inc.,US_KLGA
314675,2013,9,6,2157.0,2200,-3.0,2256.0,2312,-16.0,9E,3525,N901XJ,LGA,Aeropuerto de La Guardia,-73.872597,40.777199,SYR,Aeropuerto Internacional Syracuse Hancock,-76.1063,43.111198,36.0,198,22,0,2013-09-06 22:00:00,Endeavor Air Inc.,US_KLGA
314974,2013,9,7,1136.0,1145,-9.0,1246.0,1307,-21.0,EV,5132,N724EV,LGA,Aeropuerto de La Guardia,-73.872597,40.777199,SYR,Aeropuerto Internacional Syracuse Hancock,-76.1063,43.111198,35.0,198,11,45,2013-09-07 11:00:00,ExpressJet Airlines Inc.,US_KLGA
315274,2013,9,7,1804.0,1805,-1.0,1901.0,1924,-23.0,EV,5379,N719EV,LGA,Aeropuerto de La Guardia,-73.872597,40.777199,SYR,Aeropuerto Internacional Syracuse Hancock,-76.1063,43.111198,35.0,198,18,5,2013-09-07 18:00:00,ExpressJet Airlines Inc.,US_KLGA
315733,2013,9,8,1252.0,1238,14.0,1357.0,1354,3.0,EV,5132,N611QX,LGA,Aeropuerto de La Guardia,-73.872597,40.777199,SYR,Aeropuerto Internacional Syracuse Hancock,-76.1063,43.111198,38.0,198,12,38,2013-09-08 12:00:00,ExpressJet Airlines Inc.,US_KLGA
316269,2013,9,8,2213.0,2200,13.0,2330.0,2312,18.0,9E,3525,N910XJ,LGA,Aeropuerto de La Guardia,-73.872597,40.777199,SYR,Aeropuerto Internacional Syracuse Hancock,-76.1063,43.111198,38.0,198,22,0,2013-09-08 22:00:00,Endeavor Air Inc.,US_KLGA
316708,2013,9,9,1227.0,1238,-11.0,1403.0,1354,9.0,EV,5132,N719EV,LGA,Aeropuerto de La Guardia,-73.872597,40.777199,SYR,Aeropuerto Internacional Syracuse Hancock,-76.1063,43.111198,41.0,198,12,38,2013-09-09 12:00:00,ExpressJet Airlines Inc.,US_KLGA
317262,2013,9,9,2141.0,2200,-19.0,2244.0,2312,-28.0,9E,3525,N918XJ,LGA,Aeropuerto de La Guardia,-73.872597,40.777199,SYR,Aeropuerto Internacional Syracuse Hancock,-76.1063,43.111198,36.0,198,22,0,2013-09-09 22:00:00,Endeavor Air Inc.,US_KLGA
317697,2013,9,10,1245.0,1238,7.0,1348.0,1354,-6.0,EV,5132,N753EV,LGA,Aeropuerto de La Guardia,-73.872597,40.777199,SYR,Aeropuerto Internacional Syracuse Hancock,-76.1063,43.111198,37.0,198,12,38,2013-09-10 12:00:00,ExpressJet Airlines Inc.,US_KLGA
318220,2013,9,10,2155.0,2200,-5.0,2307.0,2312,-5.0,9E,3525,N908XJ,LGA,Aeropuerto de La Guardia,-73.872597,40.777199,SYR,Aeropuerto Internacional Syracuse Hancock,-76.1063,43.111198,37.0,198,22,0,2013-09-10 22:00:00,Endeavor Air Inc.,US_KLGA
318493,2013,9,11,912.0,915,-3.0,1009.0,1044,-35.0,EV,5480,N750EV,LGA,Aeropuerto de La Guardia,-73.872597,40.777199,SYR,Aeropuerto Internacional Syracuse Hancock,-76.1063,43.111198,35.0,198,9,15,2013-09-11 09:00:00,ExpressJet Airlines Inc.,US_KLGA
318645,2013,9,11,1229.0,1238,-9.0,1319.0,1354,-35.0,EV,5132,N712EV,LGA,Aeropuerto de La Guardia,-73.872597,40.777199,SYR,Aeropuerto Internacional Syracuse Hancock,-76.1063,43.111198,36.0,198,12,38,2013-09-11 12:00:00,ExpressJet Airlines Inc.,US_KLGA
319157,2013,9,11,2351.0,2200,111.0,52.0,2312,100.0,9E,3525,N921XJ,LGA,Aeropuerto de La Guardia,-73.872597,40.777199,SYR,Aeropuerto Internacional Syracuse Hancock,-76.1063,43.111198,33.0,198,22,0,2013-09-11 22:00:00,Endeavor Air Inc.,US_KLGA
319616,2013,9,12,1227.0,1238,-11.0,1505.0,1354,71.0,EV,5132,N612QX,LGA,Aeropuerto de La Guardia,-73.872597,40.777199,SYR,Aeropuerto Internacional Syracuse Hancock,-76.1063,43.111198,37.0,198,12,38,2013-09-12 12:00:00,ExpressJet Airlines Inc.,US_KLGA
320076,2013,9,12,,2200,,,2312,,9E,3525,,LGA,Aeropuerto de La Guardia,-73.872597,40.777199,SYR,Aeropuerto Internacional Syracuse Hancock,-76.1063,43.111198,,198,22,0,2013-09-12 22:00:00,Endeavor Air Inc.,US_KLGA
320176,2013,9,13,3.0,2200,123.0,110.0,2312,118.0,9E,3525,N917XJ,LGA,Aeropuerto de La Guardia,-73.872597,40.777199,SYR,Aeropuerto Internacional Syracuse Hancock,-76.1063,43.111198,36.0,198,22,0,2013-09-13 22:00:00,Endeavor Air Inc.,US_KLGA
320575,2013,9,13,1232.0,1238,-6.0,1355.0,1354,1.0,EV,5132,N759EV,LGA,Aeropuerto de La Guardia,-73.872597,40.777199,SYR,Aeropuerto Internacional Syracuse Hancock,-76.1063,43.111198,39.0,198,12,38,2013-09-13 12:00:00,ExpressJet Airlines Inc.,US_KLGA
321463,2013,9,14,1148.0,1145,3.0,1251.0,1307,-16.0,EV,5132,N718EV,LGA,Aeropuerto de La Guardia,-73.872597,40.777199,SYR,Aeropuerto Internacional Syracuse Hancock,-76.1063,43.111198,40.0,198,11,45,2013-09-14 11:00:00,ExpressJet Airlines Inc.,US_KLGA
321753,2013,9,14,1800.0,1805,-5.0,1850.0,1924,-34.0,EV,5379,N720EV,LGA,Aeropuerto de La Guardia,-73.872597,40.777199,SYR,Aeropuerto Internacional Syracuse Hancock,-76.1063,43.111198,34.0,198,18,5,2013-09-14 18:00:00,ExpressJet Airlines Inc.,US_KLGA
322185,2013,9,15,1220.0,1238,-18.0,1319.0,1354,-35.0,EV,5132,N708EV,LGA,Aeropuerto de La Guardia,-73.872597,40.777199,SYR,Aeropuerto Internacional Syracuse Hancock,-76.1063,43.111198,34.0,198,12,38,2013-09-15 12:00:00,ExpressJet Airlines Inc.,US_KLGA
322740,2013,9,15,2206.0,2200,6.0,2302.0,2312,-10.0,9E,3525,N934XJ,LGA,Aeropuerto de La Guardia,-73.872597,40.777199,SYR,Aeropuerto Internacional Syracuse Hancock,-76.1063,43.111198,36.0,198,22,0,2013-09-15 22:00:00,Endeavor Air Inc.,US_KLGA
323731,2013,9,16,2159.0,2200,-1.0,2301.0,2312,-11.0,9E,3525,N922XJ,LGA,Aeropuerto de La Guardia,-73.872597,40.777199,SYR,Aeropuerto Internacional Syracuse Hancock,-76.1063,43.111198,36.0,198,22,0,2013-09-16 22:00:00,Endeavor Air Inc.,US_KLGA
323744,2013,9,16,,1238,,,1354,,EV,5132,N713EV,LGA,Aeropuerto de La Guardia,-73.872597,40.777199,SYR,Aeropuerto Internacional Syracuse Hancock,-76.1063,43.111198,,198,12,38,2013-09-16 12:00:00,ExpressJet Airlines Inc.,US_KLGA
324195,2013,9,17,1301.0,1238,23.0,1420.0,1354,26.0,EV,5132,N719EV,LGA,Aeropuerto de La Guardia,-73.872597,40.777199,SYR,Aeropuerto Internacional Syracuse Hancock,-76.1063,43.111198,38.0,198,12,38,2013-09-17 12:00:00,ExpressJet Airlines Inc.,US_KLGA
324698,2013,9,17,2159.0,2200,-1.0,2313.0,2312,1.0,9E,3525,N910XJ,LGA,Aeropuerto de La Guardia,-73.872597,40.777199,SYR,Aeropuerto Internacional Syracuse Hancock,-76.1063,43.111198,50.0,198,22,0,2013-09-17 22:00:00,Endeavor Air Inc.,US_KLGA
325302,2013,9,18,1529.0,1238,171.0,1630.0,1354,156.0,EV,5132,N712EV,LGA,Aeropuerto de La Guardia,-73.872597,40.777199,SYR,Aeropuerto Internacional Syracuse Hancock,-76.1063,43.111198,33.0,198,12,38,2013-09-18 12:00:00,ExpressJet Airlines Inc.,US_KLGA
325669,2013,9,18,2150.0,2200,-10.0,2256.0,2312,-16.0,9E,3525,N932XJ,LGA,Aeropuerto de La Guardia,-73.872597,40.777199,SYR,Aeropuerto Internacional Syracuse Hancock,-76.1063,43.111198,34.0,198,22,0,2013-09-18 22:00:00,Endeavor Air Inc.,US_KLGA
326092,2013,9,19,1231.0,1238,-7.0,1341.0,1354,-13.0,EV,5132,N750EV,LGA,Aeropuerto de La Guardia,-73.872597,40.777199,SYR,Aeropuerto Internacional Syracuse Hancock,-76.1063,43.111198,35.0,198,12,38,2013-09-19 12:00:00,ExpressJet Airlines Inc.,US_KLGA
326641,2013,9,19,2219.0,2200,19.0,2307.0,2312,-5.0,9E,3525,N921XJ,LGA,Aeropuerto de La Guardia,-73.872597,40.777199,SYR,Aeropuerto Internacional Syracuse Hancock,-76.1063,43.111198,33.0,198,22,0,2013-09-19 22:00:00,Endeavor Air Inc.,US_KLGA
327081,2013,9,20,1223.0,1238,-15.0,1327.0,1354,-27.0,EV,5132,N371CA,LGA,Aeropuerto de La Guardia,-73.872597,40.777199,SYR,Aeropuerto Internacional Syracuse Hancock,-76.1063,43.111198,38.0,198,12,38,2013-09-20 12:00:00,ExpressJet Airlines Inc.,US_KLGA
327645,2013,9,20,2207.0,2200,7.0,2304.0,2312,-8.0,9E,3525,N923XJ,LGA,Aeropuerto de La Guardia,-73.872597,40.777199,SYR,Aeropuerto Internacional Syracuse Hancock,-76.1063,43.111198,35.0,198,22,0,2013-09-20 22:00:00,Endeavor Air Inc.,US_KLGA
327948,2013,9,21,1136.0,1145,-9.0,1248.0,1307,-19.0,EV,5132,N722EV,LGA,Aeropuerto de La Guardia,-73.872597,40.777199,SYR,Aeropuerto Internacional Syracuse Hancock,-76.1063,43.111198,37.0,198,11,45,2013-09-21 11:00:00,ExpressJet Airlines Inc.,US_KLGA
328343,2013,9,21,2107.0,1805,182.0,2204.0,1924,160.0,EV,5379,N132EV,LGA,Aeropuerto de La Guardia,-73.872597,40.777199,SYR,Aeropuerto Internacional Syracuse Hancock,-76.1063,43.111198,34.0,198,18,5,2013-09-21 18:00:00,ExpressJet Airlines Inc.,US_KLGA
328695,2013,9,22,1228.0,1238,-10.0,1337.0,1354,-17.0,EV,5132,N717EV,LGA,Aeropuerto de La Guardia,-73.872597,40.777199,SYR,Aeropuerto Internacional Syracuse Hancock,-76.1063,43.111198,41.0,198,12,38,2013-09-22 12:00:00,ExpressJet Airlines Inc.,US_KLGA
329261,2013,9,22,2334.0,2200,94.0,32.0,2312,80.0,9E,3525,N931XJ,LGA,Aeropuerto de La Guardia,-73.872597,40.777199,SYR,Aeropuerto Internacional Syracuse Hancock,-76.1063,43.111198,35.0,198,22,0,2013-09-22 22:00:00,Endeavor Air Inc.,US_KLGA
329753,2013,9,23,1345.0,1238,67.0,1449.0,1354,55.0,EV,5132,N744EV,LGA,Aeropuerto de La Guardia,-73.872597,40.777199,SYR,Aeropuerto Internacional Syracuse Hancock,-76.1063,43.111198,37.0,198,12,38,2013-09-23 12:00:00,ExpressJet Airlines Inc.,US_KLGA
330240,2013,9,23,2215.0,2200,15.0,2317.0,2312,5.0,9E,3525,N907XJ,LGA,Aeropuerto de La Guardia,-73.872597,40.777199,SYR,Aeropuerto Internacional Syracuse Hancock,-76.1063,43.111198,38.0,198,22,0,2013-09-23 22:00:00,Endeavor Air Inc.,US_KLGA
330668,2013,9,24,1226.0,1238,-12.0,1328.0,1354,-26.0,EV,5132,N709EV,LGA,Aeropuerto de La Guardia,-73.872597,40.777199,SYR,Aeropuerto Internacional Syracuse Hancock,-76.1063,43.111198,38.0,198,12,38,2013-09-24 12:00:00,ExpressJet Airlines Inc.,US_KLGA
331200,2013,9,24,2155.0,2200,-5.0,2252.0,2312,-20.0,9E,3525,N915XJ,LGA,Aeropuerto de La Guardia,-73.872597,40.777199,SYR,Aeropuerto Internacional Syracuse Hancock,-76.1063,43.111198,39.0,198,22,0,2013-09-24 22:00:00,Endeavor Air Inc.,US_KLGA
331625,2013,9,25,1228.0,1238,-10.0,1339.0,1354,-15.0,EV,5132,N761ND,LGA,Aeropuerto de La Guardia,-73.872597,40.777199,SYR,Aeropuerto Internacional Syracuse Hancock,-76.1063,43.111198,33.0,198,12,38,2013-09-25 12:00:00,ExpressJet Airlines Inc.,US_KLGA
332174,2013,9,25,2204.0,2200,4.0,2316.0,2312,4.0,9E,3525,N905XJ,LGA,Aeropuerto de La Guardia,-73.872597,40.777199,SYR,Aeropuerto Internacional Syracuse Hancock,-76.1063,43.111198,40.0,198,22,0,2013-09-25 22:00:00,Endeavor Air Inc.,US_KLGA
332609,2013,9,26,1230.0,1238,-8.0,1403.0,1354,9.0,EV,5132,N600QX,LGA,Aeropuerto de La Guardia,-73.872597,40.777199,SYR,Aeropuerto Internacional Syracuse Hancock,-76.1063,43.111198,39.0,198,12,38,2013-09-26 12:00:00,ExpressJet Airlines Inc.,US_KLGA
333172,2013,9,26,2203.0,2200,3.0,2304.0,2312,-8.0,9E,3525,N605LR,LGA,Aeropuerto de La Guardia,-73.872597,40.777199,SYR,Aeropuerto Internacional Syracuse Hancock,-76.1063,43.111198,42.0,198,22,0,2013-09-26 22:00:00,Endeavor Air Inc.,US_KLGA
333611,2013,9,27,1234.0,1238,-4.0,1351.0,1354,-3.0,EV,5132,N724EV,LGA,Aeropuerto de La Guardia,-73.872597,40.777199,SYR,Aeropuerto Internacional Syracuse Hancock,-76.1063,43.111198,36.0,198,12,38,2013-09-27 12:00:00,ExpressJet Airlines Inc.,US_KLGA
334179,2013,9,27,2311.0,2200,71.0,18.0,2312,66.0,9E,3525,N910XJ,LGA,Aeropuerto de La Guardia,-73.872597,40.777199,SYR,Aeropuerto Internacional Syracuse Hancock,-76.1063,43.111198,35.0,198,22,0,2013-09-27 22:00:00,Endeavor Air Inc.,US_KLGA
334470,2013,9,28,1141.0,1145,-4.0,1308.0,1307,1.0,EV,5132,N724EV,LGA,Aeropuerto de La Guardia,-73.872597,40.777199,SYR,Aeropuerto Internacional Syracuse Hancock,-76.1063,43.111198,34.0,198,11,45,2013-09-28 11:00:00,ExpressJet Airlines Inc.,US_KLGA
334764,2013,9,28,1801.0,1805,-4.0,1852.0,1924,-32.0,EV,5379,N708EV,LGA,Aeropuerto de La Guardia,-73.872597,40.777199,SYR,Aeropuerto Internacional Syracuse Hancock,-76.1063,43.111198,33.0,198,18,5,2013-09-28 18:00:00,ExpressJet Airlines Inc.,US_KLGA
335211,2013,9,29,1233.0,1238,-5.0,1342.0,1354,-12.0,EV,5132,N712EV,LGA,Aeropuerto de La Guardia,-73.872597,40.777199,SYR,Aeropuerto Internacional Syracuse Hancock,-76.1063,43.111198,36.0,198,12,38,2013-09-29 12:00:00,ExpressJet Airlines Inc.,US_KLGA
335759,2013,9,29,2156.0,2200,-4.0,2252.0,2312,-20.0,9E,3525,N936XJ,LGA,Aeropuerto de La Guardia,-73.872597,40.777199,SYR,Aeropuerto Internacional Syracuse Hancock,-76.1063,43.111198,36.0,198,22,0,2013-09-29 22:00:00,Endeavor Air Inc.,US_KLGA
336199,2013,9,30,1226.0,1238,-12.0,1330.0,1354,-24.0,EV,5132,N712EV,LGA,Aeropuerto de La Guardia,-73.872597,40.777199,SYR,Aeropuerto Internacional Syracuse Hancock,-76.1063,43.111198,40.0,198,12,38,2013-09-30 12:00:00,ExpressJet Airlines Inc.,US_KLGA
336772,2013,9,30,,2200,,,2312,,9E,3525,,LGA,Aeropuerto de La Guardia,-73.872597,40.777199,SYR,Aeropuerto Internacional Syracuse Hancock,-76.1063,43.111198,,198,22,0,2013-09-30 22:00:00,Endeavor Air Inc.,US_KLGA
289,2013,1,1,1150.0,1156,-6.0,1302.0,1314,-12.0,EV,4693,N21144,EWR,Aeropuerto Internacional Newark Liberty,-74.168701,40.692501,SYR,Aeropuerto Internacional Syracuse Hancock,-76.1063,43.111198,46.0,195,11,56,2013-01-01 11:00:00,ExpressJet Airlines Inc.,US_KEWR
1040,2013,1,2,841.0,844,-3.0,955.0,954,1.0,EV,4610,N14972,EWR,Aeropuerto Internacional Newark Liberty,-74.168701,40.692501,SYR,Aeropuerto Internacional Syracuse Hancock,-76.1063,43.111198,40.0,195,8,44,2013-01-02 08:00:00,ExpressJet Airlines Inc.,US_KEWR
5304,2013,1,7,754.0,759,-5.0,907.0,916,-9.0,EV,4392,N22909,EWR,Aeropuerto Internacional Newark Liberty,-74.168701,40.692501,SYR,Aeropuerto Internacional Syracuse Hancock,-76.1063,43.111198,44.0,195,7,59,2013-01-07 07:00:00,ExpressJet Airlines Inc.,US_KEWR
6267,2013,1,8,818.0,759,19.0,926.0,916,10.0,EV,4392,N13989,EWR,Aeropuerto Internacional Newark Liberty,-74.168701,40.692501,SYR,Aeropuerto Internacional Syracuse Hancock,-76.1063,43.111198,38.0,195,7,59,2013-01-08 07:00:00,ExpressJet Airlines Inc.,US_KEWR
7132,2013,1,9,751.0,759,-8.0,848.0,916,-28.0,EV,4392,N11194,EWR,Aeropuerto Internacional Newark Liberty,-74.168701,40.692501,SYR,Aeropuerto Internacional Syracuse Hancock,-76.1063,43.111198,39.0,195,7,59,2013-01-09 07:00:00,ExpressJet Airlines Inc.,US_KEWR
8036,2013,1,10,749.0,759,-10.0,855.0,916,-21.0,EV,4392,N17560,EWR,Aeropuerto Internacional Newark Liberty,-74.168701,40.692501,SYR,Aeropuerto Internacional Syracuse Hancock,-76.1063,43.111198,38.0,195,7,59,2013-01-10 07:00:00,ExpressJet Airlines Inc.,US_KEWR
8979,2013,1,11,755.0,800,-5.0,851.0,917,-26.0,EV,4392,N12569,EWR,Aeropuerto Internacional Newark Liberty,-74.168701,40.692501,SYR,Aeropuerto Internacional Syracuse Hancock,-76.1063,43.111198,35.0,195,8,0,2013-01-11 08:00:00,ExpressJet Airlines Inc.,US_KEWR
9902,2013,1,12,828.0,759,29.0,929.0,916,13.0,EV,4392,N15980,EWR,Aeropuerto Internacional Newark Liberty,-74.168701,40.692501,SYR,Aeropuerto Internacional Syracuse Hancock,-76.1063,43.111198,36.0,195,7,59,2013-01-12 07:00:00,ExpressJet Airlines Inc.,US_KEWR
11418,2013,1,14,756.0,759,-3.0,908.0,916,-8.0,EV,4392,N16963,EWR,Aeropuerto Internacional Newark Liberty,-74.168701,40.692501,SYR,Aeropuerto Internacional Syracuse Hancock,-76.1063,43.111198,40.0,195,7,59,2013-01-14 07:00:00,ExpressJet Airlines Inc.,US_KEWR
12343,2013,1,15,755.0,759,-4.0,852.0,916,-24.0,EV,4392,N14953,EWR,Aeropuerto Internacional Newark Liberty,-74.168701,40.692501,SYR,Aeropuerto Internacional Syracuse Hancock,-76.1063,43.111198,38.0,195,7,59,2013-01-15 07:00:00,ExpressJet Airlines Inc.,US_KEWR
13247,2013,1,16,819.0,759,20.0,924.0,916,8.0,EV,4392,N16976,EWR,Aeropuerto Internacional Newark Liberty,-74.168701,40.692501,SYR,Aeropuerto Internacional Syracuse Hancock,-76.1063,43.111198,43.0,195,7,59,2013-01-16 07:00:00,ExpressJet Airlines Inc.,US_KEWR
14135,2013,1,17,755.0,759,-4.0,858.0,916,-18.0,EV,4392,N14993,EWR,Aeropuerto Internacional Newark Liberty,-74.168701,40.692501,SYR,Aeropuerto Internacional Syracuse Hancock,-76.1063,43.111198,42.0,195,7,59,2013-01-17 07:00:00,ExpressJet Airlines Inc.,US_KEWR
15090,2013,1,18,810.0,800,10.0,911.0,917,-6.0,EV,4392,N13956,EWR,Aeropuerto Internacional Newark Liberty,-74.168701,40.692501,SYR,Aeropuerto Internacional Syracuse Hancock,-76.1063,43.111198,45.0,195,8,0,2013-01-18 08:00:00,ExpressJet Airlines Inc.,US_KEWR
15959,2013,1,19,759.0,759,0.0,904.0,916,-12.0,EV,4392,N11194,EWR,Aeropuerto Internacional Newark Liberty,-74.168701,40.692501,SYR,Aeropuerto Internacional Syracuse Hancock,-76.1063,43.111198,38.0,195,7,59,2013-01-19 07:00:00,ExpressJet Airlines Inc.,US_KEWR
17491,2013,1,21,826.0,759,27.0,923.0,916,7.0,EV,4392,N13994,EWR,Aeropuerto Internacional Newark Liberty,-74.168701,40.692501,SYR,Aeropuerto Internacional Syracuse Hancock,-76.1063,43.111198,41.0,195,7,59,2013-01-21 07:00:00,ExpressJet Airlines Inc.,US_KEWR
18363,2013,1,22,757.0,759,-2.0,900.0,916,-16.0,EV,4392,N19554,EWR,Aeropuerto Internacional Newark Liberty,-74.168701,40.692501,SYR,Aeropuerto Internacional Syracuse Hancock,-76.1063,43.111198,43.0,195,7,59,2013-01-22 07:00:00,ExpressJet Airlines Inc.,US_KEWR
19262,2013,1,23,808.0,759,9.0,921.0,916,5.0,EV,4392,N13538,EWR,Aeropuerto Internacional Newark Liberty,-74.168701,40.692501,SYR,Aeropuerto Internacional Syracuse Hancock,-76.1063,43.111198,46.0,195,7,59,2013-01-23 07:00:00,ExpressJet Airlines Inc.,US_KEWR
20193,2013,1,24,831.0,759,32.0,939.0,916,23.0,EV,4392,N14920,EWR,Aeropuerto Internacional Newark Liberty,-74.168701,40.692501,SYR,Aeropuerto Internacional Syracuse Hancock,-76.1063,43.111198,40.0,195,7,59,2013-01-24 07:00:00,ExpressJet Airlines Inc.,US_KEWR
21069,2013,1,25,752.0,800,-8.0,854.0,917,-23.0,EV,4392,N14923,EWR,Aeropuerto Internacional Newark Liberty,-74.168701,40.692501,SYR,Aeropuerto Internacional Syracuse Hancock,-76.1063,43.111198,41.0,195,8,0,2013-01-25 08:00:00,ExpressJet Airlines Inc.,US_KEWR
21953,2013,1,26,755.0,759,-4.0,853.0,916,-23.0,EV,4392,N14562,EWR,Aeropuerto Internacional Newark Liberty,-74.168701,40.692501,SYR,Aeropuerto Internacional Syracuse Hancock,-76.1063,43.111198,37.0,195,7,59,2013-01-26 07:00:00,ExpressJet Airlines Inc.,US_KEWR
24243,2013,1,28,,759,,,916,,EV,4392,N13969,EWR,Aeropuerto Internacional Newark Liberty,-74.168701,40.692501,SYR,Aeropuerto Internacional Syracuse Hancock,-76.1063,43.111198,,195,7,59,2013-01-28 07:00:00,ExpressJet Airlines Inc.,US_KEWR
24422,2013,1,29,754.0,759,-5.0,856.0,916,-20.0,EV,4392,N13550,EWR,Aeropuerto Internacional Newark Liberty,-74.168701,40.692501,SYR,Aeropuerto Internacional Syracuse Hancock,-76.1063,43.111198,39.0,195,7,59,2013-01-29 07:00:00,ExpressJet Airlines Inc.,US_KEWR
25469,2013,1,30,1103.0,759,184.0,1222.0,916,186.0,EV,4392,N13538,EWR,Aeropuerto Internacional Newark Liberty,-74.168701,40.692501,SYR,Aeropuerto Internacional Syracuse Hancock,-76.1063,43.111198,40.0,195,7,59,2013-01-30 07:00:00,ExpressJet Airlines Inc.,US_KEWR
26231,2013,1,31,816.0,759,17.0,913.0,916,-3.0,EV,4392,N27962,EWR,Aeropuerto Internacional Newark Liberty,-74.168701,40.692501,SYR,Aeropuerto Internacional Syracuse Hancock,-76.1063,43.111198,39.0,195,7,59,2013-01-31 07:00:00,ExpressJet Airlines Inc.,US_KEWR
59652,2013,11,5,832.0,842,-10.0,945.0,953,-8.0,EV,3809,N14959,EWR,Aeropuerto Internacional Newark Liberty,-74.168701,40.692501,SYR,Aeropuerto Internacional Syracuse Hancock,-76.1063,43.111198,36.0,195,8,42,2013-11-05 08:00:00,ExpressJet Airlines Inc.,US_KEWR
73651,2013,11,20,835.0,842,-7.0,949.0,953,-4.0,EV,3809,N26545,EWR,Aeropuerto Internacional Newark Liberty,-74.168701,40.692501,SYR,Aeropuerto Internacional Syracuse Hancock,-76.1063,43.111198,36.0,195,8,42,2013-11-20 08:00:00,ExpressJet Airlines Inc.,US_KEWR
74634,2013,11,21,839.0,842,-3.0,952.0,953,-1.0,EV,3809,N14573,EWR,Aeropuerto Internacional Newark Liberty,-74.168701,40.692501,SYR,Aeropuerto Internacional Syracuse Hancock,-76.1063,43.111198,37.0,195,8,42,2013-11-21 08:00:00,ExpressJet Airlines Inc.,US_KEWR
75655,2013,11,22,855.0,842,13.0,1011.0,953,18.0,EV,3809,N12957,EWR,Aeropuerto Internacional Newark Liberty,-74.168701,40.692501,SYR,Aeropuerto Internacional Syracuse Hancock,-76.1063,43.111198,40.0,195,8,42,2013-11-22 08:00:00,ExpressJet Airlines Inc.,US_KEWR
78271,2013,11,25,850.0,842,8.0,958.0,953,5.0,EV,3809,N14960,EWR,Aeropuerto Internacional Newark Liberty,-74.168701,40.692501,SYR,Aeropuerto Internacional Syracuse Hancock,-76.1063,43.111198,38.0,195,8,42,2013-11-25 08:00:00,ExpressJet Airlines Inc.,US_KEWR
79215,2013,11,26,837.0,842,-5.0,1006.0,953,13.0,EV,3809,N13955,EWR,Aeropuerto Internacional Newark Liberty,-74.168701,40.692501,SYR,Aeropuerto Internacional Syracuse Hancock,-76.1063,43.111198,41.0,195,8,42,2013-11-26 08:00:00,ExpressJet Airlines Inc.,US_KEWR
80994,2013,11,27,,842,,,953,,EV,3809,N13958,EWR,Aeropuerto Internacional Newark Liberty,-74.168701,40.692501,SYR,Aeropuerto Internacional Syracuse Hancock,-76.1063,43.111198,,195,8,42,2013-11-27 08:00:00,ExpressJet Airlines Inc.,US_KEWR
81181,2013,11,28,827.0,835,-8.0,927.0,946,-19.0,EV,3260,N14916,EWR,Aeropuerto Internacional Newark Liberty,-74.168701,40.692501,SYR,Aeropuerto Internacional Syracuse Hancock,-76.1063,43.111198,40.0,195,8,35,2013-11-28 08:00:00,ExpressJet Airlines Inc.,US_KEWR
82480,2013,11,30,848.0,835,13.0,1005.0,946,19.0,EV,3815,N14570,EWR,Aeropuerto Internacional Newark Liberty,-74.168701,40.692501,SYR,Aeropuerto Internacional Syracuse Hancock,-76.1063,43.111198,37.0,195,8,35,2013-11-30 08:00:00,ExpressJet Airlines Inc.,US_KEWR
84357,2013,12,2,836.0,842,-6.0,936.0,953,-17.0,EV,3809,N15983,EWR,Aeropuerto Internacional Newark Liberty,-74.168701,40.692501,SYR,Aeropuerto Internacional Syracuse Hancock,-76.1063,43.111198,38.0,195,8,42,2013-12-02 08:00:00,ExpressJet Airlines Inc.,US_KEWR
85367,2013,12,3,846.0,842,4.0,1009.0,953,16.0,EV,3809,N13958,EWR,Aeropuerto Internacional Newark Liberty,-74.168701,40.692501,SYR,Aeropuerto Internacional Syracuse Hancock,-76.1063,43.111198,37.0,195,8,42,2013-12-03 08:00:00,ExpressJet Airlines Inc.,US_KEWR
87061,2013,12,4,2212.0,2215,-3.0,2314.0,2325,-11.0,EV,4565,N16951,EWR,Aeropuerto Internacional Newark Liberty,-74.168701,40.692501,SYR,Aeropuerto Internacional Syracuse Hancock,-76.1063,43.111198,37.0,195,22,15,2013-12-04 22:00:00,ExpressJet Airlines Inc.,US_KEWR
87962,2013,12,5,,2215,,,2325,,EV,4565,N17560,EWR,Aeropuerto Internacional Newark Liberty,-74.168701,40.692501,SYR,Aeropuerto Internacional Syracuse Hancock,-76.1063,43.111198,,195,22,15,2013-12-05 22:00:00,ExpressJet Airlines Inc.,US_KEWR
88998,2013,12,6,,2215,,,2325,,EV,4565,N13995,EWR,Aeropuerto Internacional Newark Liberty,-74.168701,40.692501,SYR,Aeropuerto Internacional Syracuse Hancock,-76.1063,43.111198,,195,22,15,2013-12-06 22:00:00,ExpressJet Airlines Inc.,US_KEWR
89156,2013,12,7,824.0,834,-10.0,926.0,945,-19.0,EV,4565,N22971,EWR,Aeropuerto Internacional Newark Liberty,-74.168701,40.692501,SYR,Aeropuerto Internacional Syracuse Hancock,-76.1063,43.111198,39.0,195,8,34,2013-12-07 08:00:00,ExpressJet Airlines Inc.,US_KEWR
90563,2013,12,8,,2215,,,2325,,EV,4565,N11536,EWR,Aeropuerto Internacional Newark Liberty,-74.168701,40.692501,SYR,Aeropuerto Internacional Syracuse Hancock,-76.1063,43.111198,,195,22,15,2013-12-08 22:00:00,ExpressJet Airlines Inc.,US_KEWR
90588,2013,12,9,11.0,2215,116.0,121.0,2325,116.0,EV,4565,N11539,EWR,Aeropuerto Internacional Newark Liberty,-74.168701,40.692501,SYR,Aeropuerto Internacional Syracuse Hancock,-76.1063,43.111198,37.0,195,22,15,2013-12-09 22:00:00,ExpressJet Airlines Inc.,US_KEWR
92375,2013,12,10,,2215,,,2325,,EV,4565,N13955,EWR,Aeropuerto Internacional Newark Liberty,-74.168701,40.692501,SYR,Aeropuerto Internacional Syracuse Hancock,-76.1063,43.111198,,195,22,15,2013-12-10 22:00:00,ExpressJet Airlines Inc.,US_KEWR
93423,2013,12,11,2216.0,2215,1.0,2342.0,2325,17.0,EV,4565,N13949,EWR,Aeropuerto Internacional Newark Liberty,-74.168701,40.692501,SYR,Aeropuerto Internacional Syracuse Hancock,-76.1063,43.111198,46.0,195,22,15,2013-12-11 22:00:00,ExpressJet Airlines Inc.,US_KEWR
94408,2013,12,12,2341.0,2215,86.0,42.0,2325,77.0,EV,4565,N13124,EWR,Aeropuerto Internacional Newark Liberty,-74.168701,40.692501,SYR,Aeropuerto Internacional Syracuse Hancock,-76.1063,43.111198,41.0,195,22,15,2013-12-12 22:00:00,ExpressJet Airlines Inc.,US_KEWR
95367,2013,12,13,2210.0,2215,-5.0,2320.0,2325,-5.0,EV,4565,N10575,EWR,Aeropuerto Internacional Newark Liberty,-74.168701,40.692501,SYR,Aeropuerto Internacional Syracuse Hancock,-76.1063,43.111198,43.0,195,22,15,2013-12-13 22:00:00,ExpressJet Airlines Inc.,US_KEWR
95533,2013,12,14,834.0,842,-8.0,954.0,953,1.0,EV,4565,N15574,EWR,Aeropuerto Internacional Newark Liberty,-74.168701,40.692501,SYR,Aeropuerto Internacional Syracuse Hancock,-76.1063,43.111198,41.0,195,8,42,2013-12-14 08:00:00,ExpressJet Airlines Inc.,US_KEWR
96874,2013,12,15,2228.0,2215,13.0,2334.0,2325,9.0,EV,4565,N16954,EWR,Aeropuerto Internacional Newark Liberty,-74.168701,40.692501,SYR,Aeropuerto Internacional Syracuse Hancock,-76.1063,43.111198,37.0,195,22,15,2013-12-15 22:00:00,ExpressJet Airlines Inc.,US_KEWR
97905,2013,12,16,2208.0,2215,-7.0,2317.0,2325,-8.0,EV,4565,N13970,EWR,Aeropuerto Internacional Newark Liberty,-74.168701,40.692501,SYR,Aeropuerto Internacional Syracuse Hancock,-76.1063,43.111198,47.0,195,22,15,2013-12-16 22:00:00,ExpressJet Airlines Inc.,US_KEWR
97933,2013,12,17,52.0,2215,157.0,152.0,2325,147.0,EV,4565,N17984,EWR,Aeropuerto Internacional Newark Liberty,-74.168701,40.692501,SYR,Aeropuerto Internacional Syracuse Hancock,-76.1063,43.111198,36.0,195,22,15,2013-12-17 22:00:00,ExpressJet Airlines Inc.,US_KEWR
99814,2013,12,18,2306.0,2215,51.0,14.0,2325,49.0,EV,4565,N18101,EWR,Aeropuerto Internacional Newark Liberty,-74.168701,40.692501,SYR,Aeropuerto Internacional Syracuse Hancock,-76.1063,43.111198,40.0,195,22,15,2013-12-18 22:00:00,ExpressJet Airlines Inc.,US_KEWR
100490,2013,12,19,1703.0,1619,44.0,1812.0,1737,35.0,EV,4143,N11544,EWR,Aeropuerto Internacional Newark Liberty,-74.168701,40.692501,SYR,Aeropuerto Internacional Syracuse Hancock,-76.1063,43.111198,38.0,195,16,19,2013-12-19 16:00:00,ExpressJet Airlines Inc.,US_KEWR
101569,2013,12,20,1846.0,1619,147.0,1957.0,1737,140.0,EV,4143,N14952,EWR,Aeropuerto Internacional Newark Liberty,-74.168701,40.692501,SYR,Aeropuerto Internacional Syracuse Hancock,-76.1063,43.111198,36.0,195,16,19,2013-12-20 16:00:00,ExpressJet Airlines Inc.,US_KEWR
104153,2013,12,23,1721.0,1619,62.0,1821.0,1737,44.0,EV,4143,N13913,EWR,Aeropuerto Internacional Newark Liberty,-74.168701,40.692501,SYR,Aeropuerto Internacional Syracuse Hancock,-76.1063,43.111198,36.0,195,16,19,2013-12-23 16:00:00,ExpressJet Airlines Inc.,US_KEWR
104773,2013,12,24,1129.0,1126,3.0,1228.0,1237,-9.0,EV,3807,N16151,EWR,Aeropuerto Internacional Newark Liberty,-74.168701,40.692501,SYR,Aeropuerto Internacional Syracuse Hancock,-76.1063,43.111198,41.0,195,11,26,2013-12-24 11:00:00,ExpressJet Airlines Inc.,US_KEWR
105455,2013,12,25,1127.0,1127,0.0,1237.0,1238,-1.0,EV,6030,N21154,EWR,Aeropuerto Internacional Newark Liberty,-74.168701,40.692501,SYR,Aeropuerto Internacional Syracuse Hancock,-76.1063,43.111198,38.0,195,11,27,2013-12-25 11:00:00,ExpressJet Airlines Inc.,US_KEWR
107518,2013,12,27,1628.0,1619,9.0,1737.0,1737,0.0,EV,4143,N11150,EWR,Aeropuerto Internacional Newark Liberty,-74.168701,40.692501,SYR,Aeropuerto Internacional Syracuse Hancock,-76.1063,43.111198,39.0,195,16,19,2013-12-27 16:00:00,ExpressJet Airlines Inc.,US_KEWR
110172,2013,12,30,1618.0,1619,-1.0,1727.0,1737,-10.0,EV,4143,N13979,EWR,Aeropuerto Internacional Newark Liberty,-74.168701,40.692501,SYR,Aeropuerto Internacional Syracuse Hancock,-76.1063,43.111198,41.0,195,16,19,2013-12-30 16:00:00,ExpressJet Airlines Inc.,US_KEWR
111453,2013,2,1,811.0,800,11.0,910.0,917,-7.0,EV,4392,N27962,EWR,Aeropuerto Internacional Newark Liberty,-74.168701,40.692501,SYR,Aeropuerto Internacional Syracuse Hancock,-76.1063,43.111198,40.0,195,8,0,2013-02-01 08:00:00,ExpressJet Airlines Inc.,US_KEWR
112323,2013,2,2,753.0,759,-6.0,900.0,916,-16.0,EV,4392,N13969,EWR,Aeropuerto Internacional Newark Liberty,-74.168701,40.692501,SYR,Aeropuerto Internacional Syracuse Hancock,-76.1063,43.111198,39.0,195,7,59,2013-02-02 07:00:00,ExpressJet Airlines Inc.,US_KEWR
113852,2013,2,4,754.0,759,-5.0,859.0,916,-17.0,EV,4392,N13913,EWR,Aeropuerto Internacional Newark Liberty,-74.168701,40.692501,SYR,Aeropuerto Internacional Syracuse Hancock,-76.1063,43.111198,46.0,195,7,59,2013-02-04 07:00:00,ExpressJet Airlines Inc.,US_KEWR
114782,2013,2,5,754.0,759,-5.0,902.0,916,-14.0,EV,4392,N29917,EWR,Aeropuerto Internacional Newark Liberty,-74.168701,40.692501,SYR,Aeropuerto Internacional Syracuse Hancock,-76.1063,43.111198,39.0,195,7,59,2013-02-05 07:00:00,ExpressJet Airlines Inc.,US_KEWR
115676,2013,2,6,753.0,759,-6.0,906.0,916,-10.0,EV,4392,N26141,EWR,Aeropuerto Internacional Newark Liberty,-74.168701,40.692501,SYR,Aeropuerto Internacional Syracuse Hancock,-76.1063,43.111198,43.0,195,7,59,2013-02-06 07:00:00,ExpressJet Airlines Inc.,US_KEWR
116595,2013,2,7,759.0,759,0.0,858.0,916,-18.0,EV,4392,N12564,EWR,Aeropuerto Internacional Newark Liberty,-74.168701,40.692501,SYR,Aeropuerto Internacional Syracuse Hancock,-76.1063,43.111198,39.0,195,7,59,2013-02-07 07:00:00,ExpressJet Airlines Inc.,US_KEWR
117873,2013,2,8,,800,,,917,,EV,4392,N16918,EWR,Aeropuerto Internacional Newark Liberty,-74.168701,40.692501,SYR,Aeropuerto Internacional Syracuse Hancock,-76.1063,43.111198,,195,8,0,2013-02-08 08:00:00,ExpressJet Airlines Inc.,US_KEWR
118641,2013,2,9,,759,,,916,,EV,4392,N14952,EWR,Aeropuerto Internacional Newark Liberty,-74.168701,40.692501,SYR,Aeropuerto Internacional Syracuse Hancock,-76.1063,43.111198,,195,7,59,2013-02-09 07:00:00,ExpressJet Airlines Inc.,US_KEWR
119983,2013,2,11,805.0,759,6.0,920.0,916,4.0,EV,4392,N14972,EWR,Aeropuerto Internacional Newark Liberty,-74.168701,40.692501,SYR,Aeropuerto Internacional Syracuse Hancock,-76.1063,43.111198,45.0,195,7,59,2013-02-11 07:00:00,ExpressJet Airlines Inc.,US_KEWR
120903,2013,2,12,810.0,800,10.0,907.0,917,-10.0,EV,4103,N13965,EWR,Aeropuerto Internacional Newark Liberty,-74.168701,40.692501,SYR,Aeropuerto Internacional Syracuse Hancock,-76.1063,43.111198,40.0,195,8,0,2013-02-12 08:00:00,ExpressJet Airlines Inc.,US_KEWR
121779,2013,2,13,753.0,800,-7.0,856.0,917,-21.0,EV,4103,N12921,EWR,Aeropuerto Internacional Newark Liberty,-74.168701,40.692501,SYR,Aeropuerto Internacional Syracuse Hancock,-76.1063,43.111198,39.0,195,8,0,2013-02-13 08:00:00,ExpressJet Airlines Inc.,US_KEWR
122772,2013,2,14,841.0,844,-3.0,1026.0,958,28.0,EV,4682,N12957,EWR,Aeropuerto Internacional Newark Liberty,-74.168701,40.692501,SYR,Aeropuerto Internacional Syracuse Hancock,-76.1063,43.111198,38.0,195,8,44,2013-02-14 08:00:00,ExpressJet Airlines Inc.,US_KEWR
123727,2013,2,15,837.0,844,-7.0,941.0,958,-17.0,EV,4682,N13914,EWR,Aeropuerto Internacional Newark Liberty,-74.168701,40.692501,SYR,Aeropuerto Internacional Syracuse Hancock,-76.1063,43.111198,37.0,195,8,44,2013-02-15 08:00:00,ExpressJet Airlines Inc.,US_KEWR
124641,2013,2,16,842.0,847,-5.0,1013.0,1001,12.0,EV,4682,N12996,EWR,Aeropuerto Internacional Newark Liberty,-74.168701,40.692501,SYR,Aeropuerto Internacional Syracuse Hancock,-76.1063,43.111198,38.0,195,8,47,2013-02-16 08:00:00,ExpressJet Airlines Inc.,US_KEWR
126251,2013,2,18,836.0,844,-8.0,946.0,958,-12.0,EV,4682,N14916,EWR,Aeropuerto Internacional Newark Liberty,-74.168701,40.692501,SYR,Aeropuerto Internacional Syracuse Hancock,-76.1063,43.111198,45.0,195,8,44,2013-02-18 08:00:00,ExpressJet Airlines Inc.,US_KEWR
127210,2013,2,19,835.0,844,-9.0,944.0,958,-14.0,EV,4682,N21197,EWR,Aeropuerto Internacional Newark Liberty,-74.168701,40.692501,SYR,Aeropuerto Internacional Syracuse Hancock,-76.1063,43.111198,37.0,195,8,44,2013-02-19 08:00:00,ExpressJet Airlines Inc.,US_KEWR
128179,2013,2,20,857.0,844,13.0,1016.0,958,18.0,EV,4682,N13964,EWR,Aeropuerto Internacional Newark Liberty,-74.168701,40.692501,SYR,Aeropuerto Internacional Syracuse Hancock,-76.1063,43.111198,40.0,195,8,44,2013-02-20 08:00:00,ExpressJet Airlines Inc.,US_KEWR
128319,2013,2,20,1154.0,1145,9.0,1259.0,1249,10.0,EV,4669,N15980,EWR,Aeropuerto Internacional Newark Liberty,-74.168701,40.692501,SYR,Aeropuerto Internacional Syracuse Hancock,-76.1063,43.111198,41.0,195,11,45,2013-02-20 11:00:00,ExpressJet Airlines Inc.,US_KEWR
129101,2013,2,21,845.0,844,1.0,1007.0,958,9.0,EV,4682,N13975,EWR,Aeropuerto Internacional Newark Liberty,-74.168701,40.692501,SYR,Aeropuerto Internacional Syracuse Hancock,-76.1063,43.111198,45.0,195,8,44,2013-02-21 08:00:00,ExpressJet Airlines Inc.,US_KEWR
130168,2013,2,22,1051.0,844,127.0,1142.0,958,104.0,EV,4682,N14952,EWR,Aeropuerto Internacional Newark Liberty,-74.168701,40.692501,SYR,Aeropuerto Internacional Syracuse Hancock,-76.1063,43.111198,36.0,195,8,44,2013-02-22 08:00:00,ExpressJet Airlines Inc.,US_KEWR
130986,2013,2,23,843.0,847,-4.0,959.0,1001,-2.0,EV,4682,N13956,EWR,Aeropuerto Internacional Newark Liberty,-74.168701,40.692501,SYR,Aeropuerto Internacional Syracuse Hancock,-76.1063,43.111198,39.0,195,8,47,2013-02-23 08:00:00,ExpressJet Airlines Inc.,US_KEWR
132676,2013,2,25,909.0,844,25.0,1025.0,958,27.0,EV,4682,N16999,EWR,Aeropuerto Internacional Newark Liberty,-74.168701,40.692501,SYR,Aeropuerto Internacional Syracuse Hancock,-76.1063,43.111198,44.0,195,8,44,2013-02-25 08:00:00,ExpressJet Airlines Inc.,US_KEWR
133611,2013,2,26,842.0,844,-2.0,1006.0,958,8.0,EV,4682,N13553,EWR,Aeropuerto Internacional Newark Liberty,-74.168701,40.692501,SYR,Aeropuerto Internacional Syracuse Hancock,-76.1063,43.111198,37.0,195,8,44,2013-02-26 08:00:00,ExpressJet Airlines Inc.,US_KEWR
133761,2013,2,26,1138.0,1145,-7.0,1236.0,1249,-13.0,EV,4669,N18557,EWR,Aeropuerto Internacional Newark Liberty,-74.168701,40.692501,SYR,Aeropuerto Internacional Syracuse Hancock,-76.1063,43.111198,35.0,195,11,45,2013-02-26 11:00:00,ExpressJet Airlines Inc.,US_KEWR
134519,2013,2,27,842.0,844,-2.0,1014.0,958,16.0,EV,4682,N13908,EWR,Aeropuerto Internacional Newark Liberty,-74.168701,40.692501,SYR,Aeropuerto Internacional Syracuse Hancock,-76.1063,43.111198,35.0,195,8,44,2013-02-27 08:00:00,ExpressJet Airlines Inc.,US_KEWR
134708,2013,2,27,1240.0,1145,55.0,1337.0,1249,48.0,EV,4669,N12567,EWR,Aeropuerto Internacional Newark Liberty,-74.168701,40.692501,SYR,Aeropuerto Internacional Syracuse Hancock,-76.1063,43.111198,36.0,195,11,45,2013-02-27 11:00:00,ExpressJet Airlines Inc.,US_KEWR
135482,2013,2,28,842.0,844,-2.0,943.0,958,-15.0,EV,4682,N11539,EWR,Aeropuerto Internacional Newark Liberty,-74.168701,40.692501,SYR,Aeropuerto Internacional Syracuse Hancock,-76.1063,43.111198,39.0,195,8,44,2013-02-28 08:00:00,ExpressJet Airlines Inc.,US_KEWR
136451,2013,3,1,839.0,824,15.0,949.0,938,11.0,EV,4249,N13550,EWR,Aeropuerto Internacional Newark Liberty,-74.168701,40.692501,SYR,Aeropuerto Internacional Syracuse Hancock,-76.1063,43.111198,42.0,195,8,24,2013-03-01 08:00:00,ExpressJet Airlines Inc.,US_KEWR
137338,2013,3,2,814.0,816,-2.0,913.0,930,-17.0,EV,4249,N13550,EWR,Aeropuerto Internacional Newark Liberty,-74.168701,40.692501,SYR,Aeropuerto Internacional Syracuse Hancock,-76.1063,43.111198,38.0,195,8,16,2013-03-02 08:00:00,ExpressJet Airlines Inc.,US_KEWR
139086,2013,3,4,834.0,830,4.0,1019.0,944,35.0,EV,4249,N12564,EWR,Aeropuerto Internacional Newark Liberty,-74.168701,40.692501,SYR,Aeropuerto Internacional Syracuse Hancock,-76.1063,43.111198,44.0,195,8,30,2013-03-04 08:00:00,ExpressJet Airlines Inc.,US_KEWR
140042,2013,3,5,821.0,830,-9.0,922.0,944,-22.0,EV,4249,N16571,EWR,Aeropuerto Internacional Newark Liberty,-74.168701,40.692501,SYR,Aeropuerto Internacional Syracuse Hancock,-76.1063,43.111198,41.0,195,8,30,2013-03-05 08:00:00,ExpressJet Airlines Inc.,US_KEWR
141097,2013,3,6,1008.0,830,98.0,1108.0,944,84.0,EV,4249,N13988,EWR,Aeropuerto Internacional Newark Liberty,-74.168701,40.692501,SYR,Aeropuerto Internacional Syracuse Hancock,-76.1063,43.111198,34.0,195,8,30,2013-03-06 08:00:00,ExpressJet Airlines Inc.,US_KEWR
141954,2013,3,7,828.0,830,-2.0,950.0,944,6.0,EV,4249,N17560,EWR,Aeropuerto Internacional Newark Liberty,-74.168701,40.692501,SYR,Aeropuerto Internacional Syracuse Hancock,-76.1063,43.111198,38.0,195,8,30,2013-03-07 08:00:00,ExpressJet Airlines Inc.,US_KEWR
142952,2013,3,8,835.0,830,5.0,1102.0,944,78.0,EV,4249,N14905,EWR,Aeropuerto Internacional Newark Liberty,-74.168701,40.692501,SYR,Aeropuerto Internacional Syracuse Hancock,-76.1063,43.111198,41.0,195,8,30,2013-03-08 08:00:00,ExpressJet Airlines Inc.,US_KEWR
143892,2013,3,9,821.0,816,5.0,919.0,930,-11.0,EV,4249,N13975,EWR,Aeropuerto Internacional Newark Liberty,-74.168701,40.692501,SYR,Aeropuerto Internacional Syracuse Hancock,-76.1063,43.111198,40.0,195,8,16,2013-03-09 08:00:00,ExpressJet Airlines Inc.,US_KEWR
145642,2013,3,11,839.0,830,9.0,939.0,944,-5.0,EV,4249,N15912,EWR,Aeropuerto Internacional Newark Liberty,-74.168701,40.692501,SYR,Aeropuerto Internacional Syracuse Hancock,-76.1063,43.111198,36.0,195,8,30,2013-03-11 08:00:00,ExpressJet Airlines Inc.,US_KEWR
146625,2013,3,12,837.0,830,7.0,931.0,944,-13.0,EV,4249,N14905,EWR,Aeropuerto Internacional Newark Liberty,-74.168701,40.692501,SYR,Aeropuerto Internacional Syracuse Hancock,-76.1063,43.111198,37.0,195,8,30,2013-03-12 08:00:00,ExpressJet Airlines Inc.,US_KEWR
147559,2013,3,13,824.0,830,-6.0,927.0,944,-17.0,EV,4249,N16546,EWR,Aeropuerto Internacional Newark Liberty,-74.168701,40.692501,SYR,Aeropuerto Internacional Syracuse Hancock,-76.1063,43.111198,36.0,195,8,30,2013-03-13 08:00:00,ExpressJet Airlines Inc.,US_KEWR
148598,2013,3,14,917.0,830,47.0,1040.0,944,56.0,EV,4249,N16919,EWR,Aeropuerto Internacional Newark Liberty,-74.168701,40.692501,SYR,Aeropuerto Internacional Syracuse Hancock,-76.1063,43.111198,43.0,195,8,30,2013-03-14 08:00:00,ExpressJet Airlines Inc.,US_KEWR
149571,2013,3,15,908.0,830,38.0,1004.0,944,20.0,EV,4249,N12924,EWR,Aeropuerto Internacional Newark Liberty,-74.168701,40.692501,SYR,Aeropuerto Internacional Syracuse Hancock,-76.1063,43.111198,30.0,195,8,30,2013-03-15 08:00:00,ExpressJet Airlines Inc.,US_KEWR
150451,2013,3,16,825.0,816,9.0,925.0,930,-5.0,EV,4249,N14920,EWR,Aeropuerto Internacional Newark Liberty,-74.168701,40.692501,SYR,Aeropuerto Internacional Syracuse Hancock,-76.1063,43.111198,40.0,195,8,16,2013-03-16 08:00:00,ExpressJet Airlines Inc.,US_KEWR
152202,2013,3,18,828.0,830,-2.0,924.0,944,-20.0,EV,4249,N14105,EWR,Aeropuerto Internacional Newark Liberty,-74.168701,40.692501,SYR,Aeropuerto Internacional Syracuse Hancock,-76.1063,43.111198,39.0,195,8,30,2013-03-18 08:00:00,ExpressJet Airlines Inc.,US_KEWR
153123,2013,3,19,827.0,830,-3.0,923.0,944,-21.0,EV,4249,N15973,EWR,Aeropuerto Internacional Newark Liberty,-74.168701,40.692501,SYR,Aeropuerto Internacional Syracuse Hancock,-76.1063,43.111198,38.0,195,8,30,2013-03-19 08:00:00,ExpressJet Airlines Inc.,US_KEWR
154117,2013,3,20,825.0,830,-5.0,932.0,944,-12.0,EV,4249,N16571,EWR,Aeropuerto Internacional Newark Liberty,-74.168701,40.692501,SYR,Aeropuerto Internacional Syracuse Hancock,-76.1063,43.111198,40.0,195,8,30,2013-03-20 08:00:00,ExpressJet Airlines Inc.,US_KEWR
155086,2013,3,21,823.0,830,-7.0,924.0,944,-20.0,EV,4249,N13550,EWR,Aeropuerto Internacional Newark Liberty,-74.168701,40.692501,SYR,Aeropuerto Internacional Syracuse Hancock,-76.1063,43.111198,35.0,195,8,30,2013-03-21 08:00:00,ExpressJet Airlines Inc.,US_KEWR
156072,2013,3,22,827.0,830,-3.0,928.0,944,-16.0,EV,4249,N18556,EWR,Aeropuerto Internacional Newark Liberty,-74.168701,40.692501,SYR,Aeropuerto Internacional Syracuse Hancock,-76.1063,43.111198,41.0,195,8,30,2013-03-22 08:00:00,ExpressJet Airlines Inc.,US_KEWR
156987,2013,3,23,808.0,816,-8.0,911.0,930,-19.0,EV,4249,N15983,EWR,Aeropuerto Internacional Newark Liberty,-74.168701,40.692501,SYR,Aeropuerto Internacional Syracuse Hancock,-76.1063,43.111198,43.0,195,8,16,2013-03-23 08:00:00,ExpressJet Airlines Inc.,US_KEWR
159472,2013,3,25,,830,,,944,,EV,4249,N14920,EWR,Aeropuerto Internacional Newark Liberty,-74.168701,40.692501,SYR,Aeropuerto Internacional Syracuse Hancock,-76.1063,43.111198,,195,8,30,2013-03-25 08:00:00,ExpressJet Airlines Inc.,US_KEWR
159721,2013,3,26,844.0,830,14.0,1023.0,944,39.0,EV,4249,N16981,EWR,Aeropuerto Internacional Newark Liberty,-74.168701,40.692501,SYR,Aeropuerto Internacional Syracuse Hancock,-76.1063,43.111198,40.0,195,8,30,2013-03-26 08:00:00,ExpressJet Airlines Inc.,US_KEWR
160666,2013,3,27,820.0,830,-10.0,922.0,944,-22.0,EV,4249,N11544,EWR,Aeropuerto Internacional Newark Liberty,-74.168701,40.692501,SYR,Aeropuerto Internacional Syracuse Hancock,-76.1063,43.111198,38.0,195,8,30,2013-03-27 08:00:00,ExpressJet Airlines Inc.,US_KEWR
161666,2013,3,28,838.0,830,8.0,1003.0,944,19.0,EV,4249,N14568,EWR,Aeropuerto Internacional Newark Liberty,-74.168701,40.692501,SYR,Aeropuerto Internacional Syracuse Hancock,-76.1063,43.111198,41.0,195,8,30,2013-03-28 08:00:00,ExpressJet Airlines Inc.,US_KEWR
162662,2013,3,29,854.0,830,24.0,1022.0,944,38.0,EV,4249,N14907,EWR,Aeropuerto Internacional Newark Liberty,-74.168701,40.692501,SYR,Aeropuerto Internacional Syracuse Hancock,-76.1063,43.111198,40.0,195,8,30,2013-03-29 08:00:00,ExpressJet Airlines Inc.,US_KEWR
163555,2013,3,30,813.0,816,-3.0,928.0,930,-2.0,EV,4249,N13908,EWR,Aeropuerto Internacional Newark Liberty,-74.168701,40.692501,SYR,Aeropuerto Internacional Syracuse Hancock,-76.1063,43.111198,41.0,195,8,16,2013-03-30 08:00:00,ExpressJet Airlines Inc.,US_KEWR
165373,2013,4,1,1006.0,830,96.0,1111.0,944,87.0,EV,4249,N18556,EWR,Aeropuerto Internacional Newark Liberty,-74.168701,40.692501,SYR,Aeropuerto Internacional Syracuse Hancock,-76.1063,43.111198,40.0,195,8,30,2013-04-01 08:00:00,ExpressJet Airlines Inc.,US_KEWR
166242,2013,4,2,826.0,830,-4.0,932.0,944,-12.0,EV,4249,N14916,EWR,Aeropuerto Internacional Newark Liberty,-74.168701,40.692501,SYR,Aeropuerto Internacional Syracuse Hancock,-76.1063,43.111198,45.0,195,8,30,2013-04-02 08:00:00,ExpressJet Airlines Inc.,US_KEWR
167248,2013,4,3,843.0,830,13.0,1012.0,944,28.0,EV,4249,N12921,EWR,Aeropuerto Internacional Newark Liberty,-74.168701,40.692501,SYR,Aeropuerto Internacional Syracuse Hancock,-76.1063,43.111198,43.0,195,8,30,2013-04-03 08:00:00,ExpressJet Airlines Inc.,US_KEWR
168214,2013,4,4,821.0,830,-9.0,1004.0,944,20.0,EV,4249,N19554,EWR,Aeropuerto Internacional Newark Liberty,-74.168701,40.692501,SYR,Aeropuerto Internacional Syracuse Hancock,-76.1063,43.111198,40.0,195,8,30,2013-04-04 08:00:00,ExpressJet Airlines Inc.,US_KEWR
169212,2013,4,5,832.0,830,2.0,927.0,944,-17.0,EV,4249,N12921,EWR,Aeropuerto Internacional Newark Liberty,-74.168701,40.692501,SYR,Aeropuerto Internacional Syracuse Hancock,-76.1063,43.111198,36.0,195,8,30,2013-04-05 08:00:00,ExpressJet Airlines Inc.,US_KEWR
170128,2013,4,6,814.0,816,-2.0,913.0,930,-17.0,EV,4249,N26545,EWR,Aeropuerto Internacional Newark Liberty,-74.168701,40.692501,SYR,Aeropuerto Internacional Syracuse Hancock,-76.1063,43.111198,40.0,195,8,16,2013-04-06 08:00:00,ExpressJet Airlines Inc.,US_KEWR
171870,2013,4,8,831.0,829,2.0,932.0,943,-11.0,EV,4249,N17560,EWR,Aeropuerto Internacional Newark Liberty,-74.168701,40.692501,SYR,Aeropuerto Internacional Syracuse Hancock,-76.1063,43.111198,38.0,195,8,29,2013-04-08 08:00:00,ExpressJet Airlines Inc.,US_KEWR
173058,2013,4,9,1245.0,1211,34.0,1339.0,1318,21.0,EV,4586,N11119,EWR,Aeropuerto Internacional Newark Liberty,-74.168701,40.692501,SYR,Aeropuerto Internacional Syracuse Hancock,-76.1063,43.111198,39.0,195,12,11,2013-04-09 12:00:00,ExpressJet Airlines Inc.,US_KEWR
174045,2013,4,10,1201.0,1211,-10.0,1301.0,1318,-17.0,EV,4586,N17185,EWR,Aeropuerto Internacional Newark Liberty,-74.168701,40.692501,SYR,Aeropuerto Internacional Syracuse Hancock,-76.1063,43.111198,41.0,195,12,11,2013-04-10 12:00:00,ExpressJet Airlines Inc.,US_KEWR
175587,2013,4,11,,1200,,,1307,,EV,4586,N14573,EWR,Aeropuerto Internacional Newark Liberty,-74.168701,40.692501,SYR,Aeropuerto Internacional Syracuse Hancock,-76.1063,43.111198,,195,12,0,2013-04-11 12:00:00,ExpressJet Airlines Inc.,US_KEWR
176010,2013,4,12,1311.0,1200,71.0,1406.0,1307,59.0,EV,4586,N14174,EWR,Aeropuerto Internacional Newark Liberty,-74.168701,40.692501,SYR,Aeropuerto Internacional Syracuse Hancock,-76.1063,43.111198,38.0,195,12,0,2013-04-12 12:00:00,ExpressJet Airlines Inc.,US_KEWR
176919,2013,4,13,1222.0,1225,-3.0,1321.0,1330,-9.0,EV,4586,N13132,EWR,Aeropuerto Internacional Newark Liberty,-74.168701,40.692501,SYR,Aeropuerto Internacional Syracuse Hancock,-76.1063,43.111198,36.0,195,12,25,2013-04-13 12:00:00,ExpressJet Airlines Inc.,US_KEWR
178677,2013,4,15,1158.0,1200,-2.0,1253.0,1307,-14.0,EV,4586,N27200,EWR,Aeropuerto Internacional Newark Liberty,-74.168701,40.692501,SYR,Aeropuerto Internacional Syracuse Hancock,-76.1063,43.111198,35.0,195,12,0,2013-04-15 12:00:00,ExpressJet Airlines Inc.,US_KEWR
179659,2013,4,16,1206.0,1211,-5.0,1304.0,1318,-14.0,EV,4586,N17196,EWR,Aeropuerto Internacional Newark Liberty,-74.168701,40.692501,SYR,Aeropuerto Internacional Syracuse Hancock,-76.1063,43.111198,39.0,195,12,11,2013-04-16 12:00:00,ExpressJet Airlines Inc.,US_KEWR
180646,2013,4,17,1205.0,1211,-6.0,1302.0,1318,-16.0,EV,4586,N13995,EWR,Aeropuerto Internacional Newark Liberty,-74.168701,40.692501,SYR,Aeropuerto Internacional Syracuse Hancock,-76.1063,43.111198,38.0,195,12,11,2013-04-17 12:00:00,ExpressJet Airlines Inc.,US_KEWR
181615,2013,4,18,1204.0,1200,4.0,1303.0,1307,-4.0,EV,4586,N33182,EWR,Aeropuerto Internacional Newark Liberty,-74.168701,40.692501,SYR,Aeropuerto Internacional Syracuse Hancock,-76.1063,43.111198,34.0,195,12,0,2013-04-18 12:00:00,ExpressJet Airlines Inc.,US_KEWR
182675,2013,4,19,1316.0,1200,76.0,1415.0,1307,68.0,EV,4586,N12900,EWR,Aeropuerto Internacional Newark Liberty,-74.168701,40.692501,SYR,Aeropuerto Internacional Syracuse Hancock,-76.1063,43.111198,37.0,195,12,0,2013-04-19 12:00:00,ExpressJet Airlines Inc.,US_KEWR
183534,2013,4,20,1222.0,1225,-3.0,1324.0,1330,-6.0,EV,4586,N14570,EWR,Aeropuerto Internacional Newark Liberty,-74.168701,40.692501,SYR,Aeropuerto Internacional Syracuse Hancock,-76.1063,43.111198,38.0,195,12,25,2013-04-20 12:00:00,ExpressJet Airlines Inc.,US_KEWR
185296,2013,4,22,1200.0,1200,0.0,1254.0,1307,-13.0,EV,4586,N24103,EWR,Aeropuerto Internacional Newark Liberty,-74.168701,40.692501,SYR,Aeropuerto Internacional Syracuse Hancock,-76.1063,43.111198,35.0,195,12,0,2013-04-22 12:00:00,ExpressJet Airlines Inc.,US_KEWR
186288,2013,4,23,1209.0,1211,-2.0,1304.0,1318,-14.0,EV,4586,N12163,EWR,Aeropuerto Internacional Newark Liberty,-74.168701,40.692501,SYR,Aeropuerto Internacional Syracuse Hancock,-76.1063,43.111198,34.0,195,12,11,2013-04-23 12:00:00,ExpressJet Airlines Inc.,US_KEWR
187251,2013,4,24,1203.0,1211,-8.0,1305.0,1318,-13.0,EV,4586,N15572,EWR,Aeropuerto Internacional Newark Liberty,-74.168701,40.692501,SYR,Aeropuerto Internacional Syracuse Hancock,-76.1063,43.111198,40.0,195,12,11,2013-04-24 12:00:00,ExpressJet Airlines Inc.,US_KEWR
188215,2013,4,25,1156.0,1200,-4.0,1258.0,1307,-9.0,EV,4586,N11189,EWR,Aeropuerto Internacional Newark Liberty,-74.168701,40.692501,SYR,Aeropuerto Internacional Syracuse Hancock,-76.1063,43.111198,38.0,195,12,0,2013-04-25 12:00:00,ExpressJet Airlines Inc.,US_KEWR
189198,2013,4,26,1159.0,1200,-1.0,1306.0,1307,-1.0,EV,4586,N18101,EWR,Aeropuerto Internacional Newark Liberty,-74.168701,40.692501,SYR,Aeropuerto Internacional Syracuse Hancock,-76.1063,43.111198,38.0,195,12,0,2013-04-26 12:00:00,ExpressJet Airlines Inc.,US_KEWR
190112,2013,4,27,1218.0,1225,-7.0,1313.0,1330,-17.0,EV,4586,N14168,EWR,Aeropuerto Internacional Newark Liberty,-74.168701,40.692501,SYR,Aeropuerto Internacional Syracuse Hancock,-76.1063,43.111198,37.0,195,12,25,2013-04-27 12:00:00,ExpressJet Airlines Inc.,US_KEWR
191872,2013,4,29,1215.0,1200,15.0,1313.0,1307,6.0,EV,4586,N12172,EWR,Aeropuerto Internacional Newark Liberty,-74.168701,40.692501,SYR,Aeropuerto Internacional Syracuse Hancock,-76.1063,43.111198,36.0,195,12,0,2013-04-29 12:00:00,ExpressJet Airlines Inc.,US_KEWR
192842,2013,4,30,1204.0,1211,-7.0,1307.0,1318,-11.0,EV,4586,N11121,EWR,Aeropuerto Internacional Newark Liberty,-74.168701,40.692501,SYR,Aeropuerto Internacional Syracuse Hancock,-76.1063,43.111198,37.0,195,12,11,2013-04-30 12:00:00,ExpressJet Airlines Inc.,US_KEWR
193757,2013,5,1,1110.0,1120,-10.0,1202.0,1225,-23.0,EV,4157,N12900,EWR,Aeropuerto Internacional Newark Liberty,-74.168701,40.692501,SYR,Aeropuerto Internacional Syracuse Hancock,-76.1063,43.111198,35.0,195,11,20,2013-05-01 11:00:00,ExpressJet Airlines Inc.,US_KEWR
196656,2013,5,4,1218.0,1223,-5.0,1309.0,1330,-21.0,EV,4219,N13975,EWR,Aeropuerto Internacional Newark Liberty,-74.168701,40.692501,SYR,Aeropuerto Internacional Syracuse Hancock,-76.1063,43.111198,35.0,195,12,23,2013-05-04 12:00:00,ExpressJet Airlines Inc.,US_KEWR
199321,2013,5,7,1115.0,1120,-5.0,1216.0,1225,-9.0,EV,4219,N13965,EWR,Aeropuerto Internacional Newark Liberty,-74.168701,40.692501,SYR,Aeropuerto Internacional Syracuse Hancock,-76.1063,43.111198,38.0,195,11,20,2013-05-07 11:00:00,ExpressJet Airlines Inc.,US_KEWR
200310,2013,5,8,1235.0,1120,75.0,1335.0,1225,70.0,EV,4219,N14905,EWR,Aeropuerto Internacional Newark Liberty,-74.168701,40.692501,SYR,Aeropuerto Internacional Syracuse Hancock,-76.1063,43.111198,37.0,195,11,20,2013-05-08 11:00:00,ExpressJet Airlines Inc.,US_KEWR
203565,2013,5,11,,1230,,,1337,,EV,4219,N11176,EWR,Aeropuerto Internacional Newark Liberty,-74.168701,40.692501,SYR,Aeropuerto Internacional Syracuse Hancock,-76.1063,43.111198,,195,12,30,2013-05-11 12:00:00,ExpressJet Airlines Inc.,US_KEWR
205809,2013,5,14,1116.0,1120,-4.0,1222.0,1225,-3.0,EV,4219,N13914,EWR,Aeropuerto Internacional Newark Liberty,-74.168701,40.692501,SYR,Aeropuerto Internacional Syracuse Hancock,-76.1063,43.111198,38.0,195,11,20,2013-05-14 11:00:00,ExpressJet Airlines Inc.,US_KEWR
206915,2013,5,15,1431.0,1120,191.0,1537.0,1225,192.0,EV,4219,N10575,EWR,Aeropuerto Internacional Newark Liberty,-74.168701,40.692501,SYR,Aeropuerto Internacional Syracuse Hancock,-76.1063,43.111198,37.0,195,11,20,2013-05-15 11:00:00,ExpressJet Airlines Inc.,US_KEWR
209670,2013,5,18,1224.0,1230,-6.0,1320.0,1337,-17.0,EV,4219,N16170,EWR,Aeropuerto Internacional Newark Liberty,-74.168701,40.692501,SYR,Aeropuerto Internacional Syracuse Hancock,-76.1063,43.111198,40.0,195,12,30,2013-05-18 12:00:00,ExpressJet Airlines Inc.,US_KEWR
212335,2013,5,21,1116.0,1120,-4.0,1213.0,1225,-12.0,EV,4219,N12957,EWR,Aeropuerto Internacional Newark Liberty,-74.168701,40.692501,SYR,Aeropuerto Internacional Syracuse Hancock,-76.1063,43.111198,39.0,195,11,20,2013-05-21 11:00:00,ExpressJet Airlines Inc.,US_KEWR
213331,2013,5,22,1151.0,1120,31.0,1301.0,1225,36.0,EV,4219,N13553,EWR,Aeropuerto Internacional Newark Liberty,-74.168701,40.692501,SYR,Aeropuerto Internacional Syracuse Hancock,-76.1063,43.111198,39.0,195,11,20,2013-05-22 11:00:00,ExpressJet Airlines Inc.,US_KEWR
216207,2013,5,25,1216.0,1223,-7.0,1314.0,1330,-16.0,EV,4219,N14177,EWR,Aeropuerto Internacional Newark Liberty,-74.168701,40.692501,SYR,Aeropuerto Internacional Syracuse Hancock,-76.1063,43.111198,40.0,195,12,23,2013-05-25 12:00:00,ExpressJet Airlines Inc.,US_KEWR
216896,2013,5,26,1215.0,1223,-8.0,1309.0,1329,-20.0,EV,4302,N12172,EWR,Aeropuerto Internacional Newark Liberty,-74.168701,40.692501,SYR,Aeropuerto Internacional Syracuse Hancock,-76.1063,43.111198,39.0,195,12,23,2013-05-26 12:00:00,ExpressJet Airlines Inc.,US_KEWR
219615,2013,5,29,1126.0,1120,6.0,1225.0,1225,0.0,EV,4302,N11535,EWR,Aeropuerto Internacional Newark Liberty,-74.168701,40.692501,SYR,Aeropuerto Internacional Syracuse Hancock,-76.1063,43.111198,39.0,195,11,20,2013-05-29 11:00:00,ExpressJet Airlines Inc.,US_KEWR
222535,2013,6,1,1226.0,1230,-4.0,1322.0,1337,-15.0,EV,4625,N14991,EWR,Aeropuerto Internacional Newark Liberty,-74.168701,40.692501,SYR,Aeropuerto Internacional Syracuse Hancock,-76.1063,43.111198,34.0,195,12,30,2013-06-01 12:00:00,ExpressJet Airlines Inc.,US_KEWR
225203,2013,6,4,1114.0,1120,-6.0,1206.0,1225,-19.0,EV,4199,N11544,EWR,Aeropuerto Internacional Newark Liberty,-74.168701,40.692501,SYR,Aeropuerto Internacional Syracuse Hancock,-76.1063,43.111198,38.0,195,11,20,2013-06-04 11:00:00,ExpressJet Airlines Inc.,US_KEWR
226164,2013,6,5,1119.0,1120,-1.0,1215.0,1225,-10.0,EV,4199,N16951,EWR,Aeropuerto Internacional Newark Liberty,-74.168701,40.692501,SYR,Aeropuerto Internacional Syracuse Hancock,-76.1063,43.111198,39.0,195,11,20,2013-06-05 11:00:00,ExpressJet Airlines Inc.,US_KEWR
316644,2013,9,9,1115.0,1120,-5.0,1207.0,1224,-17.0,EV,4090,N12922,EWR,Aeropuerto Internacional Newark Liberty,-74.168701,40.692501,SYR,Aeropuerto Internacional Syracuse Hancock,-76.1063,43.111198,35.0,195,11,20,2013-09-09 11:00:00,ExpressJet Airlines Inc.,US_KEWR
319571,2013,9,12,1129.0,1120,9.0,1231.0,1224,7.0,EV,4090,N13949,EWR,Aeropuerto Internacional Newark Liberty,-74.168701,40.692501,SYR,Aeropuerto Internacional Syracuse Hancock,-76.1063,43.111198,39.0,195,11,20,2013-09-12 11:00:00,ExpressJet Airlines Inc.,US_KEWR
323147,2013,9,16,1151.0,1120,31.0,1251.0,1224,27.0,EV,4090,N14953,EWR,Aeropuerto Internacional Newark Liberty,-74.168701,40.692501,SYR,Aeropuerto Internacional Syracuse Hancock,-76.1063,43.111198,39.0,195,11,20,2013-09-16 11:00:00,ExpressJet Airlines Inc.,US_KEWR
326042,2013,9,19,1122.0,1120,2.0,1219.0,1224,-5.0,EV,4090,N13903,EWR,Aeropuerto Internacional Newark Liberty,-74.168701,40.692501,SYR,Aeropuerto Internacional Syracuse Hancock,-76.1063,43.111198,35.0,195,11,20,2013-09-19 11:00:00,ExpressJet Airlines Inc.,US_KEWR
329645,2013,9,23,1134.0,1136,-2.0,1223.0,1240,-17.0,EV,3834,N16918,EWR,Aeropuerto Internacional Newark Liberty,-74.168701,40.692501,SYR,Aeropuerto Internacional Syracuse Hancock,-76.1063,43.111198,36.0,195,11,36,2013-09-23 11:00:00,ExpressJet Airlines Inc.,US_KEWR
86,2013,1,1,733.0,736,-3.0,854.0,850,4.0,B6,44,N552JB,JFK,Aeropuerto Internacional John F Kennedy,-73.7789,40.639801,SYR,Aeropuerto Internacional Syracuse Hancock,-76.1063,43.111198,54.0,209,7,36,2013-01-01 07:00:00,JetBlue Airways,US_KJFK
433,2013,1,1,1454.0,1500,-6.0,1635.0,1636,-1.0,9E,3843,N8409N,JFK,Aeropuerto Internacional John F Kennedy,-73.7789,40.639801,SYR,Aeropuerto Internacional Syracuse Hancock,-76.1063,43.111198,57.0,209,15,0,2013-01-01 15:00:00,Endeavor Air Inc.,US_KJFK
525,2013,1,1,1607.0,1555,12.0,1735.0,1715,20.0,B6,12,N184JB,JFK,Aeropuerto Internacional John F Kennedy,-73.7789,40.639801,SYR,Aeropuerto Internacional Syracuse Hancock,-76.1063,43.111198,58.0,209,15,55,2013-01-01 15:00:00,JetBlue Airways,US_KJFK
833,2013,1,1,2327.0,2250,37.0,32.0,2359,33.0,B6,22,N639JB,JFK,Aeropuerto Internacional John F Kennedy,-73.7789,40.639801,SYR,Aeropuerto Internacional Syracuse Hancock,-76.1063,43.111198,45.0,209,22,50,2013-01-01 22:00:00,JetBlue Airways,US_KJFK
843,2013,1,2,126.0,2250,156.0,233.0,2359,154.0,B6,22,N636JB,JFK,Aeropuerto Internacional John F Kennedy,-73.7789,40.639801,SYR,Aeropuerto Internacional Syracuse Hancock,-76.1063,43.111198,49.0,209,22,50,2013-01-02 22:00:00,JetBlue Airways,US_KJFK
959,2013,1,2,732.0,736,-4.0,914.0,850,24.0,B6,44,N506JB,JFK,Aeropuerto Internacional John F Kennedy,-73.7789,40.639801,SYR,Aeropuerto Internacional Syracuse Hancock,-76.1063,43.111198,50.0,209,7,36,2013-01-02 07:00:00,JetBlue Airways,US_KJFK
1383,2013,1,2,1527.0,1500,27.0,1650.0,1636,14.0,9E,3843,N829AY,JFK,Aeropuerto Internacional John F Kennedy,-73.7789,40.639801,SYR,Aeropuerto Internacional Syracuse Hancock,-76.1063,43.111198,49.0,209,15,0,2013-01-02 15:00:00,Endeavor Air Inc.,US_KJFK
1435,2013,1,2,1604.0,1555,9.0,1735.0,1715,20.0,B6,12,N273JB,JFK,Aeropuerto Internacional John F Kennedy,-73.7789,40.639801,SYR,Aeropuerto Internacional Syracuse Hancock,-76.1063,43.111198,48.0,209,15,55,2013-01-02 15:00:00,JetBlue Airways,US_KJFK
1902,2013,1,3,733.0,736,-3.0,853.0,850,3.0,B6,44,N531JB,JFK,Aeropuerto Internacional John F Kennedy,-73.7789,40.639801,SYR,Aeropuerto Internacional Syracuse Hancock,-76.1063,43.111198,49.0,209,7,36,2013-01-03 07:00:00,JetBlue Airways,US_KJFK
2359,2013,1,3,1614.0,1555,19.0,1733.0,1715,18.0,B6,12,N329JB,JFK,Aeropuerto Internacional John F Kennedy,-73.7789,40.639801,SYR,Aeropuerto Internacional Syracuse Hancock,-76.1063,43.111198,53.0,209,15,55,2013-01-03 15:00:00,JetBlue Airways,US_KJFK
2684,2013,1,3,2258.0,2250,8.0,2359.0,2359,0.0,B6,22,N708JB,JFK,Aeropuerto Internacional John F Kennedy,-73.7789,40.639801,SYR,Aeropuerto Internacional Syracuse Hancock,-76.1063,43.111198,42.0,209,22,50,2013-01-03 22:00:00,JetBlue Airways,US_KJFK
2817,2013,1,4,732.0,736,-4.0,854.0,850,4.0,B6,44,N659JB,JFK,Aeropuerto Internacional John F Kennedy,-73.7789,40.639801,SYR,Aeropuerto Internacional Syracuse Hancock,-76.1063,43.111198,47.0,209,7,36,2013-01-04 07:00:00,JetBlue Airways,US_KJFK
3269,2013,1,4,1600.0,1555,5.0,1709.0,1715,-6.0,B6,12,N294JB,JFK,Aeropuerto Internacional John F Kennedy,-73.7789,40.639801,SYR,Aeropuerto Internacional Syracuse Hancock,-76.1063,43.111198,47.0,209,15,55,2013-01-04 15:00:00,JetBlue Airways,US_KJFK
3601,2013,1,4,2250.0,2250,0.0,2357.0,2359,-2.0,B6,22,N579JB,JFK,Aeropuerto Internacional John F Kennedy,-73.7789,40.639801,SYR,Aeropuerto Internacional Syracuse Hancock,-76.1063,43.111198,47.0,209,22,50,2013-01-04 22:00:00,JetBlue Airways,US_KJFK
3710,2013,1,5,743.0,736,7.0,902.0,850,12.0,B6,44,N653JB,JFK,Aeropuerto Internacional John F Kennedy,-73.7789,40.639801,SYR,Aeropuerto Internacional Syracuse Hancock,-76.1063,43.111198,50.0,209,7,36,2013-01-05 07:00:00,JetBlue Airways,US_KJFK
4067,2013,1,5,1552.0,1555,-3.0,1654.0,1715,-21.0,B6,12,N353JB,JFK,Aeropuerto Internacional John F Kennedy,-73.7789,40.639801,SYR,Aeropuerto Internacional Syracuse Hancock,-76.1063,43.111198,47.0,209,15,55,2013-01-05 15:00:00,JetBlue Airways,US_KJFK
4324,2013,1,5,2307.0,2250,17.0,9.0,2359,10.0,B6,22,N526JB,JFK,Aeropuerto Internacional John F Kennedy,-73.7789,40.639801,SYR,Aeropuerto Internacional Syracuse Hancock,-76.1063,43.111198,45.0,209,22,50,2013-01-05 22:00:00,JetBlue Airways,US_KJFK
4418,2013,1,6,752.0,736,16.0,850.0,850,0.0,B6,44,N641JB,JFK,Aeropuerto Internacional John F Kennedy,-73.7789,40.639801,SYR,Aeropuerto Internacional Syracuse Hancock,-76.1063,43.111198,44.0,209,7,36,2013-01-06 07:00:00,JetBlue Airways,US_KJFK
4866,2013,1,6,1636.0,1555,41.0,1754.0,1715,39.0,B6,12,N328JB,JFK,Aeropuerto Internacional John F Kennedy,-73.7789,40.639801,SYR,Aeropuerto Internacional Syracuse Hancock,-76.1063,43.111198,50.0,209,15,55,2013-01-06 15:00:00,JetBlue Airways,US_KJFK
5156,2013,1,6,2247.0,2250,-3.0,2352.0,2359,-7.0,B6,22,N705JB,JFK,Aeropuerto Internacional John F Kennedy,-73.7789,40.639801,SYR,Aeropuerto Internacional Syracuse Hancock,-76.1063,43.111198,44.0,209,22,50,2013-01-06 22:00:00,JetBlue Airways,US_KJFK
5323,2013,1,7,806.0,757,9.0,909.0,910,-1.0,B6,44,N663JB,JFK,Aeropuerto Internacional John F Kennedy,-73.7789,40.639801,SYR,Aeropuerto Internacional Syracuse Hancock,-76.1063,43.111198,45.0,209,7,57,2013-01-07 07:00:00,JetBlue Airways,US_KJFK
5543,2013,1,7,1205.0,1210,-5.0,1314.0,1323,-9.0,B6,42,N183JB,JFK,Aeropuerto Internacional John F Kennedy,-73.7789,40.639801,SYR,Aeropuerto Internacional Syracuse Hancock,-76.1063,43.111198,48.0,209,12,10,2013-01-07 12:00:00,JetBlue Airways,US_KJFK
5682,2013,1,7,1455.0,1459,-4.0,1616.0,1625,-9.0,B6,12,N328JB,JFK,Aeropuerto Internacional John F Kennedy,-73.7789,40.639801,SYR,Aeropuerto Internacional Syracuse Hancock,-76.1063,43.111198,46.0,209,14,59,2013-01-07 14:00:00,JetBlue Airways,US_KJFK
6087,2013,1,7,2243.0,2249,-6.0,2342.0,2357,-15.0,B6,22,N239JB,JFK,Aeropuerto Internacional John F Kennedy,-73.7789,40.639801,SYR,Aeropuerto Internacional Syracuse Hancock,-76.1063,43.111198,43.0,209,22,49,2013-01-07 22:00:00,JetBlue Airways,US_KJFK
6230,2013,1,8,749.0,757,-8.0,901.0,910,-9.0,B6,44,N592JB,JFK,Aeropuerto Internacional John F Kennedy,-73.7789,40.639801,SYR,Aeropuerto Internacional Syracuse Hancock,-76.1063,43.111198,49.0,209,7,57,2013-01-08 07:00:00,JetBlue Airways,US_KJFK
6596,2013,1,8,1455.0,1459,-4.0,1612.0,1625,-13.0,B6,12,N198JB,JFK,Aeropuerto Internacional John F Kennedy,-73.7789,40.639801,SYR,Aeropuerto Internacional Syracuse Hancock,-76.1063,43.111198,45.0,209,14,59,2013-01-08 14:00:00,JetBlue Airways,US_KJFK
6990,2013,1,8,2318.0,2249,29.0,22.0,2357,25.0,B6,22,N267JB,JFK,Aeropuerto Internacional John F Kennedy,-73.7789,40.639801,SYR,Aeropuerto Internacional Syracuse Hancock,-76.1063,43.111198,43.0,209,22,49,2013-01-08 22:00:00,JetBlue Airways,US_KJFK
7133,2013,1,9,751.0,757,-6.0,922.0,910,12.0,B6,44,N517JB,JFK,Aeropuerto Internacional John F Kennedy,-73.7789,40.639801,SYR,Aeropuerto Internacional Syracuse Hancock,-76.1063,43.111198,45.0,209,7,57,2013-01-09 07:00:00,JetBlue Airways,US_KJFK
7494,2013,1,9,1451.0,1459,-8.0,1604.0,1625,-21.0,B6,12,N294JB,JFK,Aeropuerto Internacional John F Kennedy,-73.7789,40.639801,SYR,Aeropuerto Internacional Syracuse Hancock,-76.1063,43.111198,46.0,209,14,59,2013-01-09 14:00:00,JetBlue Airways,US_KJFK
7894,2013,1,9,2252.0,2249,3.0,12.0,2357,15.0,B6,22,N294JB,JFK,Aeropuerto Internacional John F Kennedy,-73.7789,40.639801,SYR,Aeropuerto Internacional Syracuse Hancock,-76.1063,43.111198,54.0,209,22,49,2013-01-09 22:00:00,JetBlue Airways,US_KJFK
8033,2013,1,10,747.0,757,-10.0,907.0,910,-3.0,B6,44,N623JB,JFK,Aeropuerto Internacional John F Kennedy,-73.7789,40.639801,SYR,Aeropuerto Internacional Syracuse Hancock,-76.1063,43.111198,49.0,209,7,57,2013-01-10 07:00:00,JetBlue Airways,US_KJFK
8280,2013,1,10,1204.0,1210,-6.0,1317.0,1323,-6.0,B6,42,N306JB,JFK,Aeropuerto Internacional John F Kennedy,-73.7789,40.639801,SYR,Aeropuerto Internacional Syracuse Hancock,-76.1063,43.111198,47.0,209,12,10,2013-01-10 12:00:00,JetBlue Airways,US_KJFK
8412,2013,1,10,1455.0,1459,-4.0,1605.0,1625,-20.0,B6,12,N197JB,JFK,Aeropuerto Internacional John F Kennedy,-73.7789,40.639801,SYR,Aeropuerto Internacional Syracuse Hancock,-76.1063,43.111198,47.0,209,14,59,2013-01-10 14:00:00,JetBlue Airways,US_KJFK
8824,2013,1,10,2245.0,2249,-4.0,2346.0,2357,-11.0,B6,22,N281JB,JFK,Aeropuerto Internacional John F Kennedy,-73.7789,40.639801,SYR,Aeropuerto Internacional Syracuse Hancock,-76.1063,43.111198,40.0,209,22,49,2013-01-10 22:00:00,JetBlue Airways,US_KJFK
9008,2013,1,11,815.0,757,18.0,935.0,910,25.0,B6,44,N556JB,JFK,Aeropuerto Internacional John F Kennedy,-73.7789,40.639801,SYR,Aeropuerto Internacional Syracuse Hancock,-76.1063,43.111198,41.0,209,7,57,2013-01-11 07:00:00,JetBlue Airways,US_KJFK
9214,2013,1,11,1202.0,1210,-8.0,1303.0,1323,-20.0,B6,42,N334JB,JFK,Aeropuerto Internacional John F Kennedy,-73.7789,40.639801,SYR,Aeropuerto Internacional Syracuse Hancock,-76.1063,43.111198,48.0,209,12,10,2013-01-11 12:00:00,JetBlue Airways,US_KJFK
9342,2013,1,11,1453.0,1459,-6.0,1557.0,1625,-28.0,B6,12,N283JB,JFK,Aeropuerto Internacional John F Kennedy,-73.7789,40.639801,SYR,Aeropuerto Internacional Syracuse Hancock,-76.1063,43.111198,44.0,209,14,59,2013-01-11 14:00:00,JetBlue Airways,US_KJFK
9749,2013,1,11,2253.0,2249,4.0,1.0,2357,4.0,B6,22,N236JB,JFK,Aeropuerto Internacional John F Kennedy,-73.7789,40.639801,SYR,Aeropuerto Internacional Syracuse Hancock,-76.1063,43.111198,47.0,209,22,49,2013-01-11 22:00:00,JetBlue Airways,US_KJFK
9868,2013,1,12,757.0,757,0.0,903.0,910,-7.0,B6,44,N590JB,JFK,Aeropuerto Internacional John F Kennedy,-73.7789,40.639801,SYR,Aeropuerto Internacional Syracuse Hancock,-76.1063,43.111198,44.0,209,7,57,2013-01-12 07:00:00,JetBlue Airways,US_KJFK
10165,2013,1,12,1459.0,1459,0.0,1622.0,1625,-3.0,B6,12,N249JB,JFK,Aeropuerto Internacional John F Kennedy,-73.7789,40.639801,SYR,Aeropuerto Internacional Syracuse Hancock,-76.1063,43.111198,44.0,209,14,59,2013-01-12 14:00:00,JetBlue Airways,US_KJFK
10441,2013,1,12,2251.0,2249,2.0,2355.0,2357,-2.0,B6,22,N192JB,JFK,Aeropuerto Internacional John F Kennedy,-73.7789,40.639801,SYR,Aeropuerto Internacional Syracuse Hancock,-76.1063,43.111198,41.0,209,22,49,2013-01-12 22:00:00,JetBlue Airways,US_KJFK
10452,2013,1,13,1.0,2249,72.0,108.0,2357,71.0,B6,22,N206JB,JFK,Aeropuerto Internacional John F Kennedy,-73.7789,40.639801,SYR,Aeropuerto Internacional Syracuse Hancock,-76.1063,43.111198,41.0,209,22,49,2013-01-13 22:00:00,JetBlue Airways,US_KJFK
10544,2013,1,13,756.0,757,-1.0,914.0,910,4.0,B6,44,N569JB,JFK,Aeropuerto Internacional John F Kennedy,-73.7789,40.639801,SYR,Aeropuerto Internacional Syracuse Hancock,-76.1063,43.111198,41.0,209,7,57,2013-01-13 07:00:00,JetBlue Airways,US_KJFK
10745,2013,1,13,1214.0,1210,4.0,1312.0,1323,-11.0,B6,42,N274JB,JFK,Aeropuerto Internacional John F Kennedy,-73.7789,40.639801,SYR,Aeropuerto Internacional Syracuse Hancock,-76.1063,43.111198,44.0,209,12,10,2013-01-13 12:00:00,JetBlue Airways,US_KJFK
10913,2013,1,13,1541.0,1459,42.0,1659.0,1625,34.0,B6,12,N249JB,JFK,Aeropuerto Internacional John F Kennedy,-73.7789,40.639801,SYR,Aeropuerto Internacional Syracuse Hancock,-76.1063,43.111198,44.0,209,14,59,2013-01-13 14:00:00,JetBlue Airways,US_KJFK
11441,2013,1,14,815.0,757,18.0,934.0,910,24.0,B6,44,N709JB,JFK,Aeropuerto Internacional John F Kennedy,-73.7789,40.639801,SYR,Aeropuerto Internacional Syracuse Hancock,-76.1063,43.111198,48.0,209,7,57,2013-01-14 07:00:00,JetBlue Airways,US_KJFK
11657,2013,1,14,1201.0,1210,-9.0,1321.0,1323,-2.0,B6,42,N281JB,JFK,Aeropuerto Internacional John F Kennedy,-73.7789,40.639801,SYR,Aeropuerto Internacional Syracuse Hancock,-76.1063,43.111198,52.0,209,12,10,2013-01-14 12:00:00,JetBlue Airways,US_KJFK
11786,2013,1,14,1452.0,1459,-7.0,1558.0,1625,-27.0,B6,12,N239JB,JFK,Aeropuerto Internacional John F Kennedy,-73.7789,40.639801,SYR,Aeropuerto Internacional Syracuse Hancock,-76.1063,43.111198,48.0,209,14,59,2013-01-14 14:00:00,JetBlue Airways,US_KJFK
12198,2013,1,14,2244.0,2249,-5.0,2344.0,2357,-13.0,B6,22,N283JB,JFK,Aeropuerto Internacional John F Kennedy,-73.7789,40.639801,SYR,Aeropuerto Internacional Syracuse Hancock,-76.1063,43.111198,41.0,209,22,49,2013-01-14 22:00:00,JetBlue Airways,US_KJFK
12335,2013,1,15,749.0,757,-8.0,854.0,910,-16.0,B6,44,N531JB,JFK,Aeropuerto Internacional John F Kennedy,-73.7789,40.639801,SYR,Aeropuerto Internacional Syracuse Hancock,-76.1063,43.111198,46.0,209,7,57,2013-01-15 07:00:00,JetBlue Airways,US_KJFK
